{"data": {"MonkeyKing": {"title": "el Rey de los Monos", "id": 62, "key": "MonkeyKing", "name": "Wukong"}, "Jax": {"title": "el Maestro de Armas", "id": 24, "key": "Jax", "name": "Jax"}, "Shaco": {"title": "el Buf\u00f3n Siniestro", "id": 35, "key": "Shaco", "name": "Shaco"}, "Warwick": {"title": "el Cazador Sanguinario", "id": 19, "key": "Warwick", "name": "Warwick"}, "Nidalee": {"title": "la Cazadora Salvaje", "id": 76, "key": "Nidalee", "name": "Nidalee"}, "Zyra": {"title": "el Despertar de las Espinas", "id": 143, "key": "Zyra", "name": "Zyra"}, "Brand": {"title": "la Venganza Ardiente", "id": 63, "key": "Brand", "name": "Brand"}, "Rammus": {"title": "el Armadurillo", "id": 33, "key": "Rammus", "name": "Rammus"}, "Illaoi": {"title": "la Sacerdotisa del Kraken", "id": 420, "key": "Illaoi", "name": "Illaoi"}, "Corki": {"title": "el Bombardero Osado", "id": 42, "key": "Corki", "name": "Corki"}, "Braum": {"title": "el Coraz\u00f3n del Fr\u00e9ljord", "id": 201, "key": "Braum", "name": "Braum"}, "Anivia": {"title": "la Criof\u00e9nix", "id": 34, "key": "Anivia", "name": "Anivia"}, "Tryndamere": {"title": "el Rey B\u00e1rbaro", "id": 23, "key": "Tryndamere", "name": "Tryndamere"}, "MissFortune": {"title": "la Cazarrecompensas", "id": 21, "key": "MissFortune", "name": "Miss Fortune"}, "Blitzcrank": {"title": "el Gran G\u00f3lem de Vapor", "id": 53, "key": "Blitzcrank", "name": "Blitzcrank"}, "Yorick": {"title": "el Sepulturero", "id": 83, "key": "Yorick", "name": "Yorick"}, "Xerath": {"title": "el Mago Ascendente", "id": 101, "key": "Xerath", "name": "Xerath"}, "Sivir": {"title": "la Se\u00f1ora de la Batalla", "id": 15, "key": "Sivir", "name": "Sivir"}, "Riven": {"title": "la Desterrada", "id": 92, "key": "Riven", "name": "Riven"}, "Orianna": {"title": "la Doncella Mec\u00e1nica", "id": 61, "key": "Orianna", "name": "Orianna"}, "Gangplank": {"title": "el Azote de los Mares", "id": 41, "key": "Gangplank", "name": "Gangplank"}, "Malphite": {"title": "el Fragmento del Monolito", "id": 54, "key": "Malphite", "name": "Malphite"}, "Poppy": {"title": "la Guardiana del Martillo", "id": 78, "key": "Poppy", "name": "Poppy"}, "Karthus": {"title": "el Canto de la Muerte", "id": 30, "key": "Karthus", "name": "Karthus"}, "Jayce": {"title": "el Defensor del Ma\u00f1ana", "id": 126, "key": "Jayce", "name": "Jayce"}, "Nunu": {"title": "el Domador de Yetis", "id": 20, "key": "Nunu", "name": "Nunu"}, "Trundle": {"title": "el Rey de los Troles", "id": 48, "key": "Trundle", "name": "Trundle"}, "Sejuani": {"title": "la Ira del Invierno", "id": 113, "key": "Sejuani", "name": "Sejuani"}, "Graves": {"title": "el Forajido", "id": 104, "key": "Graves", "name": "Graves"}, "Lucian": {"title": "el Purificador", "id": 236, "key": "Lucian", "name": "Lucian"}, "Gnar": {"title": "el Eslab\u00f3n Perdido", "id": 150, "key": "Gnar", "name": "Gnar"}, "Lux": {"title": "la Dama Luminosa", "id": 99, "key": "Lux", "name": "Lux"}, "Shyvana": {"title": "la Hija del Drag\u00f3n", "id": 102, "key": "Shyvana", "name": "Shyvana"}, "Renekton": {"title": "el Carnicero de las Arenas", "id": 58, "key": "Renekton", "name": "Renekton"}, "Fiora": {"title": "la Gran Duelista", "id": 114, "key": "Fiora", "name": "Fiora"}, "Jinx": {"title": "la Bala Perdida", "id": 222, "key": "Jinx", "name": "Jinx"}, "Kalista": {"title": "el Esp\u00edritu de la Venganza", "id": 429, "key": "Kalista", "name": "Kalista"}, "Fizz": {"title": "el Bromista de las Mareas", "id": 105, "key": "Fizz", "name": "Fizz"}, "Kassadin": {"title": "el Caminante del Vac\u00edo", "id": 38, "key": "Kassadin", "name": "Kassadin"}, "Sona": {"title": "la Virtuosa de las Cuerdas", "id": 37, "key": "Sona", "name": "Sona"}, "Irelia": {"title": "la Voluntad de las Hojas", "id": 39, "key": "Irelia", "name": "Irelia"}, "Viktor": {"title": "el Heraldo Mec\u00e1nico", "id": 112, "key": "Viktor", "name": "Viktor"}, "Kindred": {"title": "los Cazadores Eternos", "id": 203, "key": "Kindred", "name": "Kindred"}, "Cassiopeia": {"title": "el Abrazo de la Serpiente", "id": 69, "key": "Cassiopeia", "name": "Cassiopeia"}, "Maokai": {"title": "el Treant Retorcido", "id": 57, "key": "Maokai", "name": "Maokai"}, "Thresh": {"title": "el Carcelero Implacable", "id": 412, "key": "Thresh", "name": "Thresh"}, "Kayle": {"title": "la Justiciera", "id": 10, "key": "Kayle", "name": "Kayle"}, "Hecarim": {"title": "la Sombra de la Guerra", "id": 120, "key": "Hecarim", "name": "Hecarim"}, "Khazix": {"title": "el Saqueador del Vac\u00edo", "id": 121, "key": "Khazix", "name": "Kha'Zix"}, "Olaf": {"title": "el Berserker", "id": 2, "key": "Olaf", "name": "Olaf"}, "Ziggs": {"title": "el Experto en Hexplosivos", "id": 115, "key": "Ziggs", "name": "Ziggs"}, "Syndra": {"title": "la Soberana Oscura", "id": 134, "key": "Syndra", "name": "Syndra"}, "DrMundo": {"title": "el Loco de Zaun", "id": 36, "key": "DrMundo", "name": "Dr. Mundo"}, "Karma": {"title": "la Iluminada", "id": 43, "key": "Karma", "name": "Karma"}, "Annie": {"title": "la Hija de la Oscuridad", "id": 1, "key": "Annie", "name": "Annie"}, "Akali": {"title": "el Pu\u00f1o de la Sombra", "id": 84, "key": "Akali", "name": "Akali"}, "Leona": {"title": "el Radiante Amanecer", "id": 89, "key": "Leona", "name": "Leona"}, "Yasuo": {"title": "el Imperdonable", "id": 157, "key": "Yasuo", "name": "Yasuo"}, "Kennen": {"title": "el Coraz\u00f3n de la Tempestad", "id": 85, "key": "Kennen", "name": "Kennen"}, "Rengar": {"title": "el Orgullo Acechante", "id": 107, "key": "Rengar", "name": "Rengar"}, "Ryze": {"title": "el Hechicero Rebelde", "id": 13, "key": "Ryze", "name": "Ryze"}, "Shen": {"title": "el Ojo del Crep\u00fasculo", "id": 98, "key": "Shen", "name": "Shen"}, "Zac": {"title": "el Arma Secreta", "id": 154, "key": "Zac", "name": "Zac"}, "Pantheon": {"title": "el Artesano de la Guerra", "id": 80, "key": "Pantheon", "name": "Pantheon"}, "Swain": {"title": "el Estratega Maestro", "id": 50, "key": "Swain", "name": "Swain"}, "Bard": {"title": "el Guardi\u00e1n Trotamundos", "id": 432, "key": "Bard", "name": "Bardo"}, "Sion": {"title": "el Coloso no Muerto", "id": 14, "key": "Sion", "name": "Sion"}, "Vayne": {"title": "la Cazadora Nocturna", "id": 67, "key": "Vayne", "name": "Vayne"}, "Nasus": {"title": "el Curador de las Arenas", "id": 75, "key": "Nasus", "name": "Nasus"}, "TwistedFate": {"title": "el Maestro de las Cartas", "id": 4, "key": "TwistedFate", "name": "Twisted Fate"}, "Chogath": {"title": "el Terror del Vac\u00edo", "id": 31, "key": "Chogath", "name": "Cho'Gath"}, "Udyr": {"title": "el Cambiapieles", "id": 77, "key": "Udyr", "name": "Udyr"}, "Morgana": {"title": "el \u00c1ngel Ca\u00eddo", "id": 25, "key": "Morgana", "name": "Morgana"}, "Volibear": {"title": "el Rugir del Trueno", "id": 106, "key": "Volibear", "name": "Volibear"}, "Caitlyn": {"title": "la Sheriff de Pilt\u00f3ver", "id": 51, "key": "Caitlyn", "name": "Caitlyn"}, "Darius": {"title": "la Mano de Noxus", "id": 122, "key": "Darius", "name": "Darius"}, "Nocturne": {"title": "la Pesadilla Eterna", "id": 56, "key": "Nocturne", "name": "Nocturne"}, "Zilean": {"title": "el Guardi\u00e1n del Tiempo", "id": 26, "key": "Zilean", "name": "Zilean"}, "Azir": {"title": "el Emperador de las Arenas", "id": 268, "key": "Azir", "name": "Azir"}, "Rumble": {"title": "la Amenaza Mec\u00e1nica", "id": 68, "key": "Rumble", "name": "Rumble"}, "Taliyah": {"title": "la Tejedora de Piedra", "id": 163, "key": "Taliyah", "name": "Taliyah"}, "Teemo": {"title": "el Explorador Veloz", "id": 17, "key": "Teemo", "name": "Teemo"}, "Urgot": {"title": "el Orgullo del Verdugo", "id": 6, "key": "Urgot", "name": "Urgot"}, "Amumu": {"title": "la Momia Triste", "id": 32, "key": "Amumu", "name": "Amumu"}, "Galio": {"title": "la Tristeza del Guardi\u00e1n", "id": 3, "key": "Galio", "name": "Galio"}, "Heimerdinger": {"title": "el Venerable Inventor", "id": 74, "key": "Heimerdinger", "name": "Heimerdinger"}, "Ashe": {"title": "la Arquera de Hielo", "id": 22, "key": "Ashe", "name": "Ashe"}, "Velkoz": {"title": "el Ojo del Vac\u00edo", "id": 161, "key": "Velkoz", "name": "Vel'Koz"}, "Singed": {"title": "el Qu\u00edmico Loco", "id": 27, "key": "Singed", "name": "Singed"}, "Skarner": {"title": "la Vanguardia de Cristal", "id": 72, "key": "Skarner", "name": "Skarner"}, "Varus": {"title": "la Flecha del Castigo", "id": 110, "key": "Varus", "name": "Varus"}, "Twitch": {"title": "la Rata Mutante", "id": 29, "key": "Twitch", "name": "Twitch"}, "Garen": {"title": "el Poder de Demacia", "id": 86, "key": "Garen", "name": "Garen"}, "Diana": {"title": "el Desd\u00e9n de la Luna", "id": 131, "key": "Diana", "name": "Diana"}, "MasterYi": {"title": "la Espada Wuju", "id": 11, "key": "MasterYi", "name": "Maestro Yi"}, "Elise": {"title": "la Reina de las Ara\u00f1as", "id": 60, "key": "Elise", "name": "Elise"}, "Alistar": {"title": "el Minotauro", "id": 12, "key": "Alistar", "name": "Alistar"}, "Katarina": {"title": "la Daga Siniestra", "id": 55, "key": "Katarina", "name": "Katarina"}, "Ekko": {"title": "el Joven que Fragment\u00f3 el Tiempo", "id": 245, "key": "Ekko", "name": "Ekko"}, "Mordekaiser": {"title": "el Se\u00f1or de la Muerte", "id": 82, "key": "Mordekaiser", "name": "Mordekaiser"}, "KogMaw": {"title": "la Boca del Abismo", "id": 96, "key": "KogMaw", "name": "Kog'Maw"}, "Aatrox": {"title": "la Espada de los Oscuros", "id": 266, "key": "Aatrox", "name": "Aatrox"}, "Draven": {"title": "el Glorioso Ejecutor", "id": 119, "key": "Draven", "name": "Draven"}, "TahmKench": {"title": "el Rey del R\u00edo", "id": 223, "key": "TahmKench", "name": "Tahm Kench"}, "FiddleSticks": {"title": "el Mensajero de la Muerte", "id": 9, "key": "FiddleSticks", "name": "Fiddlesticks"}, "Talon": {"title": "la Sombra de la Navaja", "id": 91, "key": "Talon", "name": "Talon"}, "XinZhao": {"title": "el Senescal de Demacia", "id": 5, "key": "XinZhao", "name": "Xin Zhao"}, "AurelionSol": {"title": "el Forjador de Estrellas", "id": 136, "key": "AurelionSol", "name": "Aurelion Sol"}, "LeeSin": {"title": "el Monje Ciego", "id": 64, "key": "LeeSin", "name": "Lee Sin"}, "Taric": {"title": "el Escudo de Valoran", "id": 44, "key": "Taric", "name": "Taric"}, "Malzahar": {"title": "el Profeta del Vac\u00edo", "id": 90, "key": "Malzahar", "name": "Malzahar"}, "Lissandra": {"title": "la Bruja de Hielo", "id": 127, "key": "Lissandra", "name": "Lissandra"}, "Tristana": {"title": "la Artillera Yordle", "id": 18, "key": "Tristana", "name": "Tristana"}, "RekSai": {"title": "la Excavadora del Vac\u00edo", "id": 421, "key": "RekSai", "name": "Rek'Sai"}, "Vladimir": {"title": "el Segador Carmes\u00ed", "id": 8, "key": "Vladimir", "name": "Vladimir"}, "JarvanIV": {"title": "el Ejemplo de Demacia", "id": 59, "key": "JarvanIV", "name": "Jarvan IV"}, "Nami": {"title": "la Invocadora de Mareas", "id": 267, "key": "Nami", "name": "Nami"}, "Jhin": {"title": "el Virtuoso", "id": 202, "key": "Jhin", "name": "Jhin"}, "Soraka": {"title": "la Hija de las Estrellas", "id": 16, "key": "Soraka", "name": "Soraka"}, "Veigar": {"title": "el Peque\u00f1o Maestro del Mal", "id": 45, "key": "Veigar", "name": "Veigar"}, "Janna": {"title": "la Furia de la Tormenta", "id": 40, "key": "Janna", "name": "Janna"}, "Nautilus": {"title": "el Tit\u00e1n de las Profundidades", "id": 111, "key": "Nautilus", "name": "Nautilus"}, "Evelynn": {"title": "la Hacedora de Viudas", "id": 28, "key": "Evelynn", "name": "Evelynn"}, "Gragas": {"title": "el Revoltoso", "id": 79, "key": "Gragas", "name": "Gragas"}, "Zed": {"title": "el Maestro de las Sombras", "id": 238, "key": "Zed", "name": "Zed"}, "Vi": {"title": "la Vigilante de Pilt\u00f3ver", "id": 254, "key": "Vi", "name": "Vi"}, "Lulu": {"title": "el Hada Hechicera", "id": 117, "key": "Lulu", "name": "Lulu"}, "Ahri": {"title": "la Kumiho Ancestral", "id": 103, "key": "Ahri", "name": "Ahri"}, "Quinn": {"title": "las Alas de Demacia", "id": 133, "key": "Quinn", "name": "Quinn"}, "Leblanc": {"title": "la Maquiav\u00e9lica", "id": 7, "key": "Leblanc", "name": "LeBlanc"}, "Ezreal": {"title": "el Explorador Pr\u00f3digo", "id": 81, "key": "Ezreal", "name": "Ezreal"}}, "version": "6.11.1", "type": "champion"}