[{"championLevel": 3, "chestGranted": false, "championPoints": 12174, "championPointsSinceLastLevel": 6174, "playerId": 21322, "championPointsUntilNextLevel": 426, "tokensEarned": 0, "championId": 21, "lastPlayTime": 1442637464000}, {"championLevel": 3, "chestGranted": false, "championPoints": 11339, "championPointsSinceLastLevel": 5339, "playerId": 21322, "championPointsUntilNextLevel": 1261, "tokensEarned": 0, "championId": 150, "lastPlayTime": 1443062868000}, {"championLevel": 3, "chestGranted": false, "championPoints": 10833, "championPointsSinceLastLevel": 4833, "playerId": 21322, "championPointsUntilNextLevel": 1767, "tokensEarned": 0, "championId": 64, "lastPlayTime": 1440128756000}, {"championLevel": 3, "chestGranted": false, "championPoints": 9032, "championPointsSinceLastLevel": 3032, "playerId": 21322, "championPointsUntilNextLevel": 3568, "tokensEarned": 0, "championId": 8, "lastPlayTime": 1443402688000}, {"championLevel": 3, "chestGranted": false, "championPoints": 6769, "championPointsSinceLastLevel": 769, "playerId": 21322, "championPointsUntilNextLevel": 5831, "tokensEarned": 0, "championId": 5, "lastPlayTime": 1440190702000}, {"championLevel": 3, "chestGranted": false, "championPoints": 6442, "championPointsSinceLastLevel": 442, "playerId": 21322, "championPointsUntilNextLevel": 6158, "tokensEarned": 0, "championId": 67, "lastPlayTime": 1449909389000}, {"championLevel": 2, "chestGranted": false, "championPoints": 4183, "championPointsSinceLastLevel": 2383, "playerId": 21322, "championPointsUntilNextLevel": 1817, "tokensEarned": 0, "championId": 11, "lastPlayTime": 1443578677000}, {"championLevel": 2, "chestGranted": false, "championPoints": 3994, "championPointsSinceLastLevel": 2194, "playerId": 21322, "championPointsUntilNextLevel": 2006, "tokensEarned": 0, "championId": 114, "lastPlayTime": 1442458252000}, {"championLevel": 2, "chestGranted": false, "championPoints": 3647, "championPointsSinceLastLevel": 1847, "playerId": 21322, "championPointsUntilNextLevel": 2353, "tokensEarned": 0, "championId": 92, "lastPlayTime": 1440039795000}, {"championLevel": 2, "chestGranted": false, "championPoints": 2850, "championPointsSinceLastLevel": 1050, "playerId": 21322, "championPointsUntilNextLevel": 3150, "tokensEarned": 0, "championId": 429, "lastPlayTime": 1443575869000}, {"championLevel": 2, "chestGranted": false, "championPoints": 2838, "championPointsSinceLastLevel": 1038, "playerId": 21322, "championPointsUntilNextLevel": 3162, "tokensEarned": 0, "championId": 112, "lastPlayTime": 1442085147000}, {"championLevel": 2, "chestGranted": false, "championPoints": 2837, "championPointsSinceLastLevel": 1037, "playerId": 21322, "championPointsUntilNextLevel": 3163, "tokensEarned": 0, "championId": 81, "lastPlayTime": 1450667263000}, {"championLevel": 2, "chestGranted": false, "championPoints": 2587, "championPointsSinceLastLevel": 787, "playerId": 21322, "championPointsUntilNextLevel": 3413, "tokensEarned": 0, "championId": 236, "lastPlayTime": 1450137546000}, {"championLevel": 2, "chestGranted": false, "championPoints": 2037, "championPointsSinceLastLevel": 237, "playerId": 21322, "championPointsUntilNextLevel": 3963, "tokensEarned": 0, "championId": 53, "lastPlayTime": 1447705406000}, {"championLevel": 1, "chestGranted": false, "championPoints": 1785, "championPointsSinceLastLevel": 1785, "playerId": 21322, "championPointsUntilNextLevel": 15, "tokensEarned": 0, "championId": 201, "lastPlayTime": 1440982568000}, {"championLevel": 1, "chestGranted": false, "championPoints": 1710, "championPointsSinceLastLevel": 1710, "playerId": 21322, "championPointsUntilNextLevel": 90, "tokensEarned": 0, "championId": 119, "lastPlayTime": 1439343394000}, {"championLevel": 1, "chestGranted": false, "championPoints": 1704, "championPointsSinceLastLevel": 1704, "playerId": 21322, "championPointsUntilNextLevel": 96, "tokensEarned": 0, "championId": 51, "lastPlayTime": 1451282267000}, {"championLevel": 1, "chestGranted": false, "championPoints": 1671, "championPointsSinceLastLevel": 1671, "playerId": 21322, "championPointsUntilNextLevel": 129, "tokensEarned": 0, "championId": 412, "lastPlayTime": 1440303342000}, {"championLevel": 1, "chestGranted": false, "championPoints": 1498, "championPointsSinceLastLevel": 1498, "playerId": 21322, "championPointsUntilNextLevel": 302, "tokensEarned": 0, "championId": 42, "lastPlayTime": 1436228583000}, {"championLevel": 1, "chestGranted": false, "championPoints": 1479, "championPointsSinceLastLevel": 1479, "playerId": 21322, "championPointsUntilNextLevel": 321, "tokensEarned": 0, "championId": 157, "lastPlayTime": 1445127166000}, {"championLevel": 1, "chestGranted": false, "championPoints": 1478, "championPointsSinceLastLevel": 1478, "playerId": 21322, "championPointsUntilNextLevel": 322, "tokensEarned": 0, "championId": 15, "lastPlayTime": 1439067778000}, {"championLevel": 1, "chestGranted": false, "championPoints": 1462, "championPointsSinceLastLevel": 1462, "playerId": 21322, "championPointsUntilNextLevel": 338, "tokensEarned": 0, "championId": 133, "lastPlayTime": 1441155827000}, {"championLevel": 1, "chestGranted": false, "championPoints": 1205, "championPointsSinceLastLevel": 1205, "playerId": 21322, "championPointsUntilNextLevel": 595, "tokensEarned": 0, "championId": 17, "lastPlayTime": 1442439821000}, {"championLevel": 1, "chestGranted": false, "championPoints": 1120, "championPointsSinceLastLevel": 1120, "playerId": 21322, "championPointsUntilNextLevel": 680, "tokensEarned": 0, "championId": 102, "lastPlayTime": 1441587493000}, {"championLevel": 1, "chestGranted": false, "championPoints": 1118, "championPointsSinceLastLevel": 1118, "playerId": 21322, "championPointsUntilNextLevel": 682, "tokensEarned": 0, "championId": 12, "lastPlayTime": 1447702677000}, {"championLevel": 1, "chestGranted": false, "championPoints": 1030, "championPointsSinceLastLevel": 1030, "playerId": 21322, "championPointsUntilNextLevel": 770, "tokensEarned": 0, "championId": 58, "lastPlayTime": 1437280049000}, {"championLevel": 1, "chestGranted": false, "championPoints": 732, "championPointsSinceLastLevel": 732, "playerId": 21322, "championPointsUntilNextLevel": 1068, "tokensEarned": 0, "championId": 89, "lastPlayTime": 1447353165000}, {"championLevel": 1, "chestGranted": false, "championPoints": 475, "championPointsSinceLastLevel": 475, "playerId": 21322, "championPointsUntilNextLevel": 1325, "tokensEarned": 0, "championId": 111, "lastPlayTime": 1444360704000}, {"championLevel": 1, "chestGranted": false, "championPoints": 468, "championPointsSinceLastLevel": 468, "playerId": 21322, "championPointsUntilNextLevel": 1332, "tokensEarned": 0, "championId": 103, "lastPlayTime": 1451288554000}, {"championLevel": 1, "chestGranted": false, "championPoints": 408, "championPointsSinceLastLevel": 408, "playerId": 21322, "championPointsUntilNextLevel": 1392, "tokensEarned": 0, "championId": 421, "lastPlayTime": 1436408265000}, {"championLevel": 1, "chestGranted": false, "championPoints": 296, "championPointsSinceLastLevel": 296, "playerId": 21322, "championPointsUntilNextLevel": 1504, "tokensEarned": 0, "championId": 57, "lastPlayTime": 1436578875000}, {"championLevel": 1, "chestGranted": false, "championPoints": 285, "championPointsSinceLastLevel": 285, "playerId": 21322, "championPointsUntilNextLevel": 1515, "tokensEarned": 0, "championId": 75, "lastPlayTime": 1434238185000}, {"championLevel": 1, "chestGranted": false, "championPoints": 269, "championPointsSinceLastLevel": 269, "playerId": 21322, "championPointsUntilNextLevel": 1531, "tokensEarned": 0, "championId": 117, "lastPlayTime": 1446004987000}, {"championLevel": 1, "chestGranted": false, "championPoints": 247, "championPointsSinceLastLevel": 247, "playerId": 21322, "championPointsUntilNextLevel": 1553, "tokensEarned": 0, "championId": 104, "lastPlayTime": 1450986891000}, {"championLevel": 1, "chestGranted": false, "championPoints": 241, "championPointsSinceLastLevel": 241, "playerId": 21322, "championPointsUntilNextLevel": 1559, "tokensEarned": 0, "championId": 77, "lastPlayTime": 1435890328000}, {"championLevel": 1, "chestGranted": false, "championPoints": 186, "championPointsSinceLastLevel": 186, "playerId": 21322, "championPointsUntilNextLevel": 1614, "tokensEarned": 0, "championId": 134, "lastPlayTime": 1439857779000}, {"championLevel": 1, "chestGranted": false, "championPoints": 186, "championPointsSinceLastLevel": 186, "playerId": 21322, "championPointsUntilNextLevel": 1614, "tokensEarned": 0, "championId": 10, "lastPlayTime": 1436842829000}, {"championLevel": 1, "chestGranted": false, "championPoints": 177, "championPointsSinceLastLevel": 177, "playerId": 21322, "championPointsUntilNextLevel": 1623, "tokensEarned": 0, "championId": 33, "lastPlayTime": 1443407570000}, {"championLevel": 1, "chestGranted": false, "championPoints": 171, "championPointsSinceLastLevel": 171, "playerId": 21322, "championPointsUntilNextLevel": 1629, "tokensEarned": 0, "championId": 54, "lastPlayTime": 1436154317000}, {"championLevel": 1, "chestGranted": false, "championPoints": 167, "championPointsSinceLastLevel": 167, "playerId": 21322, "championPointsUntilNextLevel": 1633, "tokensEarned": 0, "championId": 83, "lastPlayTime": 1443067622000}, {"championLevel": 1, "chestGranted": false, "championPoints": 154, "championPointsSinceLastLevel": 154, "playerId": 21322, "championPointsUntilNextLevel": 1646, "tokensEarned": 0, "championId": 98, "lastPlayTime": 1438052075000}, {"championLevel": 1, "chestGranted": false, "championPoints": 146, "championPointsSinceLastLevel": 146, "playerId": 21322, "championPointsUntilNextLevel": 1654, "tokensEarned": 0, "championId": 106, "lastPlayTime": 1446429263000}]