[{"championLevel": 2, "chestGranted": true, "championPoints": 4459, "championPointsSinceLastLevel": 2659, "playerId": 21487, "championPointsUntilNextLevel": 1541, "tokensEarned": 0, "championId": 11, "lastPlayTime": 1463773014000}, {"championLevel": 1, "chestGranted": false, "championPoints": 1355, "championPointsSinceLastLevel": 1355, "playerId": 21487, "championPointsUntilNextLevel": 445, "tokensEarned": 0, "championId": 266, "lastPlayTime": 1465874670000}, {"championLevel": 1, "chestGranted": false, "championPoints": 912, "championPointsSinceLastLevel": 912, "playerId": 21487, "championPointsUntilNextLevel": 888, "tokensEarned": 0, "championId": 24, "lastPlayTime": 1454254155000}]