[{"championLevel": 2, "chestGranted": false, "championPoints": 3980, "championPointsSinceLastLevel": 2180, "playerId": 21495, "championPointsUntilNextLevel": 2020, "tokensEarned": 0, "championId": 28, "lastPlayTime": 1452311431000}, {"championLevel": 2, "chestGranted": false, "championPoints": 1872, "championPointsSinceLastLevel": 72, "playerId": 21495, "championPointsUntilNextLevel": 4128, "tokensEarned": 0, "championId": 79, "lastPlayTime": 1447130642000}, {"championLevel": 2, "chestGranted": false, "championPoints": 1839, "championPointsSinceLastLevel": 39, "playerId": 21495, "championPointsUntilNextLevel": 4161, "tokensEarned": 0, "championId": 104, "lastPlayTime": 1447477358000}, {"championLevel": 1, "chestGranted": false, "championPoints": 1419, "championPointsSinceLastLevel": 1419, "playerId": 21495, "championPointsUntilNextLevel": 381, "tokensEarned": 0, "championId": 11, "lastPlayTime": 1447473829000}, {"championLevel": 1, "chestGranted": false, "championPoints": 1061, "championPointsSinceLastLevel": 1061, "playerId": 21495, "championPointsUntilNextLevel": 739, "tokensEarned": 0, "championId": 44, "lastPlayTime": 1450331924000}, {"championLevel": 1, "chestGranted": false, "championPoints": 304, "championPointsSinceLastLevel": 304, "playerId": 21495, "championPointsUntilNextLevel": 1496, "tokensEarned": 0, "championId": 42, "lastPlayTime": 1450329338000}, {"championLevel": 1, "chestGranted": false, "championPoints": 289, "championPointsSinceLastLevel": 289, "playerId": 21495, "championPointsUntilNextLevel": 1511, "tokensEarned": 0, "championId": 77, "lastPlayTime": 1452315293000}, {"championLevel": 1, "chestGranted": false, "championPoints": 240, "championPointsSinceLastLevel": 240, "playerId": 21495, "championPointsUntilNextLevel": 1560, "tokensEarned": 0, "championId": 86, "lastPlayTime": 1442537482000}, {"championLevel": 1, "chestGranted": false, "championPoints": 231, "championPointsSinceLastLevel": 231, "playerId": 21495, "championPointsUntilNextLevel": 1569, "tokensEarned": 0, "championId": 92, "lastPlayTime": 1442534323000}, {"championLevel": 1, "chestGranted": false, "championPoints": 190, "championPointsSinceLastLevel": 190, "playerId": 21495, "championPointsUntilNextLevel": 1610, "tokensEarned": 0, "championId": 121, "lastPlayTime": 1450323127000}, {"championLevel": 1, "chestGranted": false, "championPoints": 168, "championPointsSinceLastLevel": 168, "playerId": 21495, "championPointsUntilNextLevel": 1632, "tokensEarned": 0, "championId": 236, "lastPlayTime": 1450325364000}]