[{"championLevel": 5, "chestGranted": true, "championPoints": 175049, "championPointsSinceLastLevel": 153449, "playerId": 21509, "championPointsUntilNextLevel": 0, "tokensEarned": 1, "championId": 236, "lastPlayTime": 1465582389000}, {"championLevel": 5, "chestGranted": false, "championPoints": 57522, "championPointsSinceLastLevel": 35922, "playerId": 21509, "championPointsUntilNextLevel": 0, "tokensEarned": 0, "championId": 42, "lastPlayTime": 1463172682000}, {"championLevel": 5, "chestGranted": true, "championPoints": 54661, "championPointsSinceLastLevel": 33061, "playerId": 21509, "championPointsUntilNextLevel": 0, "tokensEarned": 0, "championId": 67, "lastPlayTime": 1463364807000}, {"championLevel": 5, "chestGranted": true, "championPoints": 50437, "championPointsSinceLastLevel": 28837, "playerId": 21509, "championPointsUntilNextLevel": 0, "tokensEarned": 1, "championId": 81, "lastPlayTime": 1464799322000}, {"championLevel": 5, "chestGranted": false, "championPoints": 38401, "championPointsSinceLastLevel": 16801, "playerId": 21509, "championPointsUntilNextLevel": 0, "tokensEarned": 0, "championId": 18, "lastPlayTime": 1465061682000}, {"championLevel": 6, "chestGranted": true, "championPoints": 37793, "championPointsSinceLastLevel": 16193, "playerId": 21509, "championPointsUntilNextLevel": 0, "tokensEarned": 0, "championId": 15, "lastPlayTime": 1464991007000}, {"championLevel": 5, "chestGranted": true, "championPoints": 34130, "championPointsSinceLastLevel": 12530, "playerId": 21509, "championPointsUntilNextLevel": 0, "tokensEarned": 1, "championId": 51, "lastPlayTime": 1465021679000}, {"championLevel": 5, "chestGranted": true, "championPoints": 32835, "championPointsSinceLastLevel": 11235, "playerId": 21509, "championPointsUntilNextLevel": 0, "tokensEarned": 0, "championId": 429, "lastPlayTime": 1461461579000}, {"championLevel": 4, "chestGranted": true, "championPoints": 17900, "championPointsSinceLastLevel": 5300, "playerId": 21509, "championPointsUntilNextLevel": 3700, "tokensEarned": 0, "championId": 202, "lastPlayTime": 1463361201000}, {"championLevel": 4, "chestGranted": true, "championPoints": 17694, "championPointsSinceLastLevel": 5094, "playerId": 21509, "championPointsUntilNextLevel": 3906, "tokensEarned": 0, "championId": 157, "lastPlayTime": 1464975860000}, {"championLevel": 4, "chestGranted": false, "championPoints": 16614, "championPointsSinceLastLevel": 4014, "playerId": 21509, "championPointsUntilNextLevel": 4986, "tokensEarned": 0, "championId": 222, "lastPlayTime": 1460863199000}, {"championLevel": 4, "chestGranted": true, "championPoints": 13428, "championPointsSinceLastLevel": 828, "playerId": 21509, "championPointsUntilNextLevel": 8172, "tokensEarned": 0, "championId": 22, "lastPlayTime": 1464907460000}, {"championLevel": 4, "chestGranted": true, "championPoints": 13360, "championPointsSinceLastLevel": 760, "playerId": 21509, "championPointsUntilNextLevel": 8240, "tokensEarned": 0, "championId": 268, "lastPlayTime": 1466052722000}, {"championLevel": 4, "chestGranted": false, "championPoints": 13355, "championPointsSinceLastLevel": 755, "playerId": 21509, "championPointsUntilNextLevel": 8245, "tokensEarned": 0, "championId": 238, "lastPlayTime": 1463787257000}, {"championLevel": 4, "chestGranted": false, "championPoints": 12951, "championPointsSinceLastLevel": 351, "playerId": 21509, "championPointsUntilNextLevel": 8649, "tokensEarned": 0, "championId": 64, "lastPlayTime": 1461446378000}, {"championLevel": 3, "chestGranted": false, "championPoints": 11529, "championPointsSinceLastLevel": 5529, "playerId": 21509, "championPointsUntilNextLevel": 1071, "tokensEarned": 0, "championId": 412, "lastPlayTime": 1461384686000}, {"championLevel": 3, "chestGranted": false, "championPoints": 11195, "championPointsSinceLastLevel": 5195, "playerId": 21509, "championPointsUntilNextLevel": 1405, "tokensEarned": 0, "championId": 245, "lastPlayTime": 1461351260000}, {"championLevel": 3, "chestGranted": true, "championPoints": 9698, "championPointsSinceLastLevel": 3698, "playerId": 21509, "championPointsUntilNextLevel": 2902, "tokensEarned": 0, "championId": 7, "lastPlayTime": 1463875215000}, {"championLevel": 3, "chestGranted": false, "championPoints": 8771, "championPointsSinceLastLevel": 2771, "playerId": 21509, "championPointsUntilNextLevel": 3829, "tokensEarned": 0, "championId": 68, "lastPlayTime": 1444242167000}, {"championLevel": 3, "chestGranted": false, "championPoints": 8684, "championPointsSinceLastLevel": 2684, "playerId": 21509, "championPointsUntilNextLevel": 3916, "tokensEarned": 0, "championId": 103, "lastPlayTime": 1460255265000}, {"championLevel": 3, "chestGranted": false, "championPoints": 8684, "championPointsSinceLastLevel": 2684, "playerId": 21509, "championPointsUntilNextLevel": 3916, "tokensEarned": 0, "championId": 104, "lastPlayTime": 1462077818000}, {"championLevel": 3, "chestGranted": false, "championPoints": 8258, "championPointsSinceLastLevel": 2258, "playerId": 21509, "championPointsUntilNextLevel": 4342, "tokensEarned": 0, "championId": 96, "lastPlayTime": 1457139404000}, {"championLevel": 3, "chestGranted": false, "championPoints": 7084, "championPointsSinceLastLevel": 1084, "playerId": 21509, "championPointsUntilNextLevel": 5516, "tokensEarned": 0, "championId": 150, "lastPlayTime": 1461123466000}, {"championLevel": 3, "chestGranted": false, "championPoints": 6208, "championPointsSinceLastLevel": 208, "playerId": 21509, "championPointsUntilNextLevel": 6392, "tokensEarned": 0, "championId": 12, "lastPlayTime": 1461433884000}, {"championLevel": 3, "chestGranted": false, "championPoints": 6028, "championPointsSinceLastLevel": 28, "playerId": 21509, "championPointsUntilNextLevel": 6572, "tokensEarned": 0, "championId": 131, "lastPlayTime": 1444426563000}, {"championLevel": 2, "chestGranted": false, "championPoints": 5979, "championPointsSinceLastLevel": 4179, "playerId": 21509, "championPointsUntilNextLevel": 21, "tokensEarned": 0, "championId": 61, "lastPlayTime": 1458347844000}, {"championLevel": 2, "chestGranted": false, "championPoints": 4869, "championPointsSinceLastLevel": 3069, "playerId": 21509, "championPointsUntilNextLevel": 1131, "tokensEarned": 0, "championId": 203, "lastPlayTime": 1461427598000}, {"championLevel": 2, "chestGranted": false, "championPoints": 4566, "championPointsSinceLastLevel": 2766, "playerId": 21509, "championPointsUntilNextLevel": 1434, "tokensEarned": 0, "championId": 79, "lastPlayTime": 1467069229000}, {"championLevel": 2, "chestGranted": false, "championPoints": 3913, "championPointsSinceLastLevel": 2113, "playerId": 21509, "championPointsUntilNextLevel": 2087, "tokensEarned": 0, "championId": 69, "lastPlayTime": 1436410116000}, {"championLevel": 2, "chestGranted": false, "championPoints": 3483, "championPointsSinceLastLevel": 1683, "playerId": 21509, "championPointsUntilNextLevel": 2517, "tokensEarned": 0, "championId": 112, "lastPlayTime": 1455432186000}, {"championLevel": 2, "chestGranted": false, "championPoints": 3408, "championPointsSinceLastLevel": 1608, "playerId": 21509, "championPointsUntilNextLevel": 2592, "tokensEarned": 0, "championId": 126, "lastPlayTime": 1463877482000}, {"championLevel": 2, "chestGranted": false, "championPoints": 2897, "championPointsSinceLastLevel": 1097, "playerId": 21509, "championPointsUntilNextLevel": 3103, "tokensEarned": 0, "championId": 21, "lastPlayTime": 1449117636000}, {"championLevel": 2, "chestGranted": false, "championPoints": 2479, "championPointsSinceLastLevel": 679, "playerId": 21509, "championPointsUntilNextLevel": 3521, "tokensEarned": 0, "championId": 60, "lastPlayTime": 1448486346000}, {"championLevel": 2, "chestGranted": false, "championPoints": 2356, "championPointsSinceLastLevel": 556, "playerId": 21509, "championPointsUntilNextLevel": 3644, "tokensEarned": 0, "championId": 119, "lastPlayTime": 1440783339000}, {"championLevel": 2, "chestGranted": false, "championPoints": 2234, "championPointsSinceLastLevel": 434, "playerId": 21509, "championPointsUntilNextLevel": 3766, "tokensEarned": 0, "championId": 29, "lastPlayTime": 1463368206000}, {"championLevel": 2, "chestGranted": false, "championPoints": 2166, "championPointsSinceLastLevel": 366, "playerId": 21509, "championPointsUntilNextLevel": 3834, "tokensEarned": 0, "championId": 41, "lastPlayTime": 1466535468000}, {"championLevel": 2, "chestGranted": false, "championPoints": 1980, "championPointsSinceLastLevel": 180, "playerId": 21509, "championPointsUntilNextLevel": 4020, "tokensEarned": 0, "championId": 58, "lastPlayTime": 1453335983000}, {"championLevel": 2, "chestGranted": false, "championPoints": 1961, "championPointsSinceLastLevel": 161, "playerId": 21509, "championPointsUntilNextLevel": 4039, "tokensEarned": 0, "championId": 99, "lastPlayTime": 1461385946000}, {"championLevel": 2, "chestGranted": false, "championPoints": 1913, "championPointsSinceLastLevel": 113, "playerId": 21509, "championPointsUntilNextLevel": 4087, "tokensEarned": 0, "championId": 127, "lastPlayTime": 1453530852000}, {"championLevel": 2, "chestGranted": false, "championPoints": 1806, "championPointsSinceLastLevel": 6, "playerId": 21509, "championPointsUntilNextLevel": 4194, "tokensEarned": 0, "championId": 121, "lastPlayTime": 1460257828000}, {"championLevel": 1, "chestGranted": false, "championPoints": 1671, "championPointsSinceLastLevel": 1671, "playerId": 21509, "championPointsUntilNextLevel": 129, "tokensEarned": 0, "championId": 16, "lastPlayTime": 1454561176000}, {"championLevel": 1, "chestGranted": false, "championPoints": 1455, "championPointsSinceLastLevel": 1455, "playerId": 21509, "championPointsUntilNextLevel": 345, "tokensEarned": 0, "championId": 114, "lastPlayTime": 1458679084000}, {"championLevel": 1, "chestGranted": false, "championPoints": 1421, "championPointsSinceLastLevel": 1421, "playerId": 21509, "championPointsUntilNextLevel": 379, "tokensEarned": 0, "championId": 63, "lastPlayTime": 1449178914000}, {"championLevel": 1, "chestGranted": false, "championPoints": 1412, "championPointsSinceLastLevel": 1412, "playerId": 21509, "championPointsUntilNextLevel": 388, "tokensEarned": 0, "championId": 122, "lastPlayTime": 1444862593000}, {"championLevel": 1, "chestGranted": false, "championPoints": 1401, "championPointsSinceLastLevel": 1401, "playerId": 21509, "championPointsUntilNextLevel": 399, "tokensEarned": 0, "championId": 201, "lastPlayTime": 1446413136000}, {"championLevel": 1, "chestGranted": false, "championPoints": 1364, "championPointsSinceLastLevel": 1364, "playerId": 21509, "championPointsUntilNextLevel": 436, "tokensEarned": 0, "championId": 83, "lastPlayTime": 1441048393000}, {"championLevel": 1, "chestGranted": false, "championPoints": 1292, "championPointsSinceLastLevel": 1292, "playerId": 21509, "championPointsUntilNextLevel": 508, "tokensEarned": 0, "championId": 2, "lastPlayTime": 1446572028000}, {"championLevel": 1, "chestGranted": false, "championPoints": 1286, "championPointsSinceLastLevel": 1286, "playerId": 21509, "championPointsUntilNextLevel": 514, "tokensEarned": 0, "championId": 85, "lastPlayTime": 1446513083000}, {"championLevel": 1, "chestGranted": false, "championPoints": 1229, "championPointsSinceLastLevel": 1229, "playerId": 21509, "championPointsUntilNextLevel": 571, "tokensEarned": 0, "championId": 38, "lastPlayTime": 1448770948000}, {"championLevel": 1, "chestGranted": false, "championPoints": 1202, "championPointsSinceLastLevel": 1202, "playerId": 21509, "championPointsUntilNextLevel": 598, "tokensEarned": 0, "championId": 110, "lastPlayTime": 1455568591000}, {"championLevel": 1, "chestGranted": false, "championPoints": 1001, "championPointsSinceLastLevel": 1001, "playerId": 21509, "championPointsUntilNextLevel": 799, "tokensEarned": 0, "championId": 86, "lastPlayTime": 1442619820000}, {"championLevel": 1, "chestGranted": false, "championPoints": 991, "championPointsSinceLastLevel": 991, "playerId": 21509, "championPointsUntilNextLevel": 809, "tokensEarned": 0, "championId": 105, "lastPlayTime": 1463879343000}, {"championLevel": 1, "chestGranted": false, "championPoints": 980, "championPointsSinceLastLevel": 980, "playerId": 21509, "championPointsUntilNextLevel": 820, "tokensEarned": 0, "championId": 13, "lastPlayTime": 1454791087000}, {"championLevel": 1, "chestGranted": false, "championPoints": 975, "championPointsSinceLastLevel": 975, "playerId": 21509, "championPointsUntilNextLevel": 825, "tokensEarned": 0, "championId": 55, "lastPlayTime": 1461382829000}, {"championLevel": 1, "chestGranted": true, "championPoints": 848, "championPointsSinceLastLevel": 848, "playerId": 21509, "championPointsUntilNextLevel": 952, "tokensEarned": 0, "championId": 134, "lastPlayTime": 1460920252000}, {"championLevel": 1, "chestGranted": false, "championPoints": 722, "championPointsSinceLastLevel": 722, "playerId": 21509, "championPointsUntilNextLevel": 1078, "tokensEarned": 0, "championId": 74, "lastPlayTime": 1460866542000}, {"championLevel": 1, "chestGranted": false, "championPoints": 337, "championPointsSinceLastLevel": 337, "playerId": 21509, "championPointsUntilNextLevel": 1463, "tokensEarned": 0, "championId": 8, "lastPlayTime": 1436577494000}, {"championLevel": 1, "chestGranted": false, "championPoints": 242, "championPointsSinceLastLevel": 242, "playerId": 21509, "championPointsUntilNextLevel": 1558, "tokensEarned": 0, "championId": 24, "lastPlayTime": 1447885012000}, {"championLevel": 1, "chestGranted": false, "championPoints": 227, "championPointsSinceLastLevel": 227, "playerId": 21509, "championPointsUntilNextLevel": 1573, "tokensEarned": 0, "championId": 39, "lastPlayTime": 1440914526000}, {"championLevel": 1, "chestGranted": false, "championPoints": 227, "championPointsSinceLastLevel": 227, "playerId": 21509, "championPointsUntilNextLevel": 1573, "tokensEarned": 0, "championId": 421, "lastPlayTime": 1433556898000}, {"championLevel": 1, "chestGranted": false, "championPoints": 211, "championPointsSinceLastLevel": 211, "playerId": 21509, "championPointsUntilNextLevel": 1589, "tokensEarned": 0, "championId": 53, "lastPlayTime": 1441307938000}, {"championLevel": 1, "chestGranted": false, "championPoints": 200, "championPointsSinceLastLevel": 200, "playerId": 21509, "championPointsUntilNextLevel": 1600, "tokensEarned": 0, "championId": 75, "lastPlayTime": 1436389180000}, {"championLevel": 1, "chestGranted": false, "championPoints": 198, "championPointsSinceLastLevel": 198, "playerId": 21509, "championPointsUntilNextLevel": 1602, "tokensEarned": 0, "championId": 23, "lastPlayTime": 1448294872000}, {"championLevel": 1, "chestGranted": false, "championPoints": 189, "championPointsSinceLastLevel": 189, "playerId": 21509, "championPointsUntilNextLevel": 1611, "tokensEarned": 0, "championId": 91, "lastPlayTime": 1446865785000}, {"championLevel": 1, "chestGranted": false, "championPoints": 177, "championPointsSinceLastLevel": 177, "playerId": 21509, "championPointsUntilNextLevel": 1623, "tokensEarned": 0, "championId": 107, "lastPlayTime": 1434590551000}, {"championLevel": 1, "chestGranted": false, "championPoints": 156, "championPointsSinceLastLevel": 156, "playerId": 21509, "championPointsUntilNextLevel": 1644, "tokensEarned": 0, "championId": 1, "lastPlayTime": 1439610493000}, {"championLevel": 1, "chestGranted": false, "championPoints": 91, "championPointsSinceLastLevel": 91, "playerId": 21509, "championPointsUntilNextLevel": 1709, "tokensEarned": 0, "championId": 136, "lastPlayTime": 1460922151000}]