[{"championLevel": 5, "chestGranted": false, "championPoints": 26862, "championPointsSinceLastLevel": 5262, "playerId": 21518, "championPointsUntilNextLevel": 0, "tokensEarned": 0, "championId": 77, "lastPlayTime": 1462324111000}, {"championLevel": 5, "chestGranted": false, "championPoints": 23344, "championPointsSinceLastLevel": 1744, "playerId": 21518, "championPointsUntilNextLevel": 0, "tokensEarned": 0, "championId": 75, "lastPlayTime": 1440468812000}, {"championLevel": 4, "chestGranted": false, "championPoints": 13050, "championPointsSinceLastLevel": 450, "playerId": 21518, "championPointsUntilNextLevel": 8550, "tokensEarned": 0, "championId": 15, "lastPlayTime": 1436882127000}, {"championLevel": 3, "chestGranted": false, "championPoints": 11595, "championPointsSinceLastLevel": 5595, "playerId": 21518, "championPointsUntilNextLevel": 1005, "tokensEarned": 0, "championId": 421, "lastPlayTime": 1437531815000}, {"championLevel": 3, "chestGranted": false, "championPoints": 9612, "championPointsSinceLastLevel": 3612, "playerId": 21518, "championPointsUntilNextLevel": 2988, "tokensEarned": 0, "championId": 412, "lastPlayTime": 1462295590000}, {"championLevel": 3, "chestGranted": false, "championPoints": 6884, "championPointsSinceLastLevel": 884, "playerId": 21518, "championPointsUntilNextLevel": 5716, "tokensEarned": 0, "championId": 106, "lastPlayTime": 1437612335000}, {"championLevel": 2, "chestGranted": false, "championPoints": 5381, "championPointsSinceLastLevel": 3581, "playerId": 21518, "championPointsUntilNextLevel": 619, "tokensEarned": 0, "championId": 43, "lastPlayTime": 1436309258000}, {"championLevel": 2, "chestGranted": false, "championPoints": 2910, "championPointsSinceLastLevel": 1110, "playerId": 21518, "championPointsUntilNextLevel": 3090, "tokensEarned": 0, "championId": 39, "lastPlayTime": 1437035382000}, {"championLevel": 2, "chestGranted": false, "championPoints": 2765, "championPointsSinceLastLevel": 965, "playerId": 21518, "championPointsUntilNextLevel": 3235, "tokensEarned": 0, "championId": 27, "lastPlayTime": 1462145345000}, {"championLevel": 2, "chestGranted": false, "championPoints": 2231, "championPointsSinceLastLevel": 431, "playerId": 21518, "championPointsUntilNextLevel": 3769, "tokensEarned": 0, "championId": 429, "lastPlayTime": 1435646333000}, {"championLevel": 1, "chestGranted": false, "championPoints": 1771, "championPointsSinceLastLevel": 1771, "playerId": 21518, "championPointsUntilNextLevel": 29, "tokensEarned": 0, "championId": 113, "lastPlayTime": 1432374905000}, {"championLevel": 1, "chestGranted": false, "championPoints": 1599, "championPointsSinceLastLevel": 1599, "playerId": 21518, "championPointsUntilNextLevel": 201, "tokensEarned": 0, "championId": 10, "lastPlayTime": 1437622855000}, {"championLevel": 1, "chestGranted": true, "championPoints": 1586, "championPointsSinceLastLevel": 1586, "playerId": 21518, "championPointsUntilNextLevel": 214, "tokensEarned": 0, "championId": 157, "lastPlayTime": 1461987929000}, {"championLevel": 1, "chestGranted": false, "championPoints": 1475, "championPointsSinceLastLevel": 1475, "playerId": 21518, "championPointsUntilNextLevel": 325, "tokensEarned": 0, "championId": 105, "lastPlayTime": 1437344771000}, {"championLevel": 1, "chestGranted": false, "championPoints": 1093, "championPointsSinceLastLevel": 1093, "playerId": 21518, "championPointsUntilNextLevel": 707, "tokensEarned": 0, "championId": 5, "lastPlayTime": 1437535060000}, {"championLevel": 1, "chestGranted": false, "championPoints": 1080, "championPointsSinceLastLevel": 1080, "playerId": 21518, "championPointsUntilNextLevel": 720, "tokensEarned": 0, "championId": 51, "lastPlayTime": 1462069534000}, {"championLevel": 1, "chestGranted": false, "championPoints": 1045, "championPointsSinceLastLevel": 1045, "playerId": 21518, "championPointsUntilNextLevel": 755, "tokensEarned": 0, "championId": 103, "lastPlayTime": 1433019350000}, {"championLevel": 1, "chestGranted": false, "championPoints": 903, "championPointsSinceLastLevel": 903, "playerId": 21518, "championPointsUntilNextLevel": 897, "tokensEarned": 0, "championId": 22, "lastPlayTime": 1434505676000}, {"championLevel": 1, "chestGranted": false, "championPoints": 590, "championPointsSinceLastLevel": 590, "playerId": 21518, "championPointsUntilNextLevel": 1210, "tokensEarned": 0, "championId": 104, "lastPlayTime": 1437506077000}, {"championLevel": 1, "chestGranted": false, "championPoints": 562, "championPointsSinceLastLevel": 562, "playerId": 21518, "championPointsUntilNextLevel": 1238, "tokensEarned": 0, "championId": 254, "lastPlayTime": 1462327852000}, {"championLevel": 1, "chestGranted": false, "championPoints": 437, "championPointsSinceLastLevel": 437, "playerId": 21518, "championPointsUntilNextLevel": 1363, "tokensEarned": 0, "championId": 34, "lastPlayTime": 1437846425000}, {"championLevel": 1, "chestGranted": false, "championPoints": 264, "championPointsSinceLastLevel": 264, "playerId": 21518, "championPointsUntilNextLevel": 1536, "tokensEarned": 0, "championId": 11, "lastPlayTime": 1436587618000}, {"championLevel": 1, "chestGranted": false, "championPoints": 228, "championPointsSinceLastLevel": 228, "playerId": 21518, "championPointsUntilNextLevel": 1572, "tokensEarned": 0, "championId": 8, "lastPlayTime": 1434589309000}, {"championLevel": 1, "chestGranted": false, "championPoints": 205, "championPointsSinceLastLevel": 205, "playerId": 21518, "championPointsUntilNextLevel": 1595, "tokensEarned": 0, "championId": 58, "lastPlayTime": 1434088652000}, {"championLevel": 1, "chestGranted": false, "championPoints": 170, "championPointsSinceLastLevel": 170, "playerId": 21518, "championPointsUntilNextLevel": 1630, "tokensEarned": 0, "championId": 89, "lastPlayTime": 1462240015000}, {"championLevel": 1, "chestGranted": false, "championPoints": 168, "championPointsSinceLastLevel": 168, "playerId": 21518, "championPointsUntilNextLevel": 1632, "tokensEarned": 0, "championId": 33, "lastPlayTime": 1436963434000}, {"championLevel": 1, "chestGranted": false, "championPoints": 157, "championPointsSinceLastLevel": 157, "playerId": 21518, "championPointsUntilNextLevel": 1643, "tokensEarned": 0, "championId": 92, "lastPlayTime": 1432371960000}, {"championLevel": 1, "chestGranted": false, "championPoints": 157, "championPointsSinceLastLevel": 157, "playerId": 21518, "championPointsUntilNextLevel": 1643, "tokensEarned": 0, "championId": 266, "lastPlayTime": 1437976292000}, {"championLevel": 1, "chestGranted": false, "championPoints": 156, "championPointsSinceLastLevel": 156, "playerId": 21518, "championPointsUntilNextLevel": 1644, "tokensEarned": 0, "championId": 90, "lastPlayTime": 1436603778000}]