[{"championLevel": 3, "chestGranted": false, "championPoints": 11377, "championPointsSinceLastLevel": 5377, "playerId": 21514, "championPointsUntilNextLevel": 1223, "tokensEarned": 0, "championId": 76, "lastPlayTime": 1442541075000}, {"championLevel": 3, "chestGranted": true, "championPoints": 10114, "championPointsSinceLastLevel": 4114, "playerId": 21514, "championPointsUntilNextLevel": 2486, "tokensEarned": 0, "championId": 89, "lastPlayTime": 1468115044000}, {"championLevel": 3, "chestGranted": false, "championPoints": 9805, "championPointsSinceLastLevel": 3805, "playerId": 21514, "championPointsUntilNextLevel": 2795, "tokensEarned": 0, "championId": 102, "lastPlayTime": 1448339456000}, {"championLevel": 3, "chestGranted": false, "championPoints": 9711, "championPointsSinceLastLevel": 3711, "playerId": 21514, "championPointsUntilNextLevel": 2889, "tokensEarned": 0, "championId": 39, "lastPlayTime": 1467601823000}, {"championLevel": 3, "chestGranted": false, "championPoints": 8168, "championPointsSinceLastLevel": 2168, "playerId": 21514, "championPointsUntilNextLevel": 4432, "tokensEarned": 0, "championId": 103, "lastPlayTime": 1450844817000}, {"championLevel": 3, "chestGranted": false, "championPoints": 7998, "championPointsSinceLastLevel": 1998, "playerId": 21514, "championPointsUntilNextLevel": 4602, "tokensEarned": 0, "championId": 99, "lastPlayTime": 1454028806000}, {"championLevel": 3, "chestGranted": false, "championPoints": 6981, "championPointsSinceLastLevel": 981, "playerId": 21514, "championPointsUntilNextLevel": 5619, "tokensEarned": 0, "championId": 34, "lastPlayTime": 1447814830000}, {"championLevel": 3, "chestGranted": false, "championPoints": 6800, "championPointsSinceLastLevel": 800, "playerId": 21514, "championPointsUntilNextLevel": 5800, "tokensEarned": 0, "championId": 81, "lastPlayTime": 1445826241000}, {"championLevel": 3, "chestGranted": false, "championPoints": 6674, "championPointsSinceLastLevel": 674, "playerId": 21514, "championPointsUntilNextLevel": 5926, "tokensEarned": 0, "championId": 18, "lastPlayTime": 1450839644000}, {"championLevel": 3, "chestGranted": false, "championPoints": 6118, "championPointsSinceLastLevel": 118, "playerId": 21514, "championPointsUntilNextLevel": 6482, "tokensEarned": 0, "championId": 64, "lastPlayTime": 1447383069000}, {"championLevel": 3, "chestGranted": false, "championPoints": 6057, "championPointsSinceLastLevel": 57, "playerId": 21514, "championPointsUntilNextLevel": 6543, "tokensEarned": 0, "championId": 79, "lastPlayTime": 1447380876000}, {"championLevel": 3, "chestGranted": true, "championPoints": 6023, "championPointsSinceLastLevel": 23, "playerId": 21514, "championPointsUntilNextLevel": 6577, "tokensEarned": 0, "championId": 59, "lastPlayTime": 1467423078000}, {"championLevel": 2, "chestGranted": false, "championPoints": 5719, "championPointsSinceLastLevel": 3919, "playerId": 21514, "championPointsUntilNextLevel": 281, "tokensEarned": 0, "championId": 245, "lastPlayTime": 1444183673000}, {"championLevel": 2, "chestGranted": false, "championPoints": 5387, "championPointsSinceLastLevel": 3587, "playerId": 21514, "championPointsUntilNextLevel": 613, "tokensEarned": 0, "championId": 114, "lastPlayTime": 1444963912000}, {"championLevel": 2, "chestGranted": false, "championPoints": 4962, "championPointsSinceLastLevel": 3162, "playerId": 21514, "championPointsUntilNextLevel": 1038, "tokensEarned": 0, "championId": 104, "lastPlayTime": 1467425047000}, {"championLevel": 2, "chestGranted": false, "championPoints": 4890, "championPointsSinceLastLevel": 3090, "playerId": 21514, "championPointsUntilNextLevel": 1110, "tokensEarned": 0, "championId": 67, "lastPlayTime": 1443667476000}, {"championLevel": 2, "chestGranted": false, "championPoints": 4322, "championPointsSinceLastLevel": 2522, "playerId": 21514, "championPointsUntilNextLevel": 1678, "tokensEarned": 0, "championId": 58, "lastPlayTime": 1448249788000}, {"championLevel": 2, "chestGranted": false, "championPoints": 4052, "championPointsSinceLastLevel": 2252, "playerId": 21514, "championPointsUntilNextLevel": 1948, "tokensEarned": 0, "championId": 98, "lastPlayTime": 1449800622000}, {"championLevel": 2, "chestGranted": false, "championPoints": 3888, "championPointsSinceLastLevel": 2088, "playerId": 21514, "championPointsUntilNextLevel": 2112, "tokensEarned": 0, "championId": 4, "lastPlayTime": 1448078077000}, {"championLevel": 2, "chestGranted": false, "championPoints": 3359, "championPointsSinceLastLevel": 1559, "playerId": 21514, "championPointsUntilNextLevel": 2641, "tokensEarned": 0, "championId": 29, "lastPlayTime": 1443750669000}, {"championLevel": 2, "chestGranted": false, "championPoints": 3356, "championPointsSinceLastLevel": 1556, "playerId": 21514, "championPointsUntilNextLevel": 2644, "tokensEarned": 0, "championId": 105, "lastPlayTime": 1443149208000}, {"championLevel": 2, "chestGranted": false, "championPoints": 3317, "championPointsSinceLastLevel": 1517, "playerId": 21514, "championPointsUntilNextLevel": 2683, "tokensEarned": 0, "championId": 157, "lastPlayTime": 1446868513000}, {"championLevel": 2, "chestGranted": false, "championPoints": 3315, "championPointsSinceLastLevel": 1515, "playerId": 21514, "championPointsUntilNextLevel": 2685, "tokensEarned": 0, "championId": 77, "lastPlayTime": 1440553390000}, {"championLevel": 2, "chestGranted": false, "championPoints": 2938, "championPointsSinceLastLevel": 1138, "playerId": 21514, "championPointsUntilNextLevel": 3062, "tokensEarned": 0, "championId": 92, "lastPlayTime": 1443150888000}, {"championLevel": 2, "chestGranted": false, "championPoints": 2556, "championPointsSinceLastLevel": 756, "playerId": 21514, "championPointsUntilNextLevel": 3444, "tokensEarned": 0, "championId": 107, "lastPlayTime": 1444966465000}, {"championLevel": 2, "chestGranted": false, "championPoints": 2547, "championPointsSinceLastLevel": 747, "playerId": 21514, "championPointsUntilNextLevel": 3453, "tokensEarned": 0, "championId": 43, "lastPlayTime": 1447622005000}, {"championLevel": 2, "chestGranted": false, "championPoints": 2455, "championPointsSinceLastLevel": 655, "playerId": 21514, "championPointsUntilNextLevel": 3545, "tokensEarned": 0, "championId": 131, "lastPlayTime": 1446775043000}, {"championLevel": 2, "chestGranted": false, "championPoints": 1993, "championPointsSinceLastLevel": 193, "playerId": 21514, "championPointsUntilNextLevel": 4007, "tokensEarned": 0, "championId": 42, "lastPlayTime": 1447385661000}, {"championLevel": 2, "chestGranted": false, "championPoints": 1960, "championPointsSinceLastLevel": 160, "playerId": 21514, "championPointsUntilNextLevel": 4040, "tokensEarned": 0, "championId": 54, "lastPlayTime": 1446517433000}, {"championLevel": 1, "chestGranted": false, "championPoints": 1607, "championPointsSinceLastLevel": 1607, "playerId": 21514, "championPointsUntilNextLevel": 193, "tokensEarned": 0, "championId": 24, "lastPlayTime": 1440036604000}, {"championLevel": 1, "chestGranted": false, "championPoints": 1551, "championPointsSinceLastLevel": 1551, "playerId": 21514, "championPointsUntilNextLevel": 249, "tokensEarned": 0, "championId": 15, "lastPlayTime": 1442805267000}, {"championLevel": 1, "chestGranted": false, "championPoints": 1448, "championPointsSinceLastLevel": 1448, "playerId": 21514, "championPointsUntilNextLevel": 352, "tokensEarned": 0, "championId": 72, "lastPlayTime": 1445047776000}, {"championLevel": 1, "chestGranted": false, "championPoints": 1424, "championPointsSinceLastLevel": 1424, "playerId": 21514, "championPointsUntilNextLevel": 376, "tokensEarned": 0, "championId": 5, "lastPlayTime": 1440641118000}, {"championLevel": 1, "chestGranted": false, "championPoints": 1366, "championPointsSinceLastLevel": 1366, "playerId": 21514, "championPointsUntilNextLevel": 434, "tokensEarned": 0, "championId": 61, "lastPlayTime": 1447119177000}, {"championLevel": 1, "chestGranted": false, "championPoints": 1302, "championPointsSinceLastLevel": 1302, "playerId": 21514, "championPointsUntilNextLevel": 498, "tokensEarned": 0, "championId": 14, "lastPlayTime": 1432744084000}, {"championLevel": 1, "chestGranted": false, "championPoints": 1233, "championPointsSinceLastLevel": 1233, "playerId": 21514, "championPointsUntilNextLevel": 567, "tokensEarned": 0, "championId": 60, "lastPlayTime": 1432781835000}, {"championLevel": 1, "chestGranted": false, "championPoints": 1205, "championPointsSinceLastLevel": 1205, "playerId": 21514, "championPointsUntilNextLevel": 595, "tokensEarned": 0, "championId": 22, "lastPlayTime": 1431657080000}, {"championLevel": 1, "chestGranted": false, "championPoints": 1066, "championPointsSinceLastLevel": 1066, "playerId": 21514, "championPointsUntilNextLevel": 734, "tokensEarned": 0, "championId": 38, "lastPlayTime": 1434335789000}, {"championLevel": 1, "chestGranted": false, "championPoints": 974, "championPointsSinceLastLevel": 974, "playerId": 21514, "championPointsUntilNextLevel": 826, "tokensEarned": 0, "championId": 78, "lastPlayTime": 1450842279000}, {"championLevel": 1, "chestGranted": false, "championPoints": 893, "championPointsSinceLastLevel": 893, "playerId": 21514, "championPointsUntilNextLevel": 907, "tokensEarned": 0, "championId": 84, "lastPlayTime": 1433642875000}, {"championLevel": 1, "chestGranted": false, "championPoints": 682, "championPointsSinceLastLevel": 682, "playerId": 21514, "championPointsUntilNextLevel": 1118, "tokensEarned": 0, "championId": 238, "lastPlayTime": 1447037295000}, {"championLevel": 1, "chestGranted": false, "championPoints": 521, "championPointsSinceLastLevel": 521, "playerId": 21514, "championPointsUntilNextLevel": 1279, "tokensEarned": 0, "championId": 80, "lastPlayTime": 1446773294000}, {"championLevel": 1, "chestGranted": false, "championPoints": 509, "championPointsSinceLastLevel": 509, "playerId": 21514, "championPointsUntilNextLevel": 1291, "tokensEarned": 0, "championId": 40, "lastPlayTime": 1444708906000}, {"championLevel": 1, "chestGranted": false, "championPoints": 288, "championPointsSinceLastLevel": 288, "playerId": 21514, "championPointsUntilNextLevel": 1512, "tokensEarned": 0, "championId": 201, "lastPlayTime": 1443404705000}, {"championLevel": 1, "chestGranted": false, "championPoints": 277, "championPointsSinceLastLevel": 277, "playerId": 21514, "championPointsUntilNextLevel": 1523, "tokensEarned": 0, "championId": 26, "lastPlayTime": 1447877884000}, {"championLevel": 1, "chestGranted": false, "championPoints": 267, "championPointsSinceLastLevel": 267, "playerId": 21514, "championPointsUntilNextLevel": 1533, "tokensEarned": 0, "championId": 32, "lastPlayTime": 1441420876000}, {"championLevel": 1, "chestGranted": false, "championPoints": 239, "championPointsSinceLastLevel": 239, "playerId": 21514, "championPointsUntilNextLevel": 1561, "tokensEarned": 0, "championId": 268, "lastPlayTime": 1432349987000}, {"championLevel": 1, "chestGranted": false, "championPoints": 226, "championPointsSinceLastLevel": 226, "playerId": 21514, "championPointsUntilNextLevel": 1574, "tokensEarned": 0, "championId": 36, "lastPlayTime": 1442536219000}, {"championLevel": 1, "chestGranted": false, "championPoints": 206, "championPointsSinceLastLevel": 206, "playerId": 21514, "championPointsUntilNextLevel": 1594, "tokensEarned": 0, "championId": 11, "lastPlayTime": 1441417605000}, {"championLevel": 1, "chestGranted": false, "championPoints": 166, "championPointsSinceLastLevel": 166, "playerId": 21514, "championPointsUntilNextLevel": 1634, "tokensEarned": 0, "championId": 21, "lastPlayTime": 1446861155000}, {"championLevel": 1, "chestGranted": false, "championPoints": 152, "championPointsSinceLastLevel": 152, "playerId": 21514, "championPointsUntilNextLevel": 1648, "tokensEarned": 0, "championId": 75, "lastPlayTime": 1440384672000}, {"championLevel": 1, "chestGranted": false, "championPoints": 99, "championPointsSinceLastLevel": 99, "playerId": 21514, "championPointsUntilNextLevel": 1701, "tokensEarned": 0, "championId": 55, "lastPlayTime": 1433812266000}]