[{"championLevel": 2, "chestGranted": false, "championPoints": 5501, "championPointsSinceLastLevel": 3701, "playerId": 21515, "championPointsUntilNextLevel": 499, "tokensEarned": 0, "championId": 89, "lastPlayTime": 1467693179000}, {"championLevel": 2, "chestGranted": false, "championPoints": 2484, "championPointsSinceLastLevel": 684, "playerId": 21515, "championPointsUntilNextLevel": 3516, "tokensEarned": 0, "championId": 412, "lastPlayTime": 1452927533000}, {"championLevel": 1, "chestGranted": false, "championPoints": 1661, "championPointsSinceLastLevel": 1661, "playerId": 21515, "championPointsUntilNextLevel": 139, "tokensEarned": 0, "championId": 101, "lastPlayTime": 1467696143000}, {"championLevel": 1, "chestGranted": false, "championPoints": 1511, "championPointsSinceLastLevel": 1511, "playerId": 21515, "championPointsUntilNextLevel": 289, "tokensEarned": 0, "championId": 64, "lastPlayTime": 1431901329000}, {"championLevel": 1, "chestGranted": false, "championPoints": 1456, "championPointsSinceLastLevel": 1456, "playerId": 21515, "championPointsUntilNextLevel": 344, "tokensEarned": 0, "championId": 53, "lastPlayTime": 1440128372000}, {"championLevel": 1, "chestGranted": false, "championPoints": 1419, "championPointsSinceLastLevel": 1419, "playerId": 21515, "championPointsUntilNextLevel": 381, "tokensEarned": 0, "championId": 44, "lastPlayTime": 1461343115000}, {"championLevel": 1, "chestGranted": true, "championPoints": 877, "championPointsSinceLastLevel": 877, "playerId": 21515, "championPointsUntilNextLevel": 923, "tokensEarned": 0, "championId": 122, "lastPlayTime": 1461344675000}, {"championLevel": 1, "chestGranted": false, "championPoints": 253, "championPointsSinceLastLevel": 253, "playerId": 21515, "championPointsUntilNextLevel": 1547, "tokensEarned": 0, "championId": 111, "lastPlayTime": 1452924434000}, {"championLevel": 1, "chestGranted": false, "championPoints": 212, "championPointsSinceLastLevel": 212, "playerId": 21515, "championPointsUntilNextLevel": 1588, "tokensEarned": 0, "championId": 432, "lastPlayTime": 1434258701000}, {"championLevel": 1, "chestGranted": false, "championPoints": 110, "championPointsSinceLastLevel": 110, "playerId": 21515, "championPointsUntilNextLevel": 1690, "tokensEarned": 0, "championId": 103, "lastPlayTime": 1467697403000}]