[{"championLevel": 2, "chestGranted": false, "championPoints": 4256, "championPointsSinceLastLevel": 2456, "playerId": 21529, "championPointsUntilNextLevel": 1744, "tokensEarned": 0, "championId": 412, "lastPlayTime": 1449007362000}, {"championLevel": 2, "chestGranted": false, "championPoints": 4139, "championPointsSinceLastLevel": 2339, "playerId": 21529, "championPointsUntilNextLevel": 1861, "tokensEarned": 0, "championId": 5, "lastPlayTime": 1451767452000}, {"championLevel": 2, "chestGranted": false, "championPoints": 3486, "championPointsSinceLastLevel": 1686, "playerId": 21529, "championPointsUntilNextLevel": 2514, "tokensEarned": 0, "championId": 54, "lastPlayTime": 1446496039000}, {"championLevel": 2, "chestGranted": false, "championPoints": 2950, "championPointsSinceLastLevel": 1150, "playerId": 21529, "championPointsUntilNextLevel": 3050, "tokensEarned": 0, "championId": 222, "lastPlayTime": 1455336718000}, {"championLevel": 2, "chestGranted": false, "championPoints": 2841, "championPointsSinceLastLevel": 1041, "playerId": 21529, "championPointsUntilNextLevel": 3159, "tokensEarned": 0, "championId": 11, "lastPlayTime": 1454452361000}, {"championLevel": 2, "chestGranted": false, "championPoints": 1810, "championPointsSinceLastLevel": 10, "playerId": 21529, "championPointsUntilNextLevel": 4190, "tokensEarned": 0, "championId": 19, "lastPlayTime": 1452927460000}, {"championLevel": 1, "chestGranted": false, "championPoints": 1345, "championPointsSinceLastLevel": 1345, "playerId": 21529, "championPointsUntilNextLevel": 455, "tokensEarned": 0, "championId": 18, "lastPlayTime": 1455333603000}, {"championLevel": 1, "chestGranted": false, "championPoints": 1173, "championPointsSinceLastLevel": 1173, "playerId": 21529, "championPointsUntilNextLevel": 627, "tokensEarned": 0, "championId": 37, "lastPlayTime": 1452976404000}, {"championLevel": 1, "chestGranted": false, "championPoints": 1160, "championPointsSinceLastLevel": 1160, "playerId": 21529, "championPointsUntilNextLevel": 640, "tokensEarned": 0, "championId": 1, "lastPlayTime": 1446418460000}, {"championLevel": 1, "chestGranted": false, "championPoints": 1063, "championPointsSinceLastLevel": 1063, "playerId": 21529, "championPointsUntilNextLevel": 737, "tokensEarned": 0, "championId": 55, "lastPlayTime": 1447970980000}, {"championLevel": 1, "chestGranted": false, "championPoints": 434, "championPointsSinceLastLevel": 434, "playerId": 21529, "championPointsUntilNextLevel": 1366, "tokensEarned": 0, "championId": 45, "lastPlayTime": 1452973948000}, {"championLevel": 1, "chestGranted": false, "championPoints": 349, "championPointsSinceLastLevel": 349, "playerId": 21529, "championPointsUntilNextLevel": 1451, "tokensEarned": 0, "championId": 17, "lastPlayTime": 1446966994000}, {"championLevel": 1, "chestGranted": false, "championPoints": 250, "championPointsSinceLastLevel": 250, "playerId": 21529, "championPointsUntilNextLevel": 1550, "tokensEarned": 0, "championId": 80, "lastPlayTime": 1446168545000}, {"championLevel": 1, "chestGranted": false, "championPoints": 209, "championPointsSinceLastLevel": 209, "playerId": 21529, "championPointsUntilNextLevel": 1591, "tokensEarned": 0, "championId": 25, "lastPlayTime": 1446245620000}, {"championLevel": 1, "chestGranted": false, "championPoints": 201, "championPointsSinceLastLevel": 201, "playerId": 21529, "championPointsUntilNextLevel": 1599, "tokensEarned": 0, "championId": 42, "lastPlayTime": 1453847098000}, {"championLevel": 1, "chestGranted": false, "championPoints": 173, "championPointsSinceLastLevel": 173, "playerId": 21529, "championPointsUntilNextLevel": 1627, "tokensEarned": 0, "championId": 22, "lastPlayTime": 1453163702000}]