[{"championLevel": 5, "chestGranted": true, "championPoints": 42782, "championPointsSinceLastLevel": 21182, "playerId": 21524, "championPointsUntilNextLevel": 0, "tokensEarned": 0, "championId": 103, "lastPlayTime": 1464218574000}, {"championLevel": 5, "chestGranted": true, "championPoints": 24969, "championPointsSinceLastLevel": 3369, "playerId": 21524, "championPointsUntilNextLevel": 0, "tokensEarned": 1, "championId": 236, "lastPlayTime": 1468910682000}, {"championLevel": 5, "chestGranted": true, "championPoints": 23439, "championPointsSinceLastLevel": 1839, "playerId": 21524, "championPointsUntilNextLevel": 0, "tokensEarned": 1, "championId": 254, "lastPlayTime": 1468912917000}, {"championLevel": 5, "chestGranted": false, "championPoints": 22700, "championPointsSinceLastLevel": 1100, "playerId": 21524, "championPointsUntilNextLevel": 0, "tokensEarned": 0, "championId": 67, "lastPlayTime": 1449553750000}, {"championLevel": 5, "chestGranted": false, "championPoints": 22323, "championPointsSinceLastLevel": 723, "playerId": 21524, "championPointsUntilNextLevel": 0, "tokensEarned": 0, "championId": 412, "lastPlayTime": 1451851342000}, {"championLevel": 4, "chestGranted": true, "championPoints": 17043, "championPointsSinceLastLevel": 4443, "playerId": 21524, "championPointsUntilNextLevel": 4557, "tokensEarned": 0, "championId": 104, "lastPlayTime": 1459922972000}, {"championLevel": 4, "chestGranted": true, "championPoints": 16728, "championPointsSinceLastLevel": 4128, "playerId": 21524, "championPointsUntilNextLevel": 4872, "tokensEarned": 0, "championId": 37, "lastPlayTime": 1459670060000}, {"championLevel": 4, "chestGranted": true, "championPoints": 16154, "championPointsSinceLastLevel": 3554, "playerId": 21524, "championPointsUntilNextLevel": 5446, "tokensEarned": 0, "championId": 18, "lastPlayTime": 1463124383000}, {"championLevel": 3, "chestGranted": false, "championPoints": 10375, "championPointsSinceLastLevel": 4375, "playerId": 21524, "championPointsUntilNextLevel": 2225, "tokensEarned": 0, "championId": 203, "lastPlayTime": 1464245826000}, {"championLevel": 3, "chestGranted": true, "championPoints": 10260, "championPointsSinceLastLevel": 4260, "playerId": 21524, "championPointsUntilNextLevel": 2340, "tokensEarned": 0, "championId": 113, "lastPlayTime": 1459664327000}, {"championLevel": 3, "chestGranted": false, "championPoints": 9884, "championPointsSinceLastLevel": 3884, "playerId": 21524, "championPointsUntilNextLevel": 2716, "tokensEarned": 0, "championId": 42, "lastPlayTime": 1457685363000}, {"championLevel": 3, "chestGranted": false, "championPoints": 9655, "championPointsSinceLastLevel": 3655, "playerId": 21524, "championPointsUntilNextLevel": 2945, "tokensEarned": 0, "championId": 60, "lastPlayTime": 1439509042000}, {"championLevel": 3, "chestGranted": false, "championPoints": 9553, "championPointsSinceLastLevel": 3553, "playerId": 21524, "championPointsUntilNextLevel": 3047, "tokensEarned": 0, "championId": 40, "lastPlayTime": 1458709398000}, {"championLevel": 3, "chestGranted": false, "championPoints": 7755, "championPointsSinceLastLevel": 1755, "playerId": 21524, "championPointsUntilNextLevel": 4845, "tokensEarned": 0, "championId": 55, "lastPlayTime": 1453265725000}, {"championLevel": 3, "chestGranted": false, "championPoints": 7303, "championPointsSinceLastLevel": 1303, "playerId": 21524, "championPointsUntilNextLevel": 5297, "tokensEarned": 0, "championId": 51, "lastPlayTime": 1468915031000}, {"championLevel": 3, "chestGranted": false, "championPoints": 7041, "championPointsSinceLastLevel": 1041, "playerId": 21524, "championPointsUntilNextLevel": 5559, "tokensEarned": 0, "championId": 62, "lastPlayTime": 1452223287000}, {"championLevel": 3, "chestGranted": false, "championPoints": 6181, "championPointsSinceLastLevel": 181, "playerId": 21524, "championPointsUntilNextLevel": 6419, "tokensEarned": 0, "championId": 21, "lastPlayTime": 1453345333000}, {"championLevel": 2, "chestGranted": false, "championPoints": 5549, "championPointsSinceLastLevel": 3749, "playerId": 21524, "championPointsUntilNextLevel": 451, "tokensEarned": 0, "championId": 117, "lastPlayTime": 1459542129000}, {"championLevel": 2, "chestGranted": false, "championPoints": 4865, "championPointsSinceLastLevel": 3065, "playerId": 21524, "championPointsUntilNextLevel": 1135, "tokensEarned": 0, "championId": 161, "lastPlayTime": 1460100193000}, {"championLevel": 2, "chestGranted": false, "championPoints": 4826, "championPointsSinceLastLevel": 3026, "playerId": 21524, "championPointsUntilNextLevel": 1174, "tokensEarned": 0, "championId": 39, "lastPlayTime": 1459142132000}, {"championLevel": 2, "chestGranted": false, "championPoints": 4813, "championPointsSinceLastLevel": 3013, "playerId": 21524, "championPointsUntilNextLevel": 1187, "tokensEarned": 0, "championId": 78, "lastPlayTime": 1459750534000}, {"championLevel": 2, "chestGranted": true, "championPoints": 4683, "championPointsSinceLastLevel": 2883, "playerId": 21524, "championPointsUntilNextLevel": 1317, "tokensEarned": 0, "championId": 22, "lastPlayTime": 1462946937000}, {"championLevel": 2, "chestGranted": false, "championPoints": 4555, "championPointsSinceLastLevel": 2755, "playerId": 21524, "championPointsUntilNextLevel": 1445, "tokensEarned": 0, "championId": 89, "lastPlayTime": 1448433282000}, {"championLevel": 2, "chestGranted": false, "championPoints": 4468, "championPointsSinceLastLevel": 2668, "playerId": 21524, "championPointsUntilNextLevel": 1532, "tokensEarned": 0, "championId": 86, "lastPlayTime": 1452831969000}, {"championLevel": 2, "chestGranted": false, "championPoints": 4451, "championPointsSinceLastLevel": 2651, "playerId": 21524, "championPointsUntilNextLevel": 1549, "tokensEarned": 0, "championId": 238, "lastPlayTime": 1452793903000}, {"championLevel": 2, "chestGranted": false, "championPoints": 3718, "championPointsSinceLastLevel": 1918, "playerId": 21524, "championPointsUntilNextLevel": 2282, "tokensEarned": 0, "championId": 53, "lastPlayTime": 1440993014000}, {"championLevel": 2, "chestGranted": false, "championPoints": 3715, "championPointsSinceLastLevel": 1915, "playerId": 21524, "championPointsUntilNextLevel": 2285, "tokensEarned": 0, "championId": 92, "lastPlayTime": 1444717307000}, {"championLevel": 2, "chestGranted": false, "championPoints": 3422, "championPointsSinceLastLevel": 1622, "playerId": 21524, "championPointsUntilNextLevel": 2578, "tokensEarned": 0, "championId": 25, "lastPlayTime": 1459490304000}, {"championLevel": 2, "chestGranted": false, "championPoints": 3157, "championPointsSinceLastLevel": 1357, "playerId": 21524, "championPointsUntilNextLevel": 2843, "tokensEarned": 0, "championId": 201, "lastPlayTime": 1455862072000}, {"championLevel": 2, "chestGranted": false, "championPoints": 3025, "championPointsSinceLastLevel": 1225, "playerId": 21524, "championPointsUntilNextLevel": 2975, "tokensEarned": 0, "championId": 15, "lastPlayTime": 1457618407000}, {"championLevel": 2, "chestGranted": false, "championPoints": 2665, "championPointsSinceLastLevel": 865, "playerId": 21524, "championPointsUntilNextLevel": 3335, "tokensEarned": 0, "championId": 81, "lastPlayTime": 1440134147000}, {"championLevel": 2, "chestGranted": false, "championPoints": 2241, "championPointsSinceLastLevel": 441, "playerId": 21524, "championPointsUntilNextLevel": 3759, "tokensEarned": 0, "championId": 31, "lastPlayTime": 1447579112000}, {"championLevel": 2, "chestGranted": false, "championPoints": 2197, "championPointsSinceLastLevel": 397, "playerId": 21524, "championPointsUntilNextLevel": 3803, "tokensEarned": 0, "championId": 99, "lastPlayTime": 1456033657000}, {"championLevel": 2, "chestGranted": false, "championPoints": 2109, "championPointsSinceLastLevel": 309, "playerId": 21524, "championPointsUntilNextLevel": 3891, "tokensEarned": 0, "championId": 54, "lastPlayTime": 1456547256000}, {"championLevel": 2, "chestGranted": false, "championPoints": 1837, "championPointsSinceLastLevel": 37, "playerId": 21524, "championPointsUntilNextLevel": 4163, "tokensEarned": 0, "championId": 267, "lastPlayTime": 1454310712000}, {"championLevel": 1, "chestGranted": false, "championPoints": 1692, "championPointsSinceLastLevel": 1692, "playerId": 21524, "championPointsUntilNextLevel": 108, "tokensEarned": 0, "championId": 105, "lastPlayTime": 1452308661000}, {"championLevel": 1, "chestGranted": false, "championPoints": 1690, "championPointsSinceLastLevel": 1690, "playerId": 21524, "championPointsUntilNextLevel": 110, "tokensEarned": 0, "championId": 5, "lastPlayTime": 1443921692000}, {"championLevel": 1, "chestGranted": false, "championPoints": 1642, "championPointsSinceLastLevel": 1642, "playerId": 21524, "championPointsUntilNextLevel": 158, "tokensEarned": 0, "championId": 75, "lastPlayTime": 1445320071000}, {"championLevel": 1, "chestGranted": false, "championPoints": 1620, "championPointsSinceLastLevel": 1620, "playerId": 21524, "championPointsUntilNextLevel": 180, "tokensEarned": 0, "championId": 84, "lastPlayTime": 1456302308000}, {"championLevel": 1, "chestGranted": false, "championPoints": 1588, "championPointsSinceLastLevel": 1588, "playerId": 21524, "championPointsUntilNextLevel": 212, "tokensEarned": 0, "championId": 61, "lastPlayTime": 1461560012000}, {"championLevel": 1, "chestGranted": false, "championPoints": 1566, "championPointsSinceLastLevel": 1566, "playerId": 21524, "championPointsUntilNextLevel": 234, "tokensEarned": 0, "championId": 35, "lastPlayTime": 1440996913000}, {"championLevel": 1, "chestGranted": false, "championPoints": 1472, "championPointsSinceLastLevel": 1472, "playerId": 21524, "championPointsUntilNextLevel": 328, "tokensEarned": 0, "championId": 16, "lastPlayTime": 1459666635000}, {"championLevel": 1, "chestGranted": false, "championPoints": 1456, "championPointsSinceLastLevel": 1456, "playerId": 21524, "championPointsUntilNextLevel": 344, "tokensEarned": 0, "championId": 56, "lastPlayTime": 1445571580000}, {"championLevel": 1, "chestGranted": false, "championPoints": 1448, "championPointsSinceLastLevel": 1448, "playerId": 21524, "championPointsUntilNextLevel": 352, "tokensEarned": 0, "championId": 7, "lastPlayTime": 1456299836000}, {"championLevel": 1, "chestGranted": false, "championPoints": 1419, "championPointsSinceLastLevel": 1419, "playerId": 21524, "championPointsUntilNextLevel": 381, "tokensEarned": 0, "championId": 98, "lastPlayTime": 1464215452000}, {"championLevel": 1, "chestGranted": false, "championPoints": 1412, "championPointsSinceLastLevel": 1412, "playerId": 21524, "championPointsUntilNextLevel": 388, "tokensEarned": 0, "championId": 111, "lastPlayTime": 1438144406000}, {"championLevel": 1, "chestGranted": false, "championPoints": 1411, "championPointsSinceLastLevel": 1411, "playerId": 21524, "championPointsUntilNextLevel": 389, "tokensEarned": 0, "championId": 79, "lastPlayTime": 1432704936000}, {"championLevel": 1, "chestGranted": false, "championPoints": 1389, "championPointsSinceLastLevel": 1389, "playerId": 21524, "championPointsUntilNextLevel": 411, "tokensEarned": 0, "championId": 222, "lastPlayTime": 1454392120000}, {"championLevel": 1, "chestGranted": false, "championPoints": 1385, "championPointsSinceLastLevel": 1385, "playerId": 21524, "championPointsUntilNextLevel": 415, "tokensEarned": 0, "championId": 131, "lastPlayTime": 1451849430000}, {"championLevel": 1, "chestGranted": false, "championPoints": 1157, "championPointsSinceLastLevel": 1157, "playerId": 21524, "championPointsUntilNextLevel": 643, "tokensEarned": 0, "championId": 102, "lastPlayTime": 1459925588000}, {"championLevel": 1, "chestGranted": false, "championPoints": 1101, "championPointsSinceLastLevel": 1101, "playerId": 21524, "championPointsUntilNextLevel": 699, "tokensEarned": 0, "championId": 41, "lastPlayTime": 1439156026000}, {"championLevel": 1, "chestGranted": false, "championPoints": 1054, "championPointsSinceLastLevel": 1054, "playerId": 21524, "championPointsUntilNextLevel": 746, "tokensEarned": 0, "championId": 59, "lastPlayTime": 1443331526000}, {"championLevel": 1, "chestGranted": false, "championPoints": 969, "championPointsSinceLastLevel": 969, "playerId": 21524, "championPointsUntilNextLevel": 831, "tokensEarned": 0, "championId": 69, "lastPlayTime": 1452656061000}, {"championLevel": 1, "chestGranted": false, "championPoints": 966, "championPointsSinceLastLevel": 966, "playerId": 21524, "championPointsUntilNextLevel": 834, "tokensEarned": 0, "championId": 11, "lastPlayTime": 1456203607000}, {"championLevel": 1, "chestGranted": false, "championPoints": 962, "championPointsSinceLastLevel": 962, "playerId": 21524, "championPointsUntilNextLevel": 838, "tokensEarned": 0, "championId": 85, "lastPlayTime": 1431404370000}, {"championLevel": 1, "chestGranted": false, "championPoints": 951, "championPointsSinceLastLevel": 951, "playerId": 21524, "championPointsUntilNextLevel": 849, "tokensEarned": 0, "championId": 91, "lastPlayTime": 1447045928000}, {"championLevel": 1, "chestGranted": false, "championPoints": 904, "championPointsSinceLastLevel": 904, "playerId": 21524, "championPointsUntilNextLevel": 896, "tokensEarned": 0, "championId": 120, "lastPlayTime": 1440877535000}, {"championLevel": 1, "chestGranted": false, "championPoints": 885, "championPointsSinceLastLevel": 885, "playerId": 21524, "championPointsUntilNextLevel": 915, "tokensEarned": 0, "championId": 28, "lastPlayTime": 1461549115000}, {"championLevel": 1, "chestGranted": false, "championPoints": 559, "championPointsSinceLastLevel": 559, "playerId": 21524, "championPointsUntilNextLevel": 1241, "tokensEarned": 0, "championId": 14, "lastPlayTime": 1435360659000}, {"championLevel": 1, "chestGranted": false, "championPoints": 420, "championPointsSinceLastLevel": 420, "playerId": 21524, "championPointsUntilNextLevel": 1380, "tokensEarned": 0, "championId": 107, "lastPlayTime": 1450069410000}, {"championLevel": 1, "chestGranted": false, "championPoints": 388, "championPointsSinceLastLevel": 388, "playerId": 21524, "championPointsUntilNextLevel": 1412, "tokensEarned": 0, "championId": 429, "lastPlayTime": 1447051192000}, {"championLevel": 1, "chestGranted": false, "championPoints": 385, "championPointsSinceLastLevel": 385, "playerId": 21524, "championPointsUntilNextLevel": 1415, "tokensEarned": 0, "championId": 29, "lastPlayTime": 1462953996000}, {"championLevel": 1, "chestGranted": false, "championPoints": 363, "championPointsSinceLastLevel": 363, "playerId": 21524, "championPointsUntilNextLevel": 1437, "tokensEarned": 0, "championId": 32, "lastPlayTime": 1461229804000}, {"championLevel": 1, "chestGranted": false, "championPoints": 339, "championPointsSinceLastLevel": 339, "playerId": 21524, "championPointsUntilNextLevel": 1461, "tokensEarned": 0, "championId": 114, "lastPlayTime": 1441164929000}, {"championLevel": 1, "chestGranted": false, "championPoints": 336, "championPointsSinceLastLevel": 336, "playerId": 21524, "championPointsUntilNextLevel": 1464, "tokensEarned": 0, "championId": 58, "lastPlayTime": 1448948941000}, {"championLevel": 1, "chestGranted": false, "championPoints": 310, "championPointsSinceLastLevel": 310, "playerId": 21524, "championPointsUntilNextLevel": 1490, "tokensEarned": 0, "championId": 1, "lastPlayTime": 1440566875000}, {"championLevel": 1, "chestGranted": false, "championPoints": 291, "championPointsSinceLastLevel": 291, "playerId": 21524, "championPointsUntilNextLevel": 1509, "tokensEarned": 0, "championId": 36, "lastPlayTime": 1446523312000}, {"championLevel": 1, "chestGranted": false, "championPoints": 285, "championPointsSinceLastLevel": 285, "playerId": 21524, "championPointsUntilNextLevel": 1515, "tokensEarned": 0, "championId": 2, "lastPlayTime": 1443067792000}, {"championLevel": 1, "chestGranted": false, "championPoints": 187, "championPointsSinceLastLevel": 187, "playerId": 21524, "championPointsUntilNextLevel": 1613, "tokensEarned": 0, "championId": 33, "lastPlayTime": 1448697122000}, {"championLevel": 1, "chestGranted": false, "championPoints": 182, "championPointsSinceLastLevel": 182, "playerId": 21524, "championPointsUntilNextLevel": 1618, "tokensEarned": 0, "championId": 24, "lastPlayTime": 1441684433000}, {"championLevel": 1, "chestGranted": false, "championPoints": 175, "championPointsSinceLastLevel": 175, "playerId": 21524, "championPointsUntilNextLevel": 1625, "tokensEarned": 0, "championId": 12, "lastPlayTime": 1439273242000}, {"championLevel": 1, "chestGranted": false, "championPoints": 164, "championPointsSinceLastLevel": 164, "playerId": 21524, "championPointsUntilNextLevel": 1636, "tokensEarned": 0, "championId": 134, "lastPlayTime": 1433736353000}, {"championLevel": 1, "chestGranted": false, "championPoints": 156, "championPointsSinceLastLevel": 156, "playerId": 21524, "championPointsUntilNextLevel": 1644, "tokensEarned": 0, "championId": 34, "lastPlayTime": 1437027701000}, {"championLevel": 1, "chestGranted": false, "championPoints": 151, "championPointsSinceLastLevel": 151, "playerId": 21524, "championPointsUntilNextLevel": 1649, "tokensEarned": 0, "championId": 23, "lastPlayTime": 1439955699000}]