[{"championLevel": 4, "chestGranted": false, "championPoints": 20599, "championPointsSinceLastLevel": 7999, "playerId": 21532, "championPointsUntilNextLevel": 1001, "tokensEarned": 0, "championId": 131, "lastPlayTime": 1454208135000}, {"championLevel": 2, "chestGranted": true, "championPoints": 4690, "championPointsSinceLastLevel": 2890, "playerId": 21532, "championPointsUntilNextLevel": 1310, "tokensEarned": 0, "championId": 61, "lastPlayTime": 1466728805000}, {"championLevel": 2, "chestGranted": false, "championPoints": 4114, "championPointsSinceLastLevel": 2314, "playerId": 21532, "championPointsUntilNextLevel": 1886, "tokensEarned": 0, "championId": 421, "lastPlayTime": 1447640932000}, {"championLevel": 2, "chestGranted": true, "championPoints": 2555, "championPointsSinceLastLevel": 755, "playerId": 21532, "championPointsUntilNextLevel": 3445, "tokensEarned": 0, "championId": 51, "lastPlayTime": 1467004259000}, {"championLevel": 2, "chestGranted": true, "championPoints": 2472, "championPointsSinceLastLevel": 672, "playerId": 21532, "championPointsUntilNextLevel": 3528, "tokensEarned": 0, "championId": 7, "lastPlayTime": 1468648756000}, {"championLevel": 2, "chestGranted": false, "championPoints": 2183, "championPointsSinceLastLevel": 383, "playerId": 21532, "championPointsUntilNextLevel": 3817, "tokensEarned": 0, "championId": 110, "lastPlayTime": 1435111210000}, {"championLevel": 2, "chestGranted": true, "championPoints": 2050, "championPointsSinceLastLevel": 250, "playerId": 21532, "championPointsUntilNextLevel": 3950, "tokensEarned": 0, "championId": 25, "lastPlayTime": 1460746318000}, {"championLevel": 2, "chestGranted": false, "championPoints": 1884, "championPointsSinceLastLevel": 84, "playerId": 21532, "championPointsUntilNextLevel": 4116, "tokensEarned": 0, "championId": 18, "lastPlayTime": 1467007518000}, {"championLevel": 1, "chestGranted": false, "championPoints": 1617, "championPointsSinceLastLevel": 1617, "playerId": 21532, "championPointsUntilNextLevel": 183, "tokensEarned": 0, "championId": 121, "lastPlayTime": 1447734938000}, {"championLevel": 1, "chestGranted": false, "championPoints": 1534, "championPointsSinceLastLevel": 1534, "playerId": 21532, "championPointsUntilNextLevel": 266, "tokensEarned": 0, "championId": 412, "lastPlayTime": 1447377735000}, {"championLevel": 1, "chestGranted": false, "championPoints": 1518, "championPointsSinceLastLevel": 1518, "playerId": 21532, "championPointsUntilNextLevel": 282, "tokensEarned": 0, "championId": 236, "lastPlayTime": 1434934181000}, {"championLevel": 1, "chestGranted": true, "championPoints": 1465, "championPointsSinceLastLevel": 1465, "playerId": 21532, "championPointsUntilNextLevel": 335, "tokensEarned": 0, "championId": 99, "lastPlayTime": 1465017258000}, {"championLevel": 1, "chestGranted": false, "championPoints": 1456, "championPointsSinceLastLevel": 1456, "playerId": 21532, "championPointsUntilNextLevel": 344, "tokensEarned": 0, "championId": 4, "lastPlayTime": 1440128372000}, {"championLevel": 1, "chestGranted": false, "championPoints": 1362, "championPointsSinceLastLevel": 1362, "playerId": 21532, "championPointsUntilNextLevel": 438, "tokensEarned": 0, "championId": 107, "lastPlayTime": 1446162989000}, {"championLevel": 1, "chestGranted": true, "championPoints": 1249, "championPointsSinceLastLevel": 1249, "playerId": 21532, "championPointsUntilNextLevel": 551, "tokensEarned": 0, "championId": 45, "lastPlayTime": 1467013329000}, {"championLevel": 1, "chestGranted": false, "championPoints": 1240, "championPointsSinceLastLevel": 1240, "playerId": 21532, "championPointsUntilNextLevel": 560, "tokensEarned": 0, "championId": 56, "lastPlayTime": 1435033547000}, {"championLevel": 1, "chestGranted": false, "championPoints": 1161, "championPointsSinceLastLevel": 1161, "playerId": 21532, "championPointsUntilNextLevel": 639, "tokensEarned": 0, "championId": 80, "lastPlayTime": 1446159866000}, {"championLevel": 1, "chestGranted": false, "championPoints": 646, "championPointsSinceLastLevel": 646, "playerId": 21532, "championPointsUntilNextLevel": 1154, "tokensEarned": 0, "championId": 5, "lastPlayTime": 1446166033000}, {"championLevel": 1, "chestGranted": false, "championPoints": 469, "championPointsSinceLastLevel": 469, "playerId": 21532, "championPointsUntilNextLevel": 1331, "tokensEarned": 0, "championId": 119, "lastPlayTime": 1461343115000}, {"championLevel": 1, "chestGranted": false, "championPoints": 284, "championPointsSinceLastLevel": 284, "playerId": 21532, "championPointsUntilNextLevel": 1516, "tokensEarned": 0, "championId": 254, "lastPlayTime": 1446776345000}, {"championLevel": 1, "chestGranted": false, "championPoints": 242, "championPointsSinceLastLevel": 242, "playerId": 21532, "championPointsUntilNextLevel": 1558, "tokensEarned": 0, "championId": 111, "lastPlayTime": 1438046782000}, {"championLevel": 1, "chestGranted": false, "championPoints": 155, "championPointsSinceLastLevel": 155, "playerId": 21532, "championPointsUntilNextLevel": 1645, "tokensEarned": 0, "championId": 267, "lastPlayTime": 1431035392000}]