[{"championLevel": 5, "chestGranted": true, "championPoints": 182941, "championPointsSinceLastLevel": 161341, "playerId": 21539, "championPointsUntilNextLevel": 0, "tokensEarned": 2, "championId": 67, "lastPlayTime": 1468738273000}, {"championLevel": 6, "chestGranted": true, "championPoints": 167759, "championPointsSinceLastLevel": 146159, "playerId": 21539, "championPointsUntilNextLevel": 0, "tokensEarned": 3, "championId": 64, "lastPlayTime": 1469044661000}, {"championLevel": 7, "chestGranted": true, "championPoints": 147590, "championPointsSinceLastLevel": 125990, "playerId": 21539, "championPointsUntilNextLevel": 0, "tokensEarned": 0, "championId": 222, "lastPlayTime": 1469070733000}, {"championLevel": 5, "chestGranted": true, "championPoints": 75324, "championPointsSinceLastLevel": 53724, "playerId": 21539, "championPointsUntilNextLevel": 0, "tokensEarned": 1, "championId": 157, "lastPlayTime": 1466809018000}, {"championLevel": 5, "chestGranted": true, "championPoints": 73486, "championPointsSinceLastLevel": 51886, "playerId": 21539, "championPointsUntilNextLevel": 0, "tokensEarned": 1, "championId": 238, "lastPlayTime": 1468275050000}, {"championLevel": 5, "chestGranted": true, "championPoints": 70624, "championPointsSinceLastLevel": 49024, "playerId": 21539, "championPointsUntilNextLevel": 0, "tokensEarned": 1, "championId": 412, "lastPlayTime": 1468290840000}, {"championLevel": 6, "chestGranted": true, "championPoints": 56646, "championPointsSinceLastLevel": 35046, "playerId": 21539, "championPointsUntilNextLevel": 0, "tokensEarned": 0, "championId": 236, "lastPlayTime": 1468886094000}, {"championLevel": 5, "chestGranted": true, "championPoints": 38301, "championPointsSinceLastLevel": 16701, "playerId": 21539, "championPointsUntilNextLevel": 0, "tokensEarned": 1, "championId": 72, "lastPlayTime": 1468705284000}, {"championLevel": 5, "chestGranted": false, "championPoints": 36883, "championPointsSinceLastLevel": 15283, "playerId": 21539, "championPointsUntilNextLevel": 0, "tokensEarned": 1, "championId": 102, "lastPlayTime": 1467590610000}, {"championLevel": 5, "chestGranted": true, "championPoints": 25726, "championPointsSinceLastLevel": 4126, "playerId": 21539, "championPointsUntilNextLevel": 0, "tokensEarned": 0, "championId": 81, "lastPlayTime": 1468795092000}, {"championLevel": 5, "chestGranted": false, "championPoints": 24823, "championPointsSinceLastLevel": 3223, "playerId": 21539, "championPointsUntilNextLevel": 0, "tokensEarned": 0, "championId": 119, "lastPlayTime": 1466983871000}, {"championLevel": 5, "chestGranted": false, "championPoints": 23384, "championPointsSinceLastLevel": 1784, "playerId": 21539, "championPointsUntilNextLevel": 0, "tokensEarned": 1, "championId": 254, "lastPlayTime": 1466190495000}, {"championLevel": 4, "chestGranted": true, "championPoints": 20748, "championPointsSinceLastLevel": 8148, "playerId": 21539, "championPointsUntilNextLevel": 852, "tokensEarned": 0, "championId": 202, "lastPlayTime": 1468443577000}, {"championLevel": 4, "chestGranted": false, "championPoints": 20631, "championPointsSinceLastLevel": 8031, "playerId": 21539, "championPointsUntilNextLevel": 969, "tokensEarned": 0, "championId": 245, "lastPlayTime": 1469113687000}, {"championLevel": 4, "chestGranted": true, "championPoints": 18133, "championPointsSinceLastLevel": 5533, "playerId": 21539, "championPointsUntilNextLevel": 3467, "tokensEarned": 0, "championId": 92, "lastPlayTime": 1468789154000}, {"championLevel": 4, "chestGranted": false, "championPoints": 17105, "championPointsSinceLastLevel": 4505, "playerId": 21539, "championPointsUntilNextLevel": 4495, "tokensEarned": 0, "championId": 161, "lastPlayTime": 1468801421000}, {"championLevel": 4, "chestGranted": true, "championPoints": 14746, "championPointsSinceLastLevel": 2146, "playerId": 21539, "championPointsUntilNextLevel": 6854, "tokensEarned": 0, "championId": 103, "lastPlayTime": 1469122183000}, {"championLevel": 4, "chestGranted": false, "championPoints": 13353, "championPointsSinceLastLevel": 753, "playerId": 21539, "championPointsUntilNextLevel": 8247, "tokensEarned": 0, "championId": 5, "lastPlayTime": 1456684628000}, {"championLevel": 4, "chestGranted": false, "championPoints": 12923, "championPointsSinceLastLevel": 323, "playerId": 21539, "championPointsUntilNextLevel": 8677, "tokensEarned": 0, "championId": 107, "lastPlayTime": 1453125671000}, {"championLevel": 3, "chestGranted": false, "championPoints": 11661, "championPointsSinceLastLevel": 5661, "playerId": 21539, "championPointsUntilNextLevel": 939, "tokensEarned": 0, "championId": 76, "lastPlayTime": 1463857080000}, {"championLevel": 3, "chestGranted": false, "championPoints": 10179, "championPointsSinceLastLevel": 4179, "playerId": 21539, "championPointsUntilNextLevel": 2421, "tokensEarned": 0, "championId": 105, "lastPlayTime": 1468690866000}, {"championLevel": 3, "chestGranted": false, "championPoints": 10039, "championPointsSinceLastLevel": 4039, "playerId": 21539, "championPointsUntilNextLevel": 2561, "tokensEarned": 0, "championId": 429, "lastPlayTime": 1459714658000}, {"championLevel": 3, "chestGranted": true, "championPoints": 9947, "championPointsSinceLastLevel": 3947, "playerId": 21539, "championPointsUntilNextLevel": 2653, "tokensEarned": 0, "championId": 39, "lastPlayTime": 1468377950000}, {"championLevel": 3, "chestGranted": false, "championPoints": 9914, "championPointsSinceLastLevel": 3914, "playerId": 21539, "championPointsUntilNextLevel": 2686, "tokensEarned": 0, "championId": 114, "lastPlayTime": 1468786614000}, {"championLevel": 3, "chestGranted": true, "championPoints": 9768, "championPointsSinceLastLevel": 3768, "playerId": 21539, "championPointsUntilNextLevel": 2832, "tokensEarned": 0, "championId": 59, "lastPlayTime": 1468188707000}, {"championLevel": 3, "chestGranted": false, "championPoints": 9036, "championPointsSinceLastLevel": 3036, "playerId": 21539, "championPointsUntilNextLevel": 3564, "tokensEarned": 0, "championId": 121, "lastPlayTime": 1469048884000}, {"championLevel": 3, "chestGranted": true, "championPoints": 8823, "championPointsSinceLastLevel": 2823, "playerId": 21539, "championPointsUntilNextLevel": 3777, "tokensEarned": 0, "championId": 24, "lastPlayTime": 1468525836000}, {"championLevel": 3, "chestGranted": false, "championPoints": 8453, "championPointsSinceLastLevel": 2453, "playerId": 21539, "championPointsUntilNextLevel": 4147, "tokensEarned": 0, "championId": 150, "lastPlayTime": 1468792597000}, {"championLevel": 3, "chestGranted": false, "championPoints": 7936, "championPointsSinceLastLevel": 1936, "playerId": 21539, "championPointsUntilNextLevel": 4664, "tokensEarned": 0, "championId": 18, "lastPlayTime": 1454287750000}, {"championLevel": 3, "chestGranted": false, "championPoints": 7882, "championPointsSinceLastLevel": 1882, "playerId": 21539, "championPointsUntilNextLevel": 4718, "tokensEarned": 0, "championId": 55, "lastPlayTime": 1456706901000}, {"championLevel": 3, "chestGranted": true, "championPoints": 7311, "championPointsSinceLastLevel": 1311, "playerId": 21539, "championPointsUntilNextLevel": 5289, "tokensEarned": 0, "championId": 268, "lastPlayTime": 1464542539000}, {"championLevel": 3, "chestGranted": false, "championPoints": 7267, "championPointsSinceLastLevel": 1267, "playerId": 21539, "championPointsUntilNextLevel": 5333, "tokensEarned": 0, "championId": 223, "lastPlayTime": 1456194560000}, {"championLevel": 3, "chestGranted": false, "championPoints": 7159, "championPointsSinceLastLevel": 1159, "playerId": 21539, "championPointsUntilNextLevel": 5441, "tokensEarned": 0, "championId": 48, "lastPlayTime": 1462724743000}, {"championLevel": 3, "chestGranted": false, "championPoints": 6352, "championPointsSinceLastLevel": 352, "playerId": 21539, "championPointsUntilNextLevel": 6248, "tokensEarned": 0, "championId": 1, "lastPlayTime": 1456253622000}, {"championLevel": 2, "chestGranted": false, "championPoints": 5836, "championPointsSinceLastLevel": 4036, "playerId": 21539, "championPointsUntilNextLevel": 164, "tokensEarned": 0, "championId": 421, "lastPlayTime": 1451267357000}, {"championLevel": 2, "chestGranted": false, "championPoints": 5484, "championPointsSinceLastLevel": 3684, "playerId": 21539, "championPointsUntilNextLevel": 516, "tokensEarned": 0, "championId": 7, "lastPlayTime": 1468508628000}, {"championLevel": 2, "chestGranted": false, "championPoints": 5389, "championPointsSinceLastLevel": 3589, "playerId": 21539, "championPointsUntilNextLevel": 611, "tokensEarned": 0, "championId": 201, "lastPlayTime": 1454199469000}, {"championLevel": 2, "chestGranted": false, "championPoints": 5213, "championPointsSinceLastLevel": 3413, "playerId": 21539, "championPointsUntilNextLevel": 787, "tokensEarned": 0, "championId": 84, "lastPlayTime": 1456704605000}, {"championLevel": 2, "chestGranted": false, "championPoints": 5103, "championPointsSinceLastLevel": 3303, "playerId": 21539, "championPointsUntilNextLevel": 897, "tokensEarned": 0, "championId": 69, "lastPlayTime": 1463860754000}, {"championLevel": 2, "chestGranted": false, "championPoints": 4800, "championPointsSinceLastLevel": 3000, "playerId": 21539, "championPointsUntilNextLevel": 1200, "tokensEarned": 0, "championId": 99, "lastPlayTime": 1462595872000}, {"championLevel": 2, "chestGranted": false, "championPoints": 4745, "championPointsSinceLastLevel": 2945, "playerId": 21539, "championPointsUntilNextLevel": 1255, "tokensEarned": 0, "championId": 36, "lastPlayTime": 1456867803000}, {"championLevel": 2, "chestGranted": true, "championPoints": 4662, "championPointsSinceLastLevel": 2862, "playerId": 21539, "championPointsUntilNextLevel": 1338, "tokensEarned": 0, "championId": 15, "lastPlayTime": 1466140199000}, {"championLevel": 2, "chestGranted": false, "championPoints": 4622, "championPointsSinceLastLevel": 2822, "playerId": 21539, "championPointsUntilNextLevel": 1378, "tokensEarned": 0, "championId": 29, "lastPlayTime": 1466389011000}, {"championLevel": 2, "chestGranted": false, "championPoints": 4599, "championPointsSinceLastLevel": 2799, "playerId": 21539, "championPointsUntilNextLevel": 1401, "tokensEarned": 0, "championId": 98, "lastPlayTime": 1458959050000}, {"championLevel": 2, "chestGranted": false, "championPoints": 4424, "championPointsSinceLastLevel": 2624, "playerId": 21539, "championPointsUntilNextLevel": 1576, "tokensEarned": 0, "championId": 50, "lastPlayTime": 1464545555000}, {"championLevel": 2, "chestGranted": false, "championPoints": 4368, "championPointsSinceLastLevel": 2568, "playerId": 21539, "championPointsUntilNextLevel": 1632, "tokensEarned": 0, "championId": 11, "lastPlayTime": 1461970153000}, {"championLevel": 2, "chestGranted": false, "championPoints": 4352, "championPointsSinceLastLevel": 2552, "playerId": 21539, "championPointsUntilNextLevel": 1648, "tokensEarned": 0, "championId": 154, "lastPlayTime": 1468740382000}, {"championLevel": 2, "chestGranted": false, "championPoints": 4286, "championPointsSinceLastLevel": 2486, "playerId": 21539, "championPointsUntilNextLevel": 1714, "tokensEarned": 0, "championId": 115, "lastPlayTime": 1469064131000}, {"championLevel": 2, "chestGranted": false, "championPoints": 4265, "championPointsSinceLastLevel": 2465, "playerId": 21539, "championPointsUntilNextLevel": 1735, "tokensEarned": 0, "championId": 62, "lastPlayTime": 1464555873000}, {"championLevel": 2, "chestGranted": false, "championPoints": 4111, "championPointsSinceLastLevel": 2311, "playerId": 21539, "championPointsUntilNextLevel": 1889, "tokensEarned": 0, "championId": 33, "lastPlayTime": 1451086782000}, {"championLevel": 2, "chestGranted": true, "championPoints": 4041, "championPointsSinceLastLevel": 2241, "playerId": 21539, "championPointsUntilNextLevel": 1959, "tokensEarned": 0, "championId": 131, "lastPlayTime": 1468599396000}, {"championLevel": 2, "chestGranted": false, "championPoints": 4003, "championPointsSinceLastLevel": 2203, "playerId": 21539, "championPointsUntilNextLevel": 1997, "tokensEarned": 0, "championId": 75, "lastPlayTime": 1457279041000}, {"championLevel": 2, "chestGranted": false, "championPoints": 3984, "championPointsSinceLastLevel": 2184, "playerId": 21539, "championPointsUntilNextLevel": 2016, "tokensEarned": 0, "championId": 19, "lastPlayTime": 1454825759000}, {"championLevel": 2, "chestGranted": false, "championPoints": 3883, "championPointsSinceLastLevel": 2083, "playerId": 21539, "championPointsUntilNextLevel": 2117, "tokensEarned": 0, "championId": 122, "lastPlayTime": 1458772537000}, {"championLevel": 2, "chestGranted": false, "championPoints": 3870, "championPointsSinceLastLevel": 2070, "playerId": 21539, "championPointsUntilNextLevel": 2130, "tokensEarned": 0, "championId": 2, "lastPlayTime": 1461107681000}, {"championLevel": 2, "chestGranted": false, "championPoints": 3845, "championPointsSinceLastLevel": 2045, "playerId": 21539, "championPointsUntilNextLevel": 2155, "tokensEarned": 0, "championId": 85, "lastPlayTime": 1463952824000}, {"championLevel": 2, "chestGranted": false, "championPoints": 3828, "championPointsSinceLastLevel": 2028, "playerId": 21539, "championPointsUntilNextLevel": 2172, "tokensEarned": 0, "championId": 60, "lastPlayTime": 1455819925000}, {"championLevel": 2, "chestGranted": false, "championPoints": 3597, "championPointsSinceLastLevel": 1797, "playerId": 21539, "championPointsUntilNextLevel": 2403, "tokensEarned": 0, "championId": 31, "lastPlayTime": 1467407232000}, {"championLevel": 2, "chestGranted": false, "championPoints": 3551, "championPointsSinceLastLevel": 1751, "playerId": 21539, "championPointsUntilNextLevel": 2449, "tokensEarned": 0, "championId": 32, "lastPlayTime": 1468880139000}, {"championLevel": 2, "chestGranted": false, "championPoints": 3362, "championPointsSinceLastLevel": 1562, "playerId": 21539, "championPointsUntilNextLevel": 2638, "tokensEarned": 0, "championId": 90, "lastPlayTime": 1468883203000}, {"championLevel": 2, "chestGranted": false, "championPoints": 3281, "championPointsSinceLastLevel": 1481, "playerId": 21539, "championPointsUntilNextLevel": 2719, "tokensEarned": 0, "championId": 77, "lastPlayTime": 1456714979000}, {"championLevel": 2, "chestGranted": false, "championPoints": 3253, "championPointsSinceLastLevel": 1453, "playerId": 21539, "championPointsUntilNextLevel": 2747, "tokensEarned": 0, "championId": 4, "lastPlayTime": 1457815883000}, {"championLevel": 2, "chestGranted": false, "championPoints": 3177, "championPointsSinceLastLevel": 1377, "playerId": 21539, "championPointsUntilNextLevel": 2823, "tokensEarned": 0, "championId": 104, "lastPlayTime": 1465095587000}, {"championLevel": 2, "chestGranted": false, "championPoints": 3168, "championPointsSinceLastLevel": 1368, "playerId": 21539, "championPointsUntilNextLevel": 2832, "tokensEarned": 0, "championId": 41, "lastPlayTime": 1467414742000}, {"championLevel": 2, "chestGranted": false, "championPoints": 3132, "championPointsSinceLastLevel": 1332, "playerId": 21539, "championPointsUntilNextLevel": 2868, "tokensEarned": 0, "championId": 51, "lastPlayTime": 1469117275000}, {"championLevel": 2, "chestGranted": true, "championPoints": 3073, "championPointsSinceLastLevel": 1273, "playerId": 21539, "championPointsUntilNextLevel": 2927, "tokensEarned": 0, "championId": 35, "lastPlayTime": 1469067248000}, {"championLevel": 2, "chestGranted": false, "championPoints": 2911, "championPointsSinceLastLevel": 1111, "playerId": 21539, "championPointsUntilNextLevel": 3089, "tokensEarned": 0, "championId": 96, "lastPlayTime": 1462588915000}, {"championLevel": 2, "chestGranted": false, "championPoints": 2852, "championPointsSinceLastLevel": 1052, "playerId": 21539, "championPointsUntilNextLevel": 3148, "tokensEarned": 0, "championId": 120, "lastPlayTime": 1468888787000}, {"championLevel": 2, "chestGranted": false, "championPoints": 2829, "championPointsSinceLastLevel": 1029, "playerId": 21539, "championPointsUntilNextLevel": 3171, "tokensEarned": 0, "championId": 266, "lastPlayTime": 1445632860000}, {"championLevel": 2, "chestGranted": false, "championPoints": 2820, "championPointsSinceLastLevel": 1020, "playerId": 21539, "championPointsUntilNextLevel": 3180, "tokensEarned": 0, "championId": 203, "lastPlayTime": 1462401938000}, {"championLevel": 2, "chestGranted": false, "championPoints": 2780, "championPointsSinceLastLevel": 980, "playerId": 21539, "championPointsUntilNextLevel": 3220, "tokensEarned": 0, "championId": 127, "lastPlayTime": 1456634084000}, {"championLevel": 2, "chestGranted": true, "championPoints": 2768, "championPointsSinceLastLevel": 968, "playerId": 21539, "championPointsUntilNextLevel": 3232, "tokensEarned": 0, "championId": 106, "lastPlayTime": 1466961860000}, {"championLevel": 2, "chestGranted": false, "championPoints": 2700, "championPointsSinceLastLevel": 900, "playerId": 21539, "championPointsUntilNextLevel": 3300, "tokensEarned": 0, "championId": 53, "lastPlayTime": 1455831977000}, {"championLevel": 2, "chestGranted": false, "championPoints": 2627, "championPointsSinceLastLevel": 827, "playerId": 21539, "championPointsUntilNextLevel": 3373, "tokensEarned": 0, "championId": 8, "lastPlayTime": 1443229614000}, {"championLevel": 2, "chestGranted": false, "championPoints": 2608, "championPointsSinceLastLevel": 808, "playerId": 21539, "championPointsUntilNextLevel": 3392, "tokensEarned": 0, "championId": 68, "lastPlayTime": 1447559553000}, {"championLevel": 2, "chestGranted": false, "championPoints": 2597, "championPointsSinceLastLevel": 797, "playerId": 21539, "championPointsUntilNextLevel": 3403, "tokensEarned": 0, "championId": 42, "lastPlayTime": 1460906334000}, {"championLevel": 2, "chestGranted": false, "championPoints": 2037, "championPointsSinceLastLevel": 237, "playerId": 21539, "championPointsUntilNextLevel": 3963, "tokensEarned": 0, "championId": 58, "lastPlayTime": 1439092167000}, {"championLevel": 2, "chestGranted": false, "championPoints": 2027, "championPointsSinceLastLevel": 227, "playerId": 21539, "championPointsUntilNextLevel": 3973, "tokensEarned": 0, "championId": 91, "lastPlayTime": 1452540360000}, {"championLevel": 2, "chestGranted": false, "championPoints": 1988, "championPointsSinceLastLevel": 188, "playerId": 21539, "championPointsUntilNextLevel": 4012, "tokensEarned": 0, "championId": 13, "lastPlayTime": 1468447383000}, {"championLevel": 1, "chestGranted": false, "championPoints": 1758, "championPointsSinceLastLevel": 1758, "playerId": 21539, "championPointsUntilNextLevel": 42, "tokensEarned": 0, "championId": 30, "lastPlayTime": 1452567512000}, {"championLevel": 1, "chestGranted": false, "championPoints": 1695, "championPointsSinceLastLevel": 1695, "playerId": 21539, "championPointsUntilNextLevel": 105, "tokensEarned": 0, "championId": 420, "lastPlayTime": 1462629190000}, {"championLevel": 1, "chestGranted": false, "championPoints": 1558, "championPointsSinceLastLevel": 1558, "playerId": 21539, "championPointsUntilNextLevel": 242, "tokensEarned": 0, "championId": 23, "lastPlayTime": 1440722683000}, {"championLevel": 1, "chestGranted": false, "championPoints": 1550, "championPointsSinceLastLevel": 1550, "playerId": 21539, "championPointsUntilNextLevel": 250, "tokensEarned": 0, "championId": 25, "lastPlayTime": 1450725250000}, {"championLevel": 1, "chestGranted": false, "championPoints": 1460, "championPointsSinceLastLevel": 1460, "playerId": 21539, "championPointsUntilNextLevel": 340, "tokensEarned": 0, "championId": 37, "lastPlayTime": 1452538635000}, {"championLevel": 1, "chestGranted": false, "championPoints": 1458, "championPointsSinceLastLevel": 1458, "playerId": 21539, "championPointsUntilNextLevel": 342, "tokensEarned": 0, "championId": 56, "lastPlayTime": 1453857167000}, {"championLevel": 1, "chestGranted": false, "championPoints": 1435, "championPointsSinceLastLevel": 1435, "playerId": 21539, "championPointsUntilNextLevel": 365, "tokensEarned": 0, "championId": 61, "lastPlayTime": 1442797564000}, {"championLevel": 1, "chestGranted": false, "championPoints": 1412, "championPointsSinceLastLevel": 1412, "playerId": 21539, "championPointsUntilNextLevel": 388, "tokensEarned": 0, "championId": 86, "lastPlayTime": 1463954510000}, {"championLevel": 1, "chestGranted": false, "championPoints": 1400, "championPointsSinceLastLevel": 1400, "playerId": 21539, "championPointsUntilNextLevel": 400, "tokensEarned": 0, "championId": 143, "lastPlayTime": 1439507394000}, {"championLevel": 1, "chestGranted": false, "championPoints": 1377, "championPointsSinceLastLevel": 1377, "playerId": 21539, "championPointsUntilNextLevel": 423, "tokensEarned": 0, "championId": 79, "lastPlayTime": 1455403223000}, {"championLevel": 1, "chestGranted": false, "championPoints": 1320, "championPointsSinceLastLevel": 1320, "playerId": 21539, "championPointsUntilNextLevel": 480, "tokensEarned": 0, "championId": 9, "lastPlayTime": 1435632201000}, {"championLevel": 1, "chestGranted": false, "championPoints": 1227, "championPointsSinceLastLevel": 1227, "playerId": 21539, "championPointsUntilNextLevel": 573, "tokensEarned": 0, "championId": 63, "lastPlayTime": 1469053896000}, {"championLevel": 1, "chestGranted": false, "championPoints": 1193, "championPointsSinceLastLevel": 1193, "playerId": 21539, "championPointsUntilNextLevel": 607, "tokensEarned": 0, "championId": 57, "lastPlayTime": 1464414152000}, {"championLevel": 1, "chestGranted": false, "championPoints": 1182, "championPointsSinceLastLevel": 1182, "playerId": 21539, "championPointsUntilNextLevel": 618, "tokensEarned": 0, "championId": 111, "lastPlayTime": 1441492162000}, {"championLevel": 1, "chestGranted": false, "championPoints": 1129, "championPointsSinceLastLevel": 1129, "playerId": 21539, "championPointsUntilNextLevel": 671, "tokensEarned": 0, "championId": 89, "lastPlayTime": 1440299449000}, {"championLevel": 1, "chestGranted": false, "championPoints": 1121, "championPointsSinceLastLevel": 1121, "playerId": 21539, "championPointsUntilNextLevel": 679, "tokensEarned": 0, "championId": 21, "lastPlayTime": 1452434474000}, {"championLevel": 1, "chestGranted": false, "championPoints": 967, "championPointsSinceLastLevel": 967, "playerId": 21539, "championPointsUntilNextLevel": 833, "tokensEarned": 0, "championId": 17, "lastPlayTime": 1462052853000}, {"championLevel": 1, "chestGranted": false, "championPoints": 925, "championPointsSinceLastLevel": 925, "playerId": 21539, "championPointsUntilNextLevel": 875, "tokensEarned": 0, "championId": 101, "lastPlayTime": 1436145011000}, {"championLevel": 1, "chestGranted": false, "championPoints": 400, "championPointsSinceLastLevel": 400, "playerId": 21539, "championPointsUntilNextLevel": 1400, "tokensEarned": 0, "championId": 12, "lastPlayTime": 1457797989000}, {"championLevel": 1, "chestGranted": false, "championPoints": 373, "championPointsSinceLastLevel": 373, "playerId": 21539, "championPointsUntilNextLevel": 1427, "tokensEarned": 0, "championId": 22, "lastPlayTime": 1466887585000}, {"championLevel": 1, "chestGranted": false, "championPoints": 350, "championPointsSinceLastLevel": 350, "playerId": 21539, "championPointsUntilNextLevel": 1450, "tokensEarned": 0, "championId": 134, "lastPlayTime": 1463798587000}, {"championLevel": 1, "chestGranted": false, "championPoints": 348, "championPointsSinceLastLevel": 348, "playerId": 21539, "championPointsUntilNextLevel": 1452, "tokensEarned": 0, "championId": 34, "lastPlayTime": 1456589374000}, {"championLevel": 1, "chestGranted": false, "championPoints": 306, "championPointsSinceLastLevel": 306, "playerId": 21539, "championPointsUntilNextLevel": 1494, "tokensEarned": 0, "championId": 432, "lastPlayTime": 1451603721000}, {"championLevel": 1, "chestGranted": false, "championPoints": 284, "championPointsSinceLastLevel": 284, "playerId": 21539, "championPointsUntilNextLevel": 1516, "tokensEarned": 0, "championId": 80, "lastPlayTime": 1456786946000}, {"championLevel": 1, "chestGranted": false, "championPoints": 259, "championPointsSinceLastLevel": 259, "playerId": 21539, "championPointsUntilNextLevel": 1541, "tokensEarned": 0, "championId": 28, "lastPlayTime": 1454540031000}, {"championLevel": 1, "chestGranted": false, "championPoints": 244, "championPointsSinceLastLevel": 244, "playerId": 21539, "championPointsUntilNextLevel": 1556, "tokensEarned": 0, "championId": 74, "lastPlayTime": 1439510704000}, {"championLevel": 1, "chestGranted": false, "championPoints": 217, "championPointsSinceLastLevel": 217, "playerId": 21539, "championPointsUntilNextLevel": 1583, "tokensEarned": 0, "championId": 126, "lastPlayTime": 1437878846000}, {"championLevel": 1, "chestGranted": false, "championPoints": 215, "championPointsSinceLastLevel": 215, "playerId": 21539, "championPointsUntilNextLevel": 1585, "tokensEarned": 0, "championId": 40, "lastPlayTime": 1467951537000}, {"championLevel": 1, "chestGranted": false, "championPoints": 210, "championPointsSinceLastLevel": 210, "playerId": 21539, "championPointsUntilNextLevel": 1590, "tokensEarned": 0, "championId": 45, "lastPlayTime": 1451861896000}, {"championLevel": 1, "chestGranted": false, "championPoints": 209, "championPointsSinceLastLevel": 209, "playerId": 21539, "championPointsUntilNextLevel": 1591, "tokensEarned": 0, "championId": 267, "lastPlayTime": 1434921650000}, {"championLevel": 1, "chestGranted": false, "championPoints": 199, "championPointsSinceLastLevel": 199, "playerId": 21539, "championPointsUntilNextLevel": 1601, "tokensEarned": 0, "championId": 113, "lastPlayTime": 1440630319000}, {"championLevel": 1, "chestGranted": false, "championPoints": 184, "championPointsSinceLastLevel": 184, "playerId": 21539, "championPointsUntilNextLevel": 1616, "tokensEarned": 0, "championId": 112, "lastPlayTime": 1468864485000}, {"championLevel": 1, "chestGranted": false, "championPoints": 178, "championPointsSinceLastLevel": 178, "playerId": 21539, "championPointsUntilNextLevel": 1622, "tokensEarned": 0, "championId": 78, "lastPlayTime": 1458255989000}, {"championLevel": 1, "chestGranted": false, "championPoints": 173, "championPointsSinceLastLevel": 173, "playerId": 21539, "championPointsUntilNextLevel": 1627, "tokensEarned": 0, "championId": 117, "lastPlayTime": 1447442223000}, {"championLevel": 1, "chestGranted": false, "championPoints": 162, "championPointsSinceLastLevel": 162, "playerId": 21539, "championPointsUntilNextLevel": 1638, "tokensEarned": 0, "championId": 54, "lastPlayTime": 1453260084000}, {"championLevel": 1, "chestGranted": false, "championPoints": 159, "championPointsSinceLastLevel": 159, "playerId": 21539, "championPointsUntilNextLevel": 1641, "tokensEarned": 0, "championId": 133, "lastPlayTime": 1464558134000}, {"championLevel": 1, "chestGranted": false, "championPoints": 154, "championPointsSinceLastLevel": 154, "playerId": 21539, "championPointsUntilNextLevel": 1646, "tokensEarned": 0, "championId": 110, "lastPlayTime": 1440809936000}, {"championLevel": 1, "chestGranted": false, "championPoints": 153, "championPointsSinceLastLevel": 153, "playerId": 21539, "championPointsUntilNextLevel": 1647, "tokensEarned": 0, "championId": 14, "lastPlayTime": 1461976897000}]