[{"championLevel": 5, "chestGranted": true, "championPoints": 25491, "championPointsSinceLastLevel": 3891, "playerId": 21531, "championPointsUntilNextLevel": 0, "tokensEarned": 0, "championId": 222, "lastPlayTime": 1468944917000}, {"championLevel": 4, "chestGranted": true, "championPoints": 19460, "championPointsSinceLastLevel": 6860, "playerId": 21531, "championPointsUntilNextLevel": 2140, "tokensEarned": 0, "championId": 25, "lastPlayTime": 1468357634000}, {"championLevel": 4, "chestGranted": true, "championPoints": 17414, "championPointsSinceLastLevel": 4814, "playerId": 21531, "championPointsUntilNextLevel": 4186, "tokensEarned": 0, "championId": 43, "lastPlayTime": 1468453321000}, {"championLevel": 3, "chestGranted": true, "championPoints": 12348, "championPointsSinceLastLevel": 6348, "playerId": 21531, "championPointsUntilNextLevel": 252, "tokensEarned": 0, "championId": 412, "lastPlayTime": 1468817522000}, {"championLevel": 3, "chestGranted": true, "championPoints": 11746, "championPointsSinceLastLevel": 5746, "playerId": 21531, "championPointsUntilNextLevel": 854, "tokensEarned": 0, "championId": 119, "lastPlayTime": 1465109407000}, {"championLevel": 3, "chestGranted": false, "championPoints": 11514, "championPointsSinceLastLevel": 5514, "playerId": 21531, "championPointsUntilNextLevel": 1086, "tokensEarned": 0, "championId": 432, "lastPlayTime": 1467860229000}, {"championLevel": 3, "chestGranted": false, "championPoints": 9809, "championPointsSinceLastLevel": 3809, "playerId": 21531, "championPointsUntilNextLevel": 2791, "tokensEarned": 0, "championId": 21, "lastPlayTime": 1468795561000}, {"championLevel": 3, "chestGranted": true, "championPoints": 9279, "championPointsSinceLastLevel": 3279, "playerId": 21531, "championPointsUntilNextLevel": 3321, "tokensEarned": 0, "championId": 201, "lastPlayTime": 1468441473000}, {"championLevel": 3, "chestGranted": true, "championPoints": 8737, "championPointsSinceLastLevel": 2737, "playerId": 21531, "championPointsUntilNextLevel": 3863, "tokensEarned": 0, "championId": 51, "lastPlayTime": 1468875205000}, {"championLevel": 3, "chestGranted": false, "championPoints": 7034, "championPointsSinceLastLevel": 1034, "playerId": 21531, "championPointsUntilNextLevel": 5566, "tokensEarned": 0, "championId": 267, "lastPlayTime": 1468959266000}, {"championLevel": 2, "chestGranted": true, "championPoints": 5432, "championPointsSinceLastLevel": 3632, "playerId": 21531, "championPointsUntilNextLevel": 568, "tokensEarned": 0, "championId": 143, "lastPlayTime": 1466481662000}, {"championLevel": 2, "chestGranted": false, "championPoints": 5365, "championPointsSinceLastLevel": 3565, "playerId": 21531, "championPointsUntilNextLevel": 635, "tokensEarned": 0, "championId": 22, "lastPlayTime": 1468790354000}, {"championLevel": 2, "chestGranted": false, "championPoints": 5152, "championPointsSinceLastLevel": 3352, "playerId": 21531, "championPointsUntilNextLevel": 848, "tokensEarned": 0, "championId": 42, "lastPlayTime": 1455667941000}, {"championLevel": 2, "chestGranted": false, "championPoints": 2918, "championPointsSinceLastLevel": 1118, "playerId": 21531, "championPointsUntilNextLevel": 3082, "tokensEarned": 0, "championId": 53, "lastPlayTime": 1465867069000}, {"championLevel": 2, "chestGranted": false, "championPoints": 2850, "championPointsSinceLastLevel": 1050, "playerId": 21531, "championPointsUntilNextLevel": 3150, "tokensEarned": 0, "championId": 15, "lastPlayTime": 1468820013000}, {"championLevel": 2, "chestGranted": true, "championPoints": 2426, "championPointsSinceLastLevel": 626, "playerId": 21531, "championPointsUntilNextLevel": 3574, "tokensEarned": 0, "championId": 202, "lastPlayTime": 1468637379000}, {"championLevel": 2, "chestGranted": true, "championPoints": 2175, "championPointsSinceLastLevel": 375, "playerId": 21531, "championPointsUntilNextLevel": 3825, "tokensEarned": 0, "championId": 236, "lastPlayTime": 1467756558000}, {"championLevel": 2, "chestGranted": false, "championPoints": 1803, "championPointsSinceLastLevel": 3, "playerId": 21531, "championPointsUntilNextLevel": 4197, "tokensEarned": 0, "championId": 18, "lastPlayTime": 1468970888000}, {"championLevel": 1, "chestGranted": false, "championPoints": 1599, "championPointsSinceLastLevel": 1599, "playerId": 21531, "championPointsUntilNextLevel": 201, "tokensEarned": 0, "championId": 1, "lastPlayTime": 1448507817000}, {"championLevel": 1, "chestGranted": false, "championPoints": 1480, "championPointsSinceLastLevel": 1480, "playerId": 21531, "championPointsUntilNextLevel": 320, "tokensEarned": 0, "championId": 89, "lastPlayTime": 1468455473000}, {"championLevel": 1, "chestGranted": false, "championPoints": 1410, "championPointsSinceLastLevel": 1410, "playerId": 21531, "championPointsUntilNextLevel": 390, "tokensEarned": 0, "championId": 37, "lastPlayTime": 1468941267000}, {"championLevel": 1, "chestGranted": false, "championPoints": 1351, "championPointsSinceLastLevel": 1351, "playerId": 21531, "championPointsUntilNextLevel": 449, "tokensEarned": 0, "championId": 12, "lastPlayTime": 1468431148000}, {"championLevel": 1, "chestGranted": false, "championPoints": 1270, "championPointsSinceLastLevel": 1270, "playerId": 21531, "championPointsUntilNextLevel": 530, "tokensEarned": 0, "championId": 117, "lastPlayTime": 1465530020000}, {"championLevel": 1, "chestGranted": false, "championPoints": 1215, "championPointsSinceLastLevel": 1215, "playerId": 21531, "championPointsUntilNextLevel": 585, "tokensEarned": 0, "championId": 429, "lastPlayTime": 1456119717000}, {"championLevel": 1, "chestGranted": false, "championPoints": 1096, "championPointsSinceLastLevel": 1096, "playerId": 21531, "championPointsUntilNextLevel": 704, "tokensEarned": 0, "championId": 63, "lastPlayTime": 1468373161000}, {"championLevel": 1, "chestGranted": true, "championPoints": 1033, "championPointsSinceLastLevel": 1033, "playerId": 21531, "championPointsUntilNextLevel": 767, "tokensEarned": 0, "championId": 40, "lastPlayTime": 1468368722000}, {"championLevel": 1, "chestGranted": false, "championPoints": 651, "championPointsSinceLastLevel": 651, "playerId": 21531, "championPointsUntilNextLevel": 1149, "tokensEarned": 0, "championId": 81, "lastPlayTime": 1465708813000}, {"championLevel": 1, "chestGranted": false, "championPoints": 399, "championPointsSinceLastLevel": 399, "playerId": 21531, "championPointsUntilNextLevel": 1401, "tokensEarned": 0, "championId": 67, "lastPlayTime": 1468450937000}, {"championLevel": 1, "chestGranted": false, "championPoints": 163, "championPointsSinceLastLevel": 163, "playerId": 21531, "championPointsUntilNextLevel": 1637, "tokensEarned": 0, "championId": 29, "lastPlayTime": 1468649909000}]