[{"championLevel": 3, "chestGranted": true, "championPoints": 12322, "championPointsSinceLastLevel": 6322, "playerId": 21544, "championPointsUntilNextLevel": 278, "tokensEarned": 0, "championId": 76, "lastPlayTime": 1463938756000}, {"championLevel": 3, "chestGranted": true, "championPoints": 6014, "championPointsSinceLastLevel": 14, "playerId": 21544, "championPointsUntilNextLevel": 6586, "tokensEarned": 0, "championId": 103, "lastPlayTime": 1463958008000}, {"championLevel": 2, "chestGranted": false, "championPoints": 4106, "championPointsSinceLastLevel": 2306, "playerId": 21544, "championPointsUntilNextLevel": 1894, "tokensEarned": 0, "championId": 119, "lastPlayTime": 1459102678000}, {"championLevel": 2, "chestGranted": false, "championPoints": 3905, "championPointsSinceLastLevel": 2105, "playerId": 21544, "championPointsUntilNextLevel": 2095, "tokensEarned": 0, "championId": 99, "lastPlayTime": 1459058120000}, {"championLevel": 2, "chestGranted": false, "championPoints": 3753, "championPointsSinceLastLevel": 1953, "playerId": 21544, "championPointsUntilNextLevel": 2247, "tokensEarned": 0, "championId": 64, "lastPlayTime": 1459621257000}, {"championLevel": 2, "chestGranted": false, "championPoints": 2549, "championPointsSinceLastLevel": 749, "playerId": 21544, "championPointsUntilNextLevel": 3451, "tokensEarned": 0, "championId": 61, "lastPlayTime": 1459623854000}, {"championLevel": 2, "chestGranted": false, "championPoints": 2145, "championPointsSinceLastLevel": 345, "playerId": 21544, "championPointsUntilNextLevel": 3855, "tokensEarned": 0, "championId": 60, "lastPlayTime": 1431832328000}, {"championLevel": 1, "chestGranted": false, "championPoints": 1642, "championPointsSinceLastLevel": 1642, "playerId": 21544, "championPointsUntilNextLevel": 158, "tokensEarned": 0, "championId": 51, "lastPlayTime": 1457893523000}, {"championLevel": 1, "chestGranted": false, "championPoints": 1579, "championPointsSinceLastLevel": 1579, "playerId": 21544, "championPointsUntilNextLevel": 221, "tokensEarned": 0, "championId": 268, "lastPlayTime": 1443892009000}, {"championLevel": 1, "chestGranted": false, "championPoints": 1483, "championPointsSinceLastLevel": 1483, "playerId": 21544, "championPointsUntilNextLevel": 317, "tokensEarned": 0, "championId": 98, "lastPlayTime": 1459640017000}, {"championLevel": 1, "chestGranted": false, "championPoints": 1468, "championPointsSinceLastLevel": 1468, "playerId": 21544, "championPointsUntilNextLevel": 332, "tokensEarned": 0, "championId": 126, "lastPlayTime": 1458923426000}, {"championLevel": 1, "chestGranted": false, "championPoints": 1463, "championPointsSinceLastLevel": 1463, "playerId": 21544, "championPointsUntilNextLevel": 337, "tokensEarned": 0, "championId": 222, "lastPlayTime": 1449376691000}, {"championLevel": 1, "chestGranted": false, "championPoints": 1412, "championPointsSinceLastLevel": 1412, "playerId": 21544, "championPointsUntilNextLevel": 388, "tokensEarned": 0, "championId": 9, "lastPlayTime": 1459096943000}, {"championLevel": 1, "chestGranted": false, "championPoints": 1337, "championPointsSinceLastLevel": 1337, "playerId": 21544, "championPointsUntilNextLevel": 463, "tokensEarned": 0, "championId": 24, "lastPlayTime": 1458964335000}, {"championLevel": 1, "chestGranted": false, "championPoints": 1286, "championPointsSinceLastLevel": 1286, "playerId": 21544, "championPointsUntilNextLevel": 514, "tokensEarned": 0, "championId": 81, "lastPlayTime": 1463951852000}, {"championLevel": 1, "chestGranted": false, "championPoints": 1238, "championPointsSinceLastLevel": 1238, "playerId": 21544, "championPointsUntilNextLevel": 562, "tokensEarned": 0, "championId": 58, "lastPlayTime": 1458938452000}, {"championLevel": 1, "chestGranted": false, "championPoints": 1224, "championPointsSinceLastLevel": 1224, "playerId": 21544, "championPointsUntilNextLevel": 576, "tokensEarned": 0, "championId": 79, "lastPlayTime": 1443928069000}, {"championLevel": 1, "chestGranted": false, "championPoints": 1187, "championPointsSinceLastLevel": 1187, "playerId": 21544, "championPointsUntilNextLevel": 613, "tokensEarned": 0, "championId": 89, "lastPlayTime": 1459099954000}, {"championLevel": 1, "chestGranted": false, "championPoints": 1178, "championPointsSinceLastLevel": 1178, "playerId": 21544, "championPointsUntilNextLevel": 622, "tokensEarned": 0, "championId": 53, "lastPlayTime": 1446333394000}, {"championLevel": 1, "chestGranted": false, "championPoints": 1172, "championPointsSinceLastLevel": 1172, "playerId": 21544, "championPointsUntilNextLevel": 628, "tokensEarned": 0, "championId": 101, "lastPlayTime": 1447000619000}, {"championLevel": 1, "chestGranted": false, "championPoints": 1108, "championPointsSinceLastLevel": 1108, "playerId": 21544, "championPointsUntilNextLevel": 692, "tokensEarned": 0, "championId": 78, "lastPlayTime": 1459632055000}, {"championLevel": 1, "chestGranted": false, "championPoints": 1057, "championPointsSinceLastLevel": 1057, "playerId": 21544, "championPointsUntilNextLevel": 743, "tokensEarned": 0, "championId": 92, "lastPlayTime": 1459653441000}, {"championLevel": 1, "chestGranted": false, "championPoints": 976, "championPointsSinceLastLevel": 976, "playerId": 21544, "championPointsUntilNextLevel": 824, "tokensEarned": 0, "championId": 34, "lastPlayTime": 1431809917000}, {"championLevel": 1, "chestGranted": false, "championPoints": 929, "championPointsSinceLastLevel": 929, "playerId": 21544, "championPointsUntilNextLevel": 871, "tokensEarned": 0, "championId": 102, "lastPlayTime": 1446950209000}, {"championLevel": 1, "chestGranted": false, "championPoints": 909, "championPointsSinceLastLevel": 909, "playerId": 21544, "championPointsUntilNextLevel": 891, "tokensEarned": 0, "championId": 56, "lastPlayTime": 1446948626000}, {"championLevel": 1, "chestGranted": false, "championPoints": 519, "championPointsSinceLastLevel": 519, "playerId": 21544, "championPointsUntilNextLevel": 1281, "tokensEarned": 0, "championId": 85, "lastPlayTime": 1457890038000}, {"championLevel": 1, "chestGranted": false, "championPoints": 390, "championPointsSinceLastLevel": 390, "playerId": 21544, "championPointsUntilNextLevel": 1410, "tokensEarned": 0, "championId": 157, "lastPlayTime": 1449582944000}, {"championLevel": 1, "chestGranted": false, "championPoints": 245, "championPointsSinceLastLevel": 245, "playerId": 21544, "championPointsUntilNextLevel": 1555, "tokensEarned": 0, "championId": 127, "lastPlayTime": 1459637295000}, {"championLevel": 1, "chestGranted": false, "championPoints": 243, "championPointsSinceLastLevel": 243, "playerId": 21544, "championPointsUntilNextLevel": 1557, "tokensEarned": 0, "championId": 114, "lastPlayTime": 1433046555000}, {"championLevel": 1, "chestGranted": false, "championPoints": 236, "championPointsSinceLastLevel": 236, "playerId": 21544, "championPointsUntilNextLevel": 1564, "tokensEarned": 0, "championId": 12, "lastPlayTime": 1446961246000}, {"championLevel": 1, "chestGranted": false, "championPoints": 231, "championPointsSinceLastLevel": 231, "playerId": 21544, "championPointsUntilNextLevel": 1569, "tokensEarned": 0, "championId": 67, "lastPlayTime": 1437934651000}, {"championLevel": 1, "chestGranted": false, "championPoints": 218, "championPointsSinceLastLevel": 218, "playerId": 21544, "championPointsUntilNextLevel": 1582, "tokensEarned": 0, "championId": 266, "lastPlayTime": 1431894738000}, {"championLevel": 1, "chestGranted": false, "championPoints": 211, "championPointsSinceLastLevel": 211, "playerId": 21544, "championPointsUntilNextLevel": 1589, "tokensEarned": 0, "championId": 75, "lastPlayTime": 1458969424000}, {"championLevel": 1, "chestGranted": false, "championPoints": 209, "championPointsSinceLastLevel": 209, "playerId": 21544, "championPointsUntilNextLevel": 1591, "tokensEarned": 0, "championId": 5, "lastPlayTime": 1463326895000}, {"championLevel": 1, "chestGranted": false, "championPoints": 208, "championPointsSinceLastLevel": 208, "playerId": 21544, "championPointsUntilNextLevel": 1592, "tokensEarned": 0, "championId": 45, "lastPlayTime": 1459060571000}, {"championLevel": 1, "chestGranted": false, "championPoints": 166, "championPointsSinceLastLevel": 166, "playerId": 21544, "championPointsUntilNextLevel": 1634, "tokensEarned": 0, "championId": 38, "lastPlayTime": 1459610599000}, {"championLevel": 1, "chestGranted": false, "championPoints": 153, "championPointsSinceLastLevel": 153, "playerId": 21544, "championPointsUntilNextLevel": 1647, "tokensEarned": 0, "championId": 154, "lastPlayTime": 1459655270000}, {"championLevel": 1, "chestGranted": false, "championPoints": 153, "championPointsSinceLastLevel": 153, "playerId": 21544, "championPointsUntilNextLevel": 1647, "tokensEarned": 0, "championId": 122, "lastPlayTime": 1458967010000}, {"championLevel": 1, "chestGranted": false, "championPoints": 148, "championPointsSinceLastLevel": 148, "playerId": 21544, "championPointsUntilNextLevel": 1652, "tokensEarned": 0, "championId": 4, "lastPlayTime": 1458933801000}, {"championLevel": 1, "chestGranted": false, "championPoints": 148, "championPointsSinceLastLevel": 148, "playerId": 21544, "championPointsUntilNextLevel": 1652, "tokensEarned": 0, "championId": 134, "lastPlayTime": 1459570276000}, {"championLevel": 1, "chestGranted": true, "championPoints": 148, "championPointsSinceLastLevel": 148, "playerId": 21544, "championPointsUntilNextLevel": 1652, "tokensEarned": 0, "championId": 32, "lastPlayTime": 1463955814000}, {"championLevel": 1, "chestGranted": false, "championPoints": 144, "championPointsSinceLastLevel": 144, "playerId": 21544, "championPointsUntilNextLevel": 1656, "tokensEarned": 0, "championId": 412, "lastPlayTime": 1443908893000}]