[{"championLevel": 5, "chestGranted": true, "championPoints": 33914, "championPointsSinceLastLevel": 12314, "playerId": 21545, "championPointsUntilNextLevel": 0, "tokensEarned": 1, "championId": 81, "lastPlayTime": 1465403425000}, {"championLevel": 5, "chestGranted": true, "championPoints": 28327, "championPointsSinceLastLevel": 6727, "playerId": 21545, "championPointsUntilNextLevel": 0, "tokensEarned": 1, "championId": 67, "lastPlayTime": 1463856557000}, {"championLevel": 4, "chestGranted": true, "championPoints": 18033, "championPointsSinceLastLevel": 5433, "playerId": 21545, "championPointsUntilNextLevel": 3567, "tokensEarned": 0, "championId": 236, "lastPlayTime": 1465412098000}, {"championLevel": 3, "chestGranted": true, "championPoints": 6631, "championPointsSinceLastLevel": 631, "playerId": 21545, "championPointsUntilNextLevel": 5969, "tokensEarned": 0, "championId": 40, "lastPlayTime": 1463247449000}, {"championLevel": 3, "chestGranted": false, "championPoints": 6212, "championPointsSinceLastLevel": 212, "playerId": 21545, "championPointsUntilNextLevel": 6388, "tokensEarned": 0, "championId": 77, "lastPlayTime": 1437377085000}, {"championLevel": 2, "chestGranted": false, "championPoints": 5041, "championPointsSinceLastLevel": 3241, "playerId": 21545, "championPointsUntilNextLevel": 959, "tokensEarned": 0, "championId": 79, "lastPlayTime": 1465323772000}, {"championLevel": 2, "chestGranted": false, "championPoints": 4889, "championPointsSinceLastLevel": 3089, "playerId": 21545, "championPointsUntilNextLevel": 1111, "tokensEarned": 0, "championId": 412, "lastPlayTime": 1437867233000}, {"championLevel": 2, "chestGranted": false, "championPoints": 4754, "championPointsSinceLastLevel": 2954, "playerId": 21545, "championPointsUntilNextLevel": 1246, "tokensEarned": 0, "championId": 62, "lastPlayTime": 1463146294000}, {"championLevel": 2, "chestGranted": false, "championPoints": 4659, "championPointsSinceLastLevel": 2859, "playerId": 21545, "championPointsUntilNextLevel": 1341, "tokensEarned": 0, "championId": 119, "lastPlayTime": 1462940292000}, {"championLevel": 2, "chestGranted": true, "championPoints": 4617, "championPointsSinceLastLevel": 2817, "playerId": 21545, "championPointsUntilNextLevel": 1383, "tokensEarned": 0, "championId": 7, "lastPlayTime": 1463161669000}, {"championLevel": 2, "chestGranted": false, "championPoints": 4107, "championPointsSinceLastLevel": 2307, "playerId": 21545, "championPointsUntilNextLevel": 1893, "tokensEarned": 0, "championId": 89, "lastPlayTime": 1445262490000}, {"championLevel": 2, "chestGranted": false, "championPoints": 3816, "championPointsSinceLastLevel": 2016, "playerId": 21545, "championPointsUntilNextLevel": 2184, "tokensEarned": 0, "championId": 8, "lastPlayTime": 1453331960000}, {"championLevel": 2, "chestGranted": false, "championPoints": 3479, "championPointsSinceLastLevel": 1679, "playerId": 21545, "championPointsUntilNextLevel": 2521, "tokensEarned": 0, "championId": 61, "lastPlayTime": 1446938030000}, {"championLevel": 2, "chestGranted": false, "championPoints": 3295, "championPointsSinceLastLevel": 1495, "playerId": 21545, "championPointsUntilNextLevel": 2705, "tokensEarned": 0, "championId": 429, "lastPlayTime": 1437382590000}, {"championLevel": 2, "chestGranted": false, "championPoints": 2988, "championPointsSinceLastLevel": 1188, "playerId": 21545, "championPointsUntilNextLevel": 3012, "tokensEarned": 0, "championId": 64, "lastPlayTime": 1463149931000}, {"championLevel": 2, "chestGranted": false, "championPoints": 2758, "championPointsSinceLastLevel": 958, "playerId": 21545, "championPointsUntilNextLevel": 3242, "tokensEarned": 0, "championId": 222, "lastPlayTime": 1456001116000}, {"championLevel": 2, "chestGranted": false, "championPoints": 2547, "championPointsSinceLastLevel": 747, "playerId": 21545, "championPointsUntilNextLevel": 3453, "tokensEarned": 0, "championId": 104, "lastPlayTime": 1447726732000}, {"championLevel": 2, "chestGranted": false, "championPoints": 2380, "championPointsSinceLastLevel": 580, "playerId": 21545, "championPointsUntilNextLevel": 3620, "tokensEarned": 0, "championId": 16, "lastPlayTime": 1453355724000}, {"championLevel": 2, "chestGranted": false, "championPoints": 2345, "championPointsSinceLastLevel": 545, "playerId": 21545, "championPointsUntilNextLevel": 3655, "tokensEarned": 0, "championId": 54, "lastPlayTime": 1454979827000}, {"championLevel": 1, "chestGranted": false, "championPoints": 1525, "championPointsSinceLastLevel": 1525, "playerId": 21545, "championPointsUntilNextLevel": 275, "tokensEarned": 0, "championId": 238, "lastPlayTime": 1440202274000}, {"championLevel": 1, "chestGranted": false, "championPoints": 1386, "championPointsSinceLastLevel": 1386, "playerId": 21545, "championPointsUntilNextLevel": 414, "tokensEarned": 0, "championId": 117, "lastPlayTime": 1433096103000}, {"championLevel": 1, "chestGranted": false, "championPoints": 1341, "championPointsSinceLastLevel": 1341, "playerId": 21545, "championPointsUntilNextLevel": 459, "tokensEarned": 0, "championId": 1, "lastPlayTime": 1457234343000}, {"championLevel": 1, "chestGranted": false, "championPoints": 1265, "championPointsSinceLastLevel": 1265, "playerId": 21545, "championPointsUntilNextLevel": 535, "tokensEarned": 0, "championId": 111, "lastPlayTime": 1432947758000}, {"championLevel": 1, "chestGranted": false, "championPoints": 1144, "championPointsSinceLastLevel": 1144, "playerId": 21545, "championPointsUntilNextLevel": 656, "tokensEarned": 0, "championId": 267, "lastPlayTime": 1452482976000}, {"championLevel": 1, "chestGranted": false, "championPoints": 1130, "championPointsSinceLastLevel": 1130, "playerId": 21545, "championPointsUntilNextLevel": 670, "tokensEarned": 0, "championId": 203, "lastPlayTime": 1463494392000}, {"championLevel": 1, "chestGranted": false, "championPoints": 1073, "championPointsSinceLastLevel": 1073, "playerId": 21545, "championPointsUntilNextLevel": 727, "tokensEarned": 0, "championId": 74, "lastPlayTime": 1431787453000}, {"championLevel": 1, "chestGranted": false, "championPoints": 1046, "championPointsSinceLastLevel": 1046, "playerId": 21545, "championPointsUntilNextLevel": 754, "tokensEarned": 0, "championId": 68, "lastPlayTime": 1432251306000}, {"championLevel": 1, "chestGranted": false, "championPoints": 994, "championPointsSinceLastLevel": 994, "playerId": 21545, "championPointsUntilNextLevel": 806, "tokensEarned": 0, "championId": 121, "lastPlayTime": 1433007568000}, {"championLevel": 1, "chestGranted": false, "championPoints": 930, "championPointsSinceLastLevel": 930, "playerId": 21545, "championPointsUntilNextLevel": 870, "tokensEarned": 0, "championId": 55, "lastPlayTime": 1433470339000}, {"championLevel": 1, "chestGranted": false, "championPoints": 479, "championPointsSinceLastLevel": 479, "playerId": 21545, "championPointsUntilNextLevel": 1321, "tokensEarned": 0, "championId": 17, "lastPlayTime": 1433545680000}, {"championLevel": 1, "chestGranted": false, "championPoints": 463, "championPointsSinceLastLevel": 463, "playerId": 21545, "championPointsUntilNextLevel": 1337, "tokensEarned": 0, "championId": 76, "lastPlayTime": 1463679310000}, {"championLevel": 1, "chestGranted": false, "championPoints": 454, "championPointsSinceLastLevel": 454, "playerId": 21545, "championPointsUntilNextLevel": 1346, "tokensEarned": 0, "championId": 245, "lastPlayTime": 1464109150000}, {"championLevel": 1, "chestGranted": false, "championPoints": 400, "championPointsSinceLastLevel": 400, "playerId": 21545, "championPointsUntilNextLevel": 1400, "tokensEarned": 0, "championId": 268, "lastPlayTime": 1432851599000}, {"championLevel": 1, "chestGranted": false, "championPoints": 246, "championPointsSinceLastLevel": 246, "playerId": 21545, "championPointsUntilNextLevel": 1554, "tokensEarned": 0, "championId": 25, "lastPlayTime": 1433017269000}, {"championLevel": 1, "chestGranted": false, "championPoints": 232, "championPointsSinceLastLevel": 232, "playerId": 21545, "championPointsUntilNextLevel": 1568, "tokensEarned": 0, "championId": 103, "lastPlayTime": 1431792841000}, {"championLevel": 1, "chestGranted": false, "championPoints": 212, "championPointsSinceLastLevel": 212, "playerId": 21545, "championPointsUntilNextLevel": 1588, "tokensEarned": 0, "championId": 98, "lastPlayTime": 1454985951000}, {"championLevel": 1, "chestGranted": false, "championPoints": 189, "championPointsSinceLastLevel": 189, "playerId": 21545, "championPointsUntilNextLevel": 1611, "tokensEarned": 0, "championId": 105, "lastPlayTime": 1463323376000}, {"championLevel": 1, "chestGranted": false, "championPoints": 182, "championPointsSinceLastLevel": 182, "playerId": 21545, "championPointsUntilNextLevel": 1618, "tokensEarned": 0, "championId": 69, "lastPlayTime": 1431789941000}, {"championLevel": 1, "chestGranted": false, "championPoints": 169, "championPointsSinceLastLevel": 169, "playerId": 21545, "championPointsUntilNextLevel": 1631, "tokensEarned": 0, "championId": 92, "lastPlayTime": 1451055470000}, {"championLevel": 1, "chestGranted": false, "championPoints": 168, "championPointsSinceLastLevel": 168, "playerId": 21545, "championPointsUntilNextLevel": 1632, "tokensEarned": 0, "championId": 53, "lastPlayTime": 1433547915000}, {"championLevel": 1, "chestGranted": false, "championPoints": 164, "championPointsSinceLastLevel": 164, "playerId": 21545, "championPointsUntilNextLevel": 1636, "tokensEarned": 0, "championId": 22, "lastPlayTime": 1446939706000}, {"championLevel": 1, "chestGranted": false, "championPoints": 163, "championPointsSinceLastLevel": 163, "playerId": 21545, "championPointsUntilNextLevel": 1637, "tokensEarned": 0, "championId": 60, "lastPlayTime": 1433104626000}, {"championLevel": 1, "chestGranted": false, "championPoints": 155, "championPointsSinceLastLevel": 155, "playerId": 21545, "championPointsUntilNextLevel": 1645, "tokensEarned": 0, "championId": 157, "lastPlayTime": 1462562314000}]