[{"championLevel": 4, "chestGranted": false, "championPoints": 18064, "championPointsSinceLastLevel": 5464, "playerId": 21549, "championPointsUntilNextLevel": 3536, "tokensEarned": 0, "championId": 119, "lastPlayTime": 1463955905000}, {"championLevel": 4, "chestGranted": true, "championPoints": 13007, "championPointsSinceLastLevel": 407, "playerId": 21549, "championPointsUntilNextLevel": 8593, "tokensEarned": 0, "championId": 254, "lastPlayTime": 1465750310000}, {"championLevel": 3, "chestGranted": false, "championPoints": 12305, "championPointsSinceLastLevel": 6305, "playerId": 21549, "championPointsUntilNextLevel": 295, "tokensEarned": 0, "championId": 7, "lastPlayTime": 1467577545000}, {"championLevel": 3, "chestGranted": true, "championPoints": 11419, "championPointsSinceLastLevel": 5419, "playerId": 21549, "championPointsUntilNextLevel": 1181, "tokensEarned": 0, "championId": 58, "lastPlayTime": 1463423000000}, {"championLevel": 3, "chestGranted": false, "championPoints": 11077, "championPointsSinceLastLevel": 5077, "playerId": 21549, "championPointsUntilNextLevel": 1523, "tokensEarned": 0, "championId": 55, "lastPlayTime": 1467563240000}, {"championLevel": 3, "chestGranted": false, "championPoints": 8661, "championPointsSinceLastLevel": 2661, "playerId": 21549, "championPointsUntilNextLevel": 3939, "tokensEarned": 0, "championId": 84, "lastPlayTime": 1463416203000}, {"championLevel": 3, "chestGranted": false, "championPoints": 7793, "championPointsSinceLastLevel": 1793, "playerId": 21549, "championPointsUntilNextLevel": 4807, "tokensEarned": 0, "championId": 61, "lastPlayTime": 1464551256000}, {"championLevel": 3, "chestGranted": false, "championPoints": 6103, "championPointsSinceLastLevel": 103, "playerId": 21549, "championPointsUntilNextLevel": 6497, "tokensEarned": 0, "championId": 18, "lastPlayTime": 1456783654000}, {"championLevel": 2, "chestGranted": true, "championPoints": 5909, "championPointsSinceLastLevel": 4109, "playerId": 21549, "championPointsUntilNextLevel": 91, "tokensEarned": 0, "championId": 11, "lastPlayTime": 1467570347000}, {"championLevel": 2, "chestGranted": false, "championPoints": 5413, "championPointsSinceLastLevel": 3613, "playerId": 21549, "championPointsUntilNextLevel": 587, "tokensEarned": 0, "championId": 102, "lastPlayTime": 1456609724000}, {"championLevel": 2, "chestGranted": false, "championPoints": 5413, "championPointsSinceLastLevel": 3613, "playerId": 21549, "championPointsUntilNextLevel": 587, "tokensEarned": 0, "championId": 22, "lastPlayTime": 1446789068000}, {"championLevel": 2, "chestGranted": false, "championPoints": 5406, "championPointsSinceLastLevel": 3606, "playerId": 21549, "championPointsUntilNextLevel": 594, "tokensEarned": 0, "championId": 76, "lastPlayTime": 1467431730000}, {"championLevel": 2, "chestGranted": false, "championPoints": 4874, "championPointsSinceLastLevel": 3074, "playerId": 21549, "championPointsUntilNextLevel": 1126, "tokensEarned": 0, "championId": 103, "lastPlayTime": 1464452025000}, {"championLevel": 2, "chestGranted": false, "championPoints": 4735, "championPointsSinceLastLevel": 2935, "playerId": 21549, "championPointsUntilNextLevel": 1265, "tokensEarned": 0, "championId": 12, "lastPlayTime": 1463418225000}, {"championLevel": 2, "chestGranted": false, "championPoints": 4425, "championPointsSinceLastLevel": 2625, "playerId": 21549, "championPointsUntilNextLevel": 1575, "tokensEarned": 0, "championId": 64, "lastPlayTime": 1462559809000}, {"championLevel": 2, "chestGranted": true, "championPoints": 4346, "championPointsSinceLastLevel": 2546, "playerId": 21549, "championPointsUntilNextLevel": 1654, "tokensEarned": 0, "championId": 25, "lastPlayTime": 1463354341000}, {"championLevel": 2, "chestGranted": false, "championPoints": 4279, "championPointsSinceLastLevel": 2479, "playerId": 21549, "championPointsUntilNextLevel": 1721, "tokensEarned": 0, "championId": 16, "lastPlayTime": 1456675338000}, {"championLevel": 2, "chestGranted": true, "championPoints": 3994, "championPointsSinceLastLevel": 2194, "playerId": 21549, "championPointsUntilNextLevel": 2006, "tokensEarned": 0, "championId": 68, "lastPlayTime": 1464557703000}, {"championLevel": 2, "chestGranted": false, "championPoints": 3978, "championPointsSinceLastLevel": 2178, "playerId": 21549, "championPointsUntilNextLevel": 2022, "tokensEarned": 0, "championId": 21, "lastPlayTime": 1464473273000}, {"championLevel": 2, "chestGranted": false, "championPoints": 3681, "championPointsSinceLastLevel": 1881, "playerId": 21549, "championPointsUntilNextLevel": 2319, "tokensEarned": 0, "championId": 24, "lastPlayTime": 1455851982000}, {"championLevel": 2, "chestGranted": false, "championPoints": 3226, "championPointsSinceLastLevel": 1426, "playerId": 21549, "championPointsUntilNextLevel": 2774, "tokensEarned": 0, "championId": 3, "lastPlayTime": 1456843619000}, {"championLevel": 2, "chestGranted": false, "championPoints": 3169, "championPointsSinceLastLevel": 1369, "playerId": 21549, "championPointsUntilNextLevel": 2831, "tokensEarned": 0, "championId": 238, "lastPlayTime": 1462575486000}, {"championLevel": 2, "chestGranted": false, "championPoints": 3092, "championPointsSinceLastLevel": 1292, "playerId": 21549, "championPointsUntilNextLevel": 2908, "tokensEarned": 0, "championId": 36, "lastPlayTime": 1467478568000}, {"championLevel": 2, "chestGranted": false, "championPoints": 3065, "championPointsSinceLastLevel": 1265, "playerId": 21549, "championPointsUntilNextLevel": 2935, "tokensEarned": 0, "championId": 120, "lastPlayTime": 1460581676000}, {"championLevel": 2, "chestGranted": false, "championPoints": 2943, "championPointsSinceLastLevel": 1143, "playerId": 21549, "championPointsUntilNextLevel": 3057, "tokensEarned": 0, "championId": 38, "lastPlayTime": 1458248653000}, {"championLevel": 2, "chestGranted": false, "championPoints": 2803, "championPointsSinceLastLevel": 1003, "playerId": 21549, "championPointsUntilNextLevel": 3197, "tokensEarned": 0, "championId": 78, "lastPlayTime": 1458874333000}, {"championLevel": 2, "chestGranted": false, "championPoints": 2778, "championPointsSinceLastLevel": 978, "playerId": 21549, "championPointsUntilNextLevel": 3222, "tokensEarned": 0, "championId": 31, "lastPlayTime": 1458411754000}, {"championLevel": 2, "chestGranted": true, "championPoints": 2545, "championPointsSinceLastLevel": 745, "playerId": 21549, "championPointsUntilNextLevel": 3455, "tokensEarned": 0, "championId": 15, "lastPlayTime": 1463425632000}, {"championLevel": 2, "chestGranted": false, "championPoints": 2430, "championPointsSinceLastLevel": 630, "playerId": 21549, "championPointsUntilNextLevel": 3570, "tokensEarned": 0, "championId": 4, "lastPlayTime": 1456939420000}, {"championLevel": 2, "chestGranted": true, "championPoints": 2374, "championPointsSinceLastLevel": 574, "playerId": 21549, "championPointsUntilNextLevel": 3626, "tokensEarned": 0, "championId": 28, "lastPlayTime": 1462666108000}, {"championLevel": 2, "chestGranted": true, "championPoints": 2307, "championPointsSinceLastLevel": 507, "playerId": 21549, "championPointsUntilNextLevel": 3693, "tokensEarned": 0, "championId": 77, "lastPlayTime": 1465784098000}, {"championLevel": 2, "chestGranted": false, "championPoints": 2174, "championPointsSinceLastLevel": 374, "playerId": 21549, "championPointsUntilNextLevel": 3826, "tokensEarned": 0, "championId": 37, "lastPlayTime": 1467491542000}, {"championLevel": 2, "chestGranted": false, "championPoints": 2062, "championPointsSinceLastLevel": 262, "playerId": 21549, "championPointsUntilNextLevel": 3938, "tokensEarned": 0, "championId": 60, "lastPlayTime": 1456774266000}, {"championLevel": 2, "chestGranted": false, "championPoints": 1847, "championPointsSinceLastLevel": 47, "playerId": 21549, "championPointsUntilNextLevel": 4153, "tokensEarned": 0, "championId": 105, "lastPlayTime": 1457563353000}, {"championLevel": 1, "chestGranted": false, "championPoints": 1615, "championPointsSinceLastLevel": 1615, "playerId": 21549, "championPointsUntilNextLevel": 185, "tokensEarned": 0, "championId": 112, "lastPlayTime": 1467497077000}, {"championLevel": 1, "chestGranted": false, "championPoints": 1523, "championPointsSinceLastLevel": 1523, "playerId": 21549, "championPointsUntilNextLevel": 277, "tokensEarned": 0, "championId": 133, "lastPlayTime": 1458517686000}, {"championLevel": 1, "chestGranted": false, "championPoints": 1522, "championPointsSinceLastLevel": 1522, "playerId": 21549, "championPointsUntilNextLevel": 278, "tokensEarned": 0, "championId": 86, "lastPlayTime": 1462669559000}, {"championLevel": 1, "chestGranted": false, "championPoints": 1460, "championPointsSinceLastLevel": 1460, "playerId": 21549, "championPointsUntilNextLevel": 340, "tokensEarned": 0, "championId": 17, "lastPlayTime": 1457026771000}, {"championLevel": 1, "chestGranted": false, "championPoints": 1392, "championPointsSinceLastLevel": 1392, "playerId": 21549, "championPointsUntilNextLevel": 408, "tokensEarned": 0, "championId": 222, "lastPlayTime": 1463360368000}, {"championLevel": 1, "chestGranted": false, "championPoints": 1372, "championPointsSinceLastLevel": 1372, "playerId": 21549, "championPointsUntilNextLevel": 428, "tokensEarned": 0, "championId": 89, "lastPlayTime": 1463782384000}, {"championLevel": 1, "chestGranted": false, "championPoints": 1269, "championPointsSinceLastLevel": 1269, "playerId": 21549, "championPointsUntilNextLevel": 531, "tokensEarned": 0, "championId": 111, "lastPlayTime": 1456936773000}, {"championLevel": 1, "chestGranted": false, "championPoints": 1233, "championPointsSinceLastLevel": 1233, "playerId": 21549, "championPointsUntilNextLevel": 567, "tokensEarned": 0, "championId": 81, "lastPlayTime": 1443936928000}, {"championLevel": 1, "chestGranted": false, "championPoints": 1220, "championPointsSinceLastLevel": 1220, "playerId": 21549, "championPointsUntilNextLevel": 580, "tokensEarned": 0, "championId": 80, "lastPlayTime": 1463694623000}, {"championLevel": 1, "chestGranted": false, "championPoints": 1146, "championPointsSinceLastLevel": 1146, "playerId": 21549, "championPointsUntilNextLevel": 654, "tokensEarned": 0, "championId": 26, "lastPlayTime": 1467500907000}, {"championLevel": 1, "chestGranted": false, "championPoints": 1122, "championPointsSinceLastLevel": 1122, "playerId": 21549, "championPointsUntilNextLevel": 678, "tokensEarned": 0, "championId": 23, "lastPlayTime": 1456599190000}, {"championLevel": 1, "chestGranted": false, "championPoints": 1110, "championPointsSinceLastLevel": 1110, "playerId": 21549, "championPointsUntilNextLevel": 690, "tokensEarned": 0, "championId": 202, "lastPlayTime": 1464485677000}, {"championLevel": 1, "chestGranted": false, "championPoints": 1062, "championPointsSinceLastLevel": 1062, "playerId": 21549, "championPointsUntilNextLevel": 738, "tokensEarned": 0, "championId": 29, "lastPlayTime": 1458917886000}, {"championLevel": 1, "chestGranted": false, "championPoints": 1049, "championPointsSinceLastLevel": 1049, "playerId": 21549, "championPointsUntilNextLevel": 751, "tokensEarned": 0, "championId": 157, "lastPlayTime": 1462567341000}, {"championLevel": 1, "chestGranted": false, "championPoints": 1030, "championPointsSinceLastLevel": 1030, "playerId": 21549, "championPointsUntilNextLevel": 770, "tokensEarned": 0, "championId": 10, "lastPlayTime": 1440202183000}, {"championLevel": 1, "chestGranted": false, "championPoints": 965, "championPointsSinceLastLevel": 965, "playerId": 21549, "championPointsUntilNextLevel": 835, "tokensEarned": 0, "championId": 1, "lastPlayTime": 1442716886000}, {"championLevel": 1, "chestGranted": false, "championPoints": 936, "championPointsSinceLastLevel": 936, "playerId": 21549, "championPointsUntilNextLevel": 864, "tokensEarned": 0, "championId": 201, "lastPlayTime": 1462551102000}, {"championLevel": 1, "chestGranted": false, "championPoints": 891, "championPointsSinceLastLevel": 891, "playerId": 21549, "championPointsUntilNextLevel": 909, "tokensEarned": 0, "championId": 96, "lastPlayTime": 1456497633000}, {"championLevel": 1, "chestGranted": false, "championPoints": 890, "championPointsSinceLastLevel": 890, "playerId": 21549, "championPointsUntilNextLevel": 910, "tokensEarned": 0, "championId": 9, "lastPlayTime": 1462548408000}, {"championLevel": 1, "chestGranted": false, "championPoints": 578, "championPointsSinceLastLevel": 578, "playerId": 21549, "championPointsUntilNextLevel": 1222, "tokensEarned": 0, "championId": 20, "lastPlayTime": 1443916145000}, {"championLevel": 1, "chestGranted": false, "championPoints": 493, "championPointsSinceLastLevel": 493, "playerId": 21549, "championPointsUntilNextLevel": 1307, "tokensEarned": 0, "championId": 266, "lastPlayTime": 1456423890000}, {"championLevel": 1, "chestGranted": false, "championPoints": 404, "championPointsSinceLastLevel": 404, "playerId": 21549, "championPointsUntilNextLevel": 1396, "tokensEarned": 0, "championId": 53, "lastPlayTime": 1462569246000}, {"championLevel": 1, "chestGranted": false, "championPoints": 403, "championPointsSinceLastLevel": 403, "playerId": 21549, "championPointsUntilNextLevel": 1397, "tokensEarned": 0, "championId": 5, "lastPlayTime": 1456544836000}, {"championLevel": 1, "chestGranted": false, "championPoints": 385, "championPointsSinceLastLevel": 385, "playerId": 21549, "championPointsUntilNextLevel": 1415, "tokensEarned": 0, "championId": 54, "lastPlayTime": 1463351806000}, {"championLevel": 1, "chestGranted": false, "championPoints": 373, "championPointsSinceLastLevel": 373, "playerId": 21549, "championPointsUntilNextLevel": 1427, "tokensEarned": 0, "championId": 107, "lastPlayTime": 1458774044000}, {"championLevel": 1, "chestGranted": false, "championPoints": 295, "championPointsSinceLastLevel": 295, "playerId": 21549, "championPointsUntilNextLevel": 1505, "tokensEarned": 0, "championId": 19, "lastPlayTime": 1452827321000}, {"championLevel": 1, "chestGranted": false, "championPoints": 293, "championPointsSinceLastLevel": 293, "playerId": 21549, "championPointsUntilNextLevel": 1507, "tokensEarned": 0, "championId": 104, "lastPlayTime": 1464046337000}, {"championLevel": 1, "chestGranted": false, "championPoints": 276, "championPointsSinceLastLevel": 276, "playerId": 21549, "championPointsUntilNextLevel": 1524, "tokensEarned": 0, "championId": 75, "lastPlayTime": 1463170750000}, {"championLevel": 1, "chestGranted": false, "championPoints": 236, "championPointsSinceLastLevel": 236, "playerId": 21549, "championPointsUntilNextLevel": 1564, "tokensEarned": 0, "championId": 45, "lastPlayTime": 1446701079000}, {"championLevel": 1, "chestGranted": false, "championPoints": 221, "championPointsSinceLastLevel": 221, "playerId": 21549, "championPointsUntilNextLevel": 1579, "tokensEarned": 0, "championId": 203, "lastPlayTime": 1456586218000}, {"championLevel": 1, "chestGranted": false, "championPoints": 221, "championPointsSinceLastLevel": 221, "playerId": 21549, "championPointsUntilNextLevel": 1579, "tokensEarned": 0, "championId": 33, "lastPlayTime": 1462578364000}, {"championLevel": 1, "chestGranted": false, "championPoints": 214, "championPointsSinceLastLevel": 214, "playerId": 21549, "championPointsUntilNextLevel": 1586, "tokensEarned": 0, "championId": 267, "lastPlayTime": 1460579692000}, {"championLevel": 1, "chestGranted": false, "championPoints": 201, "championPointsSinceLastLevel": 201, "playerId": 21549, "championPointsUntilNextLevel": 1599, "tokensEarned": 0, "championId": 44, "lastPlayTime": 1458336668000}, {"championLevel": 1, "chestGranted": false, "championPoints": 167, "championPointsSinceLastLevel": 167, "playerId": 21549, "championPointsUntilNextLevel": 1633, "tokensEarned": 0, "championId": 41, "lastPlayTime": 1462556729000}, {"championLevel": 1, "chestGranted": false, "championPoints": 166, "championPointsSinceLastLevel": 166, "playerId": 21549, "championPointsUntilNextLevel": 1634, "tokensEarned": 0, "championId": 92, "lastPlayTime": 1458403583000}, {"championLevel": 1, "chestGranted": false, "championPoints": 164, "championPointsSinceLastLevel": 164, "playerId": 21549, "championPointsUntilNextLevel": 1636, "tokensEarned": 0, "championId": 14, "lastPlayTime": 1456681834000}, {"championLevel": 1, "chestGranted": false, "championPoints": 163, "championPointsSinceLastLevel": 163, "playerId": 21549, "championPointsUntilNextLevel": 1637, "tokensEarned": 0, "championId": 122, "lastPlayTime": 1458675762000}, {"championLevel": 1, "chestGranted": false, "championPoints": 151, "championPointsSinceLastLevel": 151, "playerId": 21549, "championPointsUntilNextLevel": 1649, "tokensEarned": 0, "championId": 429, "lastPlayTime": 1458922294000}, {"championLevel": 1, "chestGranted": false, "championPoints": 101, "championPointsSinceLastLevel": 101, "playerId": 21549, "championPointsUntilNextLevel": 1699, "tokensEarned": 0, "championId": 74, "lastPlayTime": 1456777422000}]