[{"championLevel": 5, "chestGranted": true, "championPoints": 46198, "championPointsSinceLastLevel": 24598, "playerId": 21548, "championPointsUntilNextLevel": 0, "tokensEarned": 0, "championId": 103, "lastPlayTime": 1464298611000}, {"championLevel": 5, "chestGranted": false, "championPoints": 38858, "championPointsSinceLastLevel": 17258, "playerId": 21548, "championPointsUntilNextLevel": 0, "tokensEarned": 0, "championId": 107, "lastPlayTime": 1467958752000}, {"championLevel": 5, "chestGranted": true, "championPoints": 38475, "championPointsSinceLastLevel": 16875, "playerId": 21548, "championPointsUntilNextLevel": 0, "tokensEarned": 1, "championId": 222, "lastPlayTime": 1468506912000}, {"championLevel": 5, "chestGranted": true, "championPoints": 35915, "championPointsSinceLastLevel": 14315, "playerId": 21548, "championPointsUntilNextLevel": 0, "tokensEarned": 0, "championId": 67, "lastPlayTime": 1465925674000}, {"championLevel": 5, "chestGranted": true, "championPoints": 29577, "championPointsSinceLastLevel": 7977, "playerId": 21548, "championPointsUntilNextLevel": 0, "tokensEarned": 0, "championId": 102, "lastPlayTime": 1469041659000}, {"championLevel": 5, "chestGranted": true, "championPoints": 26146, "championPointsSinceLastLevel": 4546, "playerId": 21548, "championPointsUntilNextLevel": 0, "tokensEarned": 0, "championId": 18, "lastPlayTime": 1464939192000}, {"championLevel": 5, "chestGranted": true, "championPoints": 24624, "championPointsSinceLastLevel": 3024, "playerId": 21548, "championPointsUntilNextLevel": 0, "tokensEarned": 0, "championId": 236, "lastPlayTime": 1466620202000}, {"championLevel": 4, "chestGranted": false, "championPoints": 19134, "championPointsSinceLastLevel": 6534, "playerId": 21548, "championPointsUntilNextLevel": 2466, "tokensEarned": 0, "championId": 15, "lastPlayTime": 1465398889000}, {"championLevel": 4, "chestGranted": true, "championPoints": 15530, "championPointsSinceLastLevel": 2930, "playerId": 21548, "championPointsUntilNextLevel": 6070, "tokensEarned": 0, "championId": 201, "lastPlayTime": 1466921331000}, {"championLevel": 4, "chestGranted": true, "championPoints": 15499, "championPointsSinceLastLevel": 2899, "playerId": 21548, "championPointsUntilNextLevel": 6101, "tokensEarned": 0, "championId": 105, "lastPlayTime": 1468297422000}, {"championLevel": 4, "chestGranted": true, "championPoints": 15340, "championPointsSinceLastLevel": 2740, "playerId": 21548, "championPointsUntilNextLevel": 6260, "tokensEarned": 0, "championId": 412, "lastPlayTime": 1466831253000}, {"championLevel": 4, "chestGranted": false, "championPoints": 15313, "championPointsSinceLastLevel": 2713, "playerId": 21548, "championPointsUntilNextLevel": 6287, "tokensEarned": 0, "championId": 25, "lastPlayTime": 1467954853000}, {"championLevel": 4, "chestGranted": false, "championPoints": 13019, "championPointsSinceLastLevel": 419, "playerId": 21548, "championPointsUntilNextLevel": 8581, "tokensEarned": 0, "championId": 54, "lastPlayTime": 1463465109000}, {"championLevel": 3, "chestGranted": false, "championPoints": 12240, "championPointsSinceLastLevel": 6240, "playerId": 21548, "championPointsUntilNextLevel": 360, "tokensEarned": 0, "championId": 80, "lastPlayTime": 1469051262000}, {"championLevel": 3, "chestGranted": false, "championPoints": 11882, "championPointsSinceLastLevel": 5882, "playerId": 21548, "championPointsUntilNextLevel": 718, "tokensEarned": 0, "championId": 36, "lastPlayTime": 1468515261000}, {"championLevel": 3, "chestGranted": false, "championPoints": 11809, "championPointsSinceLastLevel": 5809, "playerId": 21548, "championPointsUntilNextLevel": 791, "tokensEarned": 0, "championId": 23, "lastPlayTime": 1468038734000}, {"championLevel": 3, "chestGranted": false, "championPoints": 11500, "championPointsSinceLastLevel": 5500, "playerId": 21548, "championPointsUntilNextLevel": 1100, "tokensEarned": 0, "championId": 40, "lastPlayTime": 1450239860000}, {"championLevel": 3, "chestGranted": true, "championPoints": 11321, "championPointsSinceLastLevel": 5321, "playerId": 21548, "championPointsUntilNextLevel": 1279, "tokensEarned": 0, "championId": 131, "lastPlayTime": 1468511968000}, {"championLevel": 3, "chestGranted": false, "championPoints": 10076, "championPointsSinceLastLevel": 4076, "playerId": 21548, "championPointsUntilNextLevel": 2524, "tokensEarned": 0, "championId": 114, "lastPlayTime": 1468040802000}, {"championLevel": 3, "chestGranted": true, "championPoints": 8349, "championPointsSinceLastLevel": 2349, "playerId": 21548, "championPointsUntilNextLevel": 4251, "tokensEarned": 0, "championId": 29, "lastPlayTime": 1469054122000}, {"championLevel": 3, "chestGranted": false, "championPoints": 6734, "championPointsSinceLastLevel": 734, "playerId": 21548, "championPointsUntilNextLevel": 5866, "tokensEarned": 0, "championId": 119, "lastPlayTime": 1469049403000}, {"championLevel": 3, "chestGranted": true, "championPoints": 6721, "championPointsSinceLastLevel": 721, "playerId": 21548, "championPointsUntilNextLevel": 5879, "tokensEarned": 0, "championId": 63, "lastPlayTime": 1467778696000}, {"championLevel": 3, "chestGranted": true, "championPoints": 6395, "championPointsSinceLastLevel": 395, "playerId": 21548, "championPointsUntilNextLevel": 6205, "tokensEarned": 0, "championId": 111, "lastPlayTime": 1468305059000}, {"championLevel": 3, "chestGranted": false, "championPoints": 6174, "championPointsSinceLastLevel": 174, "playerId": 21548, "championPointsUntilNextLevel": 6426, "tokensEarned": 0, "championId": 150, "lastPlayTime": 1468136484000}, {"championLevel": 2, "chestGranted": true, "championPoints": 5480, "championPointsSinceLastLevel": 3680, "playerId": 21548, "championPointsUntilNextLevel": 520, "tokensEarned": 0, "championId": 51, "lastPlayTime": 1467694095000}, {"championLevel": 2, "chestGranted": false, "championPoints": 5070, "championPointsSinceLastLevel": 3270, "playerId": 21548, "championPointsUntilNextLevel": 930, "tokensEarned": 0, "championId": 89, "lastPlayTime": 1446007532000}, {"championLevel": 2, "chestGranted": false, "championPoints": 5049, "championPointsSinceLastLevel": 3249, "playerId": 21548, "championPointsUntilNextLevel": 951, "tokensEarned": 0, "championId": 82, "lastPlayTime": 1446961516000}, {"championLevel": 2, "chestGranted": false, "championPoints": 3910, "championPointsSinceLastLevel": 2110, "playerId": 21548, "championPointsUntilNextLevel": 2090, "tokensEarned": 0, "championId": 60, "lastPlayTime": 1467090223000}, {"championLevel": 2, "chestGranted": false, "championPoints": 3905, "championPointsSinceLastLevel": 2105, "playerId": 21548, "championPointsUntilNextLevel": 2095, "tokensEarned": 0, "championId": 120, "lastPlayTime": 1458187936000}, {"championLevel": 2, "chestGranted": false, "championPoints": 3752, "championPointsSinceLastLevel": 1952, "playerId": 21548, "championPointsUntilNextLevel": 2248, "tokensEarned": 0, "championId": 99, "lastPlayTime": 1458956254000}, {"championLevel": 2, "chestGranted": false, "championPoints": 3169, "championPointsSinceLastLevel": 1369, "playerId": 21548, "championPointsUntilNextLevel": 2831, "tokensEarned": 0, "championId": 24, "lastPlayTime": 1462550221000}, {"championLevel": 2, "chestGranted": false, "championPoints": 2781, "championPointsSinceLastLevel": 981, "playerId": 21548, "championPointsUntilNextLevel": 3219, "tokensEarned": 0, "championId": 143, "lastPlayTime": 1451278496000}, {"championLevel": 2, "chestGranted": false, "championPoints": 2638, "championPointsSinceLastLevel": 838, "playerId": 21548, "championPointsUntilNextLevel": 3362, "tokensEarned": 0, "championId": 32, "lastPlayTime": 1462468174000}, {"championLevel": 2, "chestGranted": false, "championPoints": 2483, "championPointsSinceLastLevel": 683, "playerId": 21548, "championPointsUntilNextLevel": 3517, "tokensEarned": 0, "championId": 92, "lastPlayTime": 1444888778000}, {"championLevel": 2, "chestGranted": false, "championPoints": 2097, "championPointsSinceLastLevel": 297, "playerId": 21548, "championPointsUntilNextLevel": 3903, "tokensEarned": 0, "championId": 122, "lastPlayTime": 1466835590000}, {"championLevel": 2, "chestGranted": false, "championPoints": 2070, "championPointsSinceLastLevel": 270, "playerId": 21548, "championPointsUntilNextLevel": 3930, "tokensEarned": 0, "championId": 37, "lastPlayTime": 1433743682000}, {"championLevel": 2, "chestGranted": false, "championPoints": 1995, "championPointsSinceLastLevel": 195, "playerId": 21548, "championPointsUntilNextLevel": 4005, "tokensEarned": 0, "championId": 157, "lastPlayTime": 1467974781000}, {"championLevel": 1, "chestGranted": false, "championPoints": 1711, "championPointsSinceLastLevel": 1711, "playerId": 21548, "championPointsUntilNextLevel": 89, "tokensEarned": 0, "championId": 50, "lastPlayTime": 1468400482000}, {"championLevel": 1, "chestGranted": true, "championPoints": 1473, "championPointsSinceLastLevel": 1473, "playerId": 21548, "championPointsUntilNextLevel": 327, "tokensEarned": 0, "championId": 223, "lastPlayTime": 1465879374000}, {"championLevel": 1, "chestGranted": false, "championPoints": 1455, "championPointsSinceLastLevel": 1455, "playerId": 21548, "championPointsUntilNextLevel": 345, "tokensEarned": 0, "championId": 19, "lastPlayTime": 1442525377000}, {"championLevel": 1, "chestGranted": false, "championPoints": 1424, "championPointsSinceLastLevel": 1424, "playerId": 21548, "championPointsUntilNextLevel": 376, "tokensEarned": 0, "championId": 202, "lastPlayTime": 1466287260000}, {"championLevel": 1, "chestGranted": false, "championPoints": 1394, "championPointsSinceLastLevel": 1394, "playerId": 21548, "championPointsUntilNextLevel": 406, "tokensEarned": 0, "championId": 117, "lastPlayTime": 1468906046000}, {"championLevel": 1, "chestGranted": false, "championPoints": 1306, "championPointsSinceLastLevel": 1306, "playerId": 21548, "championPointsUntilNextLevel": 494, "tokensEarned": 0, "championId": 84, "lastPlayTime": 1466916207000}, {"championLevel": 1, "chestGranted": false, "championPoints": 1297, "championPointsSinceLastLevel": 1297, "playerId": 21548, "championPointsUntilNextLevel": 503, "tokensEarned": 0, "championId": 45, "lastPlayTime": 1466485733000}, {"championLevel": 1, "chestGranted": true, "championPoints": 1119, "championPointsSinceLastLevel": 1119, "playerId": 21548, "championPointsUntilNextLevel": 681, "tokensEarned": 0, "championId": 4, "lastPlayTime": 1468147961000}, {"championLevel": 1, "chestGranted": false, "championPoints": 1117, "championPointsSinceLastLevel": 1117, "playerId": 21548, "championPointsUntilNextLevel": 683, "tokensEarned": 0, "championId": 44, "lastPlayTime": 1451715532000}, {"championLevel": 1, "chestGranted": false, "championPoints": 1090, "championPointsSinceLastLevel": 1090, "playerId": 21548, "championPointsUntilNextLevel": 710, "tokensEarned": 0, "championId": 85, "lastPlayTime": 1441597562000}, {"championLevel": 1, "chestGranted": false, "championPoints": 1053, "championPointsSinceLastLevel": 1053, "playerId": 21548, "championPointsUntilNextLevel": 747, "tokensEarned": 0, "championId": 113, "lastPlayTime": 1431805777000}, {"championLevel": 1, "chestGranted": false, "championPoints": 991, "championPointsSinceLastLevel": 991, "playerId": 21548, "championPointsUntilNextLevel": 809, "tokensEarned": 0, "championId": 33, "lastPlayTime": 1439913887000}, {"championLevel": 1, "chestGranted": false, "championPoints": 934, "championPointsSinceLastLevel": 934, "playerId": 21548, "championPointsUntilNextLevel": 866, "tokensEarned": 0, "championId": 21, "lastPlayTime": 1467696331000}, {"championLevel": 1, "chestGranted": false, "championPoints": 899, "championPointsSinceLastLevel": 899, "playerId": 21548, "championPointsUntilNextLevel": 901, "tokensEarned": 0, "championId": 96, "lastPlayTime": 1457318196000}, {"championLevel": 1, "chestGranted": true, "championPoints": 817, "championPointsSinceLastLevel": 817, "playerId": 21548, "championPointsUntilNextLevel": 983, "tokensEarned": 0, "championId": 2, "lastPlayTime": 1466826952000}, {"championLevel": 1, "chestGranted": false, "championPoints": 778, "championPointsSinceLastLevel": 778, "playerId": 21548, "championPointsUntilNextLevel": 1022, "tokensEarned": 0, "championId": 57, "lastPlayTime": 1468215638000}, {"championLevel": 1, "chestGranted": false, "championPoints": 755, "championPointsSinceLastLevel": 755, "playerId": 21548, "championPointsUntilNextLevel": 1045, "tokensEarned": 0, "championId": 59, "lastPlayTime": 1467085719000}, {"championLevel": 1, "chestGranted": false, "championPoints": 712, "championPointsSinceLastLevel": 712, "playerId": 21548, "championPointsUntilNextLevel": 1088, "tokensEarned": 0, "championId": 12, "lastPlayTime": 1469131449000}, {"championLevel": 1, "chestGranted": false, "championPoints": 684, "championPointsSinceLastLevel": 684, "playerId": 21548, "championPointsUntilNextLevel": 1116, "tokensEarned": 0, "championId": 126, "lastPlayTime": 1469047853000}, {"championLevel": 1, "chestGranted": false, "championPoints": 620, "championPointsSinceLastLevel": 620, "playerId": 21548, "championPointsUntilNextLevel": 1180, "tokensEarned": 0, "championId": 429, "lastPlayTime": 1440999637000}, {"championLevel": 1, "chestGranted": false, "championPoints": 435, "championPointsSinceLastLevel": 435, "playerId": 21548, "championPointsUntilNextLevel": 1365, "tokensEarned": 0, "championId": 268, "lastPlayTime": 1466736074000}, {"championLevel": 1, "chestGranted": false, "championPoints": 414, "championPointsSinceLastLevel": 414, "playerId": 21548, "championPointsUntilNextLevel": 1386, "tokensEarned": 0, "championId": 34, "lastPlayTime": 1467099310000}, {"championLevel": 1, "chestGranted": false, "championPoints": 377, "championPointsSinceLastLevel": 377, "playerId": 21548, "championPointsUntilNextLevel": 1423, "tokensEarned": 0, "championId": 254, "lastPlayTime": 1468206628000}, {"championLevel": 1, "chestGranted": false, "championPoints": 368, "championPointsSinceLastLevel": 368, "playerId": 21548, "championPointsUntilNextLevel": 1432, "tokensEarned": 0, "championId": 9, "lastPlayTime": 1439368266000}, {"championLevel": 1, "chestGranted": false, "championPoints": 326, "championPointsSinceLastLevel": 326, "playerId": 21548, "championPointsUntilNextLevel": 1474, "tokensEarned": 0, "championId": 77, "lastPlayTime": 1467087939000}, {"championLevel": 1, "chestGranted": false, "championPoints": 294, "championPointsSinceLastLevel": 294, "playerId": 21548, "championPointsUntilNextLevel": 1506, "tokensEarned": 0, "championId": 17, "lastPlayTime": 1450389018000}, {"championLevel": 1, "chestGranted": false, "championPoints": 285, "championPointsSinceLastLevel": 285, "playerId": 21548, "championPointsUntilNextLevel": 1515, "tokensEarned": 0, "championId": 61, "lastPlayTime": 1437447280000}, {"championLevel": 1, "chestGranted": false, "championPoints": 282, "championPointsSinceLastLevel": 282, "playerId": 21548, "championPointsUntilNextLevel": 1518, "tokensEarned": 0, "championId": 98, "lastPlayTime": 1450503081000}, {"championLevel": 1, "chestGranted": false, "championPoints": 235, "championPointsSinceLastLevel": 235, "playerId": 21548, "championPointsUntilNextLevel": 1565, "tokensEarned": 0, "championId": 28, "lastPlayTime": 1439613775000}, {"championLevel": 1, "chestGranted": false, "championPoints": 234, "championPointsSinceLastLevel": 234, "playerId": 21548, "championPointsUntilNextLevel": 1566, "tokensEarned": 0, "championId": 1, "lastPlayTime": 1464788597000}, {"championLevel": 1, "chestGranted": false, "championPoints": 217, "championPointsSinceLastLevel": 217, "playerId": 21548, "championPointsUntilNextLevel": 1583, "tokensEarned": 0, "championId": 58, "lastPlayTime": 1431147645000}, {"championLevel": 1, "chestGranted": false, "championPoints": 203, "championPointsSinceLastLevel": 203, "playerId": 21548, "championPointsUntilNextLevel": 1597, "tokensEarned": 0, "championId": 203, "lastPlayTime": 1463027720000}, {"championLevel": 1, "chestGranted": false, "championPoints": 190, "championPointsSinceLastLevel": 190, "playerId": 21548, "championPointsUntilNextLevel": 1610, "tokensEarned": 0, "championId": 154, "lastPlayTime": 1452600251000}, {"championLevel": 1, "chestGranted": false, "championPoints": 179, "championPointsSinceLastLevel": 179, "playerId": 21548, "championPointsUntilNextLevel": 1621, "tokensEarned": 0, "championId": 79, "lastPlayTime": 1467092971000}, {"championLevel": 1, "chestGranted": false, "championPoints": 166, "championPointsSinceLastLevel": 166, "playerId": 21548, "championPointsUntilNextLevel": 1634, "tokensEarned": 0, "championId": 267, "lastPlayTime": 1441432784000}, {"championLevel": 1, "chestGranted": false, "championPoints": 164, "championPointsSinceLastLevel": 164, "playerId": 21548, "championPointsUntilNextLevel": 1636, "tokensEarned": 0, "championId": 64, "lastPlayTime": 1462169256000}, {"championLevel": 1, "chestGranted": false, "championPoints": 159, "championPointsSinceLastLevel": 159, "playerId": 21548, "championPointsUntilNextLevel": 1641, "tokensEarned": 0, "championId": 266, "lastPlayTime": 1441603867000}, {"championLevel": 1, "chestGranted": false, "championPoints": 157, "championPointsSinceLastLevel": 157, "playerId": 21548, "championPointsUntilNextLevel": 1643, "tokensEarned": 0, "championId": 22, "lastPlayTime": 1431412064000}, {"championLevel": 1, "chestGranted": false, "championPoints": 144, "championPointsSinceLastLevel": 144, "playerId": 21548, "championPointsUntilNextLevel": 1656, "tokensEarned": 0, "championId": 127, "lastPlayTime": 1468309230000}, {"championLevel": 1, "chestGranted": false, "championPoints": 135, "championPointsSinceLastLevel": 135, "playerId": 21548, "championPointsUntilNextLevel": 1665, "tokensEarned": 0, "championId": 86, "lastPlayTime": 1468139705000}, {"championLevel": 1, "chestGranted": false, "championPoints": 128, "championPointsSinceLastLevel": 128, "playerId": 21548, "championPointsUntilNextLevel": 1672, "tokensEarned": 0, "championId": 55, "lastPlayTime": 1468141843000}]