[{"championLevel": 5, "chestGranted": false, "championPoints": 45145, "championPointsSinceLastLevel": 23545, "playerId": 21552, "championPointsUntilNextLevel": 0, "tokensEarned": 0, "championId": 92, "lastPlayTime": 1455337618000}, {"championLevel": 5, "chestGranted": false, "championPoints": 37967, "championPointsSinceLastLevel": 16367, "playerId": 21552, "championPointsUntilNextLevel": 0, "tokensEarned": 0, "championId": 222, "lastPlayTime": 1454306157000}, {"championLevel": 5, "chestGranted": false, "championPoints": 31864, "championPointsSinceLastLevel": 10264, "playerId": 21552, "championPointsUntilNextLevel": 0, "tokensEarned": 0, "championId": 245, "lastPlayTime": 1454385026000}, {"championLevel": 5, "chestGranted": false, "championPoints": 31504, "championPointsSinceLastLevel": 9904, "playerId": 21552, "championPointsUntilNextLevel": 0, "tokensEarned": 0, "championId": 67, "lastPlayTime": 1444114307000}, {"championLevel": 5, "chestGranted": true, "championPoints": 22891, "championPointsSinceLastLevel": 1291, "playerId": 21552, "championPointsUntilNextLevel": 0, "tokensEarned": 1, "championId": 64, "lastPlayTime": 1468108591000}, {"championLevel": 5, "chestGranted": false, "championPoints": 22866, "championPointsSinceLastLevel": 1266, "playerId": 21552, "championPointsUntilNextLevel": 0, "tokensEarned": 0, "championId": 1, "lastPlayTime": 1454393738000}, {"championLevel": 4, "chestGranted": false, "championPoints": 21529, "championPointsSinceLastLevel": 8929, "playerId": 21552, "championPointsUntilNextLevel": 71, "tokensEarned": 0, "championId": 18, "lastPlayTime": 1454380384000}, {"championLevel": 4, "chestGranted": false, "championPoints": 18620, "championPointsSinceLastLevel": 6020, "playerId": 21552, "championPointsUntilNextLevel": 2980, "tokensEarned": 0, "championId": 89, "lastPlayTime": 1467530332000}, {"championLevel": 3, "chestGranted": false, "championPoints": 12423, "championPointsSinceLastLevel": 6423, "playerId": 21552, "championPointsUntilNextLevel": 177, "tokensEarned": 0, "championId": 203, "lastPlayTime": 1445673181000}, {"championLevel": 3, "chestGranted": false, "championPoints": 7902, "championPointsSinceLastLevel": 1902, "playerId": 21552, "championPointsUntilNextLevel": 4698, "tokensEarned": 0, "championId": 21, "lastPlayTime": 1454308373000}, {"championLevel": 3, "chestGranted": false, "championPoints": 6680, "championPointsSinceLastLevel": 680, "playerId": 21552, "championPointsUntilNextLevel": 5920, "tokensEarned": 0, "championId": 37, "lastPlayTime": 1444724499000}, {"championLevel": 3, "chestGranted": false, "championPoints": 6564, "championPointsSinceLastLevel": 564, "playerId": 21552, "championPointsUntilNextLevel": 6036, "tokensEarned": 0, "championId": 31, "lastPlayTime": 1442379376000}, {"championLevel": 3, "chestGranted": false, "championPoints": 6288, "championPointsSinceLastLevel": 288, "playerId": 21552, "championPointsUntilNextLevel": 6312, "tokensEarned": 0, "championId": 22, "lastPlayTime": 1467525595000}, {"championLevel": 2, "chestGranted": false, "championPoints": 5633, "championPointsSinceLastLevel": 3833, "playerId": 21552, "championPointsUntilNextLevel": 367, "tokensEarned": 0, "championId": 75, "lastPlayTime": 1444721367000}, {"championLevel": 2, "chestGranted": false, "championPoints": 5596, "championPointsSinceLastLevel": 3796, "playerId": 21552, "championPointsUntilNextLevel": 404, "tokensEarned": 0, "championId": 32, "lastPlayTime": 1443562876000}, {"championLevel": 2, "chestGranted": false, "championPoints": 5237, "championPointsSinceLastLevel": 3437, "playerId": 21552, "championPointsUntilNextLevel": 763, "tokensEarned": 0, "championId": 81, "lastPlayTime": 1468050188000}, {"championLevel": 2, "chestGranted": false, "championPoints": 4572, "championPointsSinceLastLevel": 2772, "playerId": 21552, "championPointsUntilNextLevel": 1428, "tokensEarned": 0, "championId": 105, "lastPlayTime": 1468113118000}, {"championLevel": 2, "chestGranted": false, "championPoints": 4430, "championPointsSinceLastLevel": 2630, "playerId": 21552, "championPointsUntilNextLevel": 1570, "tokensEarned": 0, "championId": 99, "lastPlayTime": 1454383033000}, {"championLevel": 2, "chestGranted": false, "championPoints": 3523, "championPointsSinceLastLevel": 1723, "playerId": 21552, "championPointsUntilNextLevel": 2477, "tokensEarned": 0, "championId": 51, "lastPlayTime": 1443063447000}, {"championLevel": 2, "chestGranted": false, "championPoints": 3130, "championPointsSinceLastLevel": 1330, "playerId": 21552, "championPointsUntilNextLevel": 2870, "tokensEarned": 0, "championId": 412, "lastPlayTime": 1444963152000}, {"championLevel": 2, "chestGranted": false, "championPoints": 2860, "championPointsSinceLastLevel": 1060, "playerId": 21552, "championPointsUntilNextLevel": 3140, "tokensEarned": 0, "championId": 25, "lastPlayTime": 1441317386000}, {"championLevel": 2, "chestGranted": false, "championPoints": 2852, "championPointsSinceLastLevel": 1052, "playerId": 21552, "championPointsUntilNextLevel": 3148, "tokensEarned": 0, "championId": 157, "lastPlayTime": 1442291554000}, {"championLevel": 2, "chestGranted": false, "championPoints": 2639, "championPointsSinceLastLevel": 839, "playerId": 21552, "championPointsUntilNextLevel": 3361, "tokensEarned": 0, "championId": 113, "lastPlayTime": 1444381226000}, {"championLevel": 2, "chestGranted": false, "championPoints": 2230, "championPointsSinceLastLevel": 430, "playerId": 21552, "championPointsUntilNextLevel": 3770, "tokensEarned": 0, "championId": 103, "lastPlayTime": 1441582839000}, {"championLevel": 2, "chestGranted": false, "championPoints": 1887, "championPointsSinceLastLevel": 87, "playerId": 21552, "championPointsUntilNextLevel": 4113, "tokensEarned": 0, "championId": 4, "lastPlayTime": 1441836624000}, {"championLevel": 1, "chestGranted": false, "championPoints": 1732, "championPointsSinceLastLevel": 1732, "playerId": 21552, "championPointsUntilNextLevel": 68, "tokensEarned": 0, "championId": 54, "lastPlayTime": 1440393357000}, {"championLevel": 1, "chestGranted": false, "championPoints": 1713, "championPointsSinceLastLevel": 1713, "playerId": 21552, "championPointsUntilNextLevel": 87, "tokensEarned": 0, "championId": 96, "lastPlayTime": 1447636459000}, {"championLevel": 1, "chestGranted": false, "championPoints": 1595, "championPointsSinceLastLevel": 1595, "playerId": 21552, "championPointsUntilNextLevel": 205, "tokensEarned": 0, "championId": 30, "lastPlayTime": 1458101890000}, {"championLevel": 1, "chestGranted": false, "championPoints": 1557, "championPointsSinceLastLevel": 1557, "playerId": 21552, "championPointsUntilNextLevel": 243, "tokensEarned": 0, "championId": 72, "lastPlayTime": 1441942503000}, {"championLevel": 1, "chestGranted": false, "championPoints": 1513, "championPointsSinceLastLevel": 1513, "playerId": 21552, "championPointsUntilNextLevel": 287, "tokensEarned": 0, "championId": 5, "lastPlayTime": 1441600159000}, {"championLevel": 1, "chestGranted": false, "championPoints": 1498, "championPointsSinceLastLevel": 1498, "playerId": 21552, "championPointsUntilNextLevel": 302, "tokensEarned": 0, "championId": 104, "lastPlayTime": 1442636576000}, {"championLevel": 1, "chestGranted": false, "championPoints": 1468, "championPointsSinceLastLevel": 1468, "playerId": 21552, "championPointsUntilNextLevel": 332, "tokensEarned": 0, "championId": 111, "lastPlayTime": 1443414622000}, {"championLevel": 1, "chestGranted": false, "championPoints": 1468, "championPointsSinceLastLevel": 1468, "playerId": 21552, "championPointsUntilNextLevel": 332, "tokensEarned": 0, "championId": 267, "lastPlayTime": 1441665011000}, {"championLevel": 1, "chestGranted": false, "championPoints": 1441, "championPointsSinceLastLevel": 1441, "playerId": 21552, "championPointsUntilNextLevel": 359, "tokensEarned": 0, "championId": 161, "lastPlayTime": 1443061010000}, {"championLevel": 1, "chestGranted": false, "championPoints": 1440, "championPointsSinceLastLevel": 1440, "playerId": 21552, "championPointsUntilNextLevel": 360, "tokensEarned": 0, "championId": 7, "lastPlayTime": 1444557224000}, {"championLevel": 1, "chestGranted": false, "championPoints": 1428, "championPointsSinceLastLevel": 1428, "playerId": 21552, "championPointsUntilNextLevel": 372, "tokensEarned": 0, "championId": 119, "lastPlayTime": 1441516475000}, {"championLevel": 1, "chestGranted": false, "championPoints": 1424, "championPointsSinceLastLevel": 1424, "playerId": 21552, "championPointsUntilNextLevel": 376, "tokensEarned": 0, "championId": 102, "lastPlayTime": 1434948970000}, {"championLevel": 1, "chestGranted": false, "championPoints": 1261, "championPointsSinceLastLevel": 1261, "playerId": 21552, "championPointsUntilNextLevel": 539, "tokensEarned": 0, "championId": 266, "lastPlayTime": 1443054805000}, {"championLevel": 1, "chestGranted": false, "championPoints": 1228, "championPointsSinceLastLevel": 1228, "playerId": 21552, "championPointsUntilNextLevel": 572, "tokensEarned": 0, "championId": 68, "lastPlayTime": 1468048503000}, {"championLevel": 1, "chestGranted": false, "championPoints": 1209, "championPointsSinceLastLevel": 1209, "playerId": 21552, "championPointsUntilNextLevel": 591, "tokensEarned": 0, "championId": 84, "lastPlayTime": 1455314989000}, {"championLevel": 1, "chestGranted": false, "championPoints": 1153, "championPointsSinceLastLevel": 1153, "playerId": 21552, "championPointsUntilNextLevel": 647, "tokensEarned": 0, "championId": 126, "lastPlayTime": 1442631276000}, {"championLevel": 1, "chestGranted": false, "championPoints": 1139, "championPointsSinceLastLevel": 1139, "playerId": 21552, "championPointsUntilNextLevel": 661, "tokensEarned": 0, "championId": 112, "lastPlayTime": 1444691936000}, {"championLevel": 1, "chestGranted": false, "championPoints": 588, "championPointsSinceLastLevel": 588, "playerId": 21552, "championPointsUntilNextLevel": 1212, "tokensEarned": 0, "championId": 61, "lastPlayTime": 1441580097000}, {"championLevel": 1, "chestGranted": false, "championPoints": 577, "championPointsSinceLastLevel": 577, "playerId": 21552, "championPointsUntilNextLevel": 1223, "tokensEarned": 0, "championId": 11, "lastPlayTime": 1442557501000}, {"championLevel": 1, "chestGranted": false, "championPoints": 450, "championPointsSinceLastLevel": 450, "playerId": 21552, "championPointsUntilNextLevel": 1350, "tokensEarned": 0, "championId": 254, "lastPlayTime": 1441681355000}, {"championLevel": 1, "chestGranted": false, "championPoints": 344, "championPointsSinceLastLevel": 344, "playerId": 21552, "championPointsUntilNextLevel": 1456, "tokensEarned": 0, "championId": 56, "lastPlayTime": 1443823425000}, {"championLevel": 1, "chestGranted": false, "championPoints": 343, "championPointsSinceLastLevel": 343, "playerId": 21552, "championPointsUntilNextLevel": 1457, "tokensEarned": 0, "championId": 429, "lastPlayTime": 1468052141000}, {"championLevel": 1, "chestGranted": false, "championPoints": 290, "championPointsSinceLastLevel": 290, "playerId": 21552, "championPointsUntilNextLevel": 1510, "tokensEarned": 0, "championId": 127, "lastPlayTime": 1442016810000}, {"championLevel": 1, "chestGranted": false, "championPoints": 274, "championPointsSinceLastLevel": 274, "playerId": 21552, "championPointsUntilNextLevel": 1526, "tokensEarned": 0, "championId": 36, "lastPlayTime": 1443149159000}, {"championLevel": 1, "chestGranted": false, "championPoints": 264, "championPointsSinceLastLevel": 264, "playerId": 21552, "championPointsUntilNextLevel": 1536, "tokensEarned": 0, "championId": 53, "lastPlayTime": 1441603733000}, {"championLevel": 1, "chestGranted": false, "championPoints": 244, "championPointsSinceLastLevel": 244, "playerId": 21552, "championPointsUntilNextLevel": 1556, "tokensEarned": 0, "championId": 62, "lastPlayTime": 1443927296000}, {"championLevel": 1, "chestGranted": false, "championPoints": 213, "championPointsSinceLastLevel": 213, "playerId": 21552, "championPointsUntilNextLevel": 1587, "tokensEarned": 0, "championId": 23, "lastPlayTime": 1454568285000}, {"championLevel": 1, "chestGranted": false, "championPoints": 184, "championPointsSinceLastLevel": 184, "playerId": 21552, "championPointsUntilNextLevel": 1616, "tokensEarned": 0, "championId": 27, "lastPlayTime": 1435291735000}, {"championLevel": 1, "chestGranted": false, "championPoints": 126, "championPointsSinceLastLevel": 126, "playerId": 21552, "championPointsUntilNextLevel": 1674, "tokensEarned": 0, "championId": 39, "lastPlayTime": 1443825660000}]