[{"championLevel": 1, "chestGranted": false, "championPoints": 1306, "championPointsSinceLastLevel": 1306, "playerId": 21554, "championPointsUntilNextLevel": 494, "tokensEarned": 0, "championId": 51, "lastPlayTime": 1447976646000}, {"championLevel": 1, "chestGranted": false, "championPoints": 874, "championPointsSinceLastLevel": 874, "playerId": 21554, "championPointsUntilNextLevel": 926, "tokensEarned": 0, "championId": 121, "lastPlayTime": 1447855037000}, {"championLevel": 1, "chestGranted": false, "championPoints": 676, "championPointsSinceLastLevel": 676, "playerId": 21554, "championPointsUntilNextLevel": 1124, "tokensEarned": 0, "championId": 4, "lastPlayTime": 1458953132000}]