[{"championLevel": 5, "chestGranted": true, "championPoints": 51040, "championPointsSinceLastLevel": 29440, "playerId": 21558, "championPointsUntilNextLevel": 0, "tokensEarned": 0, "championId": 32, "lastPlayTime": 1459560452000}, {"championLevel": 5, "chestGranted": false, "championPoints": 29018, "championPointsSinceLastLevel": 7418, "playerId": 21558, "championPointsUntilNextLevel": 0, "tokensEarned": 0, "championId": 37, "lastPlayTime": 1456735818000}, {"championLevel": 5, "chestGranted": false, "championPoints": 28729, "championPointsSinceLastLevel": 7129, "playerId": 21558, "championPointsUntilNextLevel": 0, "tokensEarned": 0, "championId": 133, "lastPlayTime": 1458090909000}, {"championLevel": 5, "chestGranted": true, "championPoints": 26739, "championPointsSinceLastLevel": 5139, "playerId": 21558, "championPointsUntilNextLevel": 0, "tokensEarned": 0, "championId": 89, "lastPlayTime": 1458951423000}, {"championLevel": 5, "chestGranted": true, "championPoints": 25917, "championPointsSinceLastLevel": 4317, "playerId": 21558, "championPointsUntilNextLevel": 0, "tokensEarned": 0, "championId": 126, "lastPlayTime": 1459047182000}, {"championLevel": 4, "chestGranted": false, "championPoints": 15440, "championPointsSinceLastLevel": 2840, "playerId": 21558, "championPointsUntilNextLevel": 6160, "tokensEarned": 0, "championId": 412, "lastPlayTime": 1457739530000}, {"championLevel": 4, "chestGranted": false, "championPoints": 14007, "championPointsSinceLastLevel": 1407, "playerId": 21558, "championPointsUntilNextLevel": 7593, "tokensEarned": 0, "championId": 85, "lastPlayTime": 1460762098000}, {"championLevel": 4, "chestGranted": false, "championPoints": 12726, "championPointsSinceLastLevel": 126, "playerId": 21558, "championPointsUntilNextLevel": 8874, "tokensEarned": 0, "championId": 81, "lastPlayTime": 1457918016000}, {"championLevel": 4, "chestGranted": false, "championPoints": 12681, "championPointsSinceLastLevel": 81, "playerId": 21558, "championPointsUntilNextLevel": 8919, "tokensEarned": 0, "championId": 254, "lastPlayTime": 1458611043000}, {"championLevel": 3, "chestGranted": false, "championPoints": 12354, "championPointsSinceLastLevel": 6354, "playerId": 21558, "championPointsUntilNextLevel": 246, "tokensEarned": 0, "championId": 223, "lastPlayTime": 1457745162000}, {"championLevel": 3, "chestGranted": true, "championPoints": 8712, "championPointsSinceLastLevel": 2712, "playerId": 21558, "championPointsUntilNextLevel": 3888, "tokensEarned": 0, "championId": 99, "lastPlayTime": 1460918230000}, {"championLevel": 3, "chestGranted": false, "championPoints": 6751, "championPointsSinceLastLevel": 751, "playerId": 21558, "championPointsUntilNextLevel": 5849, "tokensEarned": 0, "championId": 432, "lastPlayTime": 1456702132000}, {"championLevel": 3, "chestGranted": false, "championPoints": 6345, "championPointsSinceLastLevel": 345, "playerId": 21558, "championPointsUntilNextLevel": 6255, "tokensEarned": 0, "championId": 111, "lastPlayTime": 1456519144000}, {"championLevel": 2, "chestGranted": false, "championPoints": 5561, "championPointsSinceLastLevel": 3761, "playerId": 21558, "championPointsUntilNextLevel": 439, "tokensEarned": 0, "championId": 39, "lastPlayTime": 1452741030000}, {"championLevel": 2, "chestGranted": true, "championPoints": 5419, "championPointsSinceLastLevel": 3619, "playerId": 21558, "championPointsUntilNextLevel": 581, "tokensEarned": 0, "championId": 104, "lastPlayTime": 1460759134000}, {"championLevel": 2, "chestGranted": false, "championPoints": 5154, "championPointsSinceLastLevel": 3354, "playerId": 21558, "championPointsUntilNextLevel": 846, "tokensEarned": 0, "championId": 33, "lastPlayTime": 1459724572000}, {"championLevel": 2, "chestGranted": true, "championPoints": 4089, "championPointsSinceLastLevel": 2289, "playerId": 21558, "championPointsUntilNextLevel": 1911, "tokensEarned": 0, "championId": 154, "lastPlayTime": 1459721521000}, {"championLevel": 2, "chestGranted": false, "championPoints": 3534, "championPointsSinceLastLevel": 1734, "playerId": 21558, "championPointsUntilNextLevel": 2466, "tokensEarned": 0, "championId": 1, "lastPlayTime": 1444603934000}, {"championLevel": 2, "chestGranted": false, "championPoints": 3310, "championPointsSinceLastLevel": 1510, "playerId": 21558, "championPointsUntilNextLevel": 2690, "tokensEarned": 0, "championId": 20, "lastPlayTime": 1458931748000}, {"championLevel": 2, "chestGranted": false, "championPoints": 2890, "championPointsSinceLastLevel": 1090, "playerId": 21558, "championPointsUntilNextLevel": 3110, "tokensEarned": 0, "championId": 15, "lastPlayTime": 1448125588000}, {"championLevel": 2, "chestGranted": false, "championPoints": 2628, "championPointsSinceLastLevel": 828, "playerId": 21558, "championPointsUntilNextLevel": 3372, "tokensEarned": 0, "championId": 43, "lastPlayTime": 1448730378000}, {"championLevel": 2, "chestGranted": false, "championPoints": 2366, "championPointsSinceLastLevel": 566, "playerId": 21558, "championPointsUntilNextLevel": 3634, "tokensEarned": 0, "championId": 11, "lastPlayTime": 1460767589000}, {"championLevel": 2, "chestGranted": false, "championPoints": 2310, "championPointsSinceLastLevel": 510, "playerId": 21558, "championPointsUntilNextLevel": 3690, "tokensEarned": 0, "championId": 98, "lastPlayTime": 1445986010000}, {"championLevel": 2, "chestGranted": false, "championPoints": 2287, "championPointsSinceLastLevel": 487, "playerId": 21558, "championPointsUntilNextLevel": 3713, "tokensEarned": 0, "championId": 14, "lastPlayTime": 1432238401000}, {"championLevel": 2, "chestGranted": false, "championPoints": 2286, "championPointsSinceLastLevel": 486, "playerId": 21558, "championPointsUntilNextLevel": 3714, "tokensEarned": 0, "championId": 40, "lastPlayTime": 1442519673000}, {"championLevel": 2, "chestGranted": false, "championPoints": 2015, "championPointsSinceLastLevel": 215, "playerId": 21558, "championPointsUntilNextLevel": 3985, "tokensEarned": 0, "championId": 122, "lastPlayTime": 1457920434000}, {"championLevel": 2, "chestGranted": false, "championPoints": 1921, "championPointsSinceLastLevel": 121, "playerId": 21558, "championPointsUntilNextLevel": 4079, "tokensEarned": 0, "championId": 17, "lastPlayTime": 1445903293000}, {"championLevel": 1, "chestGranted": false, "championPoints": 1472, "championPointsSinceLastLevel": 1472, "playerId": 21558, "championPointsUntilNextLevel": 328, "tokensEarned": 0, "championId": 236, "lastPlayTime": 1459639831000}, {"championLevel": 1, "chestGranted": false, "championPoints": 1439, "championPointsSinceLastLevel": 1439, "playerId": 21558, "championPointsUntilNextLevel": 361, "tokensEarned": 0, "championId": 4, "lastPlayTime": 1440297588000}, {"championLevel": 1, "chestGranted": false, "championPoints": 1435, "championPointsSinceLastLevel": 1435, "playerId": 21558, "championPointsUntilNextLevel": 365, "tokensEarned": 0, "championId": 59, "lastPlayTime": 1456602515000}, {"championLevel": 1, "chestGranted": false, "championPoints": 1426, "championPointsSinceLastLevel": 1426, "playerId": 21558, "championPointsUntilNextLevel": 374, "tokensEarned": 0, "championId": 9, "lastPlayTime": 1448163100000}, {"championLevel": 1, "chestGranted": false, "championPoints": 1392, "championPointsSinceLastLevel": 1392, "playerId": 21558, "championPointsUntilNextLevel": 408, "tokensEarned": 0, "championId": 54, "lastPlayTime": 1448166232000}, {"championLevel": 1, "chestGranted": false, "championPoints": 1386, "championPointsSinceLastLevel": 1386, "playerId": 21558, "championPointsUntilNextLevel": 414, "tokensEarned": 0, "championId": 201, "lastPlayTime": 1457232806000}, {"championLevel": 1, "chestGranted": false, "championPoints": 1329, "championPointsSinceLastLevel": 1329, "playerId": 21558, "championPointsUntilNextLevel": 471, "tokensEarned": 0, "championId": 51, "lastPlayTime": 1460915583000}, {"championLevel": 1, "chestGranted": false, "championPoints": 1126, "championPointsSinceLastLevel": 1126, "playerId": 21558, "championPointsUntilNextLevel": 674, "tokensEarned": 0, "championId": 53, "lastPlayTime": 1446500250000}, {"championLevel": 1, "chestGranted": false, "championPoints": 941, "championPointsSinceLastLevel": 941, "playerId": 21558, "championPointsUntilNextLevel": 859, "tokensEarned": 0, "championId": 57, "lastPlayTime": 1433018346000}, {"championLevel": 1, "chestGranted": false, "championPoints": 921, "championPointsSinceLastLevel": 921, "playerId": 21558, "championPointsUntilNextLevel": 879, "tokensEarned": 0, "championId": 18, "lastPlayTime": 1448725242000}, {"championLevel": 1, "chestGranted": false, "championPoints": 914, "championPointsSinceLastLevel": 914, "playerId": 21558, "championPointsUntilNextLevel": 886, "tokensEarned": 0, "championId": 31, "lastPlayTime": 1432233360000}, {"championLevel": 1, "chestGranted": false, "championPoints": 806, "championPointsSinceLastLevel": 806, "playerId": 21558, "championPointsUntilNextLevel": 994, "tokensEarned": 0, "championId": 86, "lastPlayTime": 1467407511000}, {"championLevel": 1, "chestGranted": false, "championPoints": 302, "championPointsSinceLastLevel": 302, "playerId": 21558, "championPointsUntilNextLevel": 1498, "tokensEarned": 0, "championId": 90, "lastPlayTime": 1441067435000}, {"championLevel": 1, "chestGranted": false, "championPoints": 287, "championPointsSinceLastLevel": 287, "playerId": 21558, "championPointsUntilNextLevel": 1513, "tokensEarned": 0, "championId": 80, "lastPlayTime": 1457570243000}, {"championLevel": 1, "chestGranted": false, "championPoints": 277, "championPointsSinceLastLevel": 277, "playerId": 21558, "championPointsUntilNextLevel": 1523, "tokensEarned": 0, "championId": 222, "lastPlayTime": 1445553834000}, {"championLevel": 1, "chestGranted": false, "championPoints": 269, "championPointsSinceLastLevel": 269, "playerId": 21558, "championPointsUntilNextLevel": 1531, "tokensEarned": 0, "championId": 113, "lastPlayTime": 1435426920000}, {"championLevel": 1, "chestGranted": false, "championPoints": 250, "championPointsSinceLastLevel": 250, "playerId": 21558, "championPointsUntilNextLevel": 1550, "tokensEarned": 0, "championId": 63, "lastPlayTime": 1456729503000}, {"championLevel": 1, "chestGranted": false, "championPoints": 214, "championPointsSinceLastLevel": 214, "playerId": 21558, "championPointsUntilNextLevel": 1586, "tokensEarned": 0, "championId": 16, "lastPlayTime": 1460770417000}, {"championLevel": 1, "chestGranted": false, "championPoints": 151, "championPointsSinceLastLevel": 151, "playerId": 21558, "championPointsUntilNextLevel": 1649, "tokensEarned": 0, "championId": 82, "lastPlayTime": 1440800077000}]