[{"championLevel": 7, "chestGranted": true, "championPoints": 35692, "championPointsSinceLastLevel": 14092, "playerId": 21559, "championPointsUntilNextLevel": 0, "tokensEarned": 0, "championId": 13, "lastPlayTime": 1468772224000}, {"championLevel": 4, "chestGranted": false, "championPoints": 19977, "championPointsSinceLastLevel": 7377, "playerId": 21559, "championPointsUntilNextLevel": 1623, "tokensEarned": 0, "championId": 245, "lastPlayTime": 1467920118000}, {"championLevel": 3, "chestGranted": false, "championPoints": 10022, "championPointsSinceLastLevel": 4022, "playerId": 21559, "championPointsUntilNextLevel": 2578, "tokensEarned": 0, "championId": 81, "lastPlayTime": 1468212177000}, {"championLevel": 3, "chestGranted": true, "championPoints": 9658, "championPointsSinceLastLevel": 3658, "playerId": 21559, "championPointsUntilNextLevel": 2942, "tokensEarned": 0, "championId": 8, "lastPlayTime": 1468867644000}, {"championLevel": 3, "chestGranted": false, "championPoints": 8316, "championPointsSinceLastLevel": 2316, "playerId": 21559, "championPointsUntilNextLevel": 4284, "tokensEarned": 0, "championId": 268, "lastPlayTime": 1468808612000}, {"championLevel": 3, "chestGranted": false, "championPoints": 7096, "championPointsSinceLastLevel": 1096, "playerId": 21559, "championPointsUntilNextLevel": 5504, "tokensEarned": 0, "championId": 67, "lastPlayTime": 1468949068000}, {"championLevel": 3, "chestGranted": false, "championPoints": 6780, "championPointsSinceLastLevel": 780, "playerId": 21559, "championPointsUntilNextLevel": 5820, "tokensEarned": 0, "championId": 19, "lastPlayTime": 1457327489000}, {"championLevel": 3, "chestGranted": true, "championPoints": 6505, "championPointsSinceLastLevel": 505, "playerId": 21559, "championPointsUntilNextLevel": 6095, "tokensEarned": 0, "championId": 103, "lastPlayTime": 1467463998000}, {"championLevel": 3, "chestGranted": false, "championPoints": 6301, "championPointsSinceLastLevel": 301, "playerId": 21559, "championPointsUntilNextLevel": 6299, "tokensEarned": 0, "championId": 420, "lastPlayTime": 1467486009000}, {"championLevel": 2, "chestGranted": true, "championPoints": 5697, "championPointsSinceLastLevel": 3897, "playerId": 21559, "championPointsUntilNextLevel": 303, "tokensEarned": 0, "championId": 1, "lastPlayTime": 1464975368000}, {"championLevel": 2, "chestGranted": true, "championPoints": 5660, "championPointsSinceLastLevel": 3860, "playerId": 21559, "championPointsUntilNextLevel": 340, "tokensEarned": 0, "championId": 4, "lastPlayTime": 1468639126000}, {"championLevel": 2, "chestGranted": false, "championPoints": 5524, "championPointsSinceLastLevel": 3724, "playerId": 21559, "championPointsUntilNextLevel": 476, "tokensEarned": 0, "championId": 126, "lastPlayTime": 1464924099000}, {"championLevel": 2, "chestGranted": true, "championPoints": 5275, "championPointsSinceLastLevel": 3475, "playerId": 21559, "championPointsUntilNextLevel": 725, "tokensEarned": 0, "championId": 50, "lastPlayTime": 1467403336000}, {"championLevel": 2, "chestGranted": true, "championPoints": 5246, "championPointsSinceLastLevel": 3446, "playerId": 21559, "championPointsUntilNextLevel": 754, "tokensEarned": 0, "championId": 44, "lastPlayTime": 1466549133000}, {"championLevel": 2, "chestGranted": false, "championPoints": 4918, "championPointsSinceLastLevel": 3118, "playerId": 21559, "championPointsUntilNextLevel": 1082, "tokensEarned": 0, "championId": 104, "lastPlayTime": 1468806457000}, {"championLevel": 2, "chestGranted": false, "championPoints": 4621, "championPointsSinceLastLevel": 2821, "playerId": 21559, "championPointsUntilNextLevel": 1379, "tokensEarned": 0, "championId": 64, "lastPlayTime": 1465524484000}, {"championLevel": 2, "chestGranted": true, "championPoints": 3925, "championPointsSinceLastLevel": 2125, "playerId": 21559, "championPointsUntilNextLevel": 2075, "tokensEarned": 0, "championId": 18, "lastPlayTime": 1460308101000}, {"championLevel": 2, "chestGranted": false, "championPoints": 3639, "championPointsSinceLastLevel": 1839, "playerId": 21559, "championPointsUntilNextLevel": 2361, "tokensEarned": 0, "championId": 48, "lastPlayTime": 1464402750000}, {"championLevel": 2, "chestGranted": false, "championPoints": 3447, "championPointsSinceLastLevel": 1647, "playerId": 21559, "championPointsUntilNextLevel": 2553, "tokensEarned": 0, "championId": 119, "lastPlayTime": 1468895264000}, {"championLevel": 2, "chestGranted": false, "championPoints": 3422, "championPointsSinceLastLevel": 1622, "playerId": 21559, "championPointsUntilNextLevel": 2578, "tokensEarned": 0, "championId": 92, "lastPlayTime": 1468183977000}, {"championLevel": 2, "chestGranted": true, "championPoints": 2989, "championPointsSinceLastLevel": 1189, "playerId": 21559, "championPointsUntilNextLevel": 3011, "tokensEarned": 0, "championId": 22, "lastPlayTime": 1467175847000}, {"championLevel": 2, "chestGranted": false, "championPoints": 2931, "championPointsSinceLastLevel": 1131, "playerId": 21559, "championPointsUntilNextLevel": 3069, "tokensEarned": 0, "championId": 112, "lastPlayTime": 1465918225000}, {"championLevel": 2, "chestGranted": true, "championPoints": 2873, "championPointsSinceLastLevel": 1073, "playerId": 21559, "championPointsUntilNextLevel": 3127, "tokensEarned": 0, "championId": 99, "lastPlayTime": 1462801021000}, {"championLevel": 2, "chestGranted": false, "championPoints": 2723, "championPointsSinceLastLevel": 923, "playerId": 21559, "championPointsUntilNextLevel": 3277, "tokensEarned": 0, "championId": 29, "lastPlayTime": 1466697709000}, {"championLevel": 2, "chestGranted": true, "championPoints": 2629, "championPointsSinceLastLevel": 829, "playerId": 21559, "championPointsUntilNextLevel": 3371, "tokensEarned": 0, "championId": 115, "lastPlayTime": 1465024880000}, {"championLevel": 2, "chestGranted": false, "championPoints": 2562, "championPointsSinceLastLevel": 762, "playerId": 21559, "championPointsUntilNextLevel": 3438, "tokensEarned": 0, "championId": 238, "lastPlayTime": 1467489159000}, {"championLevel": 2, "chestGranted": false, "championPoints": 2500, "championPointsSinceLastLevel": 700, "playerId": 21559, "championPointsUntilNextLevel": 3500, "tokensEarned": 0, "championId": 201, "lastPlayTime": 1467034462000}, {"championLevel": 2, "chestGranted": true, "championPoints": 2494, "championPointsSinceLastLevel": 694, "playerId": 21559, "championPointsUntilNextLevel": 3506, "tokensEarned": 0, "championId": 75, "lastPlayTime": 1464133937000}, {"championLevel": 2, "chestGranted": false, "championPoints": 2463, "championPointsSinceLastLevel": 663, "playerId": 21559, "championPointsUntilNextLevel": 3537, "tokensEarned": 0, "championId": 121, "lastPlayTime": 1468635855000}, {"championLevel": 2, "chestGranted": false, "championPoints": 2334, "championPointsSinceLastLevel": 534, "playerId": 21559, "championPointsUntilNextLevel": 3666, "tokensEarned": 0, "championId": 54, "lastPlayTime": 1464186429000}, {"championLevel": 2, "chestGranted": false, "championPoints": 2286, "championPointsSinceLastLevel": 486, "playerId": 21559, "championPointsUntilNextLevel": 3714, "tokensEarned": 0, "championId": 127, "lastPlayTime": 1466014290000}, {"championLevel": 2, "chestGranted": false, "championPoints": 1972, "championPointsSinceLastLevel": 172, "playerId": 21559, "championPointsUntilNextLevel": 4028, "tokensEarned": 0, "championId": 34, "lastPlayTime": 1467658598000}, {"championLevel": 2, "chestGranted": true, "championPoints": 1913, "championPointsSinceLastLevel": 113, "playerId": 21559, "championPointsUntilNextLevel": 4087, "tokensEarned": 0, "championId": 136, "lastPlayTime": 1467218681000}, {"championLevel": 2, "chestGranted": false, "championPoints": 1829, "championPointsSinceLastLevel": 29, "playerId": 21559, "championPointsUntilNextLevel": 4171, "tokensEarned": 0, "championId": 42, "lastPlayTime": 1466867898000}, {"championLevel": 1, "chestGranted": false, "championPoints": 1754, "championPointsSinceLastLevel": 1754, "playerId": 21559, "championPointsUntilNextLevel": 46, "tokensEarned": 0, "championId": 150, "lastPlayTime": 1468081955000}, {"championLevel": 1, "chestGranted": false, "championPoints": 1694, "championPointsSinceLastLevel": 1694, "playerId": 21559, "championPointsUntilNextLevel": 106, "tokensEarned": 0, "championId": 41, "lastPlayTime": 1458075656000}, {"championLevel": 1, "chestGranted": false, "championPoints": 1663, "championPointsSinceLastLevel": 1663, "playerId": 21559, "championPointsUntilNextLevel": 137, "tokensEarned": 0, "championId": 69, "lastPlayTime": 1464656867000}, {"championLevel": 1, "chestGranted": false, "championPoints": 1647, "championPointsSinceLastLevel": 1647, "playerId": 21559, "championPointsUntilNextLevel": 153, "tokensEarned": 0, "championId": 51, "lastPlayTime": 1468215653000}, {"championLevel": 1, "chestGranted": false, "championPoints": 1627, "championPointsSinceLastLevel": 1627, "playerId": 21559, "championPointsUntilNextLevel": 173, "tokensEarned": 0, "championId": 10, "lastPlayTime": 1456342446000}, {"championLevel": 1, "chestGranted": false, "championPoints": 1582, "championPointsSinceLastLevel": 1582, "playerId": 21559, "championPointsUntilNextLevel": 218, "tokensEarned": 0, "championId": 432, "lastPlayTime": 1459537383000}, {"championLevel": 1, "chestGranted": true, "championPoints": 1562, "championPointsSinceLastLevel": 1562, "playerId": 21559, "championPointsUntilNextLevel": 238, "tokensEarned": 0, "championId": 236, "lastPlayTime": 1468205403000}, {"championLevel": 1, "chestGranted": true, "championPoints": 1558, "championPointsSinceLastLevel": 1558, "playerId": 21559, "championPointsUntilNextLevel": 242, "tokensEarned": 0, "championId": 157, "lastPlayTime": 1460572473000}, {"championLevel": 1, "chestGranted": false, "championPoints": 1486, "championPointsSinceLastLevel": 1486, "playerId": 21559, "championPointsUntilNextLevel": 314, "tokensEarned": 0, "championId": 82, "lastPlayTime": 1464230291000}, {"championLevel": 1, "chestGranted": false, "championPoints": 1482, "championPointsSinceLastLevel": 1482, "playerId": 21559, "championPointsUntilNextLevel": 318, "tokensEarned": 0, "championId": 45, "lastPlayTime": 1469070431000}, {"championLevel": 1, "chestGranted": false, "championPoints": 1458, "championPointsSinceLastLevel": 1458, "playerId": 21559, "championPointsUntilNextLevel": 342, "tokensEarned": 0, "championId": 57, "lastPlayTime": 1464796864000}, {"championLevel": 1, "chestGranted": false, "championPoints": 1454, "championPointsSinceLastLevel": 1454, "playerId": 21559, "championPointsUntilNextLevel": 346, "tokensEarned": 0, "championId": 222, "lastPlayTime": 1467862493000}, {"championLevel": 1, "chestGranted": false, "championPoints": 1442, "championPointsSinceLastLevel": 1442, "playerId": 21559, "championPointsUntilNextLevel": 358, "tokensEarned": 0, "championId": 98, "lastPlayTime": 1466891090000}, {"championLevel": 1, "chestGranted": false, "championPoints": 1437, "championPointsSinceLastLevel": 1437, "playerId": 21559, "championPointsUntilNextLevel": 363, "tokensEarned": 0, "championId": 78, "lastPlayTime": 1466949741000}, {"championLevel": 1, "chestGranted": false, "championPoints": 1410, "championPointsSinceLastLevel": 1410, "playerId": 21559, "championPointsUntilNextLevel": 390, "tokensEarned": 0, "championId": 38, "lastPlayTime": 1460821271000}, {"championLevel": 1, "chestGranted": false, "championPoints": 1406, "championPointsSinceLastLevel": 1406, "playerId": 21559, "championPointsUntilNextLevel": 394, "tokensEarned": 0, "championId": 96, "lastPlayTime": 1457025759000}, {"championLevel": 1, "chestGranted": false, "championPoints": 1363, "championPointsSinceLastLevel": 1363, "playerId": 21559, "championPointsUntilNextLevel": 437, "tokensEarned": 0, "championId": 77, "lastPlayTime": 1467646684000}, {"championLevel": 1, "chestGranted": false, "championPoints": 1363, "championPointsSinceLastLevel": 1363, "playerId": 21559, "championPointsUntilNextLevel": 437, "tokensEarned": 0, "championId": 134, "lastPlayTime": 1446880036000}, {"championLevel": 1, "chestGranted": false, "championPoints": 1328, "championPointsSinceLastLevel": 1328, "playerId": 21559, "championPointsUntilNextLevel": 472, "tokensEarned": 0, "championId": 110, "lastPlayTime": 1463922531000}, {"championLevel": 1, "chestGranted": false, "championPoints": 1309, "championPointsSinceLastLevel": 1309, "playerId": 21559, "championPointsUntilNextLevel": 491, "tokensEarned": 0, "championId": 7, "lastPlayTime": 1465056142000}, {"championLevel": 1, "chestGranted": false, "championPoints": 1308, "championPointsSinceLastLevel": 1308, "playerId": 21559, "championPointsUntilNextLevel": 492, "tokensEarned": 0, "championId": 58, "lastPlayTime": 1446851186000}, {"championLevel": 1, "chestGranted": false, "championPoints": 1278, "championPointsSinceLastLevel": 1278, "playerId": 21559, "championPointsUntilNextLevel": 522, "tokensEarned": 0, "championId": 2, "lastPlayTime": 1465069898000}, {"championLevel": 1, "chestGranted": true, "championPoints": 1266, "championPointsSinceLastLevel": 1266, "playerId": 21559, "championPointsUntilNextLevel": 534, "tokensEarned": 0, "championId": 90, "lastPlayTime": 1463598987000}, {"championLevel": 1, "chestGranted": false, "championPoints": 1163, "championPointsSinceLastLevel": 1163, "playerId": 21559, "championPointsUntilNextLevel": 637, "tokensEarned": 0, "championId": 101, "lastPlayTime": 1467643897000}, {"championLevel": 1, "chestGranted": false, "championPoints": 1151, "championPointsSinceLastLevel": 1151, "playerId": 21559, "championPointsUntilNextLevel": 649, "tokensEarned": 0, "championId": 76, "lastPlayTime": 1467600823000}, {"championLevel": 1, "chestGranted": false, "championPoints": 1068, "championPointsSinceLastLevel": 1068, "playerId": 21559, "championPointsUntilNextLevel": 732, "tokensEarned": 0, "championId": 412, "lastPlayTime": 1467915414000}, {"championLevel": 1, "chestGranted": false, "championPoints": 1034, "championPointsSinceLastLevel": 1034, "playerId": 21559, "championPointsUntilNextLevel": 766, "tokensEarned": 0, "championId": 79, "lastPlayTime": 1467253164000}, {"championLevel": 1, "chestGranted": false, "championPoints": 961, "championPointsSinceLastLevel": 961, "playerId": 21559, "championPointsUntilNextLevel": 839, "tokensEarned": 0, "championId": 203, "lastPlayTime": 1458346804000}, {"championLevel": 1, "chestGranted": false, "championPoints": 947, "championPointsSinceLastLevel": 947, "playerId": 21559, "championPointsUntilNextLevel": 853, "tokensEarned": 0, "championId": 163, "lastPlayTime": 1465446528000}, {"championLevel": 1, "chestGranted": false, "championPoints": 931, "championPointsSinceLastLevel": 931, "playerId": 21559, "championPointsUntilNextLevel": 869, "tokensEarned": 0, "championId": 161, "lastPlayTime": 1464097066000}, {"championLevel": 1, "chestGranted": false, "championPoints": 911, "championPointsSinceLastLevel": 911, "playerId": 21559, "championPointsUntilNextLevel": 889, "tokensEarned": 0, "championId": 266, "lastPlayTime": 1466271415000}, {"championLevel": 1, "chestGranted": false, "championPoints": 690, "championPointsSinceLastLevel": 690, "playerId": 21559, "championPointsUntilNextLevel": 1110, "tokensEarned": 0, "championId": 122, "lastPlayTime": 1466953028000}, {"championLevel": 1, "chestGranted": false, "championPoints": 603, "championPointsSinceLastLevel": 603, "playerId": 21559, "championPointsUntilNextLevel": 1197, "tokensEarned": 0, "championId": 105, "lastPlayTime": 1466108193000}, {"championLevel": 1, "chestGranted": false, "championPoints": 353, "championPointsSinceLastLevel": 353, "playerId": 21559, "championPointsUntilNextLevel": 1447, "tokensEarned": 0, "championId": 55, "lastPlayTime": 1468549798000}, {"championLevel": 1, "chestGranted": false, "championPoints": 308, "championPointsSinceLastLevel": 308, "playerId": 21559, "championPointsUntilNextLevel": 1492, "tokensEarned": 0, "championId": 106, "lastPlayTime": 1460389383000}, {"championLevel": 1, "chestGranted": true, "championPoints": 233, "championPointsSinceLastLevel": 233, "playerId": 21559, "championPointsUntilNextLevel": 1567, "tokensEarned": 0, "championId": 59, "lastPlayTime": 1466545530000}, {"championLevel": 1, "chestGranted": false, "championPoints": 229, "championPointsSinceLastLevel": 229, "playerId": 21559, "championPointsUntilNextLevel": 1571, "tokensEarned": 0, "championId": 202, "lastPlayTime": 1460503277000}, {"championLevel": 1, "chestGranted": false, "championPoints": 229, "championPointsSinceLastLevel": 229, "playerId": 21559, "championPointsUntilNextLevel": 1571, "tokensEarned": 0, "championId": 131, "lastPlayTime": 1456597684000}, {"championLevel": 1, "chestGranted": false, "championPoints": 223, "championPointsSinceLastLevel": 223, "playerId": 21559, "championPointsUntilNextLevel": 1577, "tokensEarned": 0, "championId": 35, "lastPlayTime": 1469157277000}, {"championLevel": 1, "chestGranted": false, "championPoints": 212, "championPointsSinceLastLevel": 212, "playerId": 21559, "championPointsUntilNextLevel": 1588, "tokensEarned": 0, "championId": 36, "lastPlayTime": 1448827450000}, {"championLevel": 1, "chestGranted": false, "championPoints": 207, "championPointsSinceLastLevel": 207, "playerId": 21559, "championPointsUntilNextLevel": 1593, "tokensEarned": 0, "championId": 429, "lastPlayTime": 1462211743000}, {"championLevel": 1, "chestGranted": false, "championPoints": 198, "championPointsSinceLastLevel": 198, "playerId": 21559, "championPointsUntilNextLevel": 1602, "tokensEarned": 0, "championId": 254, "lastPlayTime": 1455999168000}, {"championLevel": 1, "chestGranted": false, "championPoints": 181, "championPointsSinceLastLevel": 181, "playerId": 21559, "championPointsUntilNextLevel": 1619, "tokensEarned": 0, "championId": 53, "lastPlayTime": 1457890820000}, {"championLevel": 1, "chestGranted": false, "championPoints": 172, "championPointsSinceLastLevel": 172, "playerId": 21559, "championPointsUntilNextLevel": 1628, "tokensEarned": 0, "championId": 120, "lastPlayTime": 1463841424000}, {"championLevel": 1, "chestGranted": false, "championPoints": 170, "championPointsSinceLastLevel": 170, "playerId": 21559, "championPointsUntilNextLevel": 1630, "tokensEarned": 0, "championId": 62, "lastPlayTime": 1457843113000}, {"championLevel": 1, "chestGranted": false, "championPoints": 161, "championPointsSinceLastLevel": 161, "playerId": 21559, "championPointsUntilNextLevel": 1639, "tokensEarned": 0, "championId": 15, "lastPlayTime": 1460270229000}, {"championLevel": 1, "chestGranted": false, "championPoints": 156, "championPointsSinceLastLevel": 156, "playerId": 21559, "championPointsUntilNextLevel": 1644, "tokensEarned": 0, "championId": 91, "lastPlayTime": 1466487667000}, {"championLevel": 1, "chestGranted": false, "championPoints": 149, "championPointsSinceLastLevel": 149, "playerId": 21559, "championPointsUntilNextLevel": 1651, "tokensEarned": 0, "championId": 24, "lastPlayTime": 1457899744000}, {"championLevel": 1, "chestGranted": false, "championPoints": 147, "championPointsSinceLastLevel": 147, "playerId": 21559, "championPointsUntilNextLevel": 1653, "tokensEarned": 0, "championId": 39, "lastPlayTime": 1466264965000}, {"championLevel": 1, "chestGranted": false, "championPoints": 139, "championPointsSinceLastLevel": 139, "playerId": 21559, "championPointsUntilNextLevel": 1661, "tokensEarned": 0, "championId": 63, "lastPlayTime": 1464232451000}, {"championLevel": 1, "chestGranted": false, "championPoints": 127, "championPointsSinceLastLevel": 127, "playerId": 21559, "championPointsUntilNextLevel": 1673, "tokensEarned": 0, "championId": 421, "lastPlayTime": 1467697820000}, {"championLevel": 1, "chestGranted": false, "championPoints": 115, "championPointsSinceLastLevel": 115, "playerId": 21559, "championPointsUntilNextLevel": 1685, "tokensEarned": 0, "championId": 17, "lastPlayTime": 1468263642000}]