[{"championLevel": 7, "chestGranted": true, "championPoints": 147512, "championPointsSinceLastLevel": 125912, "playerId": 21569, "championPointsUntilNextLevel": 0, "tokensEarned": 0, "championId": 412, "lastPlayTime": 1469072614000}, {"championLevel": 6, "chestGranted": true, "championPoints": 60908, "championPointsSinceLastLevel": 39308, "playerId": 21569, "championPointsUntilNextLevel": 0, "tokensEarned": 0, "championId": 12, "lastPlayTime": 1468352616000}, {"championLevel": 5, "chestGranted": true, "championPoints": 51623, "championPointsSinceLastLevel": 30023, "playerId": 21569, "championPointsUntilNextLevel": 0, "tokensEarned": 0, "championId": 111, "lastPlayTime": 1469036514000}, {"championLevel": 5, "chestGranted": false, "championPoints": 43557, "championPointsSinceLastLevel": 21957, "playerId": 21569, "championPointsUntilNextLevel": 0, "tokensEarned": 0, "championId": 48, "lastPlayTime": 1468886823000}, {"championLevel": 6, "chestGranted": true, "championPoints": 34905, "championPointsSinceLastLevel": 13305, "playerId": 21569, "championPointsUntilNextLevel": 0, "tokensEarned": 1, "championId": 267, "lastPlayTime": 1469047222000}, {"championLevel": 5, "chestGranted": true, "championPoints": 30946, "championPointsSinceLastLevel": 9346, "playerId": 21569, "championPointsUntilNextLevel": 0, "tokensEarned": 0, "championId": 79, "lastPlayTime": 1467788220000}, {"championLevel": 5, "chestGranted": true, "championPoints": 28309, "championPointsSinceLastLevel": 6709, "playerId": 21569, "championPointsUntilNextLevel": 0, "tokensEarned": 0, "championId": 54, "lastPlayTime": 1466749977000}, {"championLevel": 5, "chestGranted": true, "championPoints": 23802, "championPointsSinceLastLevel": 2202, "playerId": 21569, "championPointsUntilNextLevel": 0, "tokensEarned": 0, "championId": 64, "lastPlayTime": 1469048902000}, {"championLevel": 4, "chestGranted": true, "championPoints": 19289, "championPointsSinceLastLevel": 6689, "playerId": 21569, "championPointsUntilNextLevel": 2311, "tokensEarned": 0, "championId": 90, "lastPlayTime": 1469141541000}, {"championLevel": 4, "chestGranted": true, "championPoints": 18361, "championPointsSinceLastLevel": 5761, "playerId": 21569, "championPointsUntilNextLevel": 3239, "tokensEarned": 0, "championId": 61, "lastPlayTime": 1463783913000}, {"championLevel": 4, "chestGranted": false, "championPoints": 17615, "championPointsSinceLastLevel": 5015, "playerId": 21569, "championPointsUntilNextLevel": 3985, "tokensEarned": 0, "championId": 78, "lastPlayTime": 1460745486000}, {"championLevel": 4, "chestGranted": false, "championPoints": 16044, "championPointsSinceLastLevel": 3444, "playerId": 21569, "championPointsUntilNextLevel": 5556, "tokensEarned": 0, "championId": 38, "lastPlayTime": 1469051164000}, {"championLevel": 4, "chestGranted": true, "championPoints": 15345, "championPointsSinceLastLevel": 2745, "playerId": 21569, "championPointsUntilNextLevel": 6255, "tokensEarned": 0, "championId": 69, "lastPlayTime": 1467183271000}, {"championLevel": 4, "chestGranted": false, "championPoints": 15242, "championPointsSinceLastLevel": 2642, "playerId": 21569, "championPointsUntilNextLevel": 6358, "tokensEarned": 0, "championId": 81, "lastPlayTime": 1467779427000}, {"championLevel": 4, "chestGranted": false, "championPoints": 13400, "championPointsSinceLastLevel": 800, "playerId": 21569, "championPointsUntilNextLevel": 8200, "tokensEarned": 0, "championId": 18, "lastPlayTime": 1467606382000}, {"championLevel": 3, "chestGranted": false, "championPoints": 9908, "championPointsSinceLastLevel": 3908, "playerId": 21569, "championPointsUntilNextLevel": 2692, "tokensEarned": 0, "championId": 63, "lastPlayTime": 1456022161000}, {"championLevel": 3, "chestGranted": false, "championPoints": 8802, "championPointsSinceLastLevel": 2802, "playerId": 21569, "championPointsUntilNextLevel": 3798, "tokensEarned": 0, "championId": 19, "lastPlayTime": 1458008032000}, {"championLevel": 3, "chestGranted": false, "championPoints": 8796, "championPointsSinceLastLevel": 2796, "playerId": 21569, "championPointsUntilNextLevel": 3804, "tokensEarned": 0, "championId": 201, "lastPlayTime": 1459119913000}, {"championLevel": 3, "chestGranted": true, "championPoints": 8349, "championPointsSinceLastLevel": 2349, "playerId": 21569, "championPointsUntilNextLevel": 4251, "tokensEarned": 0, "championId": 42, "lastPlayTime": 1468820761000}, {"championLevel": 3, "chestGranted": true, "championPoints": 7901, "championPointsSinceLastLevel": 1901, "playerId": 21569, "championPointsUntilNextLevel": 4699, "tokensEarned": 0, "championId": 26, "lastPlayTime": 1469052916000}, {"championLevel": 3, "chestGranted": false, "championPoints": 7511, "championPointsSinceLastLevel": 1511, "playerId": 21569, "championPointsUntilNextLevel": 5089, "tokensEarned": 0, "championId": 127, "lastPlayTime": 1465623408000}, {"championLevel": 3, "chestGranted": true, "championPoints": 6469, "championPointsSinceLastLevel": 469, "playerId": 21569, "championPointsUntilNextLevel": 6131, "tokensEarned": 0, "championId": 98, "lastPlayTime": 1467351871000}, {"championLevel": 3, "chestGranted": false, "championPoints": 6195, "championPointsSinceLastLevel": 195, "playerId": 21569, "championPointsUntilNextLevel": 6405, "tokensEarned": 0, "championId": 44, "lastPlayTime": 1456724817000}, {"championLevel": 3, "chestGranted": false, "championPoints": 6005, "championPointsSinceLastLevel": 5, "playerId": 21569, "championPointsUntilNextLevel": 6595, "tokensEarned": 0, "championId": 1, "lastPlayTime": 1469044487000}, {"championLevel": 2, "chestGranted": false, "championPoints": 5742, "championPointsSinceLastLevel": 3942, "playerId": 21569, "championPointsUntilNextLevel": 258, "tokensEarned": 0, "championId": 120, "lastPlayTime": 1467241684000}, {"championLevel": 2, "chestGranted": false, "championPoints": 5527, "championPointsSinceLastLevel": 3727, "playerId": 21569, "championPointsUntilNextLevel": 473, "tokensEarned": 0, "championId": 24, "lastPlayTime": 1467783786000}, {"championLevel": 2, "chestGranted": false, "championPoints": 5505, "championPointsSinceLastLevel": 3705, "playerId": 21569, "championPointsUntilNextLevel": 495, "tokensEarned": 0, "championId": 131, "lastPlayTime": 1441922784000}, {"championLevel": 2, "chestGranted": true, "championPoints": 5379, "championPointsSinceLastLevel": 3579, "playerId": 21569, "championPointsUntilNextLevel": 621, "tokensEarned": 0, "championId": 432, "lastPlayTime": 1468876896000}, {"championLevel": 2, "chestGranted": true, "championPoints": 5132, "championPointsSinceLastLevel": 3332, "playerId": 21569, "championPointsUntilNextLevel": 868, "tokensEarned": 0, "championId": 29, "lastPlayTime": 1469158945000}, {"championLevel": 2, "chestGranted": false, "championPoints": 4918, "championPointsSinceLastLevel": 3118, "playerId": 21569, "championPointsUntilNextLevel": 1082, "tokensEarned": 0, "championId": 33, "lastPlayTime": 1454216848000}, {"championLevel": 2, "chestGranted": false, "championPoints": 4847, "championPointsSinceLastLevel": 3047, "playerId": 21569, "championPointsUntilNextLevel": 1153, "tokensEarned": 0, "championId": 115, "lastPlayTime": 1468890727000}, {"championLevel": 2, "chestGranted": false, "championPoints": 4753, "championPointsSinceLastLevel": 2953, "playerId": 21569, "championPointsUntilNextLevel": 1247, "tokensEarned": 0, "championId": 157, "lastPlayTime": 1467786364000}, {"championLevel": 2, "chestGranted": false, "championPoints": 4700, "championPointsSinceLastLevel": 2900, "playerId": 21569, "championPointsUntilNextLevel": 1300, "tokensEarned": 0, "championId": 9, "lastPlayTime": 1467264132000}, {"championLevel": 2, "chestGranted": false, "championPoints": 4490, "championPointsSinceLastLevel": 2690, "playerId": 21569, "championPointsUntilNextLevel": 1510, "tokensEarned": 0, "championId": 67, "lastPlayTime": 1466494952000}, {"championLevel": 2, "chestGranted": false, "championPoints": 4482, "championPointsSinceLastLevel": 2682, "playerId": 21569, "championPointsUntilNextLevel": 1518, "tokensEarned": 0, "championId": 53, "lastPlayTime": 1467353924000}, {"championLevel": 2, "chestGranted": false, "championPoints": 4437, "championPointsSinceLastLevel": 2637, "playerId": 21569, "championPointsUntilNextLevel": 1563, "tokensEarned": 0, "championId": 245, "lastPlayTime": 1467868853000}, {"championLevel": 2, "chestGranted": false, "championPoints": 4370, "championPointsSinceLastLevel": 2570, "playerId": 21569, "championPointsUntilNextLevel": 1630, "tokensEarned": 0, "championId": 58, "lastPlayTime": 1468789859000}, {"championLevel": 2, "chestGranted": true, "championPoints": 4120, "championPointsSinceLastLevel": 2320, "playerId": 21569, "championPointsUntilNextLevel": 1880, "tokensEarned": 0, "championId": 76, "lastPlayTime": 1468506327000}, {"championLevel": 2, "chestGranted": false, "championPoints": 4104, "championPointsSinceLastLevel": 2304, "playerId": 21569, "championPointsUntilNextLevel": 1896, "tokensEarned": 0, "championId": 4, "lastPlayTime": 1466490088000}, {"championLevel": 2, "chestGranted": false, "championPoints": 3993, "championPointsSinceLastLevel": 2193, "playerId": 21569, "championPointsUntilNextLevel": 2007, "tokensEarned": 0, "championId": 89, "lastPlayTime": 1466835682000}, {"championLevel": 2, "chestGranted": false, "championPoints": 3887, "championPointsSinceLastLevel": 2087, "playerId": 21569, "championPointsUntilNextLevel": 2113, "tokensEarned": 0, "championId": 161, "lastPlayTime": 1467698210000}, {"championLevel": 2, "chestGranted": false, "championPoints": 3674, "championPointsSinceLastLevel": 1874, "playerId": 21569, "championPointsUntilNextLevel": 2326, "tokensEarned": 0, "championId": 429, "lastPlayTime": 1468305301000}, {"championLevel": 2, "chestGranted": false, "championPoints": 3560, "championPointsSinceLastLevel": 1760, "playerId": 21569, "championPointsUntilNextLevel": 2440, "tokensEarned": 0, "championId": 40, "lastPlayTime": 1455335908000}, {"championLevel": 2, "chestGranted": false, "championPoints": 3465, "championPointsSinceLastLevel": 1665, "playerId": 21569, "championPointsUntilNextLevel": 2535, "tokensEarned": 0, "championId": 110, "lastPlayTime": 1465360877000}, {"championLevel": 2, "chestGranted": false, "championPoints": 3406, "championPointsSinceLastLevel": 1606, "playerId": 21569, "championPointsUntilNextLevel": 2594, "tokensEarned": 0, "championId": 14, "lastPlayTime": 1455249599000}, {"championLevel": 2, "chestGranted": true, "championPoints": 3345, "championPointsSinceLastLevel": 1545, "playerId": 21569, "championPointsUntilNextLevel": 2655, "tokensEarned": 0, "championId": 15, "lastPlayTime": 1467645121000}, {"championLevel": 2, "chestGranted": false, "championPoints": 3278, "championPointsSinceLastLevel": 1478, "playerId": 21569, "championPointsUntilNextLevel": 2722, "tokensEarned": 0, "championId": 57, "lastPlayTime": 1468802974000}, {"championLevel": 2, "chestGranted": false, "championPoints": 3194, "championPointsSinceLastLevel": 1394, "playerId": 21569, "championPointsUntilNextLevel": 2806, "tokensEarned": 0, "championId": 84, "lastPlayTime": 1468874177000}, {"championLevel": 2, "chestGranted": true, "championPoints": 3007, "championPointsSinceLastLevel": 1207, "playerId": 21569, "championPointsUntilNextLevel": 2993, "tokensEarned": 0, "championId": 28, "lastPlayTime": 1468870847000}, {"championLevel": 2, "chestGranted": false, "championPoints": 2908, "championPointsSinceLastLevel": 1108, "playerId": 21569, "championPointsUntilNextLevel": 3092, "tokensEarned": 0, "championId": 106, "lastPlayTime": 1460235168000}, {"championLevel": 2, "chestGranted": true, "championPoints": 2891, "championPointsSinceLastLevel": 1091, "playerId": 21569, "championPointsUntilNextLevel": 3109, "tokensEarned": 0, "championId": 134, "lastPlayTime": 1464222089000}, {"championLevel": 2, "chestGranted": false, "championPoints": 2713, "championPointsSinceLastLevel": 913, "playerId": 21569, "championPointsUntilNextLevel": 3287, "tokensEarned": 0, "championId": 105, "lastPlayTime": 1468792155000}, {"championLevel": 2, "chestGranted": false, "championPoints": 2692, "championPointsSinceLastLevel": 892, "playerId": 21569, "championPointsUntilNextLevel": 3308, "tokensEarned": 0, "championId": 133, "lastPlayTime": 1459995908000}, {"championLevel": 2, "chestGranted": false, "championPoints": 2489, "championPointsSinceLastLevel": 689, "playerId": 21569, "championPointsUntilNextLevel": 3511, "tokensEarned": 0, "championId": 51, "lastPlayTime": 1446956027000}, {"championLevel": 2, "chestGranted": false, "championPoints": 2394, "championPointsSinceLastLevel": 594, "playerId": 21569, "championPointsUntilNextLevel": 3606, "tokensEarned": 0, "championId": 223, "lastPlayTime": 1464155735000}, {"championLevel": 2, "chestGranted": false, "championPoints": 2290, "championPointsSinceLastLevel": 490, "playerId": 21569, "championPointsUntilNextLevel": 3710, "tokensEarned": 0, "championId": 5, "lastPlayTime": 1467330465000}, {"championLevel": 2, "chestGranted": false, "championPoints": 2165, "championPointsSinceLastLevel": 365, "playerId": 21569, "championPointsUntilNextLevel": 3835, "tokensEarned": 0, "championId": 122, "lastPlayTime": 1466320138000}, {"championLevel": 2, "chestGranted": false, "championPoints": 1973, "championPointsSinceLastLevel": 173, "playerId": 21569, "championPointsUntilNextLevel": 4027, "tokensEarned": 0, "championId": 96, "lastPlayTime": 1460849489000}, {"championLevel": 2, "chestGranted": false, "championPoints": 1866, "championPointsSinceLastLevel": 66, "playerId": 21569, "championPointsUntilNextLevel": 4134, "tokensEarned": 0, "championId": 268, "lastPlayTime": 1462591367000}, {"championLevel": 2, "chestGranted": false, "championPoints": 1812, "championPointsSinceLastLevel": 12, "playerId": 21569, "championPointsUntilNextLevel": 4188, "tokensEarned": 0, "championId": 113, "lastPlayTime": 1462660876000}, {"championLevel": 1, "chestGranted": false, "championPoints": 1709, "championPointsSinceLastLevel": 1709, "playerId": 21569, "championPointsUntilNextLevel": 91, "tokensEarned": 0, "championId": 80, "lastPlayTime": 1466129397000}, {"championLevel": 1, "chestGranted": false, "championPoints": 1701, "championPointsSinceLastLevel": 1701, "playerId": 21569, "championPointsUntilNextLevel": 99, "tokensEarned": 0, "championId": 36, "lastPlayTime": 1447043046000}, {"championLevel": 1, "chestGranted": false, "championPoints": 1686, "championPointsSinceLastLevel": 1686, "playerId": 21569, "championPointsUntilNextLevel": 114, "tokensEarned": 0, "championId": 55, "lastPlayTime": 1467333498000}, {"championLevel": 1, "chestGranted": false, "championPoints": 1647, "championPointsSinceLastLevel": 1647, "playerId": 21569, "championPointsUntilNextLevel": 153, "tokensEarned": 0, "championId": 82, "lastPlayTime": 1442642863000}, {"championLevel": 1, "chestGranted": false, "championPoints": 1431, "championPointsSinceLastLevel": 1431, "playerId": 21569, "championPointsUntilNextLevel": 369, "tokensEarned": 0, "championId": 117, "lastPlayTime": 1463013071000}, {"championLevel": 1, "chestGranted": false, "championPoints": 1414, "championPointsSinceLastLevel": 1414, "playerId": 21569, "championPointsUntilNextLevel": 386, "tokensEarned": 0, "championId": 41, "lastPlayTime": 1468511776000}, {"championLevel": 1, "chestGranted": false, "championPoints": 1379, "championPointsSinceLastLevel": 1379, "playerId": 21569, "championPointsUntilNextLevel": 421, "tokensEarned": 0, "championId": 203, "lastPlayTime": 1468904028000}, {"championLevel": 1, "chestGranted": false, "championPoints": 1300, "championPointsSinceLastLevel": 1300, "playerId": 21569, "championPointsUntilNextLevel": 500, "tokensEarned": 0, "championId": 77, "lastPlayTime": 1467342925000}, {"championLevel": 1, "chestGranted": false, "championPoints": 1273, "championPointsSinceLastLevel": 1273, "playerId": 21569, "championPointsUntilNextLevel": 527, "tokensEarned": 0, "championId": 421, "lastPlayTime": 1442647641000}, {"championLevel": 1, "chestGranted": false, "championPoints": 1126, "championPointsSinceLastLevel": 1126, "playerId": 21569, "championPointsUntilNextLevel": 674, "tokensEarned": 0, "championId": 104, "lastPlayTime": 1467609201000}, {"championLevel": 1, "chestGranted": false, "championPoints": 1094, "championPointsSinceLastLevel": 1094, "playerId": 21569, "championPointsUntilNextLevel": 706, "tokensEarned": 0, "championId": 37, "lastPlayTime": 1446947683000}, {"championLevel": 1, "chestGranted": false, "championPoints": 1085, "championPointsSinceLastLevel": 1085, "playerId": 21569, "championPointsUntilNextLevel": 715, "tokensEarned": 0, "championId": 143, "lastPlayTime": 1462593869000}, {"championLevel": 1, "chestGranted": false, "championPoints": 996, "championPointsSinceLastLevel": 996, "playerId": 21569, "championPointsUntilNextLevel": 804, "tokensEarned": 0, "championId": 59, "lastPlayTime": 1468961840000}, {"championLevel": 1, "chestGranted": false, "championPoints": 978, "championPointsSinceLastLevel": 978, "playerId": 21569, "championPointsUntilNextLevel": 822, "tokensEarned": 0, "championId": 32, "lastPlayTime": 1462556681000}, {"championLevel": 1, "chestGranted": false, "championPoints": 941, "championPointsSinceLastLevel": 941, "playerId": 21569, "championPointsUntilNextLevel": 859, "tokensEarned": 0, "championId": 6, "lastPlayTime": 1468782708000}, {"championLevel": 1, "chestGranted": false, "championPoints": 701, "championPointsSinceLastLevel": 701, "playerId": 21569, "championPointsUntilNextLevel": 1099, "tokensEarned": 0, "championId": 31, "lastPlayTime": 1466552007000}, {"championLevel": 1, "chestGranted": false, "championPoints": 669, "championPointsSinceLastLevel": 669, "playerId": 21569, "championPointsUntilNextLevel": 1131, "tokensEarned": 0, "championId": 50, "lastPlayTime": 1467179429000}, {"championLevel": 1, "chestGranted": false, "championPoints": 503, "championPointsSinceLastLevel": 503, "playerId": 21569, "championPointsUntilNextLevel": 1297, "tokensEarned": 0, "championId": 238, "lastPlayTime": 1442454718000}, {"championLevel": 1, "chestGranted": false, "championPoints": 437, "championPointsSinceLastLevel": 437, "playerId": 21569, "championPointsUntilNextLevel": 1363, "tokensEarned": 0, "championId": 103, "lastPlayTime": 1466379719000}, {"championLevel": 1, "chestGranted": false, "championPoints": 332, "championPointsSinceLastLevel": 332, "playerId": 21569, "championPointsUntilNextLevel": 1468, "tokensEarned": 0, "championId": 7, "lastPlayTime": 1455430547000}, {"championLevel": 1, "chestGranted": true, "championPoints": 324, "championPointsSinceLastLevel": 324, "playerId": 21569, "championPointsUntilNextLevel": 1476, "tokensEarned": 0, "championId": 45, "lastPlayTime": 1468902123000}, {"championLevel": 1, "chestGranted": false, "championPoints": 323, "championPointsSinceLastLevel": 323, "playerId": 21569, "championPointsUntilNextLevel": 1477, "tokensEarned": 0, "championId": 25, "lastPlayTime": 1440781296000}, {"championLevel": 1, "chestGranted": false, "championPoints": 317, "championPointsSinceLastLevel": 317, "playerId": 21569, "championPointsUntilNextLevel": 1483, "tokensEarned": 0, "championId": 102, "lastPlayTime": 1454230891000}, {"championLevel": 1, "chestGranted": false, "championPoints": 275, "championPointsSinceLastLevel": 275, "playerId": 21569, "championPointsUntilNextLevel": 1525, "tokensEarned": 0, "championId": 2, "lastPlayTime": 1466664284000}, {"championLevel": 1, "chestGranted": false, "championPoints": 218, "championPointsSinceLastLevel": 218, "playerId": 21569, "championPointsUntilNextLevel": 1582, "tokensEarned": 0, "championId": 13, "lastPlayTime": 1434424051000}, {"championLevel": 1, "chestGranted": false, "championPoints": 197, "championPointsSinceLastLevel": 197, "playerId": 21569, "championPointsUntilNextLevel": 1603, "tokensEarned": 0, "championId": 420, "lastPlayTime": 1466376945000}, {"championLevel": 1, "chestGranted": false, "championPoints": 197, "championPointsSinceLastLevel": 197, "playerId": 21569, "championPointsUntilNextLevel": 1603, "tokensEarned": 0, "championId": 39, "lastPlayTime": 1466561309000}, {"championLevel": 1, "chestGranted": false, "championPoints": 191, "championPointsSinceLastLevel": 191, "playerId": 21569, "championPointsUntilNextLevel": 1609, "tokensEarned": 0, "championId": 236, "lastPlayTime": 1461441073000}, {"championLevel": 1, "chestGranted": false, "championPoints": 190, "championPointsSinceLastLevel": 190, "playerId": 21569, "championPointsUntilNextLevel": 1610, "tokensEarned": 0, "championId": 16, "lastPlayTime": 1454283166000}, {"championLevel": 1, "chestGranted": false, "championPoints": 177, "championPointsSinceLastLevel": 177, "playerId": 21569, "championPointsUntilNextLevel": 1623, "tokensEarned": 0, "championId": 22, "lastPlayTime": 1467446110000}, {"championLevel": 1, "chestGranted": false, "championPoints": 166, "championPointsSinceLastLevel": 166, "playerId": 21569, "championPointsUntilNextLevel": 1634, "tokensEarned": 0, "championId": 154, "lastPlayTime": 1466399579000}, {"championLevel": 1, "chestGranted": false, "championPoints": 156, "championPointsSinceLastLevel": 156, "playerId": 21569, "championPointsUntilNextLevel": 1644, "tokensEarned": 0, "championId": 21, "lastPlayTime": 1431315307000}, {"championLevel": 1, "chestGranted": false, "championPoints": 150, "championPointsSinceLastLevel": 150, "playerId": 21569, "championPointsUntilNextLevel": 1650, "tokensEarned": 0, "championId": 20, "lastPlayTime": 1467173168000}, {"championLevel": 1, "chestGranted": false, "championPoints": 148, "championPointsSinceLastLevel": 148, "playerId": 21569, "championPointsUntilNextLevel": 1652, "tokensEarned": 0, "championId": 35, "lastPlayTime": 1462561853000}, {"championLevel": 1, "chestGranted": false, "championPoints": 128, "championPointsSinceLastLevel": 128, "playerId": 21569, "championPointsUntilNextLevel": 1672, "tokensEarned": 0, "championId": 30, "lastPlayTime": 1467953181000}]