[{"championLevel": 6, "chestGranted": true, "championPoints": 49884, "championPointsSinceLastLevel": 28284, "playerId": 21562, "championPointsUntilNextLevel": 0, "tokensEarned": 1, "championId": 44, "lastPlayTime": 1468456772000}, {"championLevel": 5, "chestGranted": true, "championPoints": 36183, "championPointsSinceLastLevel": 14583, "playerId": 21562, "championPointsUntilNextLevel": 0, "tokensEarned": 1, "championId": 143, "lastPlayTime": 1468374510000}, {"championLevel": 5, "chestGranted": false, "championPoints": 35095, "championPointsSinceLastLevel": 13495, "playerId": 21562, "championPointsUntilNextLevel": 0, "tokensEarned": 0, "championId": 53, "lastPlayTime": 1467255361000}, {"championLevel": 5, "chestGranted": false, "championPoints": 33392, "championPointsSinceLastLevel": 11792, "playerId": 21562, "championPointsUntilNextLevel": 0, "tokensEarned": 0, "championId": 89, "lastPlayTime": 1460436759000}, {"championLevel": 4, "chestGranted": true, "championPoints": 20422, "championPointsSinceLastLevel": 7822, "playerId": 21562, "championPointsUntilNextLevel": 1178, "tokensEarned": 0, "championId": 412, "lastPlayTime": 1464750943000}, {"championLevel": 4, "chestGranted": false, "championPoints": 18372, "championPointsSinceLastLevel": 5772, "playerId": 21562, "championPointsUntilNextLevel": 3228, "tokensEarned": 0, "championId": 40, "lastPlayTime": 1468294391000}, {"championLevel": 4, "chestGranted": false, "championPoints": 17244, "championPointsSinceLastLevel": 4644, "playerId": 21562, "championPointsUntilNextLevel": 4356, "tokensEarned": 0, "championId": 29, "lastPlayTime": 1468474445000}, {"championLevel": 4, "chestGranted": false, "championPoints": 16233, "championPointsSinceLastLevel": 3633, "playerId": 21562, "championPointsUntilNextLevel": 5367, "tokensEarned": 0, "championId": 31, "lastPlayTime": 1467335846000}, {"championLevel": 4, "chestGranted": true, "championPoints": 16085, "championPointsSinceLastLevel": 3485, "playerId": 21562, "championPointsUntilNextLevel": 5515, "tokensEarned": 0, "championId": 18, "lastPlayTime": 1463798772000}, {"championLevel": 4, "chestGranted": true, "championPoints": 15216, "championPointsSinceLastLevel": 2616, "playerId": 21562, "championPointsUntilNextLevel": 6384, "tokensEarned": 0, "championId": 43, "lastPlayTime": 1468380536000}, {"championLevel": 3, "chestGranted": true, "championPoints": 10369, "championPointsSinceLastLevel": 4369, "playerId": 21562, "championPointsUntilNextLevel": 2231, "tokensEarned": 0, "championId": 6, "lastPlayTime": 1467955514000}, {"championLevel": 3, "chestGranted": false, "championPoints": 10017, "championPointsSinceLastLevel": 4017, "playerId": 21562, "championPointsUntilNextLevel": 2583, "tokensEarned": 0, "championId": 8, "lastPlayTime": 1468465860000}, {"championLevel": 3, "chestGranted": true, "championPoints": 9599, "championPointsSinceLastLevel": 3599, "playerId": 21562, "championPointsUntilNextLevel": 3001, "tokensEarned": 0, "championId": 432, "lastPlayTime": 1468382768000}, {"championLevel": 3, "chestGranted": true, "championPoints": 9495, "championPointsSinceLastLevel": 3495, "playerId": 21562, "championPointsUntilNextLevel": 3105, "tokensEarned": 0, "championId": 16, "lastPlayTime": 1466117940000}, {"championLevel": 3, "chestGranted": true, "championPoints": 9486, "championPointsSinceLastLevel": 3486, "playerId": 21562, "championPointsUntilNextLevel": 3114, "tokensEarned": 0, "championId": 25, "lastPlayTime": 1464727844000}, {"championLevel": 3, "chestGranted": true, "championPoints": 9434, "championPointsSinceLastLevel": 3434, "playerId": 21562, "championPointsUntilNextLevel": 3166, "tokensEarned": 0, "championId": 201, "lastPlayTime": 1465519512000}, {"championLevel": 3, "chestGranted": false, "championPoints": 8383, "championPointsSinceLastLevel": 2383, "playerId": 21562, "championPointsUntilNextLevel": 4217, "tokensEarned": 0, "championId": 111, "lastPlayTime": 1467771386000}, {"championLevel": 3, "chestGranted": false, "championPoints": 7397, "championPointsSinceLastLevel": 1397, "playerId": 21562, "championPointsUntilNextLevel": 5203, "tokensEarned": 0, "championId": 81, "lastPlayTime": 1467772859000}, {"championLevel": 3, "chestGranted": false, "championPoints": 6578, "championPointsSinceLastLevel": 578, "playerId": 21562, "championPointsUntilNextLevel": 6022, "tokensEarned": 0, "championId": 90, "lastPlayTime": 1467173916000}, {"championLevel": 3, "chestGranted": true, "championPoints": 6341, "championPointsSinceLastLevel": 341, "playerId": 21562, "championPointsUntilNextLevel": 6259, "tokensEarned": 0, "championId": 15, "lastPlayTime": 1468447885000}, {"championLevel": 3, "chestGranted": false, "championPoints": 6252, "championPointsSinceLastLevel": 252, "playerId": 21562, "championPointsUntilNextLevel": 6348, "tokensEarned": 0, "championId": 69, "lastPlayTime": 1467769617000}, {"championLevel": 3, "chestGranted": false, "championPoints": 6066, "championPointsSinceLastLevel": 66, "playerId": 21562, "championPointsUntilNextLevel": 6534, "tokensEarned": 0, "championId": 12, "lastPlayTime": 1468296159000}, {"championLevel": 2, "chestGranted": true, "championPoints": 5603, "championPointsSinceLastLevel": 3803, "playerId": 21562, "championPointsUntilNextLevel": 397, "tokensEarned": 0, "championId": 22, "lastPlayTime": 1468632330000}, {"championLevel": 2, "chestGranted": false, "championPoints": 5018, "championPointsSinceLastLevel": 3218, "playerId": 21562, "championPointsUntilNextLevel": 982, "tokensEarned": 0, "championId": 104, "lastPlayTime": 1468038840000}, {"championLevel": 2, "chestGranted": false, "championPoints": 4071, "championPointsSinceLastLevel": 2271, "playerId": 21562, "championPointsUntilNextLevel": 1929, "tokensEarned": 0, "championId": 110, "lastPlayTime": 1468476885000}, {"championLevel": 2, "chestGranted": false, "championPoints": 3885, "championPointsSinceLastLevel": 2085, "playerId": 21562, "championPointsUntilNextLevel": 2115, "tokensEarned": 0, "championId": 63, "lastPlayTime": 1467767124000}, {"championLevel": 2, "chestGranted": false, "championPoints": 3730, "championPointsSinceLastLevel": 1930, "playerId": 21562, "championPointsUntilNextLevel": 2270, "tokensEarned": 0, "championId": 54, "lastPlayTime": 1466053997000}, {"championLevel": 2, "chestGranted": false, "championPoints": 3703, "championPointsSinceLastLevel": 1903, "playerId": 21562, "championPointsUntilNextLevel": 2297, "tokensEarned": 0, "championId": 13, "lastPlayTime": 1468124780000}, {"championLevel": 2, "chestGranted": false, "championPoints": 3646, "championPointsSinceLastLevel": 1846, "playerId": 21562, "championPointsUntilNextLevel": 2354, "tokensEarned": 0, "championId": 24, "lastPlayTime": 1467947136000}, {"championLevel": 2, "chestGranted": true, "championPoints": 3403, "championPointsSinceLastLevel": 1603, "playerId": 21562, "championPointsUntilNextLevel": 2597, "tokensEarned": 0, "championId": 268, "lastPlayTime": 1463778238000}, {"championLevel": 2, "chestGranted": false, "championPoints": 3383, "championPointsSinceLastLevel": 1583, "playerId": 21562, "championPointsUntilNextLevel": 2617, "tokensEarned": 0, "championId": 48, "lastPlayTime": 1460939645000}, {"championLevel": 2, "chestGranted": false, "championPoints": 3375, "championPointsSinceLastLevel": 1575, "playerId": 21562, "championPointsUntilNextLevel": 2625, "tokensEarned": 0, "championId": 1, "lastPlayTime": 1438411533000}, {"championLevel": 2, "chestGranted": false, "championPoints": 3272, "championPointsSinceLastLevel": 1472, "playerId": 21562, "championPointsUntilNextLevel": 2728, "tokensEarned": 0, "championId": 86, "lastPlayTime": 1467257404000}, {"championLevel": 2, "chestGranted": false, "championPoints": 3223, "championPointsSinceLastLevel": 1423, "playerId": 21562, "championPointsUntilNextLevel": 2777, "tokensEarned": 0, "championId": 41, "lastPlayTime": 1466105881000}, {"championLevel": 2, "chestGranted": false, "championPoints": 3030, "championPointsSinceLastLevel": 1230, "playerId": 21562, "championPointsUntilNextLevel": 2970, "tokensEarned": 0, "championId": 51, "lastPlayTime": 1467691396000}, {"championLevel": 2, "chestGranted": false, "championPoints": 2884, "championPointsSinceLastLevel": 1084, "playerId": 21562, "championPointsUntilNextLevel": 3116, "tokensEarned": 0, "championId": 14, "lastPlayTime": 1464663687000}, {"championLevel": 2, "chestGranted": false, "championPoints": 2755, "championPointsSinceLastLevel": 955, "playerId": 21562, "championPointsUntilNextLevel": 3245, "tokensEarned": 0, "championId": 10, "lastPlayTime": 1463783118000}, {"championLevel": 2, "chestGranted": false, "championPoints": 2581, "championPointsSinceLastLevel": 781, "playerId": 21562, "championPointsUntilNextLevel": 3419, "tokensEarned": 0, "championId": 98, "lastPlayTime": 1462908268000}, {"championLevel": 2, "chestGranted": false, "championPoints": 2262, "championPointsSinceLastLevel": 462, "playerId": 21562, "championPointsUntilNextLevel": 3738, "tokensEarned": 0, "championId": 267, "lastPlayTime": 1467258936000}, {"championLevel": 2, "chestGranted": false, "championPoints": 2192, "championPointsSinceLastLevel": 392, "playerId": 21562, "championPointsUntilNextLevel": 3808, "tokensEarned": 0, "championId": 105, "lastPlayTime": 1467178481000}, {"championLevel": 2, "chestGranted": true, "championPoints": 2120, "championPointsSinceLastLevel": 320, "playerId": 21562, "championPointsUntilNextLevel": 3880, "tokensEarned": 0, "championId": 57, "lastPlayTime": 1463881582000}, {"championLevel": 2, "chestGranted": true, "championPoints": 2073, "championPointsSinceLastLevel": 273, "playerId": 21562, "championPointsUntilNextLevel": 3927, "tokensEarned": 0, "championId": 42, "lastPlayTime": 1468367683000}, {"championLevel": 2, "chestGranted": false, "championPoints": 2005, "championPointsSinceLastLevel": 205, "playerId": 21562, "championPointsUntilNextLevel": 3995, "tokensEarned": 0, "championId": 74, "lastPlayTime": 1467689514000}, {"championLevel": 1, "chestGranted": false, "championPoints": 1720, "championPointsSinceLastLevel": 1720, "playerId": 21562, "championPointsUntilNextLevel": 80, "tokensEarned": 0, "championId": 28, "lastPlayTime": 1463968849000}, {"championLevel": 1, "chestGranted": false, "championPoints": 1704, "championPointsSinceLastLevel": 1704, "playerId": 21562, "championPointsUntilNextLevel": 96, "tokensEarned": 0, "championId": 39, "lastPlayTime": 1447813102000}, {"championLevel": 1, "chestGranted": false, "championPoints": 1624, "championPointsSinceLastLevel": 1624, "playerId": 21562, "championPointsUntilNextLevel": 176, "tokensEarned": 0, "championId": 36, "lastPlayTime": 1466116328000}, {"championLevel": 1, "chestGranted": false, "championPoints": 1570, "championPointsSinceLastLevel": 1570, "playerId": 21562, "championPointsUntilNextLevel": 230, "tokensEarned": 0, "championId": 112, "lastPlayTime": 1442030982000}, {"championLevel": 1, "chestGranted": false, "championPoints": 1556, "championPointsSinceLastLevel": 1556, "playerId": 21562, "championPointsUntilNextLevel": 244, "tokensEarned": 0, "championId": 38, "lastPlayTime": 1468376947000}, {"championLevel": 1, "chestGranted": false, "championPoints": 1555, "championPointsSinceLastLevel": 1555, "playerId": 21562, "championPointsUntilNextLevel": 245, "tokensEarned": 0, "championId": 117, "lastPlayTime": 1461386250000}, {"championLevel": 1, "chestGranted": true, "championPoints": 1243, "championPointsSinceLastLevel": 1243, "playerId": 21562, "championPointsUntilNextLevel": 557, "tokensEarned": 0, "championId": 45, "lastPlayTime": 1466574368000}, {"championLevel": 1, "chestGranted": false, "championPoints": 1083, "championPointsSinceLastLevel": 1083, "playerId": 21562, "championPointsUntilNextLevel": 717, "tokensEarned": 0, "championId": 27, "lastPlayTime": 1460339250000}, {"championLevel": 1, "chestGranted": false, "championPoints": 989, "championPointsSinceLastLevel": 989, "playerId": 21562, "championPointsUntilNextLevel": 811, "tokensEarned": 0, "championId": 99, "lastPlayTime": 1468469879000}, {"championLevel": 1, "chestGranted": true, "championPoints": 972, "championPointsSinceLastLevel": 972, "playerId": 21562, "championPointsUntilNextLevel": 828, "tokensEarned": 0, "championId": 223, "lastPlayTime": 1464743342000}, {"championLevel": 1, "chestGranted": false, "championPoints": 953, "championPointsSinceLastLevel": 953, "playerId": 21562, "championPointsUntilNextLevel": 847, "tokensEarned": 0, "championId": 67, "lastPlayTime": 1464741473000}, {"championLevel": 1, "chestGranted": false, "championPoints": 944, "championPointsSinceLastLevel": 944, "playerId": 21562, "championPointsUntilNextLevel": 856, "tokensEarned": 0, "championId": 37, "lastPlayTime": 1467862526000}, {"championLevel": 1, "chestGranted": false, "championPoints": 880, "championPointsSinceLastLevel": 880, "playerId": 21562, "championPointsUntilNextLevel": 920, "tokensEarned": 0, "championId": 3, "lastPlayTime": 1461357926000}, {"championLevel": 1, "chestGranted": false, "championPoints": 864, "championPointsSinceLastLevel": 864, "playerId": 21562, "championPointsUntilNextLevel": 936, "tokensEarned": 0, "championId": 68, "lastPlayTime": 1466107776000}, {"championLevel": 1, "chestGranted": false, "championPoints": 819, "championPointsSinceLastLevel": 819, "playerId": 21562, "championPointsUntilNextLevel": 981, "tokensEarned": 0, "championId": 83, "lastPlayTime": 1467868222000}, {"championLevel": 1, "chestGranted": false, "championPoints": 752, "championPointsSinceLastLevel": 752, "playerId": 21562, "championPointsUntilNextLevel": 1048, "tokensEarned": 0, "championId": 19, "lastPlayTime": 1460251278000}, {"championLevel": 1, "chestGranted": false, "championPoints": 735, "championPointsSinceLastLevel": 735, "playerId": 21562, "championPointsUntilNextLevel": 1065, "tokensEarned": 0, "championId": 34, "lastPlayTime": 1468638564000}, {"championLevel": 1, "chestGranted": false, "championPoints": 719, "championPointsSinceLastLevel": 719, "playerId": 21562, "championPointsUntilNextLevel": 1081, "tokensEarned": 0, "championId": 122, "lastPlayTime": 1460176810000}, {"championLevel": 1, "chestGranted": false, "championPoints": 651, "championPointsSinceLastLevel": 651, "playerId": 21562, "championPointsUntilNextLevel": 1149, "tokensEarned": 0, "championId": 26, "lastPlayTime": 1466096922000}, {"championLevel": 1, "chestGranted": false, "championPoints": 302, "championPointsSinceLastLevel": 302, "playerId": 21562, "championPointsUntilNextLevel": 1498, "tokensEarned": 0, "championId": 79, "lastPlayTime": 1463972317000}, {"championLevel": 1, "chestGranted": false, "championPoints": 271, "championPointsSinceLastLevel": 271, "playerId": 21562, "championPointsUntilNextLevel": 1529, "tokensEarned": 0, "championId": 2, "lastPlayTime": 1461277732000}, {"championLevel": 1, "chestGranted": false, "championPoints": 199, "championPointsSinceLastLevel": 199, "playerId": 21562, "championPointsUntilNextLevel": 1601, "tokensEarned": 0, "championId": 78, "lastPlayTime": 1467940148000}, {"championLevel": 1, "chestGranted": false, "championPoints": 198, "championPointsSinceLastLevel": 198, "playerId": 21562, "championPointsUntilNextLevel": 1602, "tokensEarned": 0, "championId": 85, "lastPlayTime": 1435974728000}, {"championLevel": 1, "chestGranted": false, "championPoints": 195, "championPointsSinceLastLevel": 195, "playerId": 21562, "championPointsUntilNextLevel": 1605, "tokensEarned": 0, "championId": 59, "lastPlayTime": 1437627047000}, {"championLevel": 1, "chestGranted": false, "championPoints": 188, "championPointsSinceLastLevel": 188, "playerId": 21562, "championPointsUntilNextLevel": 1612, "tokensEarned": 0, "championId": 96, "lastPlayTime": 1468640911000}, {"championLevel": 1, "chestGranted": false, "championPoints": 176, "championPointsSinceLastLevel": 176, "playerId": 21562, "championPointsUntilNextLevel": 1624, "tokensEarned": 0, "championId": 84, "lastPlayTime": 1468468069000}, {"championLevel": 1, "chestGranted": false, "championPoints": 166, "championPointsSinceLastLevel": 166, "playerId": 21562, "championPointsUntilNextLevel": 1634, "tokensEarned": 0, "championId": 75, "lastPlayTime": 1468041134000}, {"championLevel": 1, "chestGranted": false, "championPoints": 161, "championPointsSinceLastLevel": 161, "playerId": 21562, "championPointsUntilNextLevel": 1639, "tokensEarned": 0, "championId": 21, "lastPlayTime": 1468387071000}, {"championLevel": 1, "chestGranted": false, "championPoints": 136, "championPointsSinceLastLevel": 136, "playerId": 21562, "championPointsUntilNextLevel": 1664, "tokensEarned": 0, "championId": 136, "lastPlayTime": 1460770918000}, {"championLevel": 1, "chestGranted": false, "championPoints": 130, "championPointsSinceLastLevel": 130, "playerId": 21562, "championPointsUntilNextLevel": 1670, "tokensEarned": 0, "championId": 62, "lastPlayTime": 1467781841000}, {"championLevel": 1, "chestGranted": false, "championPoints": 129, "championPointsSinceLastLevel": 129, "playerId": 21562, "championPointsUntilNextLevel": 1671, "tokensEarned": 0, "championId": 33, "lastPlayTime": 1460170253000}, {"championLevel": 1, "chestGranted": false, "championPoints": 126, "championPointsSinceLastLevel": 126, "playerId": 21562, "championPointsUntilNextLevel": 1674, "tokensEarned": 0, "championId": 20, "lastPlayTime": 1467952166000}]