[{"championLevel": 7, "chestGranted": true, "championPoints": 76328, "championPointsSinceLastLevel": 54728, "playerId": 21565, "championPointsUntilNextLevel": 0, "tokensEarned": 0, "championId": 99, "lastPlayTime": 1469001677000}, {"championLevel": 5, "chestGranted": true, "championPoints": 59348, "championPointsSinceLastLevel": 37748, "playerId": 21565, "championPointsUntilNextLevel": 0, "tokensEarned": 1, "championId": 4, "lastPlayTime": 1468293440000}, {"championLevel": 5, "chestGranted": false, "championPoints": 48923, "championPointsSinceLastLevel": 27323, "playerId": 21565, "championPointsUntilNextLevel": 0, "tokensEarned": 0, "championId": 64, "lastPlayTime": 1467093756000}, {"championLevel": 5, "chestGranted": true, "championPoints": 41023, "championPointsSinceLastLevel": 19423, "playerId": 21565, "championPointsUntilNextLevel": 0, "tokensEarned": 0, "championId": 67, "lastPlayTime": 1459019295000}, {"championLevel": 5, "chestGranted": true, "championPoints": 39541, "championPointsSinceLastLevel": 17941, "playerId": 21565, "championPointsUntilNextLevel": 0, "tokensEarned": 1, "championId": 53, "lastPlayTime": 1468116440000}, {"championLevel": 5, "chestGranted": true, "championPoints": 37487, "championPointsSinceLastLevel": 15887, "playerId": 21565, "championPointsUntilNextLevel": 0, "tokensEarned": 0, "championId": 111, "lastPlayTime": 1464055254000}, {"championLevel": 5, "chestGranted": false, "championPoints": 29446, "championPointsSinceLastLevel": 7846, "playerId": 21565, "championPointsUntilNextLevel": 0, "tokensEarned": 0, "championId": 27, "lastPlayTime": 1466807908000}, {"championLevel": 5, "chestGranted": false, "championPoints": 27098, "championPointsSinceLastLevel": 5498, "playerId": 21565, "championPointsUntilNextLevel": 0, "tokensEarned": 0, "championId": 157, "lastPlayTime": 1466222410000}, {"championLevel": 6, "chestGranted": true, "championPoints": 26568, "championPointsSinceLastLevel": 4968, "playerId": 21565, "championPointsUntilNextLevel": 0, "tokensEarned": 0, "championId": 9, "lastPlayTime": 1467592255000}, {"championLevel": 5, "chestGranted": true, "championPoints": 26437, "championPointsSinceLastLevel": 4837, "playerId": 21565, "championPointsUntilNextLevel": 0, "tokensEarned": 0, "championId": 8, "lastPlayTime": 1462591167000}, {"championLevel": 5, "chestGranted": false, "championPoints": 26095, "championPointsSinceLastLevel": 4495, "playerId": 21565, "championPointsUntilNextLevel": 0, "tokensEarned": 1, "championId": 110, "lastPlayTime": 1464497206000}, {"championLevel": 4, "chestGranted": true, "championPoints": 21531, "championPointsSinceLastLevel": 8931, "playerId": 21565, "championPointsUntilNextLevel": 69, "tokensEarned": 0, "championId": 25, "lastPlayTime": 1467095269000}, {"championLevel": 4, "chestGranted": true, "championPoints": 20410, "championPointsSinceLastLevel": 7810, "playerId": 21565, "championPointsUntilNextLevel": 1190, "tokensEarned": 0, "championId": 81, "lastPlayTime": 1468899447000}, {"championLevel": 4, "chestGranted": false, "championPoints": 19985, "championPointsSinceLastLevel": 7385, "playerId": 21565, "championPointsUntilNextLevel": 1615, "tokensEarned": 0, "championId": 13, "lastPlayTime": 1468456638000}, {"championLevel": 4, "chestGranted": true, "championPoints": 19908, "championPointsSinceLastLevel": 7308, "playerId": 21565, "championPointsUntilNextLevel": 1692, "tokensEarned": 0, "championId": 17, "lastPlayTime": 1468217790000}, {"championLevel": 4, "chestGranted": false, "championPoints": 19471, "championPointsSinceLastLevel": 6871, "playerId": 21565, "championPointsUntilNextLevel": 2129, "tokensEarned": 0, "championId": 432, "lastPlayTime": 1463556156000}, {"championLevel": 4, "chestGranted": false, "championPoints": 18935, "championPointsSinceLastLevel": 6335, "playerId": 21565, "championPointsUntilNextLevel": 2665, "tokensEarned": 0, "championId": 236, "lastPlayTime": 1463673154000}, {"championLevel": 4, "chestGranted": false, "championPoints": 18546, "championPointsSinceLastLevel": 5946, "playerId": 21565, "championPointsUntilNextLevel": 3054, "tokensEarned": 0, "championId": 202, "lastPlayTime": 1467092168000}, {"championLevel": 4, "chestGranted": false, "championPoints": 18213, "championPointsSinceLastLevel": 5613, "playerId": 21565, "championPointsUntilNextLevel": 3387, "tokensEarned": 0, "championId": 48, "lastPlayTime": 1464664036000}, {"championLevel": 4, "chestGranted": false, "championPoints": 17288, "championPointsSinceLastLevel": 4688, "playerId": 21565, "championPointsUntilNextLevel": 4312, "tokensEarned": 0, "championId": 105, "lastPlayTime": 1463768982000}, {"championLevel": 4, "chestGranted": false, "championPoints": 15810, "championPointsSinceLastLevel": 3210, "playerId": 21565, "championPointsUntilNextLevel": 5790, "tokensEarned": 0, "championId": 98, "lastPlayTime": 1463030651000}, {"championLevel": 4, "chestGranted": true, "championPoints": 14659, "championPointsSinceLastLevel": 2059, "playerId": 21565, "championPointsUntilNextLevel": 6941, "tokensEarned": 0, "championId": 412, "lastPlayTime": 1469145489000}, {"championLevel": 4, "chestGranted": false, "championPoints": 14557, "championPointsSinceLastLevel": 1957, "playerId": 21565, "championPointsUntilNextLevel": 7043, "tokensEarned": 0, "championId": 90, "lastPlayTime": 1463174688000}, {"championLevel": 4, "chestGranted": false, "championPoints": 14503, "championPointsSinceLastLevel": 1903, "playerId": 21565, "championPointsUntilNextLevel": 7097, "tokensEarned": 0, "championId": 104, "lastPlayTime": 1464147746000}, {"championLevel": 3, "chestGranted": true, "championPoints": 12511, "championPointsSinceLastLevel": 6511, "playerId": 21565, "championPointsUntilNextLevel": 89, "tokensEarned": 0, "championId": 245, "lastPlayTime": 1466826876000}, {"championLevel": 3, "chestGranted": true, "championPoints": 11997, "championPointsSinceLastLevel": 5997, "playerId": 21565, "championPointsUntilNextLevel": 603, "tokensEarned": 0, "championId": 10, "lastPlayTime": 1460932347000}, {"championLevel": 3, "chestGranted": true, "championPoints": 10894, "championPointsSinceLastLevel": 4894, "playerId": 21565, "championPointsUntilNextLevel": 1706, "tokensEarned": 0, "championId": 15, "lastPlayTime": 1468617253000}, {"championLevel": 3, "chestGranted": false, "championPoints": 10680, "championPointsSinceLastLevel": 4680, "playerId": 21565, "championPointsUntilNextLevel": 1920, "tokensEarned": 0, "championId": 103, "lastPlayTime": 1450131425000}, {"championLevel": 3, "chestGranted": false, "championPoints": 9396, "championPointsSinceLastLevel": 3396, "playerId": 21565, "championPointsUntilNextLevel": 3204, "tokensEarned": 0, "championId": 32, "lastPlayTime": 1468277128000}, {"championLevel": 3, "chestGranted": false, "championPoints": 9251, "championPointsSinceLastLevel": 3251, "playerId": 21565, "championPointsUntilNextLevel": 3349, "tokensEarned": 0, "championId": 54, "lastPlayTime": 1464075294000}, {"championLevel": 3, "chestGranted": false, "championPoints": 9063, "championPointsSinceLastLevel": 3063, "playerId": 21565, "championPointsUntilNextLevel": 3537, "tokensEarned": 0, "championId": 20, "lastPlayTime": 1469066621000}, {"championLevel": 3, "chestGranted": false, "championPoints": 8139, "championPointsSinceLastLevel": 2139, "playerId": 21565, "championPointsUntilNextLevel": 4461, "tokensEarned": 0, "championId": 45, "lastPlayTime": 1461280784000}, {"championLevel": 3, "chestGranted": false, "championPoints": 7710, "championPointsSinceLastLevel": 1710, "playerId": 21565, "championPointsUntilNextLevel": 4890, "tokensEarned": 0, "championId": 18, "lastPlayTime": 1468458693000}, {"championLevel": 3, "chestGranted": false, "championPoints": 7499, "championPointsSinceLastLevel": 1499, "playerId": 21565, "championPointsUntilNextLevel": 5101, "tokensEarned": 0, "championId": 75, "lastPlayTime": 1459898673000}, {"championLevel": 3, "chestGranted": false, "championPoints": 7284, "championPointsSinceLastLevel": 1284, "playerId": 21565, "championPointsUntilNextLevel": 5316, "tokensEarned": 0, "championId": 268, "lastPlayTime": 1466380779000}, {"championLevel": 3, "chestGranted": false, "championPoints": 7277, "championPointsSinceLastLevel": 1277, "playerId": 21565, "championPointsUntilNextLevel": 5323, "tokensEarned": 0, "championId": 102, "lastPlayTime": 1461459687000}, {"championLevel": 3, "chestGranted": false, "championPoints": 6948, "championPointsSinceLastLevel": 948, "playerId": 21565, "championPointsUntilNextLevel": 5652, "tokensEarned": 0, "championId": 12, "lastPlayTime": 1468524761000}, {"championLevel": 3, "chestGranted": false, "championPoints": 6729, "championPointsSinceLastLevel": 729, "playerId": 21565, "championPointsUntilNextLevel": 5871, "tokensEarned": 0, "championId": 19, "lastPlayTime": 1466732791000}, {"championLevel": 3, "chestGranted": false, "championPoints": 6635, "championPointsSinceLastLevel": 635, "playerId": 21565, "championPointsUntilNextLevel": 5965, "tokensEarned": 0, "championId": 16, "lastPlayTime": 1462425966000}, {"championLevel": 3, "chestGranted": false, "championPoints": 6323, "championPointsSinceLastLevel": 323, "playerId": 21565, "championPointsUntilNextLevel": 6277, "tokensEarned": 0, "championId": 50, "lastPlayTime": 1464972955000}, {"championLevel": 3, "chestGranted": false, "championPoints": 6256, "championPointsSinceLastLevel": 256, "playerId": 21565, "championPointsUntilNextLevel": 6344, "tokensEarned": 0, "championId": 238, "lastPlayTime": 1466730611000}, {"championLevel": 3, "chestGranted": false, "championPoints": 6116, "championPointsSinceLastLevel": 116, "playerId": 21565, "championPointsUntilNextLevel": 6484, "tokensEarned": 0, "championId": 14, "lastPlayTime": 1468290580000}, {"championLevel": 2, "chestGranted": true, "championPoints": 5948, "championPointsSinceLastLevel": 4148, "playerId": 21565, "championPointsUntilNextLevel": 52, "tokensEarned": 0, "championId": 86, "lastPlayTime": 1469045579000}, {"championLevel": 2, "chestGranted": false, "championPoints": 5690, "championPointsSinceLastLevel": 3890, "playerId": 21565, "championPointsUntilNextLevel": 310, "tokensEarned": 0, "championId": 222, "lastPlayTime": 1467136470000}, {"championLevel": 2, "chestGranted": false, "championPoints": 5612, "championPointsSinceLastLevel": 3812, "playerId": 21565, "championPointsUntilNextLevel": 388, "tokensEarned": 0, "championId": 59, "lastPlayTime": 1468734761000}, {"championLevel": 2, "chestGranted": false, "championPoints": 5460, "championPointsSinceLastLevel": 3660, "playerId": 21565, "championPointsUntilNextLevel": 540, "tokensEarned": 0, "championId": 77, "lastPlayTime": 1458766046000}, {"championLevel": 2, "chestGranted": false, "championPoints": 5449, "championPointsSinceLastLevel": 3649, "playerId": 21565, "championPointsUntilNextLevel": 551, "tokensEarned": 0, "championId": 85, "lastPlayTime": 1467311011000}, {"championLevel": 2, "chestGranted": false, "championPoints": 5280, "championPointsSinceLastLevel": 3480, "playerId": 21565, "championPointsUntilNextLevel": 720, "tokensEarned": 0, "championId": 79, "lastPlayTime": 1469063039000}, {"championLevel": 2, "chestGranted": false, "championPoints": 4991, "championPointsSinceLastLevel": 3191, "playerId": 21565, "championPointsUntilNextLevel": 1009, "tokensEarned": 0, "championId": 42, "lastPlayTime": 1466710913000}, {"championLevel": 2, "chestGranted": true, "championPoints": 4983, "championPointsSinceLastLevel": 3183, "playerId": 21565, "championPointsUntilNextLevel": 1017, "tokensEarned": 0, "championId": 41, "lastPlayTime": 1461966447000}, {"championLevel": 2, "chestGranted": false, "championPoints": 4834, "championPointsSinceLastLevel": 3034, "playerId": 21565, "championPointsUntilNextLevel": 1166, "tokensEarned": 0, "championId": 83, "lastPlayTime": 1467493109000}, {"championLevel": 2, "chestGranted": false, "championPoints": 4728, "championPointsSinceLastLevel": 2928, "playerId": 21565, "championPointsUntilNextLevel": 1272, "tokensEarned": 0, "championId": 76, "lastPlayTime": 1466910445000}, {"championLevel": 2, "chestGranted": true, "championPoints": 4554, "championPointsSinceLastLevel": 2754, "playerId": 21565, "championPointsUntilNextLevel": 1446, "tokensEarned": 0, "championId": 26, "lastPlayTime": 1461393639000}, {"championLevel": 2, "chestGranted": false, "championPoints": 4470, "championPointsSinceLastLevel": 2670, "playerId": 21565, "championPointsUntilNextLevel": 1530, "tokensEarned": 0, "championId": 21, "lastPlayTime": 1460067160000}, {"championLevel": 2, "chestGranted": false, "championPoints": 4229, "championPointsSinceLastLevel": 2429, "playerId": 21565, "championPointsUntilNextLevel": 1771, "tokensEarned": 0, "championId": 122, "lastPlayTime": 1461372299000}, {"championLevel": 2, "chestGranted": true, "championPoints": 4124, "championPointsSinceLastLevel": 2324, "playerId": 21565, "championPointsUntilNextLevel": 1876, "tokensEarned": 0, "championId": 37, "lastPlayTime": 1468736987000}, {"championLevel": 2, "chestGranted": false, "championPoints": 4084, "championPointsSinceLastLevel": 2284, "playerId": 21565, "championPointsUntilNextLevel": 1916, "tokensEarned": 0, "championId": 35, "lastPlayTime": 1466400491000}, {"championLevel": 2, "chestGranted": false, "championPoints": 3648, "championPointsSinceLastLevel": 1848, "playerId": 21565, "championPointsUntilNextLevel": 2352, "tokensEarned": 0, "championId": 121, "lastPlayTime": 1450985334000}, {"championLevel": 2, "chestGranted": true, "championPoints": 3534, "championPointsSinceLastLevel": 1734, "playerId": 21565, "championPointsUntilNextLevel": 2466, "tokensEarned": 0, "championId": 96, "lastPlayTime": 1463165736000}, {"championLevel": 2, "chestGranted": false, "championPoints": 3464, "championPointsSinceLastLevel": 1664, "playerId": 21565, "championPointsUntilNextLevel": 2536, "tokensEarned": 0, "championId": 43, "lastPlayTime": 1462681974000}, {"championLevel": 2, "chestGranted": false, "championPoints": 3297, "championPointsSinceLastLevel": 1497, "playerId": 21565, "championPointsUntilNextLevel": 2703, "tokensEarned": 0, "championId": 101, "lastPlayTime": 1464696202000}, {"championLevel": 2, "chestGranted": false, "championPoints": 3148, "championPointsSinceLastLevel": 1348, "playerId": 21565, "championPointsUntilNextLevel": 2852, "tokensEarned": 0, "championId": 56, "lastPlayTime": 1458099033000}, {"championLevel": 2, "chestGranted": false, "championPoints": 2933, "championPointsSinceLastLevel": 1133, "playerId": 21565, "championPointsUntilNextLevel": 3067, "tokensEarned": 0, "championId": 55, "lastPlayTime": 1468120018000}, {"championLevel": 2, "chestGranted": true, "championPoints": 2919, "championPointsSinceLastLevel": 1119, "playerId": 21565, "championPointsUntilNextLevel": 3081, "tokensEarned": 0, "championId": 30, "lastPlayTime": 1460769905000}, {"championLevel": 2, "chestGranted": false, "championPoints": 2742, "championPointsSinceLastLevel": 942, "playerId": 21565, "championPointsUntilNextLevel": 3258, "tokensEarned": 0, "championId": 28, "lastPlayTime": 1461357999000}, {"championLevel": 2, "chestGranted": false, "championPoints": 2617, "championPointsSinceLastLevel": 817, "playerId": 21565, "championPointsUntilNextLevel": 3383, "tokensEarned": 0, "championId": 22, "lastPlayTime": 1461735744000}, {"championLevel": 2, "chestGranted": false, "championPoints": 2586, "championPointsSinceLastLevel": 786, "playerId": 21565, "championPointsUntilNextLevel": 3414, "tokensEarned": 0, "championId": 127, "lastPlayTime": 1457323095000}, {"championLevel": 2, "chestGranted": false, "championPoints": 2549, "championPointsSinceLastLevel": 749, "playerId": 21565, "championPointsUntilNextLevel": 3451, "tokensEarned": 0, "championId": 80, "lastPlayTime": 1450068780000}, {"championLevel": 2, "chestGranted": false, "championPoints": 2535, "championPointsSinceLastLevel": 735, "playerId": 21565, "championPointsUntilNextLevel": 3465, "tokensEarned": 0, "championId": 40, "lastPlayTime": 1468566354000}, {"championLevel": 2, "chestGranted": false, "championPoints": 2369, "championPointsSinceLastLevel": 569, "playerId": 21565, "championPointsUntilNextLevel": 3631, "tokensEarned": 0, "championId": 7, "lastPlayTime": 1457579156000}, {"championLevel": 2, "chestGranted": false, "championPoints": 2086, "championPointsSinceLastLevel": 286, "playerId": 21565, "championPointsUntilNextLevel": 3914, "tokensEarned": 0, "championId": 44, "lastPlayTime": 1459896830000}, {"championLevel": 1, "chestGranted": false, "championPoints": 1660, "championPointsSinceLastLevel": 1660, "playerId": 21565, "championPointsUntilNextLevel": 140, "tokensEarned": 0, "championId": 133, "lastPlayTime": 1458535448000}, {"championLevel": 1, "chestGranted": false, "championPoints": 1513, "championPointsSinceLastLevel": 1513, "playerId": 21565, "championPointsUntilNextLevel": 287, "tokensEarned": 0, "championId": 38, "lastPlayTime": 1441321735000}, {"championLevel": 1, "chestGranted": false, "championPoints": 1496, "championPointsSinceLastLevel": 1496, "playerId": 21565, "championPointsUntilNextLevel": 304, "tokensEarned": 0, "championId": 112, "lastPlayTime": 1442974876000}, {"championLevel": 1, "chestGranted": false, "championPoints": 1383, "championPointsSinceLastLevel": 1383, "playerId": 21565, "championPointsUntilNextLevel": 417, "tokensEarned": 0, "championId": 51, "lastPlayTime": 1461537732000}, {"championLevel": 1, "chestGranted": false, "championPoints": 1365, "championPointsSinceLastLevel": 1365, "playerId": 21565, "championPointsUntilNextLevel": 435, "tokensEarned": 0, "championId": 154, "lastPlayTime": 1459098873000}, {"championLevel": 1, "chestGranted": false, "championPoints": 1358, "championPointsSinceLastLevel": 1358, "playerId": 21565, "championPointsUntilNextLevel": 442, "tokensEarned": 0, "championId": 203, "lastPlayTime": 1458528747000}, {"championLevel": 1, "chestGranted": false, "championPoints": 1233, "championPointsSinceLastLevel": 1233, "playerId": 21565, "championPointsUntilNextLevel": 567, "tokensEarned": 0, "championId": 23, "lastPlayTime": 1461557968000}, {"championLevel": 1, "chestGranted": false, "championPoints": 1199, "championPointsSinceLastLevel": 1199, "playerId": 21565, "championPointsUntilNextLevel": 601, "tokensEarned": 0, "championId": 117, "lastPlayTime": 1439319332000}, {"championLevel": 1, "chestGranted": false, "championPoints": 1074, "championPointsSinceLastLevel": 1074, "playerId": 21565, "championPointsUntilNextLevel": 726, "tokensEarned": 0, "championId": 39, "lastPlayTime": 1452126972000}, {"championLevel": 1, "chestGranted": false, "championPoints": 1014, "championPointsSinceLastLevel": 1014, "playerId": 21565, "championPointsUntilNextLevel": 786, "tokensEarned": 0, "championId": 420, "lastPlayTime": 1462582803000}, {"championLevel": 1, "chestGranted": false, "championPoints": 982, "championPointsSinceLastLevel": 982, "playerId": 21565, "championPointsUntilNextLevel": 818, "tokensEarned": 0, "championId": 36, "lastPlayTime": 1466660816000}, {"championLevel": 1, "chestGranted": false, "championPoints": 907, "championPointsSinceLastLevel": 907, "playerId": 21565, "championPointsUntilNextLevel": 893, "tokensEarned": 0, "championId": 72, "lastPlayTime": 1433790713000}, {"championLevel": 1, "chestGranted": false, "championPoints": 904, "championPointsSinceLastLevel": 904, "playerId": 21565, "championPointsUntilNextLevel": 896, "tokensEarned": 0, "championId": 84, "lastPlayTime": 1461385077000}, {"championLevel": 1, "chestGranted": false, "championPoints": 833, "championPointsSinceLastLevel": 833, "playerId": 21565, "championPointsUntilNextLevel": 967, "tokensEarned": 0, "championId": 107, "lastPlayTime": 1451008255000}, {"championLevel": 1, "chestGranted": false, "championPoints": 541, "championPointsSinceLastLevel": 541, "playerId": 21565, "championPointsUntilNextLevel": 1259, "tokensEarned": 0, "championId": 1, "lastPlayTime": 1466402119000}, {"championLevel": 1, "chestGranted": false, "championPoints": 488, "championPointsSinceLastLevel": 488, "playerId": 21565, "championPointsUntilNextLevel": 1312, "tokensEarned": 0, "championId": 31, "lastPlayTime": 1450642866000}, {"championLevel": 1, "chestGranted": false, "championPoints": 446, "championPointsSinceLastLevel": 446, "playerId": 21565, "championPointsUntilNextLevel": 1354, "tokensEarned": 0, "championId": 34, "lastPlayTime": 1460744962000}, {"championLevel": 1, "chestGranted": false, "championPoints": 445, "championPointsSinceLastLevel": 445, "playerId": 21565, "championPointsUntilNextLevel": 1355, "tokensEarned": 0, "championId": 11, "lastPlayTime": 1464580508000}, {"championLevel": 1, "chestGranted": false, "championPoints": 425, "championPointsSinceLastLevel": 425, "playerId": 21565, "championPointsUntilNextLevel": 1375, "tokensEarned": 0, "championId": 267, "lastPlayTime": 1455948114000}, {"championLevel": 1, "chestGranted": false, "championPoints": 360, "championPointsSinceLastLevel": 360, "playerId": 21565, "championPointsUntilNextLevel": 1440, "tokensEarned": 0, "championId": 24, "lastPlayTime": 1457643006000}, {"championLevel": 1, "chestGranted": false, "championPoints": 342, "championPointsSinceLastLevel": 342, "playerId": 21565, "championPointsUntilNextLevel": 1458, "tokensEarned": 0, "championId": 29, "lastPlayTime": 1466729102000}, {"championLevel": 1, "chestGranted": false, "championPoints": 327, "championPointsSinceLastLevel": 327, "playerId": 21565, "championPointsUntilNextLevel": 1473, "tokensEarned": 0, "championId": 33, "lastPlayTime": 1466836227000}, {"championLevel": 1, "chestGranted": false, "championPoints": 309, "championPointsSinceLastLevel": 309, "playerId": 21565, "championPointsUntilNextLevel": 1491, "tokensEarned": 0, "championId": 58, "lastPlayTime": 1458936936000}, {"championLevel": 1, "chestGranted": false, "championPoints": 259, "championPointsSinceLastLevel": 259, "playerId": 21565, "championPointsUntilNextLevel": 1541, "tokensEarned": 0, "championId": 89, "lastPlayTime": 1440219327000}, {"championLevel": 1, "chestGranted": false, "championPoints": 252, "championPointsSinceLastLevel": 252, "playerId": 21565, "championPointsUntilNextLevel": 1548, "tokensEarned": 0, "championId": 3, "lastPlayTime": 1438920558000}, {"championLevel": 1, "chestGranted": false, "championPoints": 212, "championPointsSinceLastLevel": 212, "playerId": 21565, "championPointsUntilNextLevel": 1588, "tokensEarned": 0, "championId": 78, "lastPlayTime": 1462594040000}, {"championLevel": 1, "chestGranted": false, "championPoints": 209, "championPointsSinceLastLevel": 209, "playerId": 21565, "championPointsUntilNextLevel": 1591, "tokensEarned": 0, "championId": 6, "lastPlayTime": 1454210796000}, {"championLevel": 1, "chestGranted": false, "championPoints": 154, "championPointsSinceLastLevel": 154, "playerId": 21565, "championPointsUntilNextLevel": 1646, "tokensEarned": 0, "championId": 429, "lastPlayTime": 1449983125000}, {"championLevel": 1, "chestGranted": false, "championPoints": 153, "championPointsSinceLastLevel": 153, "playerId": 21565, "championPointsUntilNextLevel": 1647, "tokensEarned": 0, "championId": 113, "lastPlayTime": 1435354590000}, {"championLevel": 1, "chestGranted": false, "championPoints": 151, "championPointsSinceLastLevel": 151, "playerId": 21565, "championPointsUntilNextLevel": 1649, "tokensEarned": 0, "championId": 57, "lastPlayTime": 1462587647000}]