[{"championLevel": 3, "chestGranted": true, "championPoints": 10966, "championPointsSinceLastLevel": 4966, "playerId": 21560, "championPointsUntilNextLevel": 1634, "tokensEarned": 0, "championId": 245, "lastPlayTime": 1465266239000}, {"championLevel": 3, "chestGranted": false, "championPoints": 8759, "championPointsSinceLastLevel": 2759, "playerId": 21560, "championPointsUntilNextLevel": 3841, "tokensEarned": 0, "championId": 61, "lastPlayTime": 1449177579000}, {"championLevel": 3, "chestGranted": false, "championPoints": 8708, "championPointsSinceLastLevel": 2708, "playerId": 21560, "championPointsUntilNextLevel": 3892, "tokensEarned": 0, "championId": 82, "lastPlayTime": 1463846201000}, {"championLevel": 3, "chestGranted": false, "championPoints": 6920, "championPointsSinceLastLevel": 920, "playerId": 21560, "championPointsUntilNextLevel": 5680, "tokensEarned": 0, "championId": 8, "lastPlayTime": 1464018966000}, {"championLevel": 2, "chestGranted": false, "championPoints": 5447, "championPointsSinceLastLevel": 3647, "playerId": 21560, "championPointsUntilNextLevel": 553, "tokensEarned": 0, "championId": 26, "lastPlayTime": 1453882229000}, {"championLevel": 2, "chestGranted": false, "championPoints": 4394, "championPointsSinceLastLevel": 2594, "playerId": 21560, "championPointsUntilNextLevel": 1606, "tokensEarned": 0, "championId": 134, "lastPlayTime": 1464469687000}, {"championLevel": 2, "chestGranted": true, "championPoints": 4126, "championPointsSinceLastLevel": 2326, "playerId": 21560, "championPointsUntilNextLevel": 1874, "tokensEarned": 0, "championId": 67, "lastPlayTime": 1464645650000}, {"championLevel": 2, "chestGranted": false, "championPoints": 3765, "championPointsSinceLastLevel": 1965, "playerId": 21560, "championPointsUntilNextLevel": 2235, "tokensEarned": 0, "championId": 105, "lastPlayTime": 1452211465000}, {"championLevel": 2, "chestGranted": false, "championPoints": 3716, "championPointsSinceLastLevel": 1916, "playerId": 21560, "championPointsUntilNextLevel": 2284, "tokensEarned": 0, "championId": 15, "lastPlayTime": 1457131859000}, {"championLevel": 2, "chestGranted": false, "championPoints": 2909, "championPointsSinceLastLevel": 1109, "playerId": 21560, "championPointsUntilNextLevel": 3091, "tokensEarned": 0, "championId": 150, "lastPlayTime": 1464468135000}, {"championLevel": 2, "chestGranted": false, "championPoints": 2845, "championPointsSinceLastLevel": 1045, "playerId": 21560, "championPointsUntilNextLevel": 3155, "tokensEarned": 0, "championId": 16, "lastPlayTime": 1464822157000}, {"championLevel": 2, "chestGranted": false, "championPoints": 2715, "championPointsSinceLastLevel": 915, "playerId": 21560, "championPointsUntilNextLevel": 3285, "tokensEarned": 0, "championId": 22, "lastPlayTime": 1449365782000}, {"championLevel": 2, "chestGranted": false, "championPoints": 2660, "championPointsSinceLastLevel": 860, "playerId": 21560, "championPointsUntilNextLevel": 3340, "tokensEarned": 0, "championId": 41, "lastPlayTime": 1463796495000}, {"championLevel": 2, "chestGranted": false, "championPoints": 2636, "championPointsSinceLastLevel": 836, "playerId": 21560, "championPointsUntilNextLevel": 3364, "tokensEarned": 0, "championId": 76, "lastPlayTime": 1463849269000}, {"championLevel": 2, "chestGranted": false, "championPoints": 2494, "championPointsSinceLastLevel": 694, "playerId": 21560, "championPointsUntilNextLevel": 3506, "tokensEarned": 0, "championId": 18, "lastPlayTime": 1464048992000}, {"championLevel": 2, "chestGranted": false, "championPoints": 2454, "championPointsSinceLastLevel": 654, "playerId": 21560, "championPointsUntilNextLevel": 3546, "tokensEarned": 0, "championId": 59, "lastPlayTime": 1450137328000}, {"championLevel": 2, "chestGranted": false, "championPoints": 2418, "championPointsSinceLastLevel": 618, "playerId": 21560, "championPointsUntilNextLevel": 3582, "tokensEarned": 0, "championId": 99, "lastPlayTime": 1441840855000}, {"championLevel": 2, "chestGranted": false, "championPoints": 2404, "championPointsSinceLastLevel": 604, "playerId": 21560, "championPointsUntilNextLevel": 3596, "tokensEarned": 0, "championId": 78, "lastPlayTime": 1461026412000}, {"championLevel": 2, "chestGranted": false, "championPoints": 2326, "championPointsSinceLastLevel": 526, "playerId": 21560, "championPointsUntilNextLevel": 3674, "tokensEarned": 0, "championId": 23, "lastPlayTime": 1447544528000}, {"championLevel": 2, "chestGranted": false, "championPoints": 2325, "championPointsSinceLastLevel": 525, "playerId": 21560, "championPointsUntilNextLevel": 3675, "tokensEarned": 0, "championId": 63, "lastPlayTime": 1437870978000}, {"championLevel": 2, "chestGranted": false, "championPoints": 2277, "championPointsSinceLastLevel": 477, "playerId": 21560, "championPointsUntilNextLevel": 3723, "tokensEarned": 0, "championId": 91, "lastPlayTime": 1464542705000}, {"championLevel": 2, "chestGranted": false, "championPoints": 2118, "championPointsSinceLastLevel": 318, "playerId": 21560, "championPointsUntilNextLevel": 3882, "tokensEarned": 0, "championId": 114, "lastPlayTime": 1432924608000}, {"championLevel": 1, "chestGranted": false, "championPoints": 1760, "championPointsSinceLastLevel": 1760, "playerId": 21560, "championPointsUntilNextLevel": 40, "tokensEarned": 0, "championId": 37, "lastPlayTime": 1463847592000}, {"championLevel": 1, "chestGranted": false, "championPoints": 1755, "championPointsSinceLastLevel": 1755, "playerId": 21560, "championPointsUntilNextLevel": 45, "tokensEarned": 0, "championId": 1, "lastPlayTime": 1431714229000}, {"championLevel": 1, "chestGranted": false, "championPoints": 1719, "championPointsSinceLastLevel": 1719, "playerId": 21560, "championPointsUntilNextLevel": 81, "tokensEarned": 0, "championId": 53, "lastPlayTime": 1450134409000}, {"championLevel": 1, "chestGranted": false, "championPoints": 1547, "championPointsSinceLastLevel": 1547, "playerId": 21560, "championPointsUntilNextLevel": 253, "tokensEarned": 0, "championId": 11, "lastPlayTime": 1447975654000}, {"championLevel": 1, "chestGranted": false, "championPoints": 1536, "championPointsSinceLastLevel": 1536, "playerId": 21560, "championPointsUntilNextLevel": 264, "tokensEarned": 0, "championId": 17, "lastPlayTime": 1452041071000}, {"championLevel": 1, "chestGranted": false, "championPoints": 1529, "championPointsSinceLastLevel": 1529, "playerId": 21560, "championPointsUntilNextLevel": 271, "tokensEarned": 0, "championId": 10, "lastPlayTime": 1450837163000}, {"championLevel": 1, "chestGranted": false, "championPoints": 1493, "championPointsSinceLastLevel": 1493, "playerId": 21560, "championPointsUntilNextLevel": 307, "tokensEarned": 0, "championId": 429, "lastPlayTime": 1464488431000}, {"championLevel": 1, "chestGranted": false, "championPoints": 1457, "championPointsSinceLastLevel": 1457, "playerId": 21560, "championPointsUntilNextLevel": 343, "tokensEarned": 0, "championId": 83, "lastPlayTime": 1447978496000}, {"championLevel": 1, "chestGranted": false, "championPoints": 1448, "championPointsSinceLastLevel": 1448, "playerId": 21560, "championPointsUntilNextLevel": 352, "tokensEarned": 0, "championId": 40, "lastPlayTime": 1464813147000}, {"championLevel": 1, "chestGranted": false, "championPoints": 1403, "championPointsSinceLastLevel": 1403, "playerId": 21560, "championPointsUntilNextLevel": 397, "tokensEarned": 0, "championId": 157, "lastPlayTime": 1442262359000}, {"championLevel": 1, "chestGranted": false, "championPoints": 1348, "championPointsSinceLastLevel": 1348, "playerId": 21560, "championPointsUntilNextLevel": 452, "tokensEarned": 0, "championId": 223, "lastPlayTime": 1438210342000}, {"championLevel": 1, "chestGranted": false, "championPoints": 1348, "championPointsSinceLastLevel": 1348, "playerId": 21560, "championPointsUntilNextLevel": 452, "tokensEarned": 0, "championId": 101, "lastPlayTime": 1440447712000}, {"championLevel": 1, "chestGranted": true, "championPoints": 1341, "championPointsSinceLastLevel": 1341, "playerId": 21560, "championPointsUntilNextLevel": 459, "tokensEarned": 0, "championId": 2, "lastPlayTime": 1464538055000}, {"championLevel": 1, "chestGranted": false, "championPoints": 1334, "championPointsSinceLastLevel": 1334, "playerId": 21560, "championPointsUntilNextLevel": 466, "tokensEarned": 0, "championId": 412, "lastPlayTime": 1441744464000}, {"championLevel": 1, "chestGranted": false, "championPoints": 1258, "championPointsSinceLastLevel": 1258, "playerId": 21560, "championPointsUntilNextLevel": 542, "tokensEarned": 0, "championId": 56, "lastPlayTime": 1440197203000}, {"championLevel": 1, "chestGranted": false, "championPoints": 1250, "championPointsSinceLastLevel": 1250, "playerId": 21560, "championPointsUntilNextLevel": 550, "tokensEarned": 0, "championId": 54, "lastPlayTime": 1464722828000}, {"championLevel": 1, "chestGranted": false, "championPoints": 1227, "championPointsSinceLastLevel": 1227, "playerId": 21560, "championPointsUntilNextLevel": 573, "tokensEarned": 0, "championId": 43, "lastPlayTime": 1464136769000}, {"championLevel": 1, "chestGranted": true, "championPoints": 1191, "championPointsSinceLastLevel": 1191, "playerId": 21560, "championPointsUntilNextLevel": 609, "tokensEarned": 0, "championId": 55, "lastPlayTime": 1464053272000}, {"championLevel": 1, "chestGranted": false, "championPoints": 1190, "championPointsSinceLastLevel": 1190, "playerId": 21560, "championPointsUntilNextLevel": 610, "tokensEarned": 0, "championId": 102, "lastPlayTime": 1435958811000}, {"championLevel": 1, "chestGranted": false, "championPoints": 1174, "championPointsSinceLastLevel": 1174, "playerId": 21560, "championPointsUntilNextLevel": 626, "tokensEarned": 0, "championId": 127, "lastPlayTime": 1442257427000}, {"championLevel": 1, "chestGranted": false, "championPoints": 1171, "championPointsSinceLastLevel": 1171, "playerId": 21560, "championPointsUntilNextLevel": 629, "tokensEarned": 0, "championId": 60, "lastPlayTime": 1432663366000}, {"championLevel": 1, "chestGranted": false, "championPoints": 1134, "championPointsSinceLastLevel": 1134, "playerId": 21560, "championPointsUntilNextLevel": 666, "tokensEarned": 0, "championId": 107, "lastPlayTime": 1432569085000}, {"championLevel": 1, "chestGranted": false, "championPoints": 1115, "championPointsSinceLastLevel": 1115, "playerId": 21560, "championPointsUntilNextLevel": 685, "tokensEarned": 0, "championId": 113, "lastPlayTime": 1435527418000}, {"championLevel": 1, "chestGranted": false, "championPoints": 845, "championPointsSinceLastLevel": 845, "playerId": 21560, "championPointsUntilNextLevel": 955, "tokensEarned": 0, "championId": 136, "lastPlayTime": 1463794891000}, {"championLevel": 1, "chestGranted": false, "championPoints": 820, "championPointsSinceLastLevel": 820, "playerId": 21560, "championPointsUntilNextLevel": 980, "tokensEarned": 0, "championId": 25, "lastPlayTime": 1464743515000}, {"championLevel": 1, "chestGranted": false, "championPoints": 547, "championPointsSinceLastLevel": 547, "playerId": 21560, "championPointsUntilNextLevel": 1253, "tokensEarned": 0, "championId": 117, "lastPlayTime": 1463428303000}, {"championLevel": 1, "chestGranted": false, "championPoints": 526, "championPointsSinceLastLevel": 526, "playerId": 21560, "championPointsUntilNextLevel": 1274, "tokensEarned": 0, "championId": 96, "lastPlayTime": 1447631229000}, {"championLevel": 1, "chestGranted": false, "championPoints": 486, "championPointsSinceLastLevel": 486, "playerId": 21560, "championPointsUntilNextLevel": 1314, "tokensEarned": 0, "championId": 12, "lastPlayTime": 1465676835000}, {"championLevel": 1, "chestGranted": false, "championPoints": 436, "championPointsSinceLastLevel": 436, "playerId": 21560, "championPointsUntilNextLevel": 1364, "tokensEarned": 0, "championId": 222, "lastPlayTime": 1449452799000}, {"championLevel": 1, "chestGranted": true, "championPoints": 288, "championPointsSinceLastLevel": 288, "playerId": 21560, "championPointsUntilNextLevel": 1512, "tokensEarned": 0, "championId": 121, "lastPlayTime": 1464726305000}, {"championLevel": 1, "chestGranted": false, "championPoints": 249, "championPointsSinceLastLevel": 249, "playerId": 21560, "championPointsUntilNextLevel": 1551, "tokensEarned": 0, "championId": 36, "lastPlayTime": 1432065519000}, {"championLevel": 1, "chestGranted": false, "championPoints": 241, "championPointsSinceLastLevel": 241, "playerId": 21560, "championPointsUntilNextLevel": 1559, "tokensEarned": 0, "championId": 21, "lastPlayTime": 1450480986000}, {"championLevel": 1, "chestGranted": false, "championPoints": 240, "championPointsSinceLastLevel": 240, "playerId": 21560, "championPointsUntilNextLevel": 1560, "tokensEarned": 0, "championId": 133, "lastPlayTime": 1450588346000}, {"championLevel": 1, "chestGranted": false, "championPoints": 234, "championPointsSinceLastLevel": 234, "playerId": 21560, "championPointsUntilNextLevel": 1566, "tokensEarned": 0, "championId": 32, "lastPlayTime": 1458256719000}, {"championLevel": 1, "chestGranted": false, "championPoints": 218, "championPointsSinceLastLevel": 218, "playerId": 21560, "championPointsUntilNextLevel": 1582, "tokensEarned": 0, "championId": 267, "lastPlayTime": 1438029463000}, {"championLevel": 1, "chestGranted": false, "championPoints": 215, "championPointsSinceLastLevel": 215, "playerId": 21560, "championPointsUntilNextLevel": 1585, "tokensEarned": 0, "championId": 254, "lastPlayTime": 1435551431000}, {"championLevel": 1, "chestGranted": false, "championPoints": 202, "championPointsSinceLastLevel": 202, "playerId": 21560, "championPointsUntilNextLevel": 1598, "tokensEarned": 0, "championId": 90, "lastPlayTime": 1449271962000}, {"championLevel": 1, "chestGranted": false, "championPoints": 198, "championPointsSinceLastLevel": 198, "playerId": 21560, "championPointsUntilNextLevel": 1602, "tokensEarned": 0, "championId": 24, "lastPlayTime": 1447600463000}, {"championLevel": 1, "chestGranted": false, "championPoints": 186, "championPointsSinceLastLevel": 186, "playerId": 21560, "championPointsUntilNextLevel": 1614, "tokensEarned": 0, "championId": 50, "lastPlayTime": 1444686363000}, {"championLevel": 1, "chestGranted": false, "championPoints": 175, "championPointsSinceLastLevel": 175, "playerId": 21560, "championPointsUntilNextLevel": 1625, "tokensEarned": 0, "championId": 238, "lastPlayTime": 1464731900000}, {"championLevel": 1, "chestGranted": false, "championPoints": 163, "championPointsSinceLastLevel": 163, "playerId": 21560, "championPointsUntilNextLevel": 1637, "tokensEarned": 0, "championId": 92, "lastPlayTime": 1431562196000}, {"championLevel": 1, "chestGranted": false, "championPoints": 156, "championPointsSinceLastLevel": 156, "playerId": 21560, "championPointsUntilNextLevel": 1644, "tokensEarned": 0, "championId": 122, "lastPlayTime": 1436661419000}, {"championLevel": 1, "chestGranted": false, "championPoints": 137, "championPointsSinceLastLevel": 137, "playerId": 21560, "championPointsUntilNextLevel": 1663, "tokensEarned": 0, "championId": 7, "lastPlayTime": 1464559609000}, {"championLevel": 1, "chestGranted": false, "championPoints": 126, "championPointsSinceLastLevel": 126, "playerId": 21560, "championPointsUntilNextLevel": 1674, "tokensEarned": 0, "championId": 420, "lastPlayTime": 1453689758000}, {"championLevel": 1, "chestGranted": false, "championPoints": 115, "championPointsSinceLastLevel": 115, "playerId": 21560, "championPointsUntilNextLevel": 1685, "tokensEarned": 0, "championId": 421, "lastPlayTime": 1464494549000}, {"championLevel": 1, "chestGranted": false, "championPoints": 111, "championPointsSinceLastLevel": 111, "playerId": 21560, "championPointsUntilNextLevel": 1689, "tokensEarned": 0, "championId": 161, "lastPlayTime": 1435531274000}]