[{"championLevel": 5, "chestGranted": false, "championPoints": 53088, "championPointsSinceLastLevel": 31488, "playerId": 21561, "championPointsUntilNextLevel": 0, "tokensEarned": 0, "championId": 67, "lastPlayTime": 1468545809000}, {"championLevel": 5, "chestGranted": true, "championPoints": 48670, "championPointsSinceLastLevel": 27070, "playerId": 21561, "championPointsUntilNextLevel": 0, "tokensEarned": 0, "championId": 86, "lastPlayTime": 1467938559000}, {"championLevel": 5, "chestGranted": false, "championPoints": 47889, "championPointsSinceLastLevel": 26289, "playerId": 21561, "championPointsUntilNextLevel": 0, "tokensEarned": 0, "championId": 104, "lastPlayTime": 1468965363000}, {"championLevel": 5, "chestGranted": true, "championPoints": 46015, "championPointsSinceLastLevel": 24415, "playerId": 21561, "championPointsUntilNextLevel": 0, "tokensEarned": 1, "championId": 90, "lastPlayTime": 1469132244000}, {"championLevel": 5, "chestGranted": true, "championPoints": 43861, "championPointsSinceLastLevel": 22261, "playerId": 21561, "championPointsUntilNextLevel": 0, "tokensEarned": 0, "championId": 81, "lastPlayTime": 1461421745000}, {"championLevel": 5, "chestGranted": false, "championPoints": 41845, "championPointsSinceLastLevel": 20245, "playerId": 21561, "championPointsUntilNextLevel": 0, "tokensEarned": 0, "championId": 51, "lastPlayTime": 1468704770000}, {"championLevel": 5, "chestGranted": false, "championPoints": 38936, "championPointsSinceLastLevel": 17336, "playerId": 21561, "championPointsUntilNextLevel": 0, "tokensEarned": 0, "championId": 238, "lastPlayTime": 1463964740000}, {"championLevel": 5, "chestGranted": false, "championPoints": 34322, "championPointsSinceLastLevel": 12722, "playerId": 21561, "championPointsUntilNextLevel": 0, "tokensEarned": 0, "championId": 236, "lastPlayTime": 1468207711000}, {"championLevel": 5, "chestGranted": false, "championPoints": 32214, "championPointsSinceLastLevel": 10614, "playerId": 21561, "championPointsUntilNextLevel": 0, "tokensEarned": 0, "championId": 53, "lastPlayTime": 1469142589000}, {"championLevel": 5, "chestGranted": false, "championPoints": 31544, "championPointsSinceLastLevel": 9944, "playerId": 21561, "championPointsUntilNextLevel": 0, "tokensEarned": 0, "championId": 64, "lastPlayTime": 1459197713000}, {"championLevel": 5, "chestGranted": false, "championPoints": 26988, "championPointsSinceLastLevel": 5388, "playerId": 21561, "championPointsUntilNextLevel": 0, "tokensEarned": 0, "championId": 157, "lastPlayTime": 1456615032000}, {"championLevel": 5, "chestGranted": false, "championPoints": 26050, "championPointsSinceLastLevel": 4450, "playerId": 21561, "championPointsUntilNextLevel": 0, "tokensEarned": 0, "championId": 58, "lastPlayTime": 1468276560000}, {"championLevel": 5, "chestGranted": false, "championPoints": 25465, "championPointsSinceLastLevel": 3865, "playerId": 21561, "championPointsUntilNextLevel": 0, "tokensEarned": 0, "championId": 114, "lastPlayTime": 1469125914000}, {"championLevel": 5, "chestGranted": true, "championPoints": 24507, "championPointsSinceLastLevel": 2907, "playerId": 21561, "championPointsUntilNextLevel": 0, "tokensEarned": 0, "championId": 245, "lastPlayTime": 1468824251000}, {"championLevel": 5, "chestGranted": false, "championPoints": 23099, "championPointsSinceLastLevel": 1499, "playerId": 21561, "championPointsUntilNextLevel": 0, "tokensEarned": 0, "championId": 122, "lastPlayTime": 1467177973000}, {"championLevel": 4, "chestGranted": false, "championPoints": 21082, "championPointsSinceLastLevel": 8482, "playerId": 21561, "championPointsUntilNextLevel": 518, "tokensEarned": 0, "championId": 254, "lastPlayTime": 1466746384000}, {"championLevel": 4, "chestGranted": false, "championPoints": 20941, "championPointsSinceLastLevel": 8341, "playerId": 21561, "championPointsUntilNextLevel": 659, "tokensEarned": 0, "championId": 222, "lastPlayTime": 1468896576000}, {"championLevel": 4, "chestGranted": true, "championPoints": 20867, "championPointsSinceLastLevel": 8267, "playerId": 21561, "championPointsUntilNextLevel": 733, "tokensEarned": 0, "championId": 150, "lastPlayTime": 1467744141000}, {"championLevel": 4, "chestGranted": false, "championPoints": 17432, "championPointsSinceLastLevel": 4832, "playerId": 21561, "championPointsUntilNextLevel": 4168, "tokensEarned": 0, "championId": 15, "lastPlayTime": 1467953255000}, {"championLevel": 4, "chestGranted": false, "championPoints": 17019, "championPointsSinceLastLevel": 4419, "playerId": 21561, "championPointsUntilNextLevel": 4581, "tokensEarned": 0, "championId": 102, "lastPlayTime": 1461528131000}, {"championLevel": 4, "chestGranted": false, "championPoints": 16324, "championPointsSinceLastLevel": 3724, "playerId": 21561, "championPointsUntilNextLevel": 5276, "tokensEarned": 0, "championId": 92, "lastPlayTime": 1460324064000}, {"championLevel": 4, "chestGranted": true, "championPoints": 16010, "championPointsSinceLastLevel": 3410, "playerId": 21561, "championPointsUntilNextLevel": 5590, "tokensEarned": 0, "championId": 31, "lastPlayTime": 1459736112000}, {"championLevel": 4, "chestGranted": false, "championPoints": 14851, "championPointsSinceLastLevel": 2251, "playerId": 21561, "championPointsUntilNextLevel": 6749, "tokensEarned": 0, "championId": 18, "lastPlayTime": 1468813235000}, {"championLevel": 4, "chestGranted": false, "championPoints": 14789, "championPointsSinceLastLevel": 2189, "playerId": 21561, "championPointsUntilNextLevel": 6811, "tokensEarned": 0, "championId": 63, "lastPlayTime": 1468033933000}, {"championLevel": 4, "chestGranted": false, "championPoints": 14560, "championPointsSinceLastLevel": 1960, "playerId": 21561, "championPointsUntilNextLevel": 7040, "tokensEarned": 0, "championId": 223, "lastPlayTime": 1451531220000}, {"championLevel": 4, "chestGranted": false, "championPoints": 13901, "championPointsSinceLastLevel": 1301, "playerId": 21561, "championPointsUntilNextLevel": 7699, "tokensEarned": 0, "championId": 420, "lastPlayTime": 1457669879000}, {"championLevel": 4, "chestGranted": false, "championPoints": 13637, "championPointsSinceLastLevel": 1037, "playerId": 21561, "championPointsUntilNextLevel": 7963, "tokensEarned": 0, "championId": 32, "lastPlayTime": 1460271420000}, {"championLevel": 4, "chestGranted": false, "championPoints": 13537, "championPointsSinceLastLevel": 937, "playerId": 21561, "championPointsUntilNextLevel": 8063, "tokensEarned": 0, "championId": 11, "lastPlayTime": 1468213651000}, {"championLevel": 4, "chestGranted": true, "championPoints": 12922, "championPointsSinceLastLevel": 322, "playerId": 21561, "championPointsUntilNextLevel": 8678, "tokensEarned": 0, "championId": 5, "lastPlayTime": 1469119187000}, {"championLevel": 3, "chestGranted": true, "championPoints": 12562, "championPointsSinceLastLevel": 6562, "playerId": 21561, "championPointsUntilNextLevel": 38, "tokensEarned": 0, "championId": 54, "lastPlayTime": 1459144787000}, {"championLevel": 3, "chestGranted": false, "championPoints": 12310, "championPointsSinceLastLevel": 6310, "playerId": 21561, "championPointsUntilNextLevel": 290, "tokensEarned": 0, "championId": 36, "lastPlayTime": 1459920566000}, {"championLevel": 3, "chestGranted": false, "championPoints": 11814, "championPointsSinceLastLevel": 5814, "playerId": 21561, "championPointsUntilNextLevel": 786, "tokensEarned": 0, "championId": 106, "lastPlayTime": 1464569722000}, {"championLevel": 3, "chestGranted": false, "championPoints": 11811, "championPointsSinceLastLevel": 5811, "playerId": 21561, "championPointsUntilNextLevel": 789, "tokensEarned": 0, "championId": 1, "lastPlayTime": 1467859049000}, {"championLevel": 3, "chestGranted": false, "championPoints": 11612, "championPointsSinceLastLevel": 5612, "playerId": 21561, "championPointsUntilNextLevel": 988, "tokensEarned": 0, "championId": 111, "lastPlayTime": 1467773858000}, {"championLevel": 3, "chestGranted": false, "championPoints": 11472, "championPointsSinceLastLevel": 5472, "playerId": 21561, "championPointsUntilNextLevel": 1128, "tokensEarned": 0, "championId": 13, "lastPlayTime": 1469157308000}, {"championLevel": 3, "chestGranted": false, "championPoints": 11421, "championPointsSinceLastLevel": 5421, "playerId": 21561, "championPointsUntilNextLevel": 1179, "tokensEarned": 0, "championId": 107, "lastPlayTime": 1464576453000}, {"championLevel": 3, "chestGranted": false, "championPoints": 11384, "championPointsSinceLastLevel": 5384, "playerId": 21561, "championPointsUntilNextLevel": 1216, "tokensEarned": 0, "championId": 7, "lastPlayTime": 1466257601000}, {"championLevel": 3, "chestGranted": true, "championPoints": 11299, "championPointsSinceLastLevel": 5299, "playerId": 21561, "championPointsUntilNextLevel": 1301, "tokensEarned": 0, "championId": 103, "lastPlayTime": 1466573539000}, {"championLevel": 3, "chestGranted": true, "championPoints": 11131, "championPointsSinceLastLevel": 5131, "playerId": 21561, "championPointsUntilNextLevel": 1469, "tokensEarned": 0, "championId": 24, "lastPlayTime": 1460693895000}, {"championLevel": 3, "chestGranted": false, "championPoints": 10310, "championPointsSinceLastLevel": 4310, "playerId": 21561, "championPointsUntilNextLevel": 2290, "tokensEarned": 0, "championId": 21, "lastPlayTime": 1468892426000}, {"championLevel": 3, "chestGranted": false, "championPoints": 9854, "championPointsSinceLastLevel": 3854, "playerId": 21561, "championPointsUntilNextLevel": 2746, "tokensEarned": 0, "championId": 4, "lastPlayTime": 1462244671000}, {"championLevel": 3, "chestGranted": false, "championPoints": 9205, "championPointsSinceLastLevel": 3205, "playerId": 21561, "championPointsUntilNextLevel": 3395, "tokensEarned": 0, "championId": 41, "lastPlayTime": 1466189389000}, {"championLevel": 3, "chestGranted": false, "championPoints": 8736, "championPointsSinceLastLevel": 2736, "playerId": 21561, "championPointsUntilNextLevel": 3864, "tokensEarned": 0, "championId": 79, "lastPlayTime": 1458283008000}, {"championLevel": 3, "chestGranted": false, "championPoints": 8229, "championPointsSinceLastLevel": 2229, "playerId": 21561, "championPointsUntilNextLevel": 4371, "tokensEarned": 0, "championId": 161, "lastPlayTime": 1467856816000}, {"championLevel": 3, "chestGranted": false, "championPoints": 7335, "championPointsSinceLastLevel": 1335, "playerId": 21561, "championPointsUntilNextLevel": 5265, "tokensEarned": 0, "championId": 25, "lastPlayTime": 1469116403000}, {"championLevel": 3, "chestGranted": false, "championPoints": 7213, "championPointsSinceLastLevel": 1213, "playerId": 21561, "championPointsUntilNextLevel": 5387, "tokensEarned": 0, "championId": 99, "lastPlayTime": 1456931963000}, {"championLevel": 3, "chestGranted": true, "championPoints": 6214, "championPointsSinceLastLevel": 214, "playerId": 21561, "championPointsUntilNextLevel": 6386, "tokensEarned": 0, "championId": 203, "lastPlayTime": 1460256744000}, {"championLevel": 3, "chestGranted": false, "championPoints": 6136, "championPointsSinceLastLevel": 136, "playerId": 21561, "championPointsUntilNextLevel": 6464, "tokensEarned": 0, "championId": 89, "lastPlayTime": 1467596592000}, {"championLevel": 2, "chestGranted": false, "championPoints": 5896, "championPointsSinceLastLevel": 4096, "playerId": 21561, "championPointsUntilNextLevel": 104, "tokensEarned": 0, "championId": 22, "lastPlayTime": 1466975737000}, {"championLevel": 2, "chestGranted": true, "championPoints": 5712, "championPointsSinceLastLevel": 3912, "playerId": 21561, "championPointsUntilNextLevel": 288, "tokensEarned": 0, "championId": 14, "lastPlayTime": 1463289522000}, {"championLevel": 2, "chestGranted": false, "championPoints": 5682, "championPointsSinceLastLevel": 3882, "playerId": 21561, "championPointsUntilNextLevel": 318, "tokensEarned": 0, "championId": 105, "lastPlayTime": 1461437245000}, {"championLevel": 2, "chestGranted": false, "championPoints": 5638, "championPointsSinceLastLevel": 3838, "playerId": 21561, "championPointsUntilNextLevel": 362, "tokensEarned": 0, "championId": 98, "lastPlayTime": 1454206830000}, {"championLevel": 2, "chestGranted": false, "championPoints": 5308, "championPointsSinceLastLevel": 3508, "playerId": 21561, "championPointsUntilNextLevel": 692, "tokensEarned": 0, "championId": 39, "lastPlayTime": 1451548414000}, {"championLevel": 2, "chestGranted": false, "championPoints": 5223, "championPointsSinceLastLevel": 3423, "playerId": 21561, "championPointsUntilNextLevel": 777, "tokensEarned": 0, "championId": 412, "lastPlayTime": 1447002376000}, {"championLevel": 2, "chestGranted": false, "championPoints": 5150, "championPointsSinceLastLevel": 3350, "playerId": 21561, "championPointsUntilNextLevel": 850, "tokensEarned": 0, "championId": 48, "lastPlayTime": 1467481120000}, {"championLevel": 2, "chestGranted": false, "championPoints": 5063, "championPointsSinceLastLevel": 3263, "playerId": 21561, "championPointsUntilNextLevel": 937, "tokensEarned": 0, "championId": 201, "lastPlayTime": 1460655788000}, {"championLevel": 2, "chestGranted": false, "championPoints": 5049, "championPointsSinceLastLevel": 3249, "playerId": 21561, "championPointsUntilNextLevel": 951, "tokensEarned": 0, "championId": 101, "lastPlayTime": 1466709624000}, {"championLevel": 2, "chestGranted": false, "championPoints": 4879, "championPointsSinceLastLevel": 3079, "playerId": 21561, "championPointsUntilNextLevel": 1121, "tokensEarned": 0, "championId": 35, "lastPlayTime": 1468549629000}, {"championLevel": 2, "chestGranted": true, "championPoints": 4585, "championPointsSinceLastLevel": 2785, "playerId": 21561, "championPointsUntilNextLevel": 1415, "tokensEarned": 0, "championId": 62, "lastPlayTime": 1468296850000}, {"championLevel": 2, "chestGranted": false, "championPoints": 4423, "championPointsSinceLastLevel": 2623, "playerId": 21561, "championPointsUntilNextLevel": 1577, "tokensEarned": 0, "championId": 57, "lastPlayTime": 1462769076000}, {"championLevel": 2, "chestGranted": false, "championPoints": 4308, "championPointsSinceLastLevel": 2508, "playerId": 21561, "championPointsUntilNextLevel": 1692, "tokensEarned": 0, "championId": 133, "lastPlayTime": 1469140069000}, {"championLevel": 2, "chestGranted": false, "championPoints": 4303, "championPointsSinceLastLevel": 2503, "playerId": 21561, "championPointsUntilNextLevel": 1697, "tokensEarned": 0, "championId": 60, "lastPlayTime": 1462334292000}, {"championLevel": 2, "chestGranted": false, "championPoints": 4299, "championPointsSinceLastLevel": 2499, "playerId": 21561, "championPointsUntilNextLevel": 1701, "tokensEarned": 0, "championId": 33, "lastPlayTime": 1466533783000}, {"championLevel": 2, "chestGranted": false, "championPoints": 4256, "championPointsSinceLastLevel": 2456, "playerId": 21561, "championPointsUntilNextLevel": 1744, "tokensEarned": 0, "championId": 117, "lastPlayTime": 1466928691000}, {"championLevel": 2, "chestGranted": false, "championPoints": 4119, "championPointsSinceLastLevel": 2319, "playerId": 21561, "championPointsUntilNextLevel": 1881, "tokensEarned": 0, "championId": 61, "lastPlayTime": 1467861293000}, {"championLevel": 2, "chestGranted": false, "championPoints": 4094, "championPointsSinceLastLevel": 2294, "playerId": 21561, "championPointsUntilNextLevel": 1906, "tokensEarned": 0, "championId": 429, "lastPlayTime": 1459625136000}, {"championLevel": 2, "chestGranted": false, "championPoints": 4011, "championPointsSinceLastLevel": 2211, "playerId": 21561, "championPointsUntilNextLevel": 1989, "tokensEarned": 0, "championId": 75, "lastPlayTime": 1461381202000}, {"championLevel": 2, "chestGranted": false, "championPoints": 4004, "championPointsSinceLastLevel": 2204, "playerId": 21561, "championPointsUntilNextLevel": 1996, "tokensEarned": 0, "championId": 119, "lastPlayTime": 1466446466000}, {"championLevel": 2, "chestGranted": true, "championPoints": 3933, "championPointsSinceLastLevel": 2133, "playerId": 21561, "championPointsUntilNextLevel": 2067, "tokensEarned": 0, "championId": 120, "lastPlayTime": 1466900497000}, {"championLevel": 2, "chestGranted": true, "championPoints": 3841, "championPointsSinceLastLevel": 2041, "playerId": 21561, "championPointsUntilNextLevel": 2159, "tokensEarned": 0, "championId": 202, "lastPlayTime": 1466214162000}, {"championLevel": 2, "chestGranted": false, "championPoints": 3730, "championPointsSinceLastLevel": 1930, "playerId": 21561, "championPointsUntilNextLevel": 2270, "tokensEarned": 0, "championId": 68, "lastPlayTime": 1468819043000}, {"championLevel": 2, "chestGranted": false, "championPoints": 3655, "championPointsSinceLastLevel": 1855, "playerId": 21561, "championPointsUntilNextLevel": 2345, "tokensEarned": 0, "championId": 19, "lastPlayTime": 1460093157000}, {"championLevel": 2, "chestGranted": false, "championPoints": 3534, "championPointsSinceLastLevel": 1734, "playerId": 21561, "championPointsUntilNextLevel": 2466, "tokensEarned": 0, "championId": 77, "lastPlayTime": 1460084115000}, {"championLevel": 2, "chestGranted": false, "championPoints": 3481, "championPointsSinceLastLevel": 1681, "playerId": 21561, "championPointsUntilNextLevel": 2519, "tokensEarned": 0, "championId": 74, "lastPlayTime": 1468714809000}, {"championLevel": 2, "chestGranted": false, "championPoints": 3340, "championPointsSinceLastLevel": 1540, "playerId": 21561, "championPointsUntilNextLevel": 2660, "tokensEarned": 0, "championId": 432, "lastPlayTime": 1457039730000}, {"championLevel": 2, "chestGranted": false, "championPoints": 3273, "championPointsSinceLastLevel": 1473, "playerId": 21561, "championPointsUntilNextLevel": 2727, "tokensEarned": 0, "championId": 112, "lastPlayTime": 1468879631000}, {"championLevel": 2, "chestGranted": false, "championPoints": 3189, "championPointsSinceLastLevel": 1389, "playerId": 21561, "championPointsUntilNextLevel": 2811, "tokensEarned": 0, "championId": 154, "lastPlayTime": 1456604834000}, {"championLevel": 2, "chestGranted": false, "championPoints": 3182, "championPointsSinceLastLevel": 1382, "playerId": 21561, "championPointsUntilNextLevel": 2818, "tokensEarned": 0, "championId": 17, "lastPlayTime": 1452918024000}, {"championLevel": 2, "chestGranted": false, "championPoints": 3171, "championPointsSinceLastLevel": 1371, "playerId": 21561, "championPointsUntilNextLevel": 2829, "tokensEarned": 0, "championId": 16, "lastPlayTime": 1451109469000}, {"championLevel": 2, "chestGranted": true, "championPoints": 3060, "championPointsSinceLastLevel": 1260, "playerId": 21561, "championPointsUntilNextLevel": 2940, "tokensEarned": 0, "championId": 50, "lastPlayTime": 1465269708000}, {"championLevel": 2, "chestGranted": false, "championPoints": 2762, "championPointsSinceLastLevel": 962, "playerId": 21561, "championPointsUntilNextLevel": 3238, "tokensEarned": 0, "championId": 110, "lastPlayTime": 1456043719000}, {"championLevel": 2, "chestGranted": false, "championPoints": 2753, "championPointsSinceLastLevel": 953, "playerId": 21561, "championPointsUntilNextLevel": 3247, "tokensEarned": 0, "championId": 42, "lastPlayTime": 1454820863000}, {"championLevel": 2, "chestGranted": false, "championPoints": 2737, "championPointsSinceLastLevel": 937, "playerId": 21561, "championPointsUntilNextLevel": 3263, "tokensEarned": 0, "championId": 113, "lastPlayTime": 1445617904000}, {"championLevel": 2, "chestGranted": false, "championPoints": 2733, "championPointsSinceLastLevel": 933, "playerId": 21561, "championPointsUntilNextLevel": 3267, "tokensEarned": 0, "championId": 34, "lastPlayTime": 1458976592000}, {"championLevel": 2, "chestGranted": false, "championPoints": 2584, "championPointsSinceLastLevel": 784, "playerId": 21561, "championPointsUntilNextLevel": 3416, "tokensEarned": 0, "championId": 134, "lastPlayTime": 1466969553000}, {"championLevel": 2, "chestGranted": false, "championPoints": 2478, "championPointsSinceLastLevel": 678, "playerId": 21561, "championPointsUntilNextLevel": 3522, "tokensEarned": 0, "championId": 127, "lastPlayTime": 1468520967000}, {"championLevel": 2, "chestGranted": false, "championPoints": 2473, "championPointsSinceLastLevel": 673, "playerId": 21561, "championPointsUntilNextLevel": 3527, "tokensEarned": 0, "championId": 8, "lastPlayTime": 1461558638000}, {"championLevel": 2, "chestGranted": false, "championPoints": 2155, "championPointsSinceLastLevel": 355, "playerId": 21561, "championPointsUntilNextLevel": 3845, "tokensEarned": 0, "championId": 3, "lastPlayTime": 1455239049000}, {"championLevel": 2, "chestGranted": false, "championPoints": 2138, "championPointsSinceLastLevel": 338, "playerId": 21561, "championPointsUntilNextLevel": 3862, "tokensEarned": 0, "championId": 27, "lastPlayTime": 1468448985000}, {"championLevel": 2, "chestGranted": false, "championPoints": 2052, "championPointsSinceLastLevel": 252, "playerId": 21561, "championPointsUntilNextLevel": 3948, "tokensEarned": 0, "championId": 44, "lastPlayTime": 1445824800000}, {"championLevel": 2, "chestGranted": false, "championPoints": 2005, "championPointsSinceLastLevel": 205, "playerId": 21561, "championPointsUntilNextLevel": 3995, "tokensEarned": 0, "championId": 85, "lastPlayTime": 1467611289000}, {"championLevel": 2, "chestGranted": false, "championPoints": 1970, "championPointsSinceLastLevel": 170, "playerId": 21561, "championPointsUntilNextLevel": 4030, "tokensEarned": 0, "championId": 72, "lastPlayTime": 1468539429000}, {"championLevel": 1, "chestGranted": false, "championPoints": 1748, "championPointsSinceLastLevel": 1748, "playerId": 21561, "championPointsUntilNextLevel": 52, "tokensEarned": 0, "championId": 56, "lastPlayTime": 1467946891000}, {"championLevel": 1, "chestGranted": false, "championPoints": 1596, "championPointsSinceLastLevel": 1596, "playerId": 21561, "championPointsUntilNextLevel": 204, "tokensEarned": 0, "championId": 2, "lastPlayTime": 1468002593000}, {"championLevel": 1, "chestGranted": false, "championPoints": 1505, "championPointsSinceLastLevel": 1505, "playerId": 21561, "championPointsUntilNextLevel": 295, "tokensEarned": 0, "championId": 91, "lastPlayTime": 1441570703000}, {"championLevel": 1, "chestGranted": false, "championPoints": 1466, "championPointsSinceLastLevel": 1466, "playerId": 21561, "championPointsUntilNextLevel": 334, "tokensEarned": 0, "championId": 80, "lastPlayTime": 1466398910000}, {"championLevel": 1, "chestGranted": false, "championPoints": 1420, "championPointsSinceLastLevel": 1420, "playerId": 21561, "championPointsUntilNextLevel": 380, "tokensEarned": 0, "championId": 268, "lastPlayTime": 1436726506000}, {"championLevel": 1, "chestGranted": false, "championPoints": 1418, "championPointsSinceLastLevel": 1418, "playerId": 21561, "championPointsUntilNextLevel": 382, "tokensEarned": 0, "championId": 59, "lastPlayTime": 1459310400000}, {"championLevel": 1, "chestGranted": false, "championPoints": 1365, "championPointsSinceLastLevel": 1365, "playerId": 21561, "championPointsUntilNextLevel": 435, "tokensEarned": 0, "championId": 267, "lastPlayTime": 1452997539000}, {"championLevel": 1, "chestGranted": false, "championPoints": 1299, "championPointsSinceLastLevel": 1299, "playerId": 21561, "championPointsUntilNextLevel": 501, "tokensEarned": 0, "championId": 40, "lastPlayTime": 1432525785000}, {"championLevel": 1, "chestGranted": true, "championPoints": 1228, "championPointsSinceLastLevel": 1228, "playerId": 21561, "championPointsUntilNextLevel": 572, "tokensEarned": 0, "championId": 266, "lastPlayTime": 1466222742000}, {"championLevel": 1, "chestGranted": false, "championPoints": 973, "championPointsSinceLastLevel": 973, "playerId": 21561, "championPointsUntilNextLevel": 827, "tokensEarned": 0, "championId": 37, "lastPlayTime": 1463859357000}, {"championLevel": 1, "chestGranted": false, "championPoints": 959, "championPointsSinceLastLevel": 959, "playerId": 21561, "championPointsUntilNextLevel": 841, "tokensEarned": 0, "championId": 121, "lastPlayTime": 1458791508000}, {"championLevel": 1, "chestGranted": false, "championPoints": 952, "championPointsSinceLastLevel": 952, "playerId": 21561, "championPointsUntilNextLevel": 848, "tokensEarned": 0, "championId": 84, "lastPlayTime": 1468167928000}, {"championLevel": 1, "chestGranted": false, "championPoints": 952, "championPointsSinceLastLevel": 952, "playerId": 21561, "championPointsUntilNextLevel": 848, "tokensEarned": 0, "championId": 38, "lastPlayTime": 1468209996000}, {"championLevel": 1, "chestGranted": false, "championPoints": 935, "championPointsSinceLastLevel": 935, "playerId": 21561, "championPointsUntilNextLevel": 865, "tokensEarned": 0, "championId": 43, "lastPlayTime": 1468379209000}, {"championLevel": 1, "chestGranted": false, "championPoints": 931, "championPointsSinceLastLevel": 931, "playerId": 21561, "championPointsUntilNextLevel": 869, "tokensEarned": 0, "championId": 28, "lastPlayTime": 1463847847000}, {"championLevel": 1, "chestGranted": false, "championPoints": 882, "championPointsSinceLastLevel": 882, "playerId": 21561, "championPointsUntilNextLevel": 918, "tokensEarned": 0, "championId": 26, "lastPlayTime": 1448766825000}, {"championLevel": 1, "chestGranted": false, "championPoints": 817, "championPointsSinceLastLevel": 817, "playerId": 21561, "championPointsUntilNextLevel": 983, "tokensEarned": 0, "championId": 78, "lastPlayTime": 1457562504000}, {"championLevel": 1, "chestGranted": false, "championPoints": 726, "championPointsSinceLastLevel": 726, "playerId": 21561, "championPointsUntilNextLevel": 1074, "tokensEarned": 0, "championId": 23, "lastPlayTime": 1443927249000}, {"championLevel": 1, "chestGranted": false, "championPoints": 703, "championPointsSinceLastLevel": 703, "playerId": 21561, "championPointsUntilNextLevel": 1097, "tokensEarned": 0, "championId": 45, "lastPlayTime": 1446320307000}, {"championLevel": 1, "chestGranted": false, "championPoints": 690, "championPointsSinceLastLevel": 690, "playerId": 21561, "championPointsUntilNextLevel": 1110, "tokensEarned": 0, "championId": 12, "lastPlayTime": 1438223654000}, {"championLevel": 1, "chestGranted": false, "championPoints": 678, "championPointsSinceLastLevel": 678, "playerId": 21561, "championPointsUntilNextLevel": 1122, "tokensEarned": 0, "championId": 143, "lastPlayTime": 1466563105000}, {"championLevel": 1, "chestGranted": false, "championPoints": 593, "championPointsSinceLastLevel": 593, "playerId": 21561, "championPointsUntilNextLevel": 1207, "tokensEarned": 0, "championId": 115, "lastPlayTime": 1462639917000}, {"championLevel": 1, "chestGranted": false, "championPoints": 508, "championPointsSinceLastLevel": 508, "playerId": 21561, "championPointsUntilNextLevel": 1292, "tokensEarned": 0, "championId": 421, "lastPlayTime": 1444520861000}, {"championLevel": 1, "chestGranted": false, "championPoints": 493, "championPointsSinceLastLevel": 493, "playerId": 21561, "championPointsUntilNextLevel": 1307, "tokensEarned": 0, "championId": 9, "lastPlayTime": 1468348339000}, {"championLevel": 1, "chestGranted": false, "championPoints": 390, "championPointsSinceLastLevel": 390, "playerId": 21561, "championPointsUntilNextLevel": 1410, "tokensEarned": 0, "championId": 131, "lastPlayTime": 1453471063000}, {"championLevel": 1, "chestGranted": false, "championPoints": 333, "championPointsSinceLastLevel": 333, "playerId": 21561, "championPointsUntilNextLevel": 1467, "tokensEarned": 0, "championId": 30, "lastPlayTime": 1466911249000}, {"championLevel": 1, "chestGranted": false, "championPoints": 332, "championPointsSinceLastLevel": 332, "playerId": 21561, "championPointsUntilNextLevel": 1468, "tokensEarned": 0, "championId": 55, "lastPlayTime": 1462597765000}, {"championLevel": 1, "chestGranted": false, "championPoints": 275, "championPointsSinceLastLevel": 275, "playerId": 21561, "championPointsUntilNextLevel": 1525, "tokensEarned": 0, "championId": 136, "lastPlayTime": 1459108914000}, {"championLevel": 1, "chestGranted": false, "championPoints": 262, "championPointsSinceLastLevel": 262, "playerId": 21561, "championPointsUntilNextLevel": 1538, "tokensEarned": 0, "championId": 83, "lastPlayTime": 1442524470000}, {"championLevel": 1, "chestGranted": false, "championPoints": 262, "championPointsSinceLastLevel": 262, "playerId": 21561, "championPointsUntilNextLevel": 1538, "tokensEarned": 0, "championId": 96, "lastPlayTime": 1450640800000}, {"championLevel": 1, "chestGranted": false, "championPoints": 238, "championPointsSinceLastLevel": 238, "playerId": 21561, "championPointsUntilNextLevel": 1562, "tokensEarned": 0, "championId": 29, "lastPlayTime": 1458070566000}, {"championLevel": 1, "chestGranted": false, "championPoints": 218, "championPointsSinceLastLevel": 218, "playerId": 21561, "championPointsUntilNextLevel": 1582, "tokensEarned": 0, "championId": 10, "lastPlayTime": 1437175737000}, {"championLevel": 1, "chestGranted": false, "championPoints": 161, "championPointsSinceLastLevel": 161, "playerId": 21561, "championPointsUntilNextLevel": 1639, "tokensEarned": 0, "championId": 82, "lastPlayTime": 1443409946000}, {"championLevel": 1, "chestGranted": false, "championPoints": 133, "championPointsSinceLastLevel": 133, "playerId": 21561, "championPointsUntilNextLevel": 1667, "tokensEarned": 0, "championId": 20, "lastPlayTime": 1468281939000}]