[{"championLevel": 3, "chestGranted": false, "championPoints": 6777, "championPointsSinceLastLevel": 777, "playerId": 21572, "championPointsUntilNextLevel": 5823, "tokensEarned": 0, "championId": 61, "lastPlayTime": 1459455838000}, {"championLevel": 2, "chestGranted": true, "championPoints": 4796, "championPointsSinceLastLevel": 2996, "playerId": 21572, "championPointsUntilNextLevel": 1204, "tokensEarned": 0, "championId": 412, "lastPlayTime": 1459380729000}, {"championLevel": 2, "chestGranted": true, "championPoints": 4291, "championPointsSinceLastLevel": 2491, "playerId": 21572, "championPointsUntilNextLevel": 1709, "tokensEarned": 0, "championId": 21, "lastPlayTime": 1467308960000}, {"championLevel": 2, "chestGranted": true, "championPoints": 4282, "championPointsSinceLastLevel": 2482, "playerId": 21572, "championPointsUntilNextLevel": 1718, "tokensEarned": 0, "championId": 81, "lastPlayTime": 1459461898000}, {"championLevel": 2, "chestGranted": false, "championPoints": 4112, "championPointsSinceLastLevel": 2312, "playerId": 21572, "championPointsUntilNextLevel": 1888, "tokensEarned": 0, "championId": 69, "lastPlayTime": 1440537827000}, {"championLevel": 2, "chestGranted": true, "championPoints": 3907, "championPointsSinceLastLevel": 2107, "playerId": 21572, "championPointsUntilNextLevel": 2093, "tokensEarned": 0, "championId": 9, "lastPlayTime": 1459983460000}, {"championLevel": 2, "chestGranted": false, "championPoints": 3232, "championPointsSinceLastLevel": 1432, "playerId": 21572, "championPointsUntilNextLevel": 2768, "tokensEarned": 0, "championId": 64, "lastPlayTime": 1431181974000}, {"championLevel": 2, "chestGranted": false, "championPoints": 2964, "championPointsSinceLastLevel": 1164, "playerId": 21572, "championPointsUntilNextLevel": 3036, "tokensEarned": 0, "championId": 421, "lastPlayTime": 1431491716000}, {"championLevel": 2, "chestGranted": false, "championPoints": 2235, "championPointsSinceLastLevel": 435, "playerId": 21572, "championPointsUntilNextLevel": 3765, "tokensEarned": 0, "championId": 37, "lastPlayTime": 1457408754000}, {"championLevel": 1, "chestGranted": false, "championPoints": 1730, "championPointsSinceLastLevel": 1730, "playerId": 21572, "championPointsUntilNextLevel": 70, "tokensEarned": 0, "championId": 429, "lastPlayTime": 1433485425000}, {"championLevel": 1, "chestGranted": false, "championPoints": 1497, "championPointsSinceLastLevel": 1497, "playerId": 21572, "championPointsUntilNextLevel": 303, "tokensEarned": 0, "championId": 59, "lastPlayTime": 1458236271000}, {"championLevel": 1, "chestGranted": false, "championPoints": 1380, "championPointsSinceLastLevel": 1380, "playerId": 21572, "championPointsUntilNextLevel": 420, "tokensEarned": 0, "championId": 131, "lastPlayTime": 1458673572000}, {"championLevel": 1, "chestGranted": false, "championPoints": 1334, "championPointsSinceLastLevel": 1334, "playerId": 21572, "championPointsUntilNextLevel": 466, "tokensEarned": 0, "championId": 18, "lastPlayTime": 1459967586000}, {"championLevel": 1, "chestGranted": true, "championPoints": 1324, "championPointsSinceLastLevel": 1324, "playerId": 21572, "championPointsUntilNextLevel": 476, "tokensEarned": 0, "championId": 222, "lastPlayTime": 1459458104000}, {"championLevel": 1, "chestGranted": false, "championPoints": 1314, "championPointsSinceLastLevel": 1314, "playerId": 21572, "championPointsUntilNextLevel": 486, "tokensEarned": 0, "championId": 35, "lastPlayTime": 1440541888000}, {"championLevel": 1, "chestGranted": false, "championPoints": 1295, "championPointsSinceLastLevel": 1295, "playerId": 21572, "championPointsUntilNextLevel": 505, "tokensEarned": 0, "championId": 55, "lastPlayTime": 1431122675000}, {"championLevel": 1, "chestGranted": false, "championPoints": 1293, "championPointsSinceLastLevel": 1293, "playerId": 21572, "championPointsUntilNextLevel": 507, "tokensEarned": 0, "championId": 67, "lastPlayTime": 1433438148000}, {"championLevel": 1, "chestGranted": false, "championPoints": 1249, "championPointsSinceLastLevel": 1249, "playerId": 21572, "championPointsUntilNextLevel": 551, "tokensEarned": 0, "championId": 99, "lastPlayTime": 1458239284000}, {"championLevel": 1, "chestGranted": false, "championPoints": 1234, "championPointsSinceLastLevel": 1234, "playerId": 21572, "championPointsUntilNextLevel": 566, "tokensEarned": 0, "championId": 7, "lastPlayTime": 1433958188000}, {"championLevel": 1, "chestGranted": false, "championPoints": 1146, "championPointsSinceLastLevel": 1146, "playerId": 21572, "championPointsUntilNextLevel": 654, "tokensEarned": 0, "championId": 83, "lastPlayTime": 1444504165000}, {"championLevel": 1, "chestGranted": false, "championPoints": 1139, "championPointsSinceLastLevel": 1139, "playerId": 21572, "championPointsUntilNextLevel": 661, "tokensEarned": 0, "championId": 103, "lastPlayTime": 1432044994000}, {"championLevel": 1, "chestGranted": false, "championPoints": 1131, "championPointsSinceLastLevel": 1131, "playerId": 21572, "championPointsUntilNextLevel": 669, "tokensEarned": 0, "championId": 115, "lastPlayTime": 1432842360000}, {"championLevel": 1, "chestGranted": false, "championPoints": 959, "championPointsSinceLastLevel": 959, "playerId": 21572, "championPointsUntilNextLevel": 841, "tokensEarned": 0, "championId": 4, "lastPlayTime": 1431196828000}, {"championLevel": 1, "chestGranted": false, "championPoints": 932, "championPointsSinceLastLevel": 932, "playerId": 21572, "championPointsUntilNextLevel": 868, "tokensEarned": 0, "championId": 236, "lastPlayTime": 1431183756000}, {"championLevel": 1, "chestGranted": false, "championPoints": 374, "championPointsSinceLastLevel": 374, "playerId": 21572, "championPointsUntilNextLevel": 1426, "tokensEarned": 0, "championId": 238, "lastPlayTime": 1431145176000}, {"championLevel": 1, "chestGranted": false, "championPoints": 372, "championPointsSinceLastLevel": 372, "playerId": 21572, "championPointsUntilNextLevel": 1428, "tokensEarned": 0, "championId": 1, "lastPlayTime": 1458229860000}, {"championLevel": 1, "chestGranted": false, "championPoints": 289, "championPointsSinceLastLevel": 289, "playerId": 21572, "championPointsUntilNextLevel": 1511, "tokensEarned": 0, "championId": 89, "lastPlayTime": 1459377091000}, {"championLevel": 1, "chestGranted": false, "championPoints": 280, "championPointsSinceLastLevel": 280, "playerId": 21572, "championPointsUntilNextLevel": 1520, "tokensEarned": 0, "championId": 268, "lastPlayTime": 1431397595000}, {"championLevel": 1, "chestGranted": false, "championPoints": 279, "championPointsSinceLastLevel": 279, "playerId": 21572, "championPointsUntilNextLevel": 1521, "tokensEarned": 0, "championId": 40, "lastPlayTime": 1458226951000}, {"championLevel": 1, "chestGranted": false, "championPoints": 244, "championPointsSinceLastLevel": 244, "playerId": 21572, "championPointsUntilNextLevel": 1556, "tokensEarned": 0, "championId": 42, "lastPlayTime": 1458189067000}, {"championLevel": 1, "chestGranted": false, "championPoints": 242, "championPointsSinceLastLevel": 242, "playerId": 21572, "championPointsUntilNextLevel": 1558, "tokensEarned": 0, "championId": 245, "lastPlayTime": 1433027335000}, {"championLevel": 1, "chestGranted": false, "championPoints": 231, "championPointsSinceLastLevel": 231, "playerId": 21572, "championPointsUntilNextLevel": 1569, "tokensEarned": 0, "championId": 63, "lastPlayTime": 1457543367000}, {"championLevel": 1, "chestGranted": false, "championPoints": 224, "championPointsSinceLastLevel": 224, "playerId": 21572, "championPointsUntilNextLevel": 1576, "tokensEarned": 0, "championId": 161, "lastPlayTime": 1431567995000}, {"championLevel": 1, "chestGranted": false, "championPoints": 190, "championPointsSinceLastLevel": 190, "playerId": 21572, "championPointsUntilNextLevel": 1610, "tokensEarned": 0, "championId": 6, "lastPlayTime": 1431572355000}, {"championLevel": 1, "chestGranted": false, "championPoints": 164, "championPointsSinceLastLevel": 164, "playerId": 21572, "championPointsUntilNextLevel": 1636, "tokensEarned": 0, "championId": 60, "lastPlayTime": 1447647741000}, {"championLevel": 1, "chestGranted": false, "championPoints": 153, "championPointsSinceLastLevel": 153, "playerId": 21572, "championPointsUntilNextLevel": 1647, "tokensEarned": 0, "championId": 122, "lastPlayTime": 1431147360000}, {"championLevel": 1, "chestGranted": false, "championPoints": 150, "championPointsSinceLastLevel": 150, "playerId": 21572, "championPointsUntilNextLevel": 1650, "tokensEarned": 0, "championId": 254, "lastPlayTime": 1434002836000}, {"championLevel": 1, "chestGranted": false, "championPoints": 143, "championPointsSinceLastLevel": 143, "playerId": 21572, "championPointsUntilNextLevel": 1657, "tokensEarned": 0, "championId": 102, "lastPlayTime": 1433624893000}, {"championLevel": 1, "chestGranted": false, "championPoints": 103, "championPointsSinceLastLevel": 103, "playerId": 21572, "championPointsUntilNextLevel": 1697, "tokensEarned": 0, "championId": 19, "lastPlayTime": 1457459246000}]