[{"championLevel": 5, "chestGranted": true, "championPoints": 49065, "championPointsSinceLastLevel": 27465, "playerId": 21575, "championPointsUntilNextLevel": 0, "tokensEarned": 0, "championId": 412, "lastPlayTime": 1461553243000}, {"championLevel": 5, "chestGranted": true, "championPoints": 40546, "championPointsSinceLastLevel": 18946, "playerId": 21575, "championPointsUntilNextLevel": 0, "tokensEarned": 0, "championId": 81, "lastPlayTime": 1461466422000}, {"championLevel": 5, "chestGranted": false, "championPoints": 35010, "championPointsSinceLastLevel": 13410, "playerId": 21575, "championPointsUntilNextLevel": 0, "tokensEarned": 0, "championId": 64, "lastPlayTime": 1462165702000}, {"championLevel": 5, "chestGranted": true, "championPoints": 26351, "championPointsSinceLastLevel": 4751, "playerId": 21575, "championPointsUntilNextLevel": 0, "tokensEarned": 0, "championId": 67, "lastPlayTime": 1459992793000}, {"championLevel": 5, "chestGranted": true, "championPoints": 25974, "championPointsSinceLastLevel": 4374, "playerId": 21575, "championPointsUntilNextLevel": 0, "tokensEarned": 0, "championId": 245, "lastPlayTime": 1461390745000}, {"championLevel": 5, "chestGranted": false, "championPoints": 23078, "championPointsSinceLastLevel": 1478, "playerId": 21575, "championPointsUntilNextLevel": 0, "tokensEarned": 0, "championId": 60, "lastPlayTime": 1454030076000}, {"championLevel": 5, "chestGranted": false, "championPoints": 22677, "championPointsSinceLastLevel": 1077, "playerId": 21575, "championPointsUntilNextLevel": 0, "tokensEarned": 0, "championId": 236, "lastPlayTime": 1460076472000}, {"championLevel": 4, "chestGranted": true, "championPoints": 16970, "championPointsSinceLastLevel": 4370, "playerId": 21575, "championPointsUntilNextLevel": 4630, "tokensEarned": 0, "championId": 238, "lastPlayTime": 1461462747000}, {"championLevel": 4, "chestGranted": true, "championPoints": 15157, "championPointsSinceLastLevel": 2557, "playerId": 21575, "championPointsUntilNextLevel": 6443, "tokensEarned": 0, "championId": 101, "lastPlayTime": 1461563130000}, {"championLevel": 4, "chestGranted": false, "championPoints": 13877, "championPointsSinceLastLevel": 1277, "playerId": 21575, "championPointsUntilNextLevel": 7723, "tokensEarned": 0, "championId": 222, "lastPlayTime": 1449435982000}, {"championLevel": 3, "chestGranted": false, "championPoints": 10273, "championPointsSinceLastLevel": 4273, "playerId": 21575, "championPointsUntilNextLevel": 2327, "tokensEarned": 0, "championId": 76, "lastPlayTime": 1457652170000}, {"championLevel": 3, "chestGranted": false, "championPoints": 9791, "championPointsSinceLastLevel": 3791, "playerId": 21575, "championPointsUntilNextLevel": 2809, "tokensEarned": 0, "championId": 119, "lastPlayTime": 1459385123000}, {"championLevel": 3, "chestGranted": false, "championPoints": 7628, "championPointsSinceLastLevel": 1628, "playerId": 21575, "championPointsUntilNextLevel": 4972, "tokensEarned": 0, "championId": 150, "lastPlayTime": 1438677127000}, {"championLevel": 3, "chestGranted": false, "championPoints": 7523, "championPointsSinceLastLevel": 1523, "playerId": 21575, "championPointsUntilNextLevel": 5077, "tokensEarned": 0, "championId": 53, "lastPlayTime": 1458689599000}, {"championLevel": 3, "chestGranted": false, "championPoints": 7000, "championPointsSinceLastLevel": 1000, "playerId": 21575, "championPointsUntilNextLevel": 5600, "tokensEarned": 0, "championId": 41, "lastPlayTime": 1459816299000}, {"championLevel": 3, "chestGranted": false, "championPoints": 6716, "championPointsSinceLastLevel": 716, "playerId": 21575, "championPointsUntilNextLevel": 5884, "tokensEarned": 0, "championId": 18, "lastPlayTime": 1449293018000}, {"championLevel": 3, "chestGranted": false, "championPoints": 6457, "championPointsSinceLastLevel": 457, "playerId": 21575, "championPointsUntilNextLevel": 6143, "tokensEarned": 0, "championId": 7, "lastPlayTime": 1459395992000}, {"championLevel": 3, "chestGranted": false, "championPoints": 6172, "championPointsSinceLastLevel": 172, "playerId": 21575, "championPointsUntilNextLevel": 6428, "tokensEarned": 0, "championId": 99, "lastPlayTime": 1461719635000}, {"championLevel": 2, "chestGranted": false, "championPoints": 5946, "championPointsSinceLastLevel": 4146, "playerId": 21575, "championPointsUntilNextLevel": 54, "tokensEarned": 0, "championId": 103, "lastPlayTime": 1454309007000}, {"championLevel": 2, "chestGranted": false, "championPoints": 5284, "championPointsSinceLastLevel": 3484, "playerId": 21575, "championPointsUntilNextLevel": 716, "tokensEarned": 0, "championId": 105, "lastPlayTime": 1454053531000}, {"championLevel": 2, "chestGranted": true, "championPoints": 4724, "championPointsSinceLastLevel": 2924, "playerId": 21575, "championPointsUntilNextLevel": 1276, "tokensEarned": 0, "championId": 45, "lastPlayTime": 1461358285000}, {"championLevel": 2, "chestGranted": false, "championPoints": 4611, "championPointsSinceLastLevel": 2811, "playerId": 21575, "championPointsUntilNextLevel": 1389, "tokensEarned": 0, "championId": 115, "lastPlayTime": 1455345258000}, {"championLevel": 2, "chestGranted": true, "championPoints": 4375, "championPointsSinceLastLevel": 2575, "playerId": 21575, "championPointsUntilNextLevel": 1625, "tokensEarned": 0, "championId": 432, "lastPlayTime": 1460176660000}, {"championLevel": 2, "chestGranted": false, "championPoints": 4347, "championPointsSinceLastLevel": 2547, "playerId": 21575, "championPointsUntilNextLevel": 1653, "tokensEarned": 0, "championId": 104, "lastPlayTime": 1455289202000}, {"championLevel": 2, "chestGranted": false, "championPoints": 4291, "championPointsSinceLastLevel": 2491, "playerId": 21575, "championPointsUntilNextLevel": 1709, "tokensEarned": 0, "championId": 1, "lastPlayTime": 1461396277000}, {"championLevel": 2, "chestGranted": false, "championPoints": 4132, "championPointsSinceLastLevel": 2332, "playerId": 21575, "championPointsUntilNextLevel": 1868, "tokensEarned": 0, "championId": 223, "lastPlayTime": 1461464724000}, {"championLevel": 2, "chestGranted": false, "championPoints": 3334, "championPointsSinceLastLevel": 1534, "playerId": 21575, "championPointsUntilNextLevel": 2666, "tokensEarned": 0, "championId": 202, "lastPlayTime": 1459989393000}, {"championLevel": 2, "chestGranted": false, "championPoints": 3333, "championPointsSinceLastLevel": 1533, "playerId": 21575, "championPointsUntilNextLevel": 2667, "tokensEarned": 0, "championId": 110, "lastPlayTime": 1459833478000}, {"championLevel": 2, "chestGranted": false, "championPoints": 3284, "championPointsSinceLastLevel": 1484, "playerId": 21575, "championPointsUntilNextLevel": 2716, "tokensEarned": 0, "championId": 42, "lastPlayTime": 1459368991000}, {"championLevel": 2, "chestGranted": false, "championPoints": 3135, "championPointsSinceLastLevel": 1335, "playerId": 21575, "championPointsUntilNextLevel": 2865, "tokensEarned": 0, "championId": 39, "lastPlayTime": 1435440253000}, {"championLevel": 2, "chestGranted": false, "championPoints": 3065, "championPointsSinceLastLevel": 1265, "playerId": 21575, "championPointsUntilNextLevel": 2935, "tokensEarned": 0, "championId": 114, "lastPlayTime": 1455170066000}, {"championLevel": 2, "chestGranted": false, "championPoints": 3040, "championPointsSinceLastLevel": 1240, "playerId": 21575, "championPointsUntilNextLevel": 2960, "tokensEarned": 0, "championId": 4, "lastPlayTime": 1454306525000}, {"championLevel": 2, "chestGranted": false, "championPoints": 2995, "championPointsSinceLastLevel": 1195, "playerId": 21575, "championPointsUntilNextLevel": 3005, "tokensEarned": 0, "championId": 267, "lastPlayTime": 1461392310000}, {"championLevel": 2, "chestGranted": false, "championPoints": 2979, "championPointsSinceLastLevel": 1179, "playerId": 21575, "championPointsUntilNextLevel": 3021, "tokensEarned": 0, "championId": 40, "lastPlayTime": 1445911985000}, {"championLevel": 2, "chestGranted": false, "championPoints": 2682, "championPointsSinceLastLevel": 882, "playerId": 21575, "championPointsUntilNextLevel": 3318, "tokensEarned": 0, "championId": 92, "lastPlayTime": 1447811673000}, {"championLevel": 2, "chestGranted": false, "championPoints": 2565, "championPointsSinceLastLevel": 765, "playerId": 21575, "championPointsUntilNextLevel": 3435, "tokensEarned": 0, "championId": 22, "lastPlayTime": 1434423470000}, {"championLevel": 2, "chestGranted": false, "championPoints": 2332, "championPointsSinceLastLevel": 532, "playerId": 21575, "championPointsUntilNextLevel": 3668, "tokensEarned": 0, "championId": 24, "lastPlayTime": 1451284095000}, {"championLevel": 2, "chestGranted": false, "championPoints": 2312, "championPointsSinceLastLevel": 512, "playerId": 21575, "championPointsUntilNextLevel": 3688, "tokensEarned": 0, "championId": 8, "lastPlayTime": 1446091311000}, {"championLevel": 2, "chestGranted": false, "championPoints": 2277, "championPointsSinceLastLevel": 477, "playerId": 21575, "championPointsUntilNextLevel": 3723, "tokensEarned": 0, "championId": 12, "lastPlayTime": 1461481421000}, {"championLevel": 2, "chestGranted": false, "championPoints": 2225, "championPointsSinceLastLevel": 425, "playerId": 21575, "championPointsUntilNextLevel": 3775, "tokensEarned": 0, "championId": 113, "lastPlayTime": 1435980742000}, {"championLevel": 2, "chestGranted": false, "championPoints": 2219, "championPointsSinceLastLevel": 419, "playerId": 21575, "championPointsUntilNextLevel": 3781, "tokensEarned": 0, "championId": 58, "lastPlayTime": 1458347242000}, {"championLevel": 2, "chestGranted": false, "championPoints": 2086, "championPointsSinceLastLevel": 286, "playerId": 21575, "championPointsUntilNextLevel": 3914, "tokensEarned": 0, "championId": 268, "lastPlayTime": 1433979631000}, {"championLevel": 2, "chestGranted": false, "championPoints": 1902, "championPointsSinceLastLevel": 102, "playerId": 21575, "championPointsUntilNextLevel": 4098, "tokensEarned": 0, "championId": 157, "lastPlayTime": 1439524501000}, {"championLevel": 2, "chestGranted": false, "championPoints": 1817, "championPointsSinceLastLevel": 17, "playerId": 21575, "championPointsUntilNextLevel": 4183, "tokensEarned": 0, "championId": 51, "lastPlayTime": 1458538421000}, {"championLevel": 1, "chestGranted": false, "championPoints": 1767, "championPointsSinceLastLevel": 1767, "playerId": 21575, "championPointsUntilNextLevel": 33, "tokensEarned": 0, "championId": 69, "lastPlayTime": 1433005506000}, {"championLevel": 1, "chestGranted": false, "championPoints": 1699, "championPointsSinceLastLevel": 1699, "playerId": 21575, "championPointsUntilNextLevel": 101, "tokensEarned": 0, "championId": 68, "lastPlayTime": 1440824029000}, {"championLevel": 1, "chestGranted": false, "championPoints": 1650, "championPointsSinceLastLevel": 1650, "playerId": 21575, "championPointsUntilNextLevel": 150, "tokensEarned": 0, "championId": 63, "lastPlayTime": 1453401179000}, {"championLevel": 1, "chestGranted": false, "championPoints": 1622, "championPointsSinceLastLevel": 1622, "playerId": 21575, "championPointsUntilNextLevel": 178, "tokensEarned": 0, "championId": 122, "lastPlayTime": 1449287501000}, {"championLevel": 1, "chestGranted": false, "championPoints": 1560, "championPointsSinceLastLevel": 1560, "playerId": 21575, "championPointsUntilNextLevel": 240, "tokensEarned": 0, "championId": 11, "lastPlayTime": 1454363494000}, {"championLevel": 1, "chestGranted": false, "championPoints": 1530, "championPointsSinceLastLevel": 1530, "playerId": 21575, "championPointsUntilNextLevel": 270, "tokensEarned": 0, "championId": 89, "lastPlayTime": 1442885149000}, {"championLevel": 1, "chestGranted": false, "championPoints": 1525, "championPointsSinceLastLevel": 1525, "playerId": 21575, "championPointsUntilNextLevel": 275, "tokensEarned": 0, "championId": 154, "lastPlayTime": 1459813303000}, {"championLevel": 1, "chestGranted": false, "championPoints": 1471, "championPointsSinceLastLevel": 1471, "playerId": 21575, "championPointsUntilNextLevel": 329, "tokensEarned": 0, "championId": 254, "lastPlayTime": 1438481845000}, {"championLevel": 1, "chestGranted": false, "championPoints": 1454, "championPointsSinceLastLevel": 1454, "playerId": 21575, "championPointsUntilNextLevel": 346, "tokensEarned": 0, "championId": 111, "lastPlayTime": 1443886841000}, {"championLevel": 1, "chestGranted": false, "championPoints": 1354, "championPointsSinceLastLevel": 1354, "playerId": 21575, "championPointsUntilNextLevel": 446, "tokensEarned": 0, "championId": 107, "lastPlayTime": 1444852400000}, {"championLevel": 1, "chestGranted": false, "championPoints": 1342, "championPointsSinceLastLevel": 1342, "playerId": 21575, "championPointsUntilNextLevel": 458, "tokensEarned": 0, "championId": 80, "lastPlayTime": 1454446083000}, {"championLevel": 1, "chestGranted": false, "championPoints": 1281, "championPointsSinceLastLevel": 1281, "playerId": 21575, "championPointsUntilNextLevel": 519, "tokensEarned": 0, "championId": 117, "lastPlayTime": 1442786777000}, {"championLevel": 1, "chestGranted": false, "championPoints": 1265, "championPointsSinceLastLevel": 1265, "playerId": 21575, "championPointsUntilNextLevel": 535, "tokensEarned": 0, "championId": 91, "lastPlayTime": 1434609822000}, {"championLevel": 1, "chestGranted": false, "championPoints": 1263, "championPointsSinceLastLevel": 1263, "playerId": 21575, "championPointsUntilNextLevel": 537, "tokensEarned": 0, "championId": 429, "lastPlayTime": 1443769632000}, {"championLevel": 1, "chestGranted": false, "championPoints": 1221, "championPointsSinceLastLevel": 1221, "playerId": 21575, "championPointsUntilNextLevel": 579, "tokensEarned": 0, "championId": 25, "lastPlayTime": 1444001650000}, {"championLevel": 1, "chestGranted": false, "championPoints": 1147, "championPointsSinceLastLevel": 1147, "playerId": 21575, "championPointsUntilNextLevel": 653, "tokensEarned": 0, "championId": 201, "lastPlayTime": 1444191981000}, {"championLevel": 1, "chestGranted": false, "championPoints": 1121, "championPointsSinceLastLevel": 1121, "playerId": 21575, "championPointsUntilNextLevel": 679, "tokensEarned": 0, "championId": 203, "lastPlayTime": 1455100021000}, {"championLevel": 1, "chestGranted": false, "championPoints": 1078, "championPointsSinceLastLevel": 1078, "playerId": 21575, "championPointsUntilNextLevel": 722, "tokensEarned": 0, "championId": 79, "lastPlayTime": 1432253069000}, {"championLevel": 1, "chestGranted": false, "championPoints": 1075, "championPointsSinceLastLevel": 1075, "playerId": 21575, "championPointsUntilNextLevel": 725, "tokensEarned": 0, "championId": 15, "lastPlayTime": 1439357496000}, {"championLevel": 1, "chestGranted": false, "championPoints": 843, "championPointsSinceLastLevel": 843, "playerId": 21575, "championPointsUntilNextLevel": 957, "tokensEarned": 0, "championId": 126, "lastPlayTime": 1461540674000}, {"championLevel": 1, "chestGranted": false, "championPoints": 535, "championPointsSinceLastLevel": 535, "playerId": 21575, "championPointsUntilNextLevel": 1265, "tokensEarned": 0, "championId": 121, "lastPlayTime": 1443553196000}, {"championLevel": 1, "chestGranted": false, "championPoints": 430, "championPointsSinceLastLevel": 430, "playerId": 21575, "championPointsUntilNextLevel": 1370, "tokensEarned": 0, "championId": 96, "lastPlayTime": 1457402197000}, {"championLevel": 1, "chestGranted": false, "championPoints": 306, "championPointsSinceLastLevel": 306, "playerId": 21575, "championPointsUntilNextLevel": 1494, "tokensEarned": 0, "championId": 54, "lastPlayTime": 1455400644000}, {"championLevel": 1, "chestGranted": false, "championPoints": 234, "championPointsSinceLastLevel": 234, "playerId": 21575, "championPointsUntilNextLevel": 1566, "tokensEarned": 0, "championId": 127, "lastPlayTime": 1454103899000}, {"championLevel": 1, "chestGranted": false, "championPoints": 203, "championPointsSinceLastLevel": 203, "playerId": 21575, "championPointsUntilNextLevel": 1597, "tokensEarned": 0, "championId": 86, "lastPlayTime": 1443810844000}, {"championLevel": 1, "chestGranted": false, "championPoints": 195, "championPointsSinceLastLevel": 195, "playerId": 21575, "championPointsUntilNextLevel": 1605, "tokensEarned": 0, "championId": 9, "lastPlayTime": 1444678679000}, {"championLevel": 1, "chestGranted": false, "championPoints": 194, "championPointsSinceLastLevel": 194, "playerId": 21575, "championPointsUntilNextLevel": 1606, "tokensEarned": 0, "championId": 61, "lastPlayTime": 1444086799000}, {"championLevel": 1, "chestGranted": false, "championPoints": 194, "championPointsSinceLastLevel": 194, "playerId": 21575, "championPointsUntilNextLevel": 1606, "tokensEarned": 0, "championId": 112, "lastPlayTime": 1454056198000}, {"championLevel": 1, "chestGranted": false, "championPoints": 187, "championPointsSinceLastLevel": 187, "playerId": 21575, "championPointsUntilNextLevel": 1613, "tokensEarned": 0, "championId": 59, "lastPlayTime": 1435269277000}, {"championLevel": 1, "chestGranted": false, "championPoints": 184, "championPointsSinceLastLevel": 184, "playerId": 21575, "championPointsUntilNextLevel": 1616, "tokensEarned": 0, "championId": 34, "lastPlayTime": 1439259843000}, {"championLevel": 1, "chestGranted": false, "championPoints": 182, "championPointsSinceLastLevel": 182, "playerId": 21575, "championPointsUntilNextLevel": 1618, "tokensEarned": 0, "championId": 75, "lastPlayTime": 1435655639000}, {"championLevel": 1, "chestGranted": false, "championPoints": 171, "championPointsSinceLastLevel": 171, "playerId": 21575, "championPointsUntilNextLevel": 1629, "tokensEarned": 0, "championId": 421, "lastPlayTime": 1436758098000}, {"championLevel": 1, "chestGranted": false, "championPoints": 168, "championPointsSinceLastLevel": 168, "playerId": 21575, "championPointsUntilNextLevel": 1632, "tokensEarned": 0, "championId": 23, "lastPlayTime": 1447809475000}, {"championLevel": 1, "chestGranted": false, "championPoints": 166, "championPointsSinceLastLevel": 166, "playerId": 21575, "championPointsUntilNextLevel": 1634, "tokensEarned": 0, "championId": 85, "lastPlayTime": 1435698234000}, {"championLevel": 1, "chestGranted": false, "championPoints": 164, "championPointsSinceLastLevel": 164, "playerId": 21575, "championPointsUntilNextLevel": 1636, "tokensEarned": 0, "championId": 134, "lastPlayTime": 1461356652000}, {"championLevel": 1, "chestGranted": false, "championPoints": 143, "championPointsSinceLastLevel": 143, "playerId": 21575, "championPointsUntilNextLevel": 1657, "tokensEarned": 0, "championId": 17, "lastPlayTime": 1443039451000}, {"championLevel": 1, "chestGranted": false, "championPoints": 142, "championPointsSinceLastLevel": 142, "playerId": 21575, "championPointsUntilNextLevel": 1658, "tokensEarned": 0, "championId": 161, "lastPlayTime": 1432609869000}]