[{"championLevel": 3, "chestGranted": true, "championPoints": 7389, "championPointsSinceLastLevel": 1389, "playerId": 21573, "championPointsUntilNextLevel": 5211, "tokensEarned": 0, "championId": 119, "lastPlayTime": 1468985388000}, {"championLevel": 2, "chestGranted": false, "championPoints": 4049, "championPointsSinceLastLevel": 2249, "playerId": 21573, "championPointsUntilNextLevel": 1951, "tokensEarned": 0, "championId": 17, "lastPlayTime": 1456782397000}, {"championLevel": 2, "chestGranted": true, "championPoints": 3980, "championPointsSinceLastLevel": 2180, "playerId": 21573, "championPointsUntilNextLevel": 2020, "tokensEarned": 0, "championId": 31, "lastPlayTime": 1469141589000}, {"championLevel": 2, "chestGranted": false, "championPoints": 3463, "championPointsSinceLastLevel": 1663, "playerId": 21573, "championPointsUntilNextLevel": 2537, "tokensEarned": 0, "championId": 110, "lastPlayTime": 1435717150000}, {"championLevel": 2, "chestGranted": true, "championPoints": 3084, "championPointsSinceLastLevel": 1284, "playerId": 21573, "championPointsUntilNextLevel": 2916, "tokensEarned": 0, "championId": 77, "lastPlayTime": 1468895578000}, {"championLevel": 2, "chestGranted": true, "championPoints": 3057, "championPointsSinceLastLevel": 1257, "playerId": 21573, "championPointsUntilNextLevel": 2943, "tokensEarned": 0, "championId": 35, "lastPlayTime": 1468539593000}, {"championLevel": 2, "chestGranted": false, "championPoints": 2565, "championPointsSinceLastLevel": 765, "playerId": 21573, "championPointsUntilNextLevel": 3435, "tokensEarned": 0, "championId": 112, "lastPlayTime": 1444714471000}, {"championLevel": 2, "chestGranted": false, "championPoints": 2414, "championPointsSinceLastLevel": 614, "playerId": 21573, "championPointsUntilNextLevel": 3586, "tokensEarned": 0, "championId": 161, "lastPlayTime": 1468990323000}, {"championLevel": 2, "chestGranted": false, "championPoints": 1806, "championPointsSinceLastLevel": 6, "playerId": 21573, "championPointsUntilNextLevel": 4194, "tokensEarned": 0, "championId": 2, "lastPlayTime": 1468482933000}, {"championLevel": 1, "chestGranted": false, "championPoints": 1504, "championPointsSinceLastLevel": 1504, "playerId": 21573, "championPointsUntilNextLevel": 296, "tokensEarned": 0, "championId": 117, "lastPlayTime": 1468983606000}, {"championLevel": 1, "chestGranted": true, "championPoints": 1423, "championPointsSinceLastLevel": 1423, "playerId": 21573, "championPointsUntilNextLevel": 377, "tokensEarned": 0, "championId": 44, "lastPlayTime": 1459385141000}, {"championLevel": 1, "chestGranted": false, "championPoints": 1409, "championPointsSinceLastLevel": 1409, "playerId": 21573, "championPointsUntilNextLevel": 391, "tokensEarned": 0, "championId": 11, "lastPlayTime": 1456182738000}, {"championLevel": 1, "chestGranted": false, "championPoints": 1396, "championPointsSinceLastLevel": 1396, "playerId": 21573, "championPointsUntilNextLevel": 404, "tokensEarned": 0, "championId": 22, "lastPlayTime": 1434787385000}, {"championLevel": 1, "chestGranted": false, "championPoints": 1280, "championPointsSinceLastLevel": 1280, "playerId": 21573, "championPointsUntilNextLevel": 520, "tokensEarned": 0, "championId": 92, "lastPlayTime": 1433867839000}, {"championLevel": 1, "chestGranted": false, "championPoints": 1183, "championPointsSinceLastLevel": 1183, "playerId": 21573, "championPointsUntilNextLevel": 617, "tokensEarned": 0, "championId": 25, "lastPlayTime": 1468731312000}, {"championLevel": 1, "chestGranted": true, "championPoints": 1102, "championPointsSinceLastLevel": 1102, "playerId": 21573, "championPointsUntilNextLevel": 698, "tokensEarned": 0, "championId": 68, "lastPlayTime": 1469147417000}, {"championLevel": 1, "chestGranted": true, "championPoints": 959, "championPointsSinceLastLevel": 959, "playerId": 21573, "championPointsUntilNextLevel": 841, "tokensEarned": 0, "championId": 121, "lastPlayTime": 1468818542000}, {"championLevel": 1, "chestGranted": false, "championPoints": 958, "championPointsSinceLastLevel": 958, "playerId": 21573, "championPointsUntilNextLevel": 842, "tokensEarned": 0, "championId": 78, "lastPlayTime": 1456078583000}, {"championLevel": 1, "chestGranted": false, "championPoints": 956, "championPointsSinceLastLevel": 956, "playerId": 21573, "championPointsUntilNextLevel": 844, "tokensEarned": 0, "championId": 1, "lastPlayTime": 1449729663000}, {"championLevel": 1, "chestGranted": false, "championPoints": 951, "championPointsSinceLastLevel": 951, "playerId": 21573, "championPointsUntilNextLevel": 849, "tokensEarned": 0, "championId": 23, "lastPlayTime": 1469149434000}, {"championLevel": 1, "chestGranted": false, "championPoints": 938, "championPointsSinceLastLevel": 938, "playerId": 21573, "championPointsUntilNextLevel": 862, "tokensEarned": 0, "championId": 96, "lastPlayTime": 1468484688000}, {"championLevel": 1, "chestGranted": false, "championPoints": 923, "championPointsSinceLastLevel": 923, "playerId": 21573, "championPointsUntilNextLevel": 877, "tokensEarned": 0, "championId": 10, "lastPlayTime": 1468987709000}, {"championLevel": 1, "chestGranted": false, "championPoints": 894, "championPointsSinceLastLevel": 894, "playerId": 21573, "championPointsUntilNextLevel": 906, "tokensEarned": 0, "championId": 72, "lastPlayTime": 1468559432000}, {"championLevel": 1, "chestGranted": false, "championPoints": 752, "championPointsSinceLastLevel": 752, "playerId": 21573, "championPointsUntilNextLevel": 1048, "tokensEarned": 0, "championId": 254, "lastPlayTime": 1468982204000}, {"championLevel": 1, "chestGranted": false, "championPoints": 669, "championPointsSinceLastLevel": 669, "playerId": 21573, "championPointsUntilNextLevel": 1131, "tokensEarned": 0, "championId": 40, "lastPlayTime": 1469143074000}, {"championLevel": 1, "chestGranted": false, "championPoints": 511, "championPointsSinceLastLevel": 511, "playerId": 21573, "championPointsUntilNextLevel": 1289, "tokensEarned": 0, "championId": 107, "lastPlayTime": 1468897950000}, {"championLevel": 1, "chestGranted": false, "championPoints": 387, "championPointsSinceLastLevel": 387, "playerId": 21573, "championPointsUntilNextLevel": 1413, "tokensEarned": 0, "championId": 102, "lastPlayTime": 1468992905000}, {"championLevel": 1, "chestGranted": false, "championPoints": 359, "championPointsSinceLastLevel": 359, "playerId": 21573, "championPointsUntilNextLevel": 1441, "tokensEarned": 0, "championId": 7, "lastPlayTime": 1468649569000}, {"championLevel": 1, "chestGranted": false, "championPoints": 250, "championPointsSinceLastLevel": 250, "playerId": 21573, "championPointsUntilNextLevel": 1550, "tokensEarned": 0, "championId": 150, "lastPlayTime": 1444453781000}, {"championLevel": 1, "chestGranted": false, "championPoints": 236, "championPointsSinceLastLevel": 236, "playerId": 21573, "championPointsUntilNextLevel": 1564, "tokensEarned": 0, "championId": 157, "lastPlayTime": 1434781079000}, {"championLevel": 1, "chestGranted": false, "championPoints": 216, "championPointsSinceLastLevel": 216, "playerId": 21573, "championPointsUntilNextLevel": 1584, "tokensEarned": 0, "championId": 57, "lastPlayTime": 1452872894000}, {"championLevel": 1, "chestGranted": false, "championPoints": 213, "championPointsSinceLastLevel": 213, "playerId": 21573, "championPointsUntilNextLevel": 1587, "tokensEarned": 0, "championId": 114, "lastPlayTime": 1439352730000}, {"championLevel": 1, "chestGranted": false, "championPoints": 203, "championPointsSinceLastLevel": 203, "playerId": 21573, "championPointsUntilNextLevel": 1597, "tokensEarned": 0, "championId": 111, "lastPlayTime": 1469145178000}, {"championLevel": 1, "chestGranted": false, "championPoints": 165, "championPointsSinceLastLevel": 165, "playerId": 21573, "championPointsUntilNextLevel": 1635, "tokensEarned": 0, "championId": 127, "lastPlayTime": 1468726537000}, {"championLevel": 1, "chestGranted": false, "championPoints": 152, "championPointsSinceLastLevel": 152, "playerId": 21573, "championPointsUntilNextLevel": 1648, "tokensEarned": 0, "championId": 120, "lastPlayTime": 1434211638000}, {"championLevel": 1, "chestGranted": false, "championPoints": 125, "championPointsSinceLastLevel": 125, "playerId": 21573, "championPointsUntilNextLevel": 1675, "tokensEarned": 0, "championId": 267, "lastPlayTime": 1468820004000}, {"championLevel": 1, "chestGranted": false, "championPoints": 121, "championPointsSinceLastLevel": 121, "playerId": 21573, "championPointsUntilNextLevel": 1679, "tokensEarned": 0, "championId": 113, "lastPlayTime": 1468537279000}]