[{"championLevel": 5, "chestGranted": false, "championPoints": 41084, "championPointsSinceLastLevel": 19484, "playerId": 21578, "championPointsUntilNextLevel": 0, "tokensEarned": 0, "championId": 412, "lastPlayTime": 1468047957000}, {"championLevel": 5, "chestGranted": false, "championPoints": 32119, "championPointsSinceLastLevel": 10519, "playerId": 21578, "championPointsUntilNextLevel": 0, "tokensEarned": 0, "championId": 236, "lastPlayTime": 1468909140000}, {"championLevel": 5, "chestGranted": false, "championPoints": 24413, "championPointsSinceLastLevel": 2813, "playerId": 21578, "championPointsUntilNextLevel": 0, "tokensEarned": 0, "championId": 7, "lastPlayTime": 1468129437000}, {"championLevel": 5, "chestGranted": true, "championPoints": 23705, "championPointsSinceLastLevel": 2105, "playerId": 21578, "championPointsUntilNextLevel": 0, "tokensEarned": 0, "championId": 24, "lastPlayTime": 1468135419000}, {"championLevel": 5, "chestGranted": true, "championPoints": 23397, "championPointsSinceLastLevel": 1797, "playerId": 21578, "championPointsUntilNextLevel": 0, "tokensEarned": 0, "championId": 53, "lastPlayTime": 1460866712000}, {"championLevel": 5, "chestGranted": false, "championPoints": 22711, "championPointsSinceLastLevel": 1111, "playerId": 21578, "championPointsUntilNextLevel": 0, "tokensEarned": 0, "championId": 67, "lastPlayTime": 1461385113000}, {"championLevel": 5, "chestGranted": false, "championPoints": 22299, "championPointsSinceLastLevel": 699, "playerId": 21578, "championPointsUntilNextLevel": 0, "tokensEarned": 0, "championId": 11, "lastPlayTime": 1461394261000}, {"championLevel": 4, "chestGranted": false, "championPoints": 20305, "championPointsSinceLastLevel": 7705, "playerId": 21578, "championPointsUntilNextLevel": 1295, "tokensEarned": 0, "championId": 89, "lastPlayTime": 1468802971000}, {"championLevel": 4, "chestGranted": false, "championPoints": 20259, "championPointsSinceLastLevel": 7659, "playerId": 21578, "championPointsUntilNextLevel": 1341, "tokensEarned": 0, "championId": 5, "lastPlayTime": 1468123519000}, {"championLevel": 4, "chestGranted": true, "championPoints": 19326, "championPointsSinceLastLevel": 6726, "playerId": 21578, "championPointsUntilNextLevel": 2274, "tokensEarned": 0, "championId": 267, "lastPlayTime": 1467083795000}, {"championLevel": 4, "chestGranted": true, "championPoints": 18538, "championPointsSinceLastLevel": 5938, "playerId": 21578, "championPointsUntilNextLevel": 3062, "tokensEarned": 0, "championId": 104, "lastPlayTime": 1468813174000}, {"championLevel": 4, "chestGranted": false, "championPoints": 16566, "championPointsSinceLastLevel": 3966, "playerId": 21578, "championPointsUntilNextLevel": 5034, "tokensEarned": 0, "championId": 51, "lastPlayTime": 1469083129000}, {"championLevel": 4, "chestGranted": false, "championPoints": 15789, "championPointsSinceLastLevel": 3189, "playerId": 21578, "championPointsUntilNextLevel": 5811, "tokensEarned": 0, "championId": 111, "lastPlayTime": 1462342089000}, {"championLevel": 4, "chestGranted": false, "championPoints": 15699, "championPointsSinceLastLevel": 3099, "playerId": 21578, "championPointsUntilNextLevel": 5901, "tokensEarned": 0, "championId": 429, "lastPlayTime": 1458456547000}, {"championLevel": 4, "chestGranted": true, "championPoints": 15561, "championPointsSinceLastLevel": 2961, "playerId": 21578, "championPointsUntilNextLevel": 6039, "tokensEarned": 0, "championId": 203, "lastPlayTime": 1467438345000}, {"championLevel": 4, "chestGranted": false, "championPoints": 15179, "championPointsSinceLastLevel": 2579, "playerId": 21578, "championPointsUntilNextLevel": 6421, "tokensEarned": 0, "championId": 40, "lastPlayTime": 1462064254000}, {"championLevel": 4, "chestGranted": true, "championPoints": 14784, "championPointsSinceLastLevel": 2184, "playerId": 21578, "championPointsUntilNextLevel": 6816, "tokensEarned": 0, "championId": 245, "lastPlayTime": 1462079333000}, {"championLevel": 4, "chestGranted": false, "championPoints": 14550, "championPointsSinceLastLevel": 1950, "playerId": 21578, "championPointsUntilNextLevel": 7050, "tokensEarned": 0, "championId": 79, "lastPlayTime": 1460007930000}, {"championLevel": 4, "chestGranted": true, "championPoints": 14246, "championPointsSinceLastLevel": 1646, "playerId": 21578, "championPointsUntilNextLevel": 7354, "tokensEarned": 0, "championId": 113, "lastPlayTime": 1469085437000}, {"championLevel": 4, "chestGranted": false, "championPoints": 13115, "championPointsSinceLastLevel": 515, "playerId": 21578, "championPointsUntilNextLevel": 8485, "tokensEarned": 0, "championId": 29, "lastPlayTime": 1458939866000}, {"championLevel": 4, "chestGranted": false, "championPoints": 13101, "championPointsSinceLastLevel": 501, "playerId": 21578, "championPointsUntilNextLevel": 8499, "tokensEarned": 0, "championId": 223, "lastPlayTime": 1455218402000}, {"championLevel": 4, "chestGranted": true, "championPoints": 12934, "championPointsSinceLastLevel": 334, "playerId": 21578, "championPointsUntilNextLevel": 8666, "tokensEarned": 0, "championId": 268, "lastPlayTime": 1468792058000}, {"championLevel": 4, "chestGranted": true, "championPoints": 12835, "championPointsSinceLastLevel": 235, "playerId": 21578, "championPointsUntilNextLevel": 8765, "tokensEarned": 0, "championId": 201, "lastPlayTime": 1459570709000}, {"championLevel": 4, "chestGranted": false, "championPoints": 12790, "championPointsSinceLastLevel": 190, "playerId": 21578, "championPointsUntilNextLevel": 8810, "tokensEarned": 0, "championId": 18, "lastPlayTime": 1457033883000}, {"championLevel": 3, "chestGranted": false, "championPoints": 11933, "championPointsSinceLastLevel": 5933, "playerId": 21578, "championPointsUntilNextLevel": 667, "tokensEarned": 0, "championId": 22, "lastPlayTime": 1458516574000}, {"championLevel": 3, "chestGranted": false, "championPoints": 11802, "championPointsSinceLastLevel": 5802, "playerId": 21578, "championPointsUntilNextLevel": 798, "tokensEarned": 0, "championId": 238, "lastPlayTime": 1461461551000}, {"championLevel": 3, "chestGranted": true, "championPoints": 11587, "championPointsSinceLastLevel": 5587, "playerId": 21578, "championPointsUntilNextLevel": 1013, "tokensEarned": 0, "championId": 64, "lastPlayTime": 1468987687000}, {"championLevel": 3, "chestGranted": true, "championPoints": 10889, "championPointsSinceLastLevel": 4889, "playerId": 21578, "championPointsUntilNextLevel": 1711, "tokensEarned": 0, "championId": 122, "lastPlayTime": 1468744405000}, {"championLevel": 3, "chestGranted": false, "championPoints": 10680, "championPointsSinceLastLevel": 4680, "playerId": 21578, "championPointsUntilNextLevel": 1920, "tokensEarned": 0, "championId": 25, "lastPlayTime": 1458885875000}, {"championLevel": 3, "chestGranted": false, "championPoints": 10544, "championPointsSinceLastLevel": 4544, "playerId": 21578, "championPointsUntilNextLevel": 2056, "tokensEarned": 0, "championId": 120, "lastPlayTime": 1468386715000}, {"championLevel": 3, "chestGranted": false, "championPoints": 10508, "championPointsSinceLastLevel": 4508, "playerId": 21578, "championPointsUntilNextLevel": 2092, "tokensEarned": 0, "championId": 103, "lastPlayTime": 1460922449000}, {"championLevel": 3, "chestGranted": false, "championPoints": 10340, "championPointsSinceLastLevel": 4340, "playerId": 21578, "championPointsUntilNextLevel": 2260, "tokensEarned": 0, "championId": 19, "lastPlayTime": 1452715140000}, {"championLevel": 3, "chestGranted": false, "championPoints": 10008, "championPointsSinceLastLevel": 4008, "playerId": 21578, "championPointsUntilNextLevel": 2592, "tokensEarned": 0, "championId": 150, "lastPlayTime": 1460520637000}, {"championLevel": 3, "chestGranted": false, "championPoints": 9965, "championPointsSinceLastLevel": 3965, "playerId": 21578, "championPointsUntilNextLevel": 2635, "tokensEarned": 0, "championId": 12, "lastPlayTime": 1462252420000}, {"championLevel": 3, "chestGranted": false, "championPoints": 9885, "championPointsSinceLastLevel": 3885, "playerId": 21578, "championPointsUntilNextLevel": 2715, "tokensEarned": 0, "championId": 81, "lastPlayTime": 1468915796000}, {"championLevel": 3, "chestGranted": false, "championPoints": 9845, "championPointsSinceLastLevel": 3845, "playerId": 21578, "championPointsUntilNextLevel": 2755, "tokensEarned": 0, "championId": 157, "lastPlayTime": 1468206857000}, {"championLevel": 3, "chestGranted": true, "championPoints": 9347, "championPointsSinceLastLevel": 3347, "playerId": 21578, "championPointsUntilNextLevel": 3253, "tokensEarned": 0, "championId": 57, "lastPlayTime": 1462164479000}, {"championLevel": 3, "chestGranted": false, "championPoints": 9346, "championPointsSinceLastLevel": 3346, "playerId": 21578, "championPointsUntilNextLevel": 3254, "tokensEarned": 0, "championId": 420, "lastPlayTime": 1468726996000}, {"championLevel": 3, "chestGranted": false, "championPoints": 9310, "championPointsSinceLastLevel": 3310, "playerId": 21578, "championPointsUntilNextLevel": 3290, "tokensEarned": 0, "championId": 21, "lastPlayTime": 1454214342000}, {"championLevel": 3, "chestGranted": false, "championPoints": 9018, "championPointsSinceLastLevel": 3018, "playerId": 21578, "championPointsUntilNextLevel": 3582, "tokensEarned": 0, "championId": 114, "lastPlayTime": 1461442316000}, {"championLevel": 3, "chestGranted": false, "championPoints": 8959, "championPointsSinceLastLevel": 2959, "playerId": 21578, "championPointsUntilNextLevel": 3641, "tokensEarned": 0, "championId": 110, "lastPlayTime": 1460089701000}, {"championLevel": 3, "chestGranted": false, "championPoints": 8952, "championPointsSinceLastLevel": 2952, "playerId": 21578, "championPointsUntilNextLevel": 3648, "tokensEarned": 0, "championId": 62, "lastPlayTime": 1459567617000}, {"championLevel": 3, "chestGranted": false, "championPoints": 8913, "championPointsSinceLastLevel": 2913, "playerId": 21578, "championPointsUntilNextLevel": 3687, "tokensEarned": 0, "championId": 45, "lastPlayTime": 1454724483000}, {"championLevel": 3, "chestGranted": false, "championPoints": 8777, "championPointsSinceLastLevel": 2777, "playerId": 21578, "championPointsUntilNextLevel": 3823, "tokensEarned": 0, "championId": 60, "lastPlayTime": 1468807250000}, {"championLevel": 3, "chestGranted": false, "championPoints": 8449, "championPointsSinceLastLevel": 2449, "playerId": 21578, "championPointsUntilNextLevel": 4151, "tokensEarned": 0, "championId": 4, "lastPlayTime": 1466481674000}, {"championLevel": 3, "chestGranted": true, "championPoints": 8436, "championPointsSinceLastLevel": 2436, "playerId": 21578, "championPointsUntilNextLevel": 4164, "tokensEarned": 0, "championId": 37, "lastPlayTime": 1461391090000}, {"championLevel": 3, "chestGranted": false, "championPoints": 8331, "championPointsSinceLastLevel": 2331, "playerId": 21578, "championPointsUntilNextLevel": 4269, "tokensEarned": 0, "championId": 112, "lastPlayTime": 1467249499000}, {"championLevel": 3, "chestGranted": false, "championPoints": 8028, "championPointsSinceLastLevel": 2028, "playerId": 21578, "championPointsUntilNextLevel": 4572, "tokensEarned": 0, "championId": 36, "lastPlayTime": 1452282555000}, {"championLevel": 3, "chestGranted": true, "championPoints": 7933, "championPointsSinceLastLevel": 1933, "playerId": 21578, "championPointsUntilNextLevel": 4667, "tokensEarned": 0, "championId": 35, "lastPlayTime": 1466838159000}, {"championLevel": 3, "chestGranted": false, "championPoints": 7764, "championPointsSinceLastLevel": 1764, "playerId": 21578, "championPointsUntilNextLevel": 4836, "tokensEarned": 0, "championId": 421, "lastPlayTime": 1467261617000}, {"championLevel": 3, "chestGranted": false, "championPoints": 7707, "championPointsSinceLastLevel": 1707, "playerId": 21578, "championPointsUntilNextLevel": 4893, "tokensEarned": 0, "championId": 2, "lastPlayTime": 1461651960000}, {"championLevel": 3, "chestGranted": true, "championPoints": 7668, "championPointsSinceLastLevel": 1668, "playerId": 21578, "championPointsUntilNextLevel": 4932, "tokensEarned": 0, "championId": 28, "lastPlayTime": 1467077559000}, {"championLevel": 3, "chestGranted": false, "championPoints": 7626, "championPointsSinceLastLevel": 1626, "playerId": 21578, "championPointsUntilNextLevel": 4974, "tokensEarned": 0, "championId": 154, "lastPlayTime": 1466827401000}, {"championLevel": 3, "chestGranted": false, "championPoints": 7601, "championPointsSinceLastLevel": 1601, "playerId": 21578, "championPointsUntilNextLevel": 4999, "tokensEarned": 0, "championId": 85, "lastPlayTime": 1462482409000}, {"championLevel": 3, "chestGranted": false, "championPoints": 7591, "championPointsSinceLastLevel": 1591, "playerId": 21578, "championPointsUntilNextLevel": 5009, "tokensEarned": 0, "championId": 42, "lastPlayTime": 1455852404000}, {"championLevel": 3, "chestGranted": false, "championPoints": 7354, "championPointsSinceLastLevel": 1354, "playerId": 21578, "championPointsUntilNextLevel": 5246, "tokensEarned": 0, "championId": 99, "lastPlayTime": 1468810839000}, {"championLevel": 3, "chestGranted": false, "championPoints": 7166, "championPointsSinceLastLevel": 1166, "playerId": 21578, "championPointsUntilNextLevel": 5434, "tokensEarned": 0, "championId": 63, "lastPlayTime": 1456038644000}, {"championLevel": 3, "chestGranted": false, "championPoints": 7144, "championPointsSinceLastLevel": 1144, "playerId": 21578, "championPointsUntilNextLevel": 5456, "tokensEarned": 0, "championId": 254, "lastPlayTime": 1466750565000}, {"championLevel": 3, "chestGranted": false, "championPoints": 7059, "championPointsSinceLastLevel": 1059, "playerId": 21578, "championPointsUntilNextLevel": 5541, "tokensEarned": 0, "championId": 101, "lastPlayTime": 1456546623000}, {"championLevel": 3, "chestGranted": true, "championPoints": 6918, "championPointsSinceLastLevel": 918, "playerId": 21578, "championPointsUntilNextLevel": 5682, "tokensEarned": 0, "championId": 32, "lastPlayTime": 1468383206000}, {"championLevel": 3, "chestGranted": false, "championPoints": 6865, "championPointsSinceLastLevel": 865, "playerId": 21578, "championPointsUntilNextLevel": 5735, "tokensEarned": 0, "championId": 48, "lastPlayTime": 1468646226000}, {"championLevel": 3, "chestGranted": false, "championPoints": 6710, "championPointsSinceLastLevel": 710, "playerId": 21578, "championPointsUntilNextLevel": 5890, "tokensEarned": 0, "championId": 86, "lastPlayTime": 1460700579000}, {"championLevel": 3, "chestGranted": false, "championPoints": 6096, "championPointsSinceLastLevel": 96, "playerId": 21578, "championPointsUntilNextLevel": 6504, "tokensEarned": 0, "championId": 222, "lastPlayTime": 1461814279000}, {"championLevel": 3, "chestGranted": false, "championPoints": 6087, "championPointsSinceLastLevel": 87, "playerId": 21578, "championPointsUntilNextLevel": 6513, "tokensEarned": 0, "championId": 15, "lastPlayTime": 1460874057000}, {"championLevel": 3, "chestGranted": false, "championPoints": 6015, "championPointsSinceLastLevel": 15, "playerId": 21578, "championPointsUntilNextLevel": 6585, "tokensEarned": 0, "championId": 41, "lastPlayTime": 1468729545000}, {"championLevel": 2, "chestGranted": false, "championPoints": 5963, "championPointsSinceLastLevel": 4163, "playerId": 21578, "championPointsUntilNextLevel": 37, "tokensEarned": 0, "championId": 13, "lastPlayTime": 1469076864000}, {"championLevel": 2, "chestGranted": false, "championPoints": 5814, "championPointsSinceLastLevel": 4014, "playerId": 21578, "championPointsUntilNextLevel": 186, "tokensEarned": 0, "championId": 105, "lastPlayTime": 1462153661000}, {"championLevel": 2, "chestGranted": false, "championPoints": 5789, "championPointsSinceLastLevel": 3989, "playerId": 21578, "championPointsUntilNextLevel": 211, "tokensEarned": 0, "championId": 10, "lastPlayTime": 1454387554000}, {"championLevel": 2, "chestGranted": false, "championPoints": 5753, "championPointsSinceLastLevel": 3953, "playerId": 21578, "championPointsUntilNextLevel": 247, "tokensEarned": 0, "championId": 134, "lastPlayTime": 1468200197000}, {"championLevel": 2, "chestGranted": false, "championPoints": 5734, "championPointsSinceLastLevel": 3934, "playerId": 21578, "championPointsUntilNextLevel": 266, "tokensEarned": 0, "championId": 202, "lastPlayTime": 1462337079000}, {"championLevel": 2, "chestGranted": false, "championPoints": 5709, "championPointsSinceLastLevel": 3909, "playerId": 21578, "championPointsUntilNextLevel": 291, "tokensEarned": 0, "championId": 78, "lastPlayTime": 1459222339000}, {"championLevel": 2, "chestGranted": false, "championPoints": 5618, "championPointsSinceLastLevel": 3818, "playerId": 21578, "championPointsUntilNextLevel": 382, "tokensEarned": 0, "championId": 91, "lastPlayTime": 1454786276000}, {"championLevel": 2, "chestGranted": false, "championPoints": 5449, "championPointsSinceLastLevel": 3649, "playerId": 21578, "championPointsUntilNextLevel": 551, "tokensEarned": 0, "championId": 92, "lastPlayTime": 1461444119000}, {"championLevel": 2, "chestGranted": false, "championPoints": 5400, "championPointsSinceLastLevel": 3600, "playerId": 21578, "championPointsUntilNextLevel": 600, "tokensEarned": 0, "championId": 58, "lastPlayTime": 1460573970000}, {"championLevel": 2, "chestGranted": false, "championPoints": 5238, "championPointsSinceLastLevel": 3438, "playerId": 21578, "championPointsUntilNextLevel": 762, "tokensEarned": 0, "championId": 39, "lastPlayTime": 1468733246000}, {"championLevel": 2, "chestGranted": false, "championPoints": 5208, "championPointsSinceLastLevel": 3408, "playerId": 21578, "championPointsUntilNextLevel": 792, "tokensEarned": 0, "championId": 68, "lastPlayTime": 1466575462000}, {"championLevel": 2, "chestGranted": false, "championPoints": 5113, "championPointsSinceLastLevel": 3313, "playerId": 21578, "championPointsUntilNextLevel": 887, "tokensEarned": 0, "championId": 117, "lastPlayTime": 1469081121000}, {"championLevel": 2, "chestGranted": false, "championPoints": 5058, "championPointsSinceLastLevel": 3258, "playerId": 21578, "championPointsUntilNextLevel": 942, "tokensEarned": 0, "championId": 54, "lastPlayTime": 1466650343000}, {"championLevel": 2, "chestGranted": false, "championPoints": 5041, "championPointsSinceLastLevel": 3241, "playerId": 21578, "championPointsUntilNextLevel": 959, "tokensEarned": 0, "championId": 44, "lastPlayTime": 1467061238000}, {"championLevel": 2, "chestGranted": false, "championPoints": 4907, "championPointsSinceLastLevel": 3107, "playerId": 21578, "championPointsUntilNextLevel": 1093, "tokensEarned": 0, "championId": 34, "lastPlayTime": 1467258459000}, {"championLevel": 2, "chestGranted": false, "championPoints": 4906, "championPointsSinceLastLevel": 3106, "playerId": 21578, "championPointsUntilNextLevel": 1094, "tokensEarned": 0, "championId": 1, "lastPlayTime": 1460861153000}, {"championLevel": 2, "chestGranted": false, "championPoints": 4844, "championPointsSinceLastLevel": 3044, "playerId": 21578, "championPointsUntilNextLevel": 1156, "tokensEarned": 0, "championId": 17, "lastPlayTime": 1461367095000}, {"championLevel": 2, "chestGranted": false, "championPoints": 4613, "championPointsSinceLastLevel": 2813, "playerId": 21578, "championPointsUntilNextLevel": 1387, "tokensEarned": 0, "championId": 83, "lastPlayTime": 1461382956000}, {"championLevel": 2, "chestGranted": false, "championPoints": 4549, "championPointsSinceLastLevel": 2749, "playerId": 21578, "championPointsUntilNextLevel": 1451, "tokensEarned": 0, "championId": 107, "lastPlayTime": 1453434689000}, {"championLevel": 2, "chestGranted": false, "championPoints": 4478, "championPointsSinceLastLevel": 2678, "playerId": 21578, "championPointsUntilNextLevel": 1522, "tokensEarned": 0, "championId": 80, "lastPlayTime": 1459395616000}, {"championLevel": 2, "chestGranted": false, "championPoints": 4475, "championPointsSinceLastLevel": 2675, "playerId": 21578, "championPointsUntilNextLevel": 1525, "tokensEarned": 0, "championId": 38, "lastPlayTime": 1453358841000}, {"championLevel": 2, "chestGranted": false, "championPoints": 4454, "championPointsSinceLastLevel": 2654, "playerId": 21578, "championPointsUntilNextLevel": 1546, "tokensEarned": 0, "championId": 76, "lastPlayTime": 1468996144000}, {"championLevel": 2, "chestGranted": false, "championPoints": 4309, "championPointsSinceLastLevel": 2509, "playerId": 21578, "championPointsUntilNextLevel": 1691, "tokensEarned": 0, "championId": 50, "lastPlayTime": 1467430643000}, {"championLevel": 2, "chestGranted": false, "championPoints": 4274, "championPointsSinceLastLevel": 2474, "playerId": 21578, "championPointsUntilNextLevel": 1726, "tokensEarned": 0, "championId": 432, "lastPlayTime": 1469155936000}, {"championLevel": 2, "chestGranted": false, "championPoints": 4263, "championPointsSinceLastLevel": 2463, "playerId": 21578, "championPointsUntilNextLevel": 1737, "tokensEarned": 0, "championId": 96, "lastPlayTime": 1457557531000}, {"championLevel": 2, "chestGranted": true, "championPoints": 4257, "championPointsSinceLastLevel": 2457, "playerId": 21578, "championPointsUntilNextLevel": 1743, "tokensEarned": 0, "championId": 20, "lastPlayTime": 1461388003000}, {"championLevel": 2, "chestGranted": false, "championPoints": 4205, "championPointsSinceLastLevel": 2405, "playerId": 21578, "championPointsUntilNextLevel": 1795, "tokensEarned": 0, "championId": 9, "lastPlayTime": 1466741646000}, {"championLevel": 2, "chestGranted": false, "championPoints": 4175, "championPointsSinceLastLevel": 2375, "playerId": 21578, "championPointsUntilNextLevel": 1825, "tokensEarned": 0, "championId": 127, "lastPlayTime": 1461733708000}, {"championLevel": 2, "chestGranted": false, "championPoints": 3954, "championPointsSinceLastLevel": 2154, "playerId": 21578, "championPointsUntilNextLevel": 2046, "tokensEarned": 0, "championId": 55, "lastPlayTime": 1468990337000}, {"championLevel": 2, "chestGranted": false, "championPoints": 3826, "championPointsSinceLastLevel": 2026, "playerId": 21578, "championPointsUntilNextLevel": 2174, "tokensEarned": 0, "championId": 82, "lastPlayTime": 1466546203000}, {"championLevel": 2, "chestGranted": false, "championPoints": 3597, "championPointsSinceLastLevel": 1797, "playerId": 21578, "championPointsUntilNextLevel": 2403, "tokensEarned": 0, "championId": 98, "lastPlayTime": 1467352908000}, {"championLevel": 2, "chestGranted": false, "championPoints": 3518, "championPointsSinceLastLevel": 1718, "playerId": 21578, "championPointsUntilNextLevel": 2482, "tokensEarned": 0, "championId": 56, "lastPlayTime": 1468648298000}, {"championLevel": 2, "chestGranted": false, "championPoints": 3446, "championPointsSinceLastLevel": 1646, "playerId": 21578, "championPointsUntilNextLevel": 2554, "tokensEarned": 0, "championId": 106, "lastPlayTime": 1469162012000}, {"championLevel": 2, "chestGranted": false, "championPoints": 3441, "championPointsSinceLastLevel": 1641, "playerId": 21578, "championPointsUntilNextLevel": 2559, "tokensEarned": 0, "championId": 131, "lastPlayTime": 1454293794000}, {"championLevel": 2, "chestGranted": false, "championPoints": 3342, "championPointsSinceLastLevel": 1542, "playerId": 21578, "championPointsUntilNextLevel": 2658, "tokensEarned": 0, "championId": 16, "lastPlayTime": 1457490054000}, {"championLevel": 2, "chestGranted": false, "championPoints": 3340, "championPointsSinceLastLevel": 1540, "playerId": 21578, "championPointsUntilNextLevel": 2660, "tokensEarned": 0, "championId": 61, "lastPlayTime": 1461463006000}, {"championLevel": 2, "chestGranted": false, "championPoints": 3130, "championPointsSinceLastLevel": 1330, "playerId": 21578, "championPointsUntilNextLevel": 2870, "tokensEarned": 0, "championId": 69, "lastPlayTime": 1460345208000}, {"championLevel": 2, "chestGranted": false, "championPoints": 3105, "championPointsSinceLastLevel": 1305, "playerId": 21578, "championPointsUntilNextLevel": 2895, "tokensEarned": 0, "championId": 14, "lastPlayTime": 1461730559000}, {"championLevel": 2, "chestGranted": false, "championPoints": 3036, "championPointsSinceLastLevel": 1236, "playerId": 21578, "championPointsUntilNextLevel": 2964, "tokensEarned": 0, "championId": 102, "lastPlayTime": 1459216804000}, {"championLevel": 2, "chestGranted": false, "championPoints": 3008, "championPointsSinceLastLevel": 1208, "playerId": 21578, "championPointsUntilNextLevel": 2992, "tokensEarned": 0, "championId": 119, "lastPlayTime": 1456112704000}, {"championLevel": 2, "chestGranted": false, "championPoints": 2932, "championPointsSinceLastLevel": 1132, "playerId": 21578, "championPointsUntilNextLevel": 3068, "tokensEarned": 0, "championId": 161, "lastPlayTime": 1454273879000}, {"championLevel": 2, "chestGranted": false, "championPoints": 2913, "championPointsSinceLastLevel": 1113, "playerId": 21578, "championPointsUntilNextLevel": 3087, "tokensEarned": 0, "championId": 77, "lastPlayTime": 1468465360000}, {"championLevel": 2, "chestGranted": false, "championPoints": 2904, "championPointsSinceLastLevel": 1104, "playerId": 21578, "championPointsUntilNextLevel": 3096, "tokensEarned": 0, "championId": 8, "lastPlayTime": 1467963218000}, {"championLevel": 2, "chestGranted": false, "championPoints": 2803, "championPointsSinceLastLevel": 1003, "playerId": 21578, "championPointsUntilNextLevel": 3197, "tokensEarned": 0, "championId": 26, "lastPlayTime": 1460242935000}, {"championLevel": 2, "chestGranted": false, "championPoints": 2719, "championPointsSinceLastLevel": 919, "playerId": 21578, "championPointsUntilNextLevel": 3281, "tokensEarned": 0, "championId": 90, "lastPlayTime": 1469158358000}, {"championLevel": 2, "chestGranted": false, "championPoints": 2644, "championPointsSinceLastLevel": 844, "playerId": 21578, "championPointsUntilNextLevel": 3356, "tokensEarned": 0, "championId": 27, "lastPlayTime": 1449461916000}, {"championLevel": 2, "chestGranted": false, "championPoints": 2622, "championPointsSinceLastLevel": 822, "playerId": 21578, "championPointsUntilNextLevel": 3378, "tokensEarned": 0, "championId": 31, "lastPlayTime": 1454379914000}, {"championLevel": 2, "chestGranted": false, "championPoints": 2170, "championPointsSinceLastLevel": 370, "playerId": 21578, "championPointsUntilNextLevel": 3830, "tokensEarned": 0, "championId": 126, "lastPlayTime": 1456383915000}, {"championLevel": 2, "chestGranted": false, "championPoints": 1997, "championPointsSinceLastLevel": 197, "playerId": 21578, "championPointsUntilNextLevel": 4003, "tokensEarned": 0, "championId": 59, "lastPlayTime": 1468480039000}, {"championLevel": 2, "chestGranted": false, "championPoints": 1881, "championPointsSinceLastLevel": 81, "playerId": 21578, "championPointsUntilNextLevel": 4119, "tokensEarned": 0, "championId": 75, "lastPlayTime": 1451454123000}, {"championLevel": 2, "chestGranted": false, "championPoints": 1843, "championPointsSinceLastLevel": 43, "playerId": 21578, "championPointsUntilNextLevel": 4157, "tokensEarned": 0, "championId": 121, "lastPlayTime": 1467510885000}, {"championLevel": 1, "chestGranted": false, "championPoints": 1799, "championPointsSinceLastLevel": 1799, "playerId": 21578, "championPointsUntilNextLevel": 1, "tokensEarned": 0, "championId": 115, "lastPlayTime": 1468741605000}, {"championLevel": 1, "chestGranted": false, "championPoints": 1764, "championPointsSinceLastLevel": 1764, "playerId": 21578, "championPointsUntilNextLevel": 36, "tokensEarned": 0, "championId": 33, "lastPlayTime": 1452146209000}, {"championLevel": 1, "chestGranted": false, "championPoints": 1693, "championPointsSinceLastLevel": 1693, "playerId": 21578, "championPointsUntilNextLevel": 107, "tokensEarned": 0, "championId": 143, "lastPlayTime": 1467067661000}, {"championLevel": 1, "chestGranted": false, "championPoints": 1678, "championPointsSinceLastLevel": 1678, "playerId": 21578, "championPointsUntilNextLevel": 122, "tokensEarned": 0, "championId": 133, "lastPlayTime": 1458453284000}, {"championLevel": 1, "chestGranted": false, "championPoints": 1528, "championPointsSinceLastLevel": 1528, "playerId": 21578, "championPointsUntilNextLevel": 272, "tokensEarned": 0, "championId": 43, "lastPlayTime": 1466544347000}, {"championLevel": 1, "chestGranted": false, "championPoints": 1484, "championPointsSinceLastLevel": 1484, "playerId": 21578, "championPointsUntilNextLevel": 316, "tokensEarned": 0, "championId": 74, "lastPlayTime": 1469088583000}, {"championLevel": 1, "chestGranted": false, "championPoints": 1453, "championPointsSinceLastLevel": 1453, "playerId": 21578, "championPointsUntilNextLevel": 347, "tokensEarned": 0, "championId": 84, "lastPlayTime": 1456282223000}, {"championLevel": 1, "chestGranted": false, "championPoints": 1340, "championPointsSinceLastLevel": 1340, "playerId": 21578, "championPointsUntilNextLevel": 460, "tokensEarned": 0, "championId": 136, "lastPlayTime": 1459576333000}, {"championLevel": 1, "chestGranted": false, "championPoints": 1304, "championPointsSinceLastLevel": 1304, "playerId": 21578, "championPointsUntilNextLevel": 496, "tokensEarned": 0, "championId": 72, "lastPlayTime": 1440735003000}, {"championLevel": 1, "chestGranted": false, "championPoints": 1245, "championPointsSinceLastLevel": 1245, "playerId": 21578, "championPointsUntilNextLevel": 555, "tokensEarned": 0, "championId": 6, "lastPlayTime": 1432322539000}, {"championLevel": 1, "chestGranted": false, "championPoints": 1108, "championPointsSinceLastLevel": 1108, "playerId": 21578, "championPointsUntilNextLevel": 692, "tokensEarned": 0, "championId": 30, "lastPlayTime": 1461363520000}, {"championLevel": 1, "chestGranted": false, "championPoints": 759, "championPointsSinceLastLevel": 759, "playerId": 21578, "championPointsUntilNextLevel": 1041, "tokensEarned": 0, "championId": 23, "lastPlayTime": 1447807740000}, {"championLevel": 1, "chestGranted": false, "championPoints": 324, "championPointsSinceLastLevel": 324, "playerId": 21578, "championPointsUntilNextLevel": 1476, "tokensEarned": 0, "championId": 266, "lastPlayTime": 1456285564000}, {"championLevel": 1, "chestGranted": false, "championPoints": 181, "championPointsSinceLastLevel": 181, "playerId": 21578, "championPointsUntilNextLevel": 1619, "tokensEarned": 0, "championId": 3, "lastPlayTime": 1460869019000}, {"championLevel": 1, "chestGranted": false, "championPoints": 163, "championPointsSinceLastLevel": 163, "playerId": 21578, "championPointsUntilNextLevel": 1637, "tokensEarned": 0, "championId": 163, "lastPlayTime": 1468818923000}]