[{"championLevel": 3, "chestGranted": true, "championPoints": 12227, "championPointsSinceLastLevel": 6227, "playerId": 21586, "championPointsUntilNextLevel": 373, "tokensEarned": 0, "championId": 81, "lastPlayTime": 1463796427000}, {"championLevel": 3, "chestGranted": true, "championPoints": 8102, "championPointsSinceLastLevel": 2102, "playerId": 21586, "championPointsUntilNextLevel": 4498, "tokensEarned": 0, "championId": 236, "lastPlayTime": 1463332974000}, {"championLevel": 3, "chestGranted": true, "championPoints": 6279, "championPointsSinceLastLevel": 279, "playerId": 21586, "championPointsUntilNextLevel": 6321, "tokensEarned": 0, "championId": 103, "lastPlayTime": 1461806528000}, {"championLevel": 2, "chestGranted": true, "championPoints": 5937, "championPointsSinceLastLevel": 4137, "playerId": 21586, "championPointsUntilNextLevel": 63, "tokensEarned": 0, "championId": 67, "lastPlayTime": 1461266522000}, {"championLevel": 2, "chestGranted": false, "championPoints": 5537, "championPointsSinceLastLevel": 3737, "playerId": 21586, "championPointsUntilNextLevel": 463, "tokensEarned": 0, "championId": 40, "lastPlayTime": 1461799921000}, {"championLevel": 2, "chestGranted": false, "championPoints": 4149, "championPointsSinceLastLevel": 2349, "playerId": 21586, "championPointsUntilNextLevel": 1851, "tokensEarned": 0, "championId": 412, "lastPlayTime": 1457478316000}, {"championLevel": 2, "chestGranted": false, "championPoints": 4025, "championPointsSinceLastLevel": 2225, "playerId": 21586, "championPointsUntilNextLevel": 1975, "tokensEarned": 0, "championId": 78, "lastPlayTime": 1461280458000}, {"championLevel": 2, "chestGranted": false, "championPoints": 4008, "championPointsSinceLastLevel": 2208, "playerId": 21586, "championPointsUntilNextLevel": 1992, "tokensEarned": 0, "championId": 8, "lastPlayTime": 1460003782000}, {"championLevel": 2, "chestGranted": false, "championPoints": 3587, "championPointsSinceLastLevel": 1787, "playerId": 21586, "championPointsUntilNextLevel": 2413, "tokensEarned": 0, "championId": 64, "lastPlayTime": 1465794750000}, {"championLevel": 2, "chestGranted": true, "championPoints": 3540, "championPointsSinceLastLevel": 1740, "playerId": 21586, "championPointsUntilNextLevel": 2460, "tokensEarned": 0, "championId": 15, "lastPlayTime": 1460721757000}, {"championLevel": 2, "chestGranted": true, "championPoints": 3476, "championPointsSinceLastLevel": 1676, "playerId": 21586, "championPointsUntilNextLevel": 2524, "tokensEarned": 0, "championId": 25, "lastPlayTime": 1463790800000}, {"championLevel": 2, "chestGranted": false, "championPoints": 3252, "championPointsSinceLastLevel": 1452, "playerId": 21586, "championPointsUntilNextLevel": 2748, "tokensEarned": 0, "championId": 104, "lastPlayTime": 1442211366000}, {"championLevel": 2, "chestGranted": false, "championPoints": 3025, "championPointsSinceLastLevel": 1225, "playerId": 21586, "championPointsUntilNextLevel": 2975, "tokensEarned": 0, "championId": 107, "lastPlayTime": 1451549249000}, {"championLevel": 2, "chestGranted": false, "championPoints": 2880, "championPointsSinceLastLevel": 1080, "playerId": 21586, "championPointsUntilNextLevel": 3120, "tokensEarned": 0, "championId": 119, "lastPlayTime": 1456876933000}, {"championLevel": 2, "chestGranted": false, "championPoints": 2535, "championPointsSinceLastLevel": 735, "playerId": 21586, "championPointsUntilNextLevel": 3465, "tokensEarned": 0, "championId": 16, "lastPlayTime": 1461966394000}, {"championLevel": 2, "chestGranted": true, "championPoints": 2445, "championPointsSinceLastLevel": 645, "playerId": 21586, "championPointsUntilNextLevel": 3555, "tokensEarned": 0, "championId": 99, "lastPlayTime": 1463336090000}, {"championLevel": 2, "chestGranted": true, "championPoints": 2251, "championPointsSinceLastLevel": 451, "playerId": 21586, "championPointsUntilNextLevel": 3749, "tokensEarned": 0, "championId": 17, "lastPlayTime": 1468386106000}, {"championLevel": 2, "chestGranted": true, "championPoints": 2231, "championPointsSinceLastLevel": 431, "playerId": 21586, "championPointsUntilNextLevel": 3769, "tokensEarned": 0, "championId": 92, "lastPlayTime": 1461354178000}, {"championLevel": 2, "chestGranted": true, "championPoints": 2054, "championPointsSinceLastLevel": 254, "playerId": 21586, "championPointsUntilNextLevel": 3946, "tokensEarned": 0, "championId": 18, "lastPlayTime": 1461881614000}, {"championLevel": 2, "chestGranted": false, "championPoints": 1887, "championPointsSinceLastLevel": 87, "playerId": 21586, "championPointsUntilNextLevel": 4113, "tokensEarned": 0, "championId": 51, "lastPlayTime": 1463783328000}, {"championLevel": 2, "chestGranted": false, "championPoints": 1855, "championPointsSinceLastLevel": 55, "playerId": 21586, "championPointsUntilNextLevel": 4145, "tokensEarned": 0, "championId": 7, "lastPlayTime": 1460000814000}, {"championLevel": 2, "chestGranted": false, "championPoints": 1830, "championPointsSinceLastLevel": 30, "playerId": 21586, "championPointsUntilNextLevel": 4170, "tokensEarned": 0, "championId": 1, "lastPlayTime": 1456117032000}, {"championLevel": 1, "chestGranted": false, "championPoints": 1750, "championPointsSinceLastLevel": 1750, "playerId": 21586, "championPointsUntilNextLevel": 50, "tokensEarned": 0, "championId": 134, "lastPlayTime": 1461195260000}, {"championLevel": 1, "chestGranted": true, "championPoints": 1728, "championPointsSinceLastLevel": 1728, "playerId": 21586, "championPointsUntilNextLevel": 72, "tokensEarned": 0, "championId": 29, "lastPlayTime": 1463779897000}, {"championLevel": 1, "chestGranted": false, "championPoints": 1470, "championPointsSinceLastLevel": 1470, "playerId": 21586, "championPointsUntilNextLevel": 330, "tokensEarned": 0, "championId": 37, "lastPlayTime": 1456105029000}, {"championLevel": 1, "chestGranted": false, "championPoints": 1359, "championPointsSinceLastLevel": 1359, "playerId": 21586, "championPointsUntilNextLevel": 441, "tokensEarned": 0, "championId": 117, "lastPlayTime": 1452311197000}, {"championLevel": 1, "chestGranted": false, "championPoints": 1325, "championPointsSinceLastLevel": 1325, "playerId": 21586, "championPointsUntilNextLevel": 475, "tokensEarned": 0, "championId": 53, "lastPlayTime": 1461272057000}, {"championLevel": 1, "chestGranted": false, "championPoints": 1309, "championPointsSinceLastLevel": 1309, "playerId": 21586, "championPointsUntilNextLevel": 491, "tokensEarned": 0, "championId": 420, "lastPlayTime": 1468381306000}, {"championLevel": 1, "chestGranted": false, "championPoints": 1098, "championPointsSinceLastLevel": 1098, "playerId": 21586, "championPointsUntilNextLevel": 702, "tokensEarned": 0, "championId": 238, "lastPlayTime": 1452716391000}, {"championLevel": 1, "chestGranted": false, "championPoints": 927, "championPointsSinceLastLevel": 927, "playerId": 21586, "championPointsUntilNextLevel": 873, "tokensEarned": 0, "championId": 82, "lastPlayTime": 1437769914000}, {"championLevel": 1, "chestGranted": false, "championPoints": 387, "championPointsSinceLastLevel": 387, "playerId": 21586, "championPointsUntilNextLevel": 1413, "tokensEarned": 0, "championId": 222, "lastPlayTime": 1461263135000}, {"championLevel": 1, "chestGranted": false, "championPoints": 303, "championPointsSinceLastLevel": 303, "playerId": 21586, "championPointsUntilNextLevel": 1497, "tokensEarned": 0, "championId": 61, "lastPlayTime": 1452663037000}, {"championLevel": 1, "chestGranted": false, "championPoints": 266, "championPointsSinceLastLevel": 266, "playerId": 21586, "championPointsUntilNextLevel": 1534, "tokensEarned": 0, "championId": 91, "lastPlayTime": 1452733750000}, {"championLevel": 1, "chestGranted": false, "championPoints": 250, "championPointsSinceLastLevel": 250, "playerId": 21586, "championPointsUntilNextLevel": 1550, "tokensEarned": 0, "championId": 39, "lastPlayTime": 1452651232000}, {"championLevel": 1, "chestGranted": false, "championPoints": 232, "championPointsSinceLastLevel": 232, "playerId": 21586, "championPointsUntilNextLevel": 1568, "tokensEarned": 0, "championId": 41, "lastPlayTime": 1468306825000}, {"championLevel": 1, "chestGranted": false, "championPoints": 199, "championPointsSinceLastLevel": 199, "playerId": 21586, "championPointsUntilNextLevel": 1601, "tokensEarned": 0, "championId": 127, "lastPlayTime": 1441579838000}, {"championLevel": 1, "chestGranted": false, "championPoints": 175, "championPointsSinceLastLevel": 175, "playerId": 21586, "championPointsUntilNextLevel": 1625, "tokensEarned": 0, "championId": 60, "lastPlayTime": 1451546486000}, {"championLevel": 1, "chestGranted": false, "championPoints": 172, "championPointsSinceLastLevel": 172, "playerId": 21586, "championPointsUntilNextLevel": 1628, "tokensEarned": 0, "championId": 42, "lastPlayTime": 1441398484000}, {"championLevel": 1, "chestGranted": false, "championPoints": 167, "championPointsSinceLastLevel": 167, "playerId": 21586, "championPointsUntilNextLevel": 1633, "tokensEarned": 0, "championId": 68, "lastPlayTime": 1448223674000}]