[{"championLevel": 5, "chestGranted": true, "championPoints": 32779, "championPointsSinceLastLevel": 11179, "playerId": 21588, "championPointsUntilNextLevel": 0, "tokensEarned": 0, "championId": 7, "lastPlayTime": 1461542812000}, {"championLevel": 5, "chestGranted": true, "championPoints": 28204, "championPointsSinceLastLevel": 6604, "playerId": 21588, "championPointsUntilNextLevel": 0, "tokensEarned": 0, "championId": 64, "lastPlayTime": 1463260572000}, {"championLevel": 5, "chestGranted": true, "championPoints": 26282, "championPointsSinceLastLevel": 4682, "playerId": 21588, "championPointsUntilNextLevel": 0, "tokensEarned": 0, "championId": 79, "lastPlayTime": 1463977443000}, {"championLevel": 3, "chestGranted": false, "championPoints": 9196, "championPointsSinceLastLevel": 3196, "playerId": 21588, "championPointsUntilNextLevel": 3404, "tokensEarned": 0, "championId": 25, "lastPlayTime": 1458946721000}, {"championLevel": 2, "chestGranted": false, "championPoints": 4079, "championPointsSinceLastLevel": 2279, "playerId": 21588, "championPointsUntilNextLevel": 1921, "tokensEarned": 0, "championId": 17, "lastPlayTime": 1438300782000}, {"championLevel": 2, "chestGranted": false, "championPoints": 3455, "championPointsSinceLastLevel": 1655, "playerId": 21588, "championPointsUntilNextLevel": 2545, "tokensEarned": 0, "championId": 1, "lastPlayTime": 1460932869000}, {"championLevel": 2, "chestGranted": false, "championPoints": 3324, "championPointsSinceLastLevel": 1524, "playerId": 21588, "championPointsUntilNextLevel": 2676, "tokensEarned": 0, "championId": 22, "lastPlayTime": 1446484251000}, {"championLevel": 2, "chestGranted": false, "championPoints": 3167, "championPointsSinceLastLevel": 1367, "playerId": 21588, "championPointsUntilNextLevel": 2833, "tokensEarned": 0, "championId": 67, "lastPlayTime": 1445805098000}, {"championLevel": 2, "chestGranted": false, "championPoints": 2826, "championPointsSinceLastLevel": 1026, "playerId": 21588, "championPointsUntilNextLevel": 3174, "tokensEarned": 0, "championId": 76, "lastPlayTime": 1440650591000}, {"championLevel": 2, "chestGranted": false, "championPoints": 2698, "championPointsSinceLastLevel": 898, "playerId": 21588, "championPointsUntilNextLevel": 3302, "tokensEarned": 0, "championId": 20, "lastPlayTime": 1461548091000}, {"championLevel": 2, "chestGranted": false, "championPoints": 2495, "championPointsSinceLastLevel": 695, "playerId": 21588, "championPointsUntilNextLevel": 3505, "tokensEarned": 0, "championId": 11, "lastPlayTime": 1461551393000}, {"championLevel": 2, "chestGranted": true, "championPoints": 2210, "championPointsSinceLastLevel": 410, "playerId": 21588, "championPointsUntilNextLevel": 3790, "tokensEarned": 0, "championId": 78, "lastPlayTime": 1461536150000}, {"championLevel": 2, "chestGranted": false, "championPoints": 2140, "championPointsSinceLastLevel": 340, "playerId": 21588, "championPointsUntilNextLevel": 3860, "tokensEarned": 0, "championId": 63, "lastPlayTime": 1463898149000}, {"championLevel": 1, "chestGranted": false, "championPoints": 1457, "championPointsSinceLastLevel": 1457, "playerId": 21588, "championPointsUntilNextLevel": 343, "tokensEarned": 0, "championId": 432, "lastPlayTime": 1446420536000}, {"championLevel": 1, "chestGranted": false, "championPoints": 1429, "championPointsSinceLastLevel": 1429, "playerId": 21588, "championPointsUntilNextLevel": 371, "tokensEarned": 0, "championId": 15, "lastPlayTime": 1442980968000}, {"championLevel": 1, "chestGranted": false, "championPoints": 1387, "championPointsSinceLastLevel": 1387, "playerId": 21588, "championPointsUntilNextLevel": 413, "tokensEarned": 0, "championId": 126, "lastPlayTime": 1459052210000}, {"championLevel": 1, "chestGranted": false, "championPoints": 1326, "championPointsSinceLastLevel": 1326, "playerId": 21588, "championPointsUntilNextLevel": 474, "tokensEarned": 0, "championId": 35, "lastPlayTime": 1434666058000}, {"championLevel": 1, "chestGranted": false, "championPoints": 1298, "championPointsSinceLastLevel": 1298, "playerId": 21588, "championPointsUntilNextLevel": 502, "tokensEarned": 0, "championId": 10, "lastPlayTime": 1434574264000}, {"championLevel": 1, "chestGranted": false, "championPoints": 1278, "championPointsSinceLastLevel": 1278, "playerId": 21588, "championPointsUntilNextLevel": 522, "tokensEarned": 0, "championId": 42, "lastPlayTime": 1432176416000}, {"championLevel": 1, "chestGranted": false, "championPoints": 1224, "championPointsSinceLastLevel": 1224, "playerId": 21588, "championPointsUntilNextLevel": 576, "tokensEarned": 0, "championId": 16, "lastPlayTime": 1450549599000}, {"championLevel": 1, "chestGranted": false, "championPoints": 1175, "championPointsSinceLastLevel": 1175, "playerId": 21588, "championPointsUntilNextLevel": 625, "tokensEarned": 0, "championId": 117, "lastPlayTime": 1451871431000}, {"championLevel": 1, "chestGranted": false, "championPoints": 1120, "championPointsSinceLastLevel": 1120, "playerId": 21588, "championPointsUntilNextLevel": 680, "tokensEarned": 0, "championId": 13, "lastPlayTime": 1439506462000}, {"championLevel": 1, "chestGranted": false, "championPoints": 1114, "championPointsSinceLastLevel": 1114, "playerId": 21588, "championPointsUntilNextLevel": 686, "tokensEarned": 0, "championId": 72, "lastPlayTime": 1440720025000}, {"championLevel": 1, "chestGranted": false, "championPoints": 1095, "championPointsSinceLastLevel": 1095, "playerId": 21588, "championPointsUntilNextLevel": 705, "tokensEarned": 0, "championId": 101, "lastPlayTime": 1440105840000}, {"championLevel": 1, "chestGranted": false, "championPoints": 999, "championPointsSinceLastLevel": 999, "playerId": 21588, "championPointsUntilNextLevel": 801, "tokensEarned": 0, "championId": 103, "lastPlayTime": 1463890102000}, {"championLevel": 1, "chestGranted": false, "championPoints": 998, "championPointsSinceLastLevel": 998, "playerId": 21588, "championPointsUntilNextLevel": 802, "tokensEarned": 0, "championId": 110, "lastPlayTime": 1463974000000}, {"championLevel": 1, "chestGranted": false, "championPoints": 982, "championPointsSinceLastLevel": 982, "playerId": 21588, "championPointsUntilNextLevel": 818, "tokensEarned": 0, "championId": 85, "lastPlayTime": 1432060680000}, {"championLevel": 1, "chestGranted": false, "championPoints": 981, "championPointsSinceLastLevel": 981, "playerId": 21588, "championPointsUntilNextLevel": 819, "tokensEarned": 0, "championId": 107, "lastPlayTime": 1432156359000}, {"championLevel": 1, "chestGranted": false, "championPoints": 902, "championPointsSinceLastLevel": 902, "playerId": 21588, "championPointsUntilNextLevel": 898, "tokensEarned": 0, "championId": 31, "lastPlayTime": 1461539999000}, {"championLevel": 1, "chestGranted": false, "championPoints": 493, "championPointsSinceLastLevel": 493, "playerId": 21588, "championPointsUntilNextLevel": 1307, "tokensEarned": 0, "championId": 53, "lastPlayTime": 1463978782000}, {"championLevel": 1, "chestGranted": false, "championPoints": 464, "championPointsSinceLastLevel": 464, "playerId": 21588, "championPointsUntilNextLevel": 1336, "tokensEarned": 0, "championId": 32, "lastPlayTime": 1461474780000}, {"championLevel": 1, "chestGranted": false, "championPoints": 353, "championPointsSinceLastLevel": 353, "playerId": 21588, "championPointsUntilNextLevel": 1447, "tokensEarned": 0, "championId": 40, "lastPlayTime": 1461034571000}, {"championLevel": 1, "chestGranted": false, "championPoints": 352, "championPointsSinceLastLevel": 352, "playerId": 21588, "championPointsUntilNextLevel": 1448, "tokensEarned": 0, "championId": 120, "lastPlayTime": 1463894014000}, {"championLevel": 1, "chestGranted": false, "championPoints": 234, "championPointsSinceLastLevel": 234, "playerId": 21588, "championPointsUntilNextLevel": 1566, "tokensEarned": 0, "championId": 14, "lastPlayTime": 1433974124000}, {"championLevel": 1, "chestGranted": false, "championPoints": 182, "championPointsSinceLastLevel": 182, "playerId": 21588, "championPointsUntilNextLevel": 1618, "tokensEarned": 0, "championId": 201, "lastPlayTime": 1432608059000}, {"championLevel": 1, "chestGranted": false, "championPoints": 170, "championPointsSinceLastLevel": 170, "playerId": 21588, "championPointsUntilNextLevel": 1630, "tokensEarned": 0, "championId": 45, "lastPlayTime": 1461544523000}, {"championLevel": 1, "chestGranted": false, "championPoints": 162, "championPointsSinceLastLevel": 162, "playerId": 21588, "championPointsUntilNextLevel": 1638, "tokensEarned": 0, "championId": 89, "lastPlayTime": 1463891825000}, {"championLevel": 1, "chestGranted": false, "championPoints": 155, "championPointsSinceLastLevel": 155, "playerId": 21588, "championPointsUntilNextLevel": 1645, "tokensEarned": 0, "championId": 9, "lastPlayTime": 1461476184000}]