[{"championLevel": 6, "chestGranted": true, "championPoints": 267303, "championPointsSinceLastLevel": 245703, "playerId": 21584, "championPointsUntilNextLevel": 0, "tokensEarned": 3, "championId": 119, "lastPlayTime": 1469136038000}, {"championLevel": 5, "chestGranted": false, "championPoints": 52364, "championPointsSinceLastLevel": 30764, "playerId": 21584, "championPointsUntilNextLevel": 0, "tokensEarned": 0, "championId": 23, "lastPlayTime": 1457376369000}, {"championLevel": 5, "chestGranted": true, "championPoints": 47199, "championPointsSinceLastLevel": 25599, "playerId": 21584, "championPointsUntilNextLevel": 0, "tokensEarned": 2, "championId": 120, "lastPlayTime": 1467745185000}, {"championLevel": 5, "chestGranted": true, "championPoints": 34009, "championPointsSinceLastLevel": 12409, "playerId": 21584, "championPointsUntilNextLevel": 0, "tokensEarned": 0, "championId": 48, "lastPlayTime": 1463296394000}, {"championLevel": 5, "chestGranted": true, "championPoints": 33974, "championPointsSinceLastLevel": 12374, "playerId": 21584, "championPointsUntilNextLevel": 0, "tokensEarned": 2, "championId": 72, "lastPlayTime": 1469083762000}, {"championLevel": 5, "chestGranted": false, "championPoints": 30461, "championPointsSinceLastLevel": 8861, "playerId": 21584, "championPointsUntilNextLevel": 0, "tokensEarned": 0, "championId": 36, "lastPlayTime": 1466317549000}, {"championLevel": 5, "chestGranted": true, "championPoints": 22473, "championPointsSinceLastLevel": 873, "playerId": 21584, "championPointsUntilNextLevel": 0, "tokensEarned": 0, "championId": 110, "lastPlayTime": 1468967771000}, {"championLevel": 4, "chestGranted": true, "championPoints": 12964, "championPointsSinceLastLevel": 364, "playerId": 21584, "championPointsUntilNextLevel": 8636, "tokensEarned": 0, "championId": 113, "lastPlayTime": 1464052609000}, {"championLevel": 3, "chestGranted": true, "championPoints": 8475, "championPointsSinceLastLevel": 2475, "playerId": 21584, "championPointsUntilNextLevel": 4125, "tokensEarned": 0, "championId": 2, "lastPlayTime": 1463451542000}, {"championLevel": 3, "chestGranted": false, "championPoints": 7860, "championPointsSinceLastLevel": 1860, "playerId": 21584, "championPointsUntilNextLevel": 4740, "tokensEarned": 0, "championId": 5, "lastPlayTime": 1448411704000}, {"championLevel": 2, "chestGranted": true, "championPoints": 5874, "championPointsSinceLastLevel": 4074, "playerId": 21584, "championPointsUntilNextLevel": 126, "tokensEarned": 0, "championId": 77, "lastPlayTime": 1465603935000}, {"championLevel": 2, "chestGranted": true, "championPoints": 5257, "championPointsSinceLastLevel": 3457, "playerId": 21584, "championPointsUntilNextLevel": 743, "tokensEarned": 0, "championId": 89, "lastPlayTime": 1459456650000}, {"championLevel": 2, "chestGranted": true, "championPoints": 3989, "championPointsSinceLastLevel": 2189, "playerId": 21584, "championPointsUntilNextLevel": 2011, "tokensEarned": 0, "championId": 63, "lastPlayTime": 1464125994000}, {"championLevel": 2, "chestGranted": false, "championPoints": 2659, "championPointsSinceLastLevel": 859, "playerId": 21584, "championPointsUntilNextLevel": 3341, "tokensEarned": 0, "championId": 133, "lastPlayTime": 1446676073000}, {"championLevel": 2, "chestGranted": false, "championPoints": 2602, "championPointsSinceLastLevel": 802, "playerId": 21584, "championPointsUntilNextLevel": 3398, "tokensEarned": 0, "championId": 236, "lastPlayTime": 1446441605000}, {"championLevel": 2, "chestGranted": false, "championPoints": 2466, "championPointsSinceLastLevel": 666, "playerId": 21584, "championPointsUntilNextLevel": 3534, "tokensEarned": 0, "championId": 53, "lastPlayTime": 1446543216000}, {"championLevel": 2, "chestGranted": false, "championPoints": 2101, "championPointsSinceLastLevel": 301, "playerId": 21584, "championPointsUntilNextLevel": 3899, "tokensEarned": 0, "championId": 126, "lastPlayTime": 1446686842000}, {"championLevel": 2, "chestGranted": false, "championPoints": 1932, "championPointsSinceLastLevel": 132, "playerId": 21584, "championPointsUntilNextLevel": 4068, "tokensEarned": 0, "championId": 104, "lastPlayTime": 1446593729000}, {"championLevel": 2, "chestGranted": false, "championPoints": 1919, "championPointsSinceLastLevel": 119, "playerId": 21584, "championPointsUntilNextLevel": 4081, "tokensEarned": 0, "championId": 31, "lastPlayTime": 1446345068000}, {"championLevel": 1, "chestGranted": false, "championPoints": 1692, "championPointsSinceLastLevel": 1692, "playerId": 21584, "championPointsUntilNextLevel": 108, "tokensEarned": 0, "championId": 222, "lastPlayTime": 1434869807000}, {"championLevel": 1, "chestGranted": false, "championPoints": 1626, "championPointsSinceLastLevel": 1626, "playerId": 21584, "championPointsUntilNextLevel": 174, "tokensEarned": 0, "championId": 58, "lastPlayTime": 1466107733000}, {"championLevel": 1, "chestGranted": true, "championPoints": 1578, "championPointsSinceLastLevel": 1578, "playerId": 21584, "championPointsUntilNextLevel": 222, "tokensEarned": 0, "championId": 42, "lastPlayTime": 1465179286000}, {"championLevel": 1, "chestGranted": true, "championPoints": 1513, "championPointsSinceLastLevel": 1513, "playerId": 21584, "championPointsUntilNextLevel": 287, "tokensEarned": 0, "championId": 266, "lastPlayTime": 1463101881000}, {"championLevel": 1, "chestGranted": false, "championPoints": 1476, "championPointsSinceLastLevel": 1476, "playerId": 21584, "championPointsUntilNextLevel": 324, "tokensEarned": 0, "championId": 32, "lastPlayTime": 1465496217000}, {"championLevel": 1, "chestGranted": false, "championPoints": 1264, "championPointsSinceLastLevel": 1264, "playerId": 21584, "championPointsUntilNextLevel": 536, "tokensEarned": 0, "championId": 29, "lastPlayTime": 1446340407000}, {"championLevel": 1, "chestGranted": false, "championPoints": 1223, "championPointsSinceLastLevel": 1223, "playerId": 21584, "championPointsUntilNextLevel": 577, "tokensEarned": 0, "championId": 412, "lastPlayTime": 1444085693000}, {"championLevel": 1, "chestGranted": true, "championPoints": 1136, "championPointsSinceLastLevel": 1136, "playerId": 21584, "championPointsUntilNextLevel": 664, "tokensEarned": 0, "championId": 79, "lastPlayTime": 1465963922000}, {"championLevel": 1, "chestGranted": false, "championPoints": 395, "championPointsSinceLastLevel": 395, "playerId": 21584, "championPointsUntilNextLevel": 1405, "tokensEarned": 0, "championId": 18, "lastPlayTime": 1465521991000}, {"championLevel": 1, "chestGranted": false, "championPoints": 380, "championPointsSinceLastLevel": 380, "playerId": 21584, "championPointsUntilNextLevel": 1420, "tokensEarned": 0, "championId": 81, "lastPlayTime": 1465444492000}, {"championLevel": 1, "chestGranted": false, "championPoints": 372, "championPointsSinceLastLevel": 372, "playerId": 21584, "championPointsUntilNextLevel": 1428, "tokensEarned": 0, "championId": 82, "lastPlayTime": 1437578670000}, {"championLevel": 1, "chestGranted": true, "championPoints": 345, "championPointsSinceLastLevel": 345, "playerId": 21584, "championPointsUntilNextLevel": 1455, "tokensEarned": 0, "championId": 111, "lastPlayTime": 1463016156000}, {"championLevel": 1, "chestGranted": false, "championPoints": 302, "championPointsSinceLastLevel": 302, "playerId": 21584, "championPointsUntilNextLevel": 1498, "tokensEarned": 0, "championId": 37, "lastPlayTime": 1438923154000}, {"championLevel": 1, "chestGranted": false, "championPoints": 276, "championPointsSinceLastLevel": 276, "playerId": 21584, "championPointsUntilNextLevel": 1524, "tokensEarned": 0, "championId": 44, "lastPlayTime": 1455657937000}, {"championLevel": 1, "chestGranted": false, "championPoints": 257, "championPointsSinceLastLevel": 257, "playerId": 21584, "championPointsUntilNextLevel": 1543, "tokensEarned": 0, "championId": 33, "lastPlayTime": 1447204990000}, {"championLevel": 1, "chestGranted": false, "championPoints": 247, "championPointsSinceLastLevel": 247, "playerId": 21584, "championPointsUntilNextLevel": 1553, "tokensEarned": 0, "championId": 106, "lastPlayTime": 1455682458000}, {"championLevel": 1, "chestGranted": false, "championPoints": 230, "championPointsSinceLastLevel": 230, "playerId": 21584, "championPointsUntilNextLevel": 1570, "tokensEarned": 0, "championId": 102, "lastPlayTime": 1431142865000}, {"championLevel": 1, "chestGranted": false, "championPoints": 198, "championPointsSinceLastLevel": 198, "playerId": 21584, "championPointsUntilNextLevel": 1602, "tokensEarned": 0, "championId": 429, "lastPlayTime": 1446674881000}, {"championLevel": 1, "chestGranted": false, "championPoints": 132, "championPointsSinceLastLevel": 132, "playerId": 21584, "championPointsUntilNextLevel": 1668, "tokensEarned": 0, "championId": 127, "lastPlayTime": 1466326413000}, {"championLevel": 1, "chestGranted": false, "championPoints": 126, "championPointsSinceLastLevel": 126, "playerId": 21584, "championPointsUntilNextLevel": 1674, "tokensEarned": 0, "championId": 12, "lastPlayTime": 1466324424000}]