[{"championLevel": 4, "chestGranted": false, "championPoints": 20455, "championPointsSinceLastLevel": 7855, "playerId": 21591, "championPointsUntilNextLevel": 1145, "tokensEarned": 0, "championId": 67, "lastPlayTime": 1469097283000}, {"championLevel": 4, "chestGranted": true, "championPoints": 17737, "championPointsSinceLastLevel": 5137, "playerId": 21591, "championPointsUntilNextLevel": 3863, "tokensEarned": 0, "championId": 23, "lastPlayTime": 1468826191000}, {"championLevel": 3, "chestGranted": true, "championPoints": 11988, "championPointsSinceLastLevel": 5988, "playerId": 21591, "championPointsUntilNextLevel": 612, "tokensEarned": 0, "championId": 222, "lastPlayTime": 1468832630000}, {"championLevel": 3, "chestGranted": true, "championPoints": 9037, "championPointsSinceLastLevel": 3037, "playerId": 21591, "championPointsUntilNextLevel": 3563, "tokensEarned": 0, "championId": 81, "lastPlayTime": 1469161876000}, {"championLevel": 3, "chestGranted": true, "championPoints": 8990, "championPointsSinceLastLevel": 2990, "playerId": 21591, "championPointsUntilNextLevel": 3610, "tokensEarned": 0, "championId": 99, "lastPlayTime": 1469150659000}, {"championLevel": 3, "chestGranted": false, "championPoints": 8739, "championPointsSinceLastLevel": 2739, "playerId": 21591, "championPointsUntilNextLevel": 3861, "tokensEarned": 0, "championId": 236, "lastPlayTime": 1468388506000}, {"championLevel": 3, "chestGranted": true, "championPoints": 8580, "championPointsSinceLastLevel": 2580, "playerId": 21591, "championPointsUntilNextLevel": 4020, "tokensEarned": 0, "championId": 110, "lastPlayTime": 1469155175000}, {"championLevel": 2, "chestGranted": false, "championPoints": 5777, "championPointsSinceLastLevel": 3977, "playerId": 21591, "championPointsUntilNextLevel": 223, "tokensEarned": 0, "championId": 86, "lastPlayTime": 1466721958000}, {"championLevel": 2, "chestGranted": true, "championPoints": 5660, "championPointsSinceLastLevel": 3860, "playerId": 21591, "championPointsUntilNextLevel": 340, "tokensEarned": 0, "championId": 20, "lastPlayTime": 1468823196000}, {"championLevel": 2, "chestGranted": true, "championPoints": 5484, "championPointsSinceLastLevel": 3684, "playerId": 21591, "championPointsUntilNextLevel": 516, "tokensEarned": 0, "championId": 29, "lastPlayTime": 1468875889000}, {"championLevel": 2, "chestGranted": false, "championPoints": 4708, "championPointsSinceLastLevel": 2908, "playerId": 21591, "championPointsUntilNextLevel": 1292, "tokensEarned": 0, "championId": 63, "lastPlayTime": 1469127621000}, {"championLevel": 2, "chestGranted": true, "championPoints": 4086, "championPointsSinceLastLevel": 2286, "playerId": 21591, "championPointsUntilNextLevel": 1914, "tokensEarned": 0, "championId": 18, "lastPlayTime": 1466796022000}, {"championLevel": 2, "chestGranted": false, "championPoints": 2576, "championPointsSinceLastLevel": 776, "playerId": 21591, "championPointsUntilNextLevel": 3424, "tokensEarned": 0, "championId": 89, "lastPlayTime": 1452962838000}, {"championLevel": 2, "chestGranted": false, "championPoints": 2479, "championPointsSinceLastLevel": 679, "playerId": 21591, "championPointsUntilNextLevel": 3521, "tokensEarned": 0, "championId": 75, "lastPlayTime": 1465875131000}, {"championLevel": 2, "chestGranted": false, "championPoints": 2261, "championPointsSinceLastLevel": 461, "playerId": 21591, "championPointsUntilNextLevel": 3739, "tokensEarned": 0, "championId": 2, "lastPlayTime": 1466786035000}, {"championLevel": 2, "chestGranted": false, "championPoints": 2231, "championPointsSinceLastLevel": 431, "playerId": 21591, "championPointsUntilNextLevel": 3769, "tokensEarned": 0, "championId": 54, "lastPlayTime": 1468481661000}, {"championLevel": 1, "chestGranted": false, "championPoints": 1743, "championPointsSinceLastLevel": 1743, "playerId": 21591, "championPointsUntilNextLevel": 57, "tokensEarned": 0, "championId": 420, "lastPlayTime": 1453105912000}, {"championLevel": 1, "chestGranted": false, "championPoints": 1651, "championPointsSinceLastLevel": 1651, "playerId": 21591, "championPointsUntilNextLevel": 149, "tokensEarned": 0, "championId": 122, "lastPlayTime": 1448765520000}, {"championLevel": 1, "chestGranted": false, "championPoints": 1505, "championPointsSinceLastLevel": 1505, "playerId": 21591, "championPointsUntilNextLevel": 295, "tokensEarned": 0, "championId": 22, "lastPlayTime": 1452327192000}, {"championLevel": 1, "chestGranted": false, "championPoints": 1178, "championPointsSinceLastLevel": 1178, "playerId": 21591, "championPointsUntilNextLevel": 622, "tokensEarned": 0, "championId": 55, "lastPlayTime": 1465954580000}, {"championLevel": 1, "chestGranted": false, "championPoints": 1138, "championPointsSinceLastLevel": 1138, "playerId": 21591, "championPointsUntilNextLevel": 662, "tokensEarned": 0, "championId": 24, "lastPlayTime": 1454573116000}, {"championLevel": 1, "chestGranted": false, "championPoints": 1059, "championPointsSinceLastLevel": 1059, "playerId": 21591, "championPointsUntilNextLevel": 741, "tokensEarned": 0, "championId": 25, "lastPlayTime": 1431666307000}, {"championLevel": 1, "chestGranted": false, "championPoints": 956, "championPointsSinceLastLevel": 956, "playerId": 21591, "championPointsUntilNextLevel": 844, "tokensEarned": 0, "championId": 104, "lastPlayTime": 1468182766000}, {"championLevel": 1, "chestGranted": false, "championPoints": 872, "championPointsSinceLastLevel": 872, "playerId": 21591, "championPointsUntilNextLevel": 928, "tokensEarned": 0, "championId": 202, "lastPlayTime": 1464291012000}, {"championLevel": 1, "chestGranted": false, "championPoints": 279, "championPointsSinceLastLevel": 279, "playerId": 21591, "championPointsUntilNextLevel": 1521, "tokensEarned": 0, "championId": 78, "lastPlayTime": 1466792422000}, {"championLevel": 1, "chestGranted": false, "championPoints": 232, "championPointsSinceLastLevel": 232, "playerId": 21591, "championPointsUntilNextLevel": 1568, "tokensEarned": 0, "championId": 5, "lastPlayTime": 1451977758000}, {"championLevel": 1, "chestGranted": false, "championPoints": 204, "championPointsSinceLastLevel": 204, "playerId": 21591, "championPointsUntilNextLevel": 1596, "tokensEarned": 0, "championId": 34, "lastPlayTime": 1468653592000}, {"championLevel": 1, "chestGranted": false, "championPoints": 196, "championPointsSinceLastLevel": 196, "playerId": 21591, "championPointsUntilNextLevel": 1604, "tokensEarned": 0, "championId": 45, "lastPlayTime": 1432098476000}, {"championLevel": 1, "chestGranted": false, "championPoints": 191, "championPointsSinceLastLevel": 191, "playerId": 21591, "championPointsUntilNextLevel": 1609, "tokensEarned": 0, "championId": 114, "lastPlayTime": 1451986666000}, {"championLevel": 1, "chestGranted": false, "championPoints": 190, "championPointsSinceLastLevel": 190, "playerId": 21591, "championPointsUntilNextLevel": 1610, "tokensEarned": 0, "championId": 80, "lastPlayTime": 1448814816000}, {"championLevel": 1, "chestGranted": false, "championPoints": 179, "championPointsSinceLastLevel": 179, "playerId": 21591, "championPointsUntilNextLevel": 1621, "tokensEarned": 0, "championId": 62, "lastPlayTime": 1466016509000}, {"championLevel": 1, "chestGranted": false, "championPoints": 171, "championPointsSinceLastLevel": 171, "playerId": 21591, "championPointsUntilNextLevel": 1629, "tokensEarned": 0, "championId": 429, "lastPlayTime": 1455271711000}, {"championLevel": 1, "chestGranted": false, "championPoints": 146, "championPointsSinceLastLevel": 146, "playerId": 21591, "championPointsUntilNextLevel": 1654, "tokensEarned": 0, "championId": 157, "lastPlayTime": 1448646824000}]