[{"championLevel": 5, "chestGranted": false, "championPoints": 32490, "championPointsSinceLastLevel": 10890, "playerId": 21594, "championPointsUntilNextLevel": 0, "tokensEarned": 0, "championId": 63, "lastPlayTime": 1457380933000}, {"championLevel": 5, "chestGranted": false, "championPoints": 25476, "championPointsSinceLastLevel": 3876, "playerId": 21594, "championPointsUntilNextLevel": 0, "tokensEarned": 0, "championId": 103, "lastPlayTime": 1457013302000}, {"championLevel": 5, "chestGranted": false, "championPoints": 24100, "championPointsSinceLastLevel": 2500, "playerId": 21594, "championPointsUntilNextLevel": 0, "tokensEarned": 0, "championId": 28, "lastPlayTime": 1457389784000}, {"championLevel": 4, "chestGranted": false, "championPoints": 18305, "championPointsSinceLastLevel": 5705, "playerId": 21594, "championPointsUntilNextLevel": 3295, "tokensEarned": 0, "championId": 72, "lastPlayTime": 1457368165000}, {"championLevel": 4, "chestGranted": false, "championPoints": 16762, "championPointsSinceLastLevel": 4162, "playerId": 21594, "championPointsUntilNextLevel": 4838, "tokensEarned": 0, "championId": 92, "lastPlayTime": 1443812111000}, {"championLevel": 3, "chestGranted": false, "championPoints": 11384, "championPointsSinceLastLevel": 5384, "playerId": 21594, "championPointsUntilNextLevel": 1216, "tokensEarned": 0, "championId": 105, "lastPlayTime": 1443775580000}, {"championLevel": 3, "chestGranted": false, "championPoints": 8747, "championPointsSinceLastLevel": 2747, "playerId": 21594, "championPointsUntilNextLevel": 3853, "tokensEarned": 0, "championId": 99, "lastPlayTime": 1457387564000}, {"championLevel": 3, "chestGranted": false, "championPoints": 7099, "championPointsSinceLastLevel": 1099, "playerId": 21594, "championPointsUntilNextLevel": 5501, "tokensEarned": 0, "championId": 110, "lastPlayTime": 1443999352000}, {"championLevel": 3, "chestGranted": false, "championPoints": 6950, "championPointsSinceLastLevel": 950, "playerId": 21594, "championPointsUntilNextLevel": 5650, "tokensEarned": 0, "championId": 60, "lastPlayTime": 1442521284000}, {"championLevel": 2, "chestGranted": false, "championPoints": 5893, "championPointsSinceLastLevel": 4093, "playerId": 21594, "championPointsUntilNextLevel": 107, "tokensEarned": 0, "championId": 5, "lastPlayTime": 1443491946000}, {"championLevel": 2, "chestGranted": false, "championPoints": 4991, "championPointsSinceLastLevel": 3191, "playerId": 21594, "championPointsUntilNextLevel": 1009, "tokensEarned": 0, "championId": 29, "lastPlayTime": 1457016034000}, {"championLevel": 2, "chestGranted": false, "championPoints": 4756, "championPointsSinceLastLevel": 2956, "playerId": 21594, "championPointsUntilNextLevel": 1244, "tokensEarned": 0, "championId": 4, "lastPlayTime": 1446168067000}, {"championLevel": 2, "chestGranted": false, "championPoints": 4748, "championPointsSinceLastLevel": 2948, "playerId": 21594, "championPointsUntilNextLevel": 1252, "tokensEarned": 0, "championId": 24, "lastPlayTime": 1446165415000}, {"championLevel": 2, "chestGranted": false, "championPoints": 4721, "championPointsSinceLastLevel": 2921, "playerId": 21594, "championPointsUntilNextLevel": 1279, "tokensEarned": 0, "championId": 85, "lastPlayTime": 1446873731000}, {"championLevel": 2, "chestGranted": false, "championPoints": 4346, "championPointsSinceLastLevel": 2546, "playerId": 21594, "championPointsUntilNextLevel": 1654, "tokensEarned": 0, "championId": 254, "lastPlayTime": 1444018777000}, {"championLevel": 2, "chestGranted": false, "championPoints": 4273, "championPointsSinceLastLevel": 2473, "playerId": 21594, "championPointsUntilNextLevel": 1727, "tokensEarned": 0, "championId": 121, "lastPlayTime": 1457375509000}, {"championLevel": 2, "chestGranted": false, "championPoints": 4249, "championPointsSinceLastLevel": 2449, "playerId": 21594, "championPointsUntilNextLevel": 1751, "tokensEarned": 0, "championId": 1, "lastPlayTime": 1457384971000}, {"championLevel": 2, "chestGranted": false, "championPoints": 4242, "championPointsSinceLastLevel": 2442, "playerId": 21594, "championPointsUntilNextLevel": 1758, "tokensEarned": 0, "championId": 56, "lastPlayTime": 1442499055000}, {"championLevel": 2, "chestGranted": false, "championPoints": 3915, "championPointsSinceLastLevel": 2115, "playerId": 21594, "championPointsUntilNextLevel": 2085, "tokensEarned": 0, "championId": 42, "lastPlayTime": 1447049487000}, {"championLevel": 2, "chestGranted": false, "championPoints": 3613, "championPointsSinceLastLevel": 1813, "playerId": 21594, "championPointsUntilNextLevel": 2387, "tokensEarned": 0, "championId": 25, "lastPlayTime": 1445456790000}, {"championLevel": 2, "chestGranted": false, "championPoints": 3252, "championPointsSinceLastLevel": 1452, "playerId": 21594, "championPointsUntilNextLevel": 2748, "tokensEarned": 0, "championId": 2, "lastPlayTime": 1446170683000}, {"championLevel": 2, "chestGranted": false, "championPoints": 3117, "championPointsSinceLastLevel": 1317, "playerId": 21594, "championPointsUntilNextLevel": 2883, "tokensEarned": 0, "championId": 104, "lastPlayTime": 1446160990000}, {"championLevel": 2, "chestGranted": false, "championPoints": 2843, "championPointsSinceLastLevel": 1043, "playerId": 21594, "championPointsUntilNextLevel": 3157, "tokensEarned": 0, "championId": 67, "lastPlayTime": 1443126986000}, {"championLevel": 2, "chestGranted": false, "championPoints": 2677, "championPointsSinceLastLevel": 877, "playerId": 21594, "championPointsUntilNextLevel": 3323, "tokensEarned": 0, "championId": 11, "lastPlayTime": 1441704730000}, {"championLevel": 2, "chestGranted": false, "championPoints": 2028, "championPointsSinceLastLevel": 228, "playerId": 21594, "championPointsUntilNextLevel": 3972, "tokensEarned": 0, "championId": 50, "lastPlayTime": 1444029116000}, {"championLevel": 1, "chestGranted": false, "championPoints": 1136, "championPointsSinceLastLevel": 1136, "playerId": 21594, "championPointsUntilNextLevel": 664, "tokensEarned": 0, "championId": 53, "lastPlayTime": 1443156141000}, {"championLevel": 1, "chestGranted": false, "championPoints": 237, "championPointsSinceLastLevel": 237, "playerId": 21594, "championPointsUntilNextLevel": 1563, "tokensEarned": 0, "championId": 157, "lastPlayTime": 1442246042000}, {"championLevel": 1, "chestGranted": false, "championPoints": 233, "championPointsSinceLastLevel": 233, "playerId": 21594, "championPointsUntilNextLevel": 1567, "tokensEarned": 0, "championId": 61, "lastPlayTime": 1444054683000}]