[{"championLevel": 5, "chestGranted": true, "championPoints": 156180, "championPointsSinceLastLevel": 134580, "playerId": 21595, "championPointsUntilNextLevel": 0, "tokensEarned": 2, "championId": 19, "lastPlayTime": 1469054352000}, {"championLevel": 5, "chestGranted": true, "championPoints": 68530, "championPointsSinceLastLevel": 46930, "playerId": 21595, "championPointsUntilNextLevel": 0, "tokensEarned": 1, "championId": 154, "lastPlayTime": 1469051829000}, {"championLevel": 5, "chestGranted": false, "championPoints": 66420, "championPointsSinceLastLevel": 44820, "playerId": 21595, "championPointsUntilNextLevel": 0, "tokensEarned": 0, "championId": 18, "lastPlayTime": 1463161949000}, {"championLevel": 5, "chestGranted": true, "championPoints": 53633, "championPointsSinceLastLevel": 32033, "playerId": 21595, "championPointsUntilNextLevel": 0, "tokensEarned": 1, "championId": 201, "lastPlayTime": 1468606330000}, {"championLevel": 6, "chestGranted": true, "championPoints": 38317, "championPointsSinceLastLevel": 16717, "playerId": 21595, "championPointsUntilNextLevel": 0, "tokensEarned": 0, "championId": 267, "lastPlayTime": 1468985069000}, {"championLevel": 5, "chestGranted": false, "championPoints": 36509, "championPointsSinceLastLevel": 14909, "playerId": 21595, "championPointsUntilNextLevel": 0, "tokensEarned": 0, "championId": 254, "lastPlayTime": 1462420034000}, {"championLevel": 5, "chestGranted": false, "championPoints": 32031, "championPointsSinceLastLevel": 10431, "playerId": 21595, "championPointsUntilNextLevel": 0, "tokensEarned": 0, "championId": 122, "lastPlayTime": 1466969209000}, {"championLevel": 5, "chestGranted": true, "championPoints": 29102, "championPointsSinceLastLevel": 7502, "playerId": 21595, "championPointsUntilNextLevel": 0, "tokensEarned": 0, "championId": 51, "lastPlayTime": 1468988294000}, {"championLevel": 5, "chestGranted": true, "championPoints": 24342, "championPointsSinceLastLevel": 2742, "playerId": 21595, "championPointsUntilNextLevel": 0, "tokensEarned": 0, "championId": 119, "lastPlayTime": 1465349229000}, {"championLevel": 5, "chestGranted": false, "championPoints": 23172, "championPointsSinceLastLevel": 1572, "playerId": 21595, "championPointsUntilNextLevel": 0, "tokensEarned": 0, "championId": 222, "lastPlayTime": 1463712815000}, {"championLevel": 5, "chestGranted": true, "championPoints": 23117, "championPointsSinceLastLevel": 1517, "playerId": 21595, "championPointsUntilNextLevel": 0, "tokensEarned": 1, "championId": 421, "lastPlayTime": 1469056849000}, {"championLevel": 4, "chestGranted": false, "championPoints": 17359, "championPointsSinceLastLevel": 4759, "playerId": 21595, "championPointsUntilNextLevel": 4241, "tokensEarned": 0, "championId": 32, "lastPlayTime": 1450846636000}, {"championLevel": 4, "chestGranted": true, "championPoints": 16465, "championPointsSinceLastLevel": 3865, "playerId": 21595, "championPointsUntilNextLevel": 5135, "tokensEarned": 0, "championId": 102, "lastPlayTime": 1469075036000}, {"championLevel": 4, "chestGranted": false, "championPoints": 16295, "championPointsSinceLastLevel": 3695, "playerId": 21595, "championPointsUntilNextLevel": 5305, "tokensEarned": 0, "championId": 203, "lastPlayTime": 1468358243000}, {"championLevel": 4, "chestGranted": false, "championPoints": 15406, "championPointsSinceLastLevel": 2806, "playerId": 21595, "championPointsUntilNextLevel": 6194, "tokensEarned": 0, "championId": 99, "lastPlayTime": 1455320200000}, {"championLevel": 4, "chestGranted": false, "championPoints": 13694, "championPointsSinceLastLevel": 1094, "playerId": 21595, "championPointsUntilNextLevel": 7906, "tokensEarned": 0, "championId": 111, "lastPlayTime": 1460997653000}, {"championLevel": 4, "chestGranted": false, "championPoints": 13432, "championPointsSinceLastLevel": 832, "playerId": 21595, "championPointsUntilNextLevel": 8168, "tokensEarned": 0, "championId": 1, "lastPlayTime": 1463341230000}, {"championLevel": 3, "chestGranted": true, "championPoints": 12323, "championPointsSinceLastLevel": 6323, "playerId": 21595, "championPointsUntilNextLevel": 277, "tokensEarned": 0, "championId": 107, "lastPlayTime": 1467692957000}, {"championLevel": 3, "chestGranted": false, "championPoints": 10841, "championPointsSinceLastLevel": 4841, "playerId": 21595, "championPointsUntilNextLevel": 1759, "tokensEarned": 0, "championId": 37, "lastPlayTime": 1464828511000}, {"championLevel": 3, "chestGranted": true, "championPoints": 10033, "championPointsSinceLastLevel": 4033, "playerId": 21595, "championPointsUntilNextLevel": 2567, "tokensEarned": 0, "championId": 44, "lastPlayTime": 1464024236000}, {"championLevel": 3, "chestGranted": true, "championPoints": 9219, "championPointsSinceLastLevel": 3219, "playerId": 21595, "championPointsUntilNextLevel": 3381, "tokensEarned": 0, "championId": 121, "lastPlayTime": 1467860364000}, {"championLevel": 3, "chestGranted": false, "championPoints": 9117, "championPointsSinceLastLevel": 3117, "playerId": 21595, "championPointsUntilNextLevel": 3483, "tokensEarned": 0, "championId": 115, "lastPlayTime": 1468899133000}, {"championLevel": 3, "chestGranted": false, "championPoints": 8775, "championPointsSinceLastLevel": 2775, "playerId": 21595, "championPointsUntilNextLevel": 3825, "tokensEarned": 0, "championId": 84, "lastPlayTime": 1464666626000}, {"championLevel": 3, "chestGranted": false, "championPoints": 8639, "championPointsSinceLastLevel": 2639, "playerId": 21595, "championPointsUntilNextLevel": 3961, "tokensEarned": 0, "championId": 25, "lastPlayTime": 1440133198000}, {"championLevel": 3, "chestGranted": false, "championPoints": 8455, "championPointsSinceLastLevel": 2455, "playerId": 21595, "championPointsUntilNextLevel": 4145, "tokensEarned": 0, "championId": 60, "lastPlayTime": 1462938664000}, {"championLevel": 3, "chestGranted": false, "championPoints": 7838, "championPointsSinceLastLevel": 1838, "playerId": 21595, "championPointsUntilNextLevel": 4762, "tokensEarned": 0, "championId": 21, "lastPlayTime": 1453170739000}, {"championLevel": 3, "chestGranted": true, "championPoints": 7697, "championPointsSinceLastLevel": 1697, "playerId": 21595, "championPointsUntilNextLevel": 4903, "tokensEarned": 0, "championId": 29, "lastPlayTime": 1464832264000}, {"championLevel": 3, "chestGranted": false, "championPoints": 6761, "championPointsSinceLastLevel": 761, "playerId": 21595, "championPointsUntilNextLevel": 5839, "tokensEarned": 0, "championId": 81, "lastPlayTime": 1468626134000}, {"championLevel": 3, "chestGranted": false, "championPoints": 6684, "championPointsSinceLastLevel": 684, "playerId": 21595, "championPointsUntilNextLevel": 5916, "tokensEarned": 0, "championId": 89, "lastPlayTime": 1455907072000}, {"championLevel": 3, "chestGranted": false, "championPoints": 6289, "championPointsSinceLastLevel": 289, "playerId": 21595, "championPointsUntilNextLevel": 6311, "tokensEarned": 0, "championId": 36, "lastPlayTime": 1452285594000}, {"championLevel": 3, "chestGranted": false, "championPoints": 6011, "championPointsSinceLastLevel": 11, "playerId": 21595, "championPointsUntilNextLevel": 6589, "tokensEarned": 0, "championId": 113, "lastPlayTime": 1454534921000}, {"championLevel": 2, "chestGranted": false, "championPoints": 5928, "championPointsSinceLastLevel": 4128, "playerId": 21595, "championPointsUntilNextLevel": 72, "tokensEarned": 0, "championId": 4, "lastPlayTime": 1442518897000}, {"championLevel": 2, "chestGranted": true, "championPoints": 5738, "championPointsSinceLastLevel": 3938, "playerId": 21595, "championPointsUntilNextLevel": 262, "tokensEarned": 0, "championId": 134, "lastPlayTime": 1468991888000}, {"championLevel": 2, "chestGranted": true, "championPoints": 5705, "championPointsSinceLastLevel": 3905, "playerId": 21595, "championPointsUntilNextLevel": 295, "tokensEarned": 0, "championId": 35, "lastPlayTime": 1466914191000}, {"championLevel": 2, "chestGranted": false, "championPoints": 5509, "championPointsSinceLastLevel": 3709, "playerId": 21595, "championPointsUntilNextLevel": 491, "tokensEarned": 0, "championId": 31, "lastPlayTime": 1456940060000}, {"championLevel": 2, "chestGranted": false, "championPoints": 5438, "championPointsSinceLastLevel": 3638, "playerId": 21595, "championPointsUntilNextLevel": 562, "tokensEarned": 0, "championId": 58, "lastPlayTime": 1446581145000}, {"championLevel": 2, "chestGranted": true, "championPoints": 3708, "championPointsSinceLastLevel": 1908, "playerId": 21595, "championPointsUntilNextLevel": 2292, "tokensEarned": 0, "championId": 12, "lastPlayTime": 1468461750000}, {"championLevel": 2, "chestGranted": false, "championPoints": 3106, "championPointsSinceLastLevel": 1306, "playerId": 21595, "championPointsUntilNextLevel": 2894, "tokensEarned": 0, "championId": 48, "lastPlayTime": 1464923864000}, {"championLevel": 2, "chestGranted": false, "championPoints": 3001, "championPointsSinceLastLevel": 1201, "playerId": 21595, "championPointsUntilNextLevel": 2999, "tokensEarned": 0, "championId": 103, "lastPlayTime": 1450321253000}, {"championLevel": 2, "chestGranted": false, "championPoints": 2913, "championPointsSinceLastLevel": 1113, "playerId": 21595, "championPointsUntilNextLevel": 3087, "tokensEarned": 0, "championId": 117, "lastPlayTime": 1461014478000}, {"championLevel": 2, "chestGranted": false, "championPoints": 2798, "championPointsSinceLastLevel": 998, "playerId": 21595, "championPointsUntilNextLevel": 3202, "tokensEarned": 0, "championId": 133, "lastPlayTime": 1456190472000}, {"championLevel": 2, "chestGranted": false, "championPoints": 2773, "championPointsSinceLastLevel": 973, "playerId": 21595, "championPointsUntilNextLevel": 3227, "tokensEarned": 0, "championId": 202, "lastPlayTime": 1455826804000}, {"championLevel": 2, "chestGranted": true, "championPoints": 2722, "championPointsSinceLastLevel": 922, "playerId": 21595, "championPointsUntilNextLevel": 3278, "tokensEarned": 0, "championId": 28, "lastPlayTime": 1464663903000}, {"championLevel": 2, "chestGranted": false, "championPoints": 2544, "championPointsSinceLastLevel": 744, "playerId": 21595, "championPointsUntilNextLevel": 3456, "tokensEarned": 0, "championId": 429, "lastPlayTime": 1446074745000}, {"championLevel": 2, "chestGranted": false, "championPoints": 2525, "championPointsSinceLastLevel": 725, "playerId": 21595, "championPointsUntilNextLevel": 3475, "tokensEarned": 0, "championId": 75, "lastPlayTime": 1465180354000}, {"championLevel": 2, "chestGranted": false, "championPoints": 2421, "championPointsSinceLastLevel": 621, "playerId": 21595, "championPointsUntilNextLevel": 3579, "tokensEarned": 0, "championId": 112, "lastPlayTime": 1458614083000}, {"championLevel": 2, "chestGranted": false, "championPoints": 2418, "championPointsSinceLastLevel": 618, "playerId": 21595, "championPointsUntilNextLevel": 3582, "tokensEarned": 0, "championId": 223, "lastPlayTime": 1468738807000}, {"championLevel": 2, "chestGranted": false, "championPoints": 2314, "championPointsSinceLastLevel": 514, "playerId": 21595, "championPointsUntilNextLevel": 3686, "tokensEarned": 0, "championId": 104, "lastPlayTime": 1434412622000}, {"championLevel": 2, "chestGranted": false, "championPoints": 2264, "championPointsSinceLastLevel": 464, "playerId": 21595, "championPointsUntilNextLevel": 3736, "tokensEarned": 0, "championId": 59, "lastPlayTime": 1462943134000}, {"championLevel": 2, "chestGranted": false, "championPoints": 2152, "championPointsSinceLastLevel": 352, "playerId": 21595, "championPointsUntilNextLevel": 3848, "tokensEarned": 0, "championId": 67, "lastPlayTime": 1456032024000}, {"championLevel": 2, "chestGranted": false, "championPoints": 1879, "championPointsSinceLastLevel": 79, "playerId": 21595, "championPointsUntilNextLevel": 4121, "tokensEarned": 0, "championId": 41, "lastPlayTime": 1437116016000}, {"championLevel": 1, "chestGranted": false, "championPoints": 1706, "championPointsSinceLastLevel": 1706, "playerId": 21595, "championPointsUntilNextLevel": 94, "tokensEarned": 0, "championId": 53, "lastPlayTime": 1457066640000}, {"championLevel": 1, "chestGranted": false, "championPoints": 1702, "championPointsSinceLastLevel": 1702, "playerId": 21595, "championPointsUntilNextLevel": 98, "tokensEarned": 0, "championId": 9, "lastPlayTime": 1469078116000}, {"championLevel": 1, "chestGranted": false, "championPoints": 1667, "championPointsSinceLastLevel": 1667, "playerId": 21595, "championPointsUntilNextLevel": 133, "tokensEarned": 0, "championId": 92, "lastPlayTime": 1441506802000}, {"championLevel": 1, "chestGranted": false, "championPoints": 1488, "championPointsSinceLastLevel": 1488, "playerId": 21595, "championPointsUntilNextLevel": 312, "tokensEarned": 0, "championId": 22, "lastPlayTime": 1432485799000}, {"championLevel": 1, "chestGranted": true, "championPoints": 1460, "championPointsSinceLastLevel": 1460, "playerId": 21595, "championPointsUntilNextLevel": 340, "tokensEarned": 0, "championId": 45, "lastPlayTime": 1465352633000}, {"championLevel": 1, "chestGranted": false, "championPoints": 1350, "championPointsSinceLastLevel": 1350, "playerId": 21595, "championPointsUntilNextLevel": 450, "tokensEarned": 0, "championId": 11, "lastPlayTime": 1455688700000}, {"championLevel": 1, "chestGranted": false, "championPoints": 1301, "championPointsSinceLastLevel": 1301, "playerId": 21595, "championPointsUntilNextLevel": 499, "tokensEarned": 0, "championId": 80, "lastPlayTime": 1465774786000}, {"championLevel": 1, "chestGranted": false, "championPoints": 1145, "championPointsSinceLastLevel": 1145, "playerId": 21595, "championPointsUntilNextLevel": 655, "tokensEarned": 0, "championId": 14, "lastPlayTime": 1460181194000}, {"championLevel": 1, "chestGranted": false, "championPoints": 1094, "championPointsSinceLastLevel": 1094, "playerId": 21595, "championPointsUntilNextLevel": 706, "tokensEarned": 0, "championId": 7, "lastPlayTime": 1446006498000}, {"championLevel": 1, "chestGranted": false, "championPoints": 1073, "championPointsSinceLastLevel": 1073, "playerId": 21595, "championPointsUntilNextLevel": 727, "tokensEarned": 0, "championId": 150, "lastPlayTime": 1445992901000}, {"championLevel": 1, "chestGranted": false, "championPoints": 440, "championPointsSinceLastLevel": 440, "playerId": 21595, "championPointsUntilNextLevel": 1360, "tokensEarned": 0, "championId": 69, "lastPlayTime": 1459107328000}, {"championLevel": 1, "chestGranted": false, "championPoints": 308, "championPointsSinceLastLevel": 308, "playerId": 21595, "championPointsUntilNextLevel": 1492, "tokensEarned": 0, "championId": 16, "lastPlayTime": 1450975006000}, {"championLevel": 1, "chestGranted": false, "championPoints": 280, "championPointsSinceLastLevel": 280, "playerId": 21595, "championPointsUntilNextLevel": 1520, "tokensEarned": 0, "championId": 96, "lastPlayTime": 1436240531000}, {"championLevel": 1, "chestGranted": false, "championPoints": 210, "championPointsSinceLastLevel": 210, "playerId": 21595, "championPointsUntilNextLevel": 1590, "tokensEarned": 0, "championId": 17, "lastPlayTime": 1469080933000}, {"championLevel": 1, "chestGranted": false, "championPoints": 190, "championPointsSinceLastLevel": 190, "playerId": 21595, "championPointsUntilNextLevel": 1610, "tokensEarned": 0, "championId": 127, "lastPlayTime": 1431050977000}, {"championLevel": 1, "chestGranted": false, "championPoints": 178, "championPointsSinceLastLevel": 178, "playerId": 21595, "championPointsUntilNextLevel": 1622, "tokensEarned": 0, "championId": 412, "lastPlayTime": 1442980796000}, {"championLevel": 1, "chestGranted": false, "championPoints": 166, "championPointsSinceLastLevel": 166, "playerId": 21595, "championPointsUntilNextLevel": 1634, "tokensEarned": 0, "championId": 76, "lastPlayTime": 1437440059000}, {"championLevel": 1, "chestGranted": false, "championPoints": 158, "championPointsSinceLastLevel": 158, "playerId": 21595, "championPointsUntilNextLevel": 1642, "tokensEarned": 0, "championId": 15, "lastPlayTime": 1456884574000}]