[{"championLevel": 6, "chestGranted": true, "championPoints": 88896, "championPointsSinceLastLevel": 67296, "playerId": 21597, "championPointsUntilNextLevel": 0, "tokensEarned": 0, "championId": 67, "lastPlayTime": 1468726121000}, {"championLevel": 7, "chestGranted": true, "championPoints": 85203, "championPointsSinceLastLevel": 63603, "playerId": 21597, "championPointsUntilNextLevel": 0, "tokensEarned": 0, "championId": 412, "lastPlayTime": 1469150544000}, {"championLevel": 6, "chestGranted": true, "championPoints": 48161, "championPointsSinceLastLevel": 26561, "playerId": 21597, "championPointsUntilNextLevel": 0, "tokensEarned": 2, "championId": 64, "lastPlayTime": 1469153712000}, {"championLevel": 5, "chestGranted": true, "championPoints": 33851, "championPointsSinceLastLevel": 12251, "playerId": 21597, "championPointsUntilNextLevel": 0, "tokensEarned": 1, "championId": 81, "lastPlayTime": 1466977379000}, {"championLevel": 5, "chestGranted": true, "championPoints": 24318, "championPointsSinceLastLevel": 2718, "playerId": 21597, "championPointsUntilNextLevel": 0, "tokensEarned": 1, "championId": 222, "lastPlayTime": 1468729028000}, {"championLevel": 4, "chestGranted": true, "championPoints": 19789, "championPointsSinceLastLevel": 7189, "playerId": 21597, "championPointsUntilNextLevel": 1811, "tokensEarned": 0, "championId": 92, "lastPlayTime": 1468205203000}, {"championLevel": 4, "chestGranted": false, "championPoints": 14932, "championPointsSinceLastLevel": 2332, "playerId": 21597, "championPointsUntilNextLevel": 6668, "tokensEarned": 0, "championId": 76, "lastPlayTime": 1461554702000}, {"championLevel": 4, "chestGranted": true, "championPoints": 14895, "championPointsSinceLastLevel": 2295, "playerId": 21597, "championPointsUntilNextLevel": 6705, "tokensEarned": 0, "championId": 236, "lastPlayTime": 1468982341000}, {"championLevel": 3, "chestGranted": false, "championPoints": 9272, "championPointsSinceLastLevel": 3272, "playerId": 21597, "championPointsUntilNextLevel": 3328, "tokensEarned": 0, "championId": 202, "lastPlayTime": 1464923590000}, {"championLevel": 3, "chestGranted": true, "championPoints": 8478, "championPointsSinceLastLevel": 2478, "playerId": 21597, "championPointsUntilNextLevel": 4122, "tokensEarned": 0, "championId": 107, "lastPlayTime": 1469065518000}, {"championLevel": 3, "chestGranted": false, "championPoints": 8378, "championPointsSinceLastLevel": 2378, "playerId": 21597, "championPointsUntilNextLevel": 4222, "tokensEarned": 0, "championId": 60, "lastPlayTime": 1467085726000}, {"championLevel": 3, "chestGranted": true, "championPoints": 8368, "championPointsSinceLastLevel": 2368, "playerId": 21597, "championPointsUntilNextLevel": 4232, "tokensEarned": 0, "championId": 40, "lastPlayTime": 1459716640000}, {"championLevel": 3, "chestGranted": false, "championPoints": 7632, "championPointsSinceLastLevel": 1632, "playerId": 21597, "championPointsUntilNextLevel": 4968, "tokensEarned": 0, "championId": 101, "lastPlayTime": 1468036977000}, {"championLevel": 3, "chestGranted": false, "championPoints": 7116, "championPointsSinceLastLevel": 1116, "playerId": 21597, "championPointsUntilNextLevel": 5484, "tokensEarned": 0, "championId": 421, "lastPlayTime": 1456802603000}, {"championLevel": 3, "chestGranted": false, "championPoints": 6766, "championPointsSinceLastLevel": 766, "playerId": 21597, "championPointsUntilNextLevel": 5834, "tokensEarned": 0, "championId": 238, "lastPlayTime": 1468467611000}, {"championLevel": 3, "chestGranted": true, "championPoints": 6540, "championPointsSinceLastLevel": 540, "playerId": 21597, "championPointsUntilNextLevel": 6060, "tokensEarned": 0, "championId": 79, "lastPlayTime": 1459733507000}, {"championLevel": 3, "chestGranted": true, "championPoints": 6521, "championPointsSinceLastLevel": 521, "playerId": 21597, "championPointsUntilNextLevel": 6079, "tokensEarned": 0, "championId": 7, "lastPlayTime": 1467950578000}, {"championLevel": 2, "chestGranted": false, "championPoints": 5942, "championPointsSinceLastLevel": 4142, "playerId": 21597, "championPointsUntilNextLevel": 58, "tokensEarned": 0, "championId": 111, "lastPlayTime": 1466655173000}, {"championLevel": 2, "chestGranted": true, "championPoints": 5629, "championPointsSinceLastLevel": 3829, "playerId": 21597, "championPointsUntilNextLevel": 371, "tokensEarned": 0, "championId": 29, "lastPlayTime": 1467330624000}, {"championLevel": 2, "chestGranted": false, "championPoints": 5499, "championPointsSinceLastLevel": 3699, "playerId": 21597, "championPointsUntilNextLevel": 501, "tokensEarned": 0, "championId": 53, "lastPlayTime": 1467175118000}, {"championLevel": 2, "chestGranted": false, "championPoints": 4766, "championPointsSinceLastLevel": 2966, "playerId": 21597, "championPointsUntilNextLevel": 1234, "tokensEarned": 0, "championId": 51, "lastPlayTime": 1466481191000}, {"championLevel": 2, "chestGranted": false, "championPoints": 4755, "championPointsSinceLastLevel": 2955, "playerId": 21597, "championPointsUntilNextLevel": 1245, "tokensEarned": 0, "championId": 19, "lastPlayTime": 1453340366000}, {"championLevel": 2, "chestGranted": true, "championPoints": 3954, "championPointsSinceLastLevel": 2154, "playerId": 21597, "championPointsUntilNextLevel": 2046, "tokensEarned": 0, "championId": 12, "lastPlayTime": 1461434794000}, {"championLevel": 2, "chestGranted": false, "championPoints": 3937, "championPointsSinceLastLevel": 2137, "playerId": 21597, "championPointsUntilNextLevel": 2063, "tokensEarned": 0, "championId": 54, "lastPlayTime": 1469070062000}, {"championLevel": 2, "chestGranted": false, "championPoints": 3609, "championPointsSinceLastLevel": 1809, "playerId": 21597, "championPointsUntilNextLevel": 2391, "tokensEarned": 0, "championId": 245, "lastPlayTime": 1461379403000}, {"championLevel": 2, "chestGranted": false, "championPoints": 3484, "championPointsSinceLastLevel": 1684, "playerId": 21597, "championPointsUntilNextLevel": 2516, "tokensEarned": 0, "championId": 18, "lastPlayTime": 1444965399000}, {"championLevel": 2, "chestGranted": false, "championPoints": 3286, "championPointsSinceLastLevel": 1486, "playerId": 21597, "championPointsUntilNextLevel": 2714, "tokensEarned": 0, "championId": 103, "lastPlayTime": 1461347127000}, {"championLevel": 2, "chestGranted": true, "championPoints": 2991, "championPointsSinceLastLevel": 1191, "playerId": 21597, "championPointsUntilNextLevel": 3009, "tokensEarned": 0, "championId": 201, "lastPlayTime": 1466564879000}, {"championLevel": 2, "chestGranted": false, "championPoints": 2972, "championPointsSinceLastLevel": 1172, "playerId": 21597, "championPointsUntilNextLevel": 3028, "tokensEarned": 0, "championId": 6, "lastPlayTime": 1467342352000}, {"championLevel": 2, "chestGranted": false, "championPoints": 2788, "championPointsSinceLastLevel": 988, "playerId": 21597, "championPointsUntilNextLevel": 3212, "tokensEarned": 0, "championId": 120, "lastPlayTime": 1461345300000}, {"championLevel": 2, "chestGranted": false, "championPoints": 2768, "championPointsSinceLastLevel": 968, "playerId": 21597, "championPointsUntilNextLevel": 3232, "tokensEarned": 0, "championId": 11, "lastPlayTime": 1466392135000}, {"championLevel": 2, "chestGranted": false, "championPoints": 2761, "championPointsSinceLastLevel": 961, "playerId": 21597, "championPointsUntilNextLevel": 3239, "tokensEarned": 0, "championId": 268, "lastPlayTime": 1440905343000}, {"championLevel": 2, "chestGranted": false, "championPoints": 2622, "championPointsSinceLastLevel": 822, "playerId": 21597, "championPointsUntilNextLevel": 3378, "tokensEarned": 0, "championId": 104, "lastPlayTime": 1455673479000}, {"championLevel": 2, "chestGranted": false, "championPoints": 2358, "championPointsSinceLastLevel": 558, "playerId": 21597, "championPointsUntilNextLevel": 3642, "tokensEarned": 0, "championId": 429, "lastPlayTime": 1466393714000}, {"championLevel": 2, "chestGranted": false, "championPoints": 2329, "championPointsSinceLastLevel": 529, "playerId": 21597, "championPointsUntilNextLevel": 3671, "tokensEarned": 0, "championId": 32, "lastPlayTime": 1467525905000}, {"championLevel": 2, "chestGranted": false, "championPoints": 2325, "championPointsSinceLastLevel": 525, "playerId": 21597, "championPointsUntilNextLevel": 3675, "tokensEarned": 0, "championId": 112, "lastPlayTime": 1468129712000}, {"championLevel": 2, "chestGranted": false, "championPoints": 1919, "championPointsSinceLastLevel": 119, "playerId": 21597, "championPointsUntilNextLevel": 4081, "tokensEarned": 0, "championId": 20, "lastPlayTime": 1466484913000}, {"championLevel": 2, "chestGranted": false, "championPoints": 1802, "championPointsSinceLastLevel": 2, "playerId": 21597, "championPointsUntilNextLevel": 4198, "tokensEarned": 0, "championId": 134, "lastPlayTime": 1461542085000}, {"championLevel": 1, "chestGranted": false, "championPoints": 1706, "championPointsSinceLastLevel": 1706, "playerId": 21597, "championPointsUntilNextLevel": 94, "tokensEarned": 0, "championId": 432, "lastPlayTime": 1466133689000}, {"championLevel": 1, "chestGranted": false, "championPoints": 1677, "championPointsSinceLastLevel": 1677, "playerId": 21597, "championPointsUntilNextLevel": 123, "tokensEarned": 0, "championId": 133, "lastPlayTime": 1468953149000}, {"championLevel": 1, "chestGranted": false, "championPoints": 1645, "championPointsSinceLastLevel": 1645, "playerId": 21597, "championPointsUntilNextLevel": 155, "tokensEarned": 0, "championId": 154, "lastPlayTime": 1457658748000}, {"championLevel": 1, "chestGranted": false, "championPoints": 1575, "championPointsSinceLastLevel": 1575, "playerId": 21597, "championPointsUntilNextLevel": 225, "tokensEarned": 0, "championId": 77, "lastPlayTime": 1468721800000}, {"championLevel": 1, "chestGranted": false, "championPoints": 1560, "championPointsSinceLastLevel": 1560, "playerId": 21597, "championPointsUntilNextLevel": 240, "tokensEarned": 0, "championId": 34, "lastPlayTime": 1439513637000}, {"championLevel": 1, "chestGranted": false, "championPoints": 1552, "championPointsSinceLastLevel": 1552, "playerId": 21597, "championPointsUntilNextLevel": 248, "tokensEarned": 0, "championId": 42, "lastPlayTime": 1459212817000}, {"championLevel": 1, "chestGranted": false, "championPoints": 1551, "championPointsSinceLastLevel": 1551, "playerId": 21597, "championPointsUntilNextLevel": 249, "tokensEarned": 0, "championId": 110, "lastPlayTime": 1432603374000}, {"championLevel": 1, "chestGranted": false, "championPoints": 1481, "championPointsSinceLastLevel": 1481, "playerId": 21597, "championPointsUntilNextLevel": 319, "tokensEarned": 0, "championId": 121, "lastPlayTime": 1468989143000}, {"championLevel": 1, "chestGranted": false, "championPoints": 1471, "championPointsSinceLastLevel": 1471, "playerId": 21597, "championPointsUntilNextLevel": 329, "tokensEarned": 0, "championId": 75, "lastPlayTime": 1459574357000}, {"championLevel": 1, "chestGranted": false, "championPoints": 1442, "championPointsSinceLastLevel": 1442, "playerId": 21597, "championPointsUntilNextLevel": 358, "tokensEarned": 0, "championId": 105, "lastPlayTime": 1466439182000}, {"championLevel": 1, "chestGranted": false, "championPoints": 1414, "championPointsSinceLastLevel": 1414, "playerId": 21597, "championPointsUntilNextLevel": 386, "tokensEarned": 0, "championId": 33, "lastPlayTime": 1459822370000}, {"championLevel": 1, "chestGranted": false, "championPoints": 1405, "championPointsSinceLastLevel": 1405, "playerId": 21597, "championPointsUntilNextLevel": 395, "tokensEarned": 0, "championId": 117, "lastPlayTime": 1461556288000}, {"championLevel": 1, "chestGranted": false, "championPoints": 1370, "championPointsSinceLastLevel": 1370, "playerId": 21597, "championPointsUntilNextLevel": 430, "tokensEarned": 0, "championId": 31, "lastPlayTime": 1431898901000}, {"championLevel": 1, "chestGranted": false, "championPoints": 1351, "championPointsSinceLastLevel": 1351, "playerId": 21597, "championPointsUntilNextLevel": 449, "tokensEarned": 0, "championId": 17, "lastPlayTime": 1433378831000}, {"championLevel": 1, "chestGranted": false, "championPoints": 1337, "championPointsSinceLastLevel": 1337, "playerId": 21597, "championPointsUntilNextLevel": 463, "tokensEarned": 0, "championId": 157, "lastPlayTime": 1468297250000}, {"championLevel": 1, "chestGranted": false, "championPoints": 1273, "championPointsSinceLastLevel": 1273, "playerId": 21597, "championPointsUntilNextLevel": 527, "tokensEarned": 0, "championId": 203, "lastPlayTime": 1465717017000}, {"championLevel": 1, "chestGranted": false, "championPoints": 1270, "championPointsSinceLastLevel": 1270, "playerId": 21597, "championPointsUntilNextLevel": 530, "tokensEarned": 0, "championId": 102, "lastPlayTime": 1458174265000}, {"championLevel": 1, "chestGranted": false, "championPoints": 1262, "championPointsSinceLastLevel": 1262, "playerId": 21597, "championPointsUntilNextLevel": 538, "tokensEarned": 0, "championId": 127, "lastPlayTime": 1431137357000}, {"championLevel": 1, "chestGranted": false, "championPoints": 1202, "championPointsSinceLastLevel": 1202, "playerId": 21597, "championPointsUntilNextLevel": 598, "tokensEarned": 0, "championId": 254, "lastPlayTime": 1435371882000}, {"championLevel": 1, "chestGranted": true, "championPoints": 1202, "championPointsSinceLastLevel": 1202, "playerId": 21597, "championPointsUntilNextLevel": 598, "tokensEarned": 0, "championId": 55, "lastPlayTime": 1461531226000}, {"championLevel": 1, "chestGranted": true, "championPoints": 1184, "championPointsSinceLastLevel": 1184, "playerId": 21597, "championPointsUntilNextLevel": 616, "tokensEarned": 0, "championId": 99, "lastPlayTime": 1469155403000}, {"championLevel": 1, "chestGranted": false, "championPoints": 1147, "championPointsSinceLastLevel": 1147, "playerId": 21597, "championPointsUntilNextLevel": 653, "tokensEarned": 0, "championId": 122, "lastPlayTime": 1444012209000}, {"championLevel": 1, "chestGranted": false, "championPoints": 1125, "championPointsSinceLastLevel": 1125, "playerId": 21597, "championPointsUntilNextLevel": 675, "tokensEarned": 0, "championId": 63, "lastPlayTime": 1468986044000}, {"championLevel": 1, "chestGranted": false, "championPoints": 1059, "championPointsSinceLastLevel": 1059, "playerId": 21597, "championPointsUntilNextLevel": 741, "tokensEarned": 0, "championId": 43, "lastPlayTime": 1468983896000}, {"championLevel": 1, "chestGranted": true, "championPoints": 1022, "championPointsSinceLastLevel": 1022, "playerId": 21597, "championPointsUntilNextLevel": 778, "tokensEarned": 0, "championId": 4, "lastPlayTime": 1468790403000}, {"championLevel": 1, "chestGranted": false, "championPoints": 955, "championPointsSinceLastLevel": 955, "playerId": 21597, "championPointsUntilNextLevel": 845, "tokensEarned": 0, "championId": 15, "lastPlayTime": 1437704956000}, {"championLevel": 1, "chestGranted": false, "championPoints": 672, "championPointsSinceLastLevel": 672, "playerId": 21597, "championPointsUntilNextLevel": 1128, "tokensEarned": 0, "championId": 39, "lastPlayTime": 1466099617000}, {"championLevel": 1, "chestGranted": false, "championPoints": 656, "championPointsSinceLastLevel": 656, "playerId": 21597, "championPointsUntilNextLevel": 1144, "tokensEarned": 0, "championId": 136, "lastPlayTime": 1460771585000}, {"championLevel": 1, "chestGranted": true, "championPoints": 654, "championPointsSinceLastLevel": 654, "playerId": 21597, "championPointsUntilNextLevel": 1146, "tokensEarned": 0, "championId": 25, "lastPlayTime": 1469071711000}, {"championLevel": 1, "chestGranted": false, "championPoints": 425, "championPointsSinceLastLevel": 425, "playerId": 21597, "championPointsUntilNextLevel": 1375, "tokensEarned": 0, "championId": 59, "lastPlayTime": 1464929281000}, {"championLevel": 1, "chestGranted": false, "championPoints": 406, "championPointsSinceLastLevel": 406, "playerId": 21597, "championPointsUntilNextLevel": 1394, "tokensEarned": 0, "championId": 98, "lastPlayTime": 1444695216000}, {"championLevel": 1, "chestGranted": false, "championPoints": 355, "championPointsSinceLastLevel": 355, "playerId": 21597, "championPointsUntilNextLevel": 1445, "tokensEarned": 0, "championId": 223, "lastPlayTime": 1468035190000}, {"championLevel": 1, "chestGranted": false, "championPoints": 279, "championPointsSinceLastLevel": 279, "playerId": 21597, "championPointsUntilNextLevel": 1521, "tokensEarned": 0, "championId": 57, "lastPlayTime": 1438455329000}, {"championLevel": 1, "chestGranted": false, "championPoints": 270, "championPointsSinceLastLevel": 270, "playerId": 21597, "championPointsUntilNextLevel": 1530, "tokensEarned": 0, "championId": 86, "lastPlayTime": 1440541436000}, {"championLevel": 1, "chestGranted": false, "championPoints": 266, "championPointsSinceLastLevel": 266, "playerId": 21597, "championPointsUntilNextLevel": 1534, "tokensEarned": 0, "championId": 14, "lastPlayTime": 1431291721000}, {"championLevel": 1, "chestGranted": false, "championPoints": 264, "championPointsSinceLastLevel": 264, "playerId": 21597, "championPointsUntilNextLevel": 1536, "tokensEarned": 0, "championId": 113, "lastPlayTime": 1432081188000}, {"championLevel": 1, "chestGranted": false, "championPoints": 214, "championPointsSinceLastLevel": 214, "playerId": 21597, "championPointsUntilNextLevel": 1586, "tokensEarned": 0, "championId": 45, "lastPlayTime": 1444443455000}, {"championLevel": 1, "chestGranted": false, "championPoints": 193, "championPointsSinceLastLevel": 193, "playerId": 21597, "championPointsUntilNextLevel": 1607, "tokensEarned": 0, "championId": 10, "lastPlayTime": 1466920969000}, {"championLevel": 1, "chestGranted": false, "championPoints": 189, "championPointsSinceLastLevel": 189, "playerId": 21597, "championPointsUntilNextLevel": 1611, "tokensEarned": 0, "championId": 36, "lastPlayTime": 1445650455000}, {"championLevel": 1, "chestGranted": false, "championPoints": 188, "championPointsSinceLastLevel": 188, "playerId": 21597, "championPointsUntilNextLevel": 1612, "tokensEarned": 0, "championId": 30, "lastPlayTime": 1468295352000}, {"championLevel": 1, "chestGranted": true, "championPoints": 174, "championPointsSinceLastLevel": 174, "playerId": 21597, "championPointsUntilNextLevel": 1626, "tokensEarned": 0, "championId": 267, "lastPlayTime": 1468472517000}, {"championLevel": 1, "chestGranted": false, "championPoints": 169, "championPointsSinceLastLevel": 169, "playerId": 21597, "championPointsUntilNextLevel": 1631, "tokensEarned": 0, "championId": 89, "lastPlayTime": 1431744339000}, {"championLevel": 1, "chestGranted": false, "championPoints": 169, "championPointsSinceLastLevel": 169, "playerId": 21597, "championPointsUntilNextLevel": 1631, "tokensEarned": 0, "championId": 8, "lastPlayTime": 1442370004000}, {"championLevel": 1, "chestGranted": false, "championPoints": 168, "championPointsSinceLastLevel": 168, "playerId": 21597, "championPointsUntilNextLevel": 1632, "tokensEarned": 0, "championId": 5, "lastPlayTime": 1457853823000}, {"championLevel": 1, "chestGranted": false, "championPoints": 160, "championPointsSinceLastLevel": 160, "playerId": 21597, "championPointsUntilNextLevel": 1640, "tokensEarned": 0, "championId": 44, "lastPlayTime": 1468119224000}, {"championLevel": 1, "chestGranted": false, "championPoints": 154, "championPointsSinceLastLevel": 154, "playerId": 21597, "championPointsUntilNextLevel": 1646, "tokensEarned": 0, "championId": 96, "lastPlayTime": 1466047983000}, {"championLevel": 1, "chestGranted": false, "championPoints": 154, "championPointsSinceLastLevel": 154, "playerId": 21597, "championPointsUntilNextLevel": 1646, "tokensEarned": 0, "championId": 9, "lastPlayTime": 1466483035000}, {"championLevel": 1, "chestGranted": false, "championPoints": 144, "championPointsSinceLastLevel": 144, "playerId": 21597, "championPointsUntilNextLevel": 1656, "tokensEarned": 0, "championId": 41, "lastPlayTime": 1460854361000}, {"championLevel": 1, "chestGranted": false, "championPoints": 130, "championPointsSinceLastLevel": 130, "playerId": 21597, "championPointsUntilNextLevel": 1670, "tokensEarned": 0, "championId": 80, "lastPlayTime": 1468038563000}, {"championLevel": 1, "chestGranted": false, "championPoints": 127, "championPointsSinceLastLevel": 127, "playerId": 21597, "championPointsUntilNextLevel": 1673, "tokensEarned": 0, "championId": 1, "lastPlayTime": 1431389979000}, {"championLevel": 1, "chestGranted": false, "championPoints": 126, "championPointsSinceLastLevel": 126, "playerId": 21597, "championPointsUntilNextLevel": 1674, "tokensEarned": 0, "championId": 420, "lastPlayTime": 1468987532000}]