[{"championLevel": 4, "chestGranted": true, "championPoints": 19055, "championPointsSinceLastLevel": 6455, "playerId": 21599, "championPointsUntilNextLevel": 2545, "tokensEarned": 0, "championId": 53, "lastPlayTime": 1469080693000}, {"championLevel": 3, "chestGranted": true, "championPoints": 10567, "championPointsSinceLastLevel": 4567, "playerId": 21599, "championPointsUntilNextLevel": 2033, "tokensEarned": 0, "championId": 121, "lastPlayTime": 1468892807000}, {"championLevel": 3, "chestGranted": false, "championPoints": 8159, "championPointsSinceLastLevel": 2159, "playerId": 21599, "championPointsUntilNextLevel": 4441, "tokensEarned": 0, "championId": 64, "lastPlayTime": 1465012497000}, {"championLevel": 3, "chestGranted": false, "championPoints": 7591, "championPointsSinceLastLevel": 1591, "playerId": 21599, "championPointsUntilNextLevel": 5009, "tokensEarned": 0, "championId": 77, "lastPlayTime": 1468897534000}, {"championLevel": 3, "chestGranted": false, "championPoints": 7579, "championPointsSinceLastLevel": 1579, "playerId": 21599, "championPointsUntilNextLevel": 5021, "tokensEarned": 0, "championId": 92, "lastPlayTime": 1468809319000}, {"championLevel": 3, "chestGranted": false, "championPoints": 6462, "championPointsSinceLastLevel": 462, "playerId": 21599, "championPointsUntilNextLevel": 6138, "tokensEarned": 0, "championId": 37, "lastPlayTime": 1469162543000}, {"championLevel": 2, "chestGranted": true, "championPoints": 5029, "championPointsSinceLastLevel": 3229, "playerId": 21599, "championPointsUntilNextLevel": 971, "tokensEarned": 0, "championId": 102, "lastPlayTime": 1468641494000}, {"championLevel": 2, "chestGranted": true, "championPoints": 4972, "championPointsSinceLastLevel": 3172, "playerId": 21599, "championPointsUntilNextLevel": 1028, "tokensEarned": 0, "championId": 22, "lastPlayTime": 1468706305000}, {"championLevel": 2, "chestGranted": false, "championPoints": 4193, "championPointsSinceLastLevel": 2393, "playerId": 21599, "championPointsUntilNextLevel": 1807, "tokensEarned": 0, "championId": 150, "lastPlayTime": 1468730750000}, {"championLevel": 2, "chestGranted": false, "championPoints": 3923, "championPointsSinceLastLevel": 2123, "playerId": 21599, "championPointsUntilNextLevel": 2077, "tokensEarned": 0, "championId": 76, "lastPlayTime": 1456711116000}, {"championLevel": 2, "chestGranted": true, "championPoints": 3645, "championPointsSinceLastLevel": 1845, "playerId": 21599, "championPointsUntilNextLevel": 2355, "tokensEarned": 0, "championId": 61, "lastPlayTime": 1468708262000}, {"championLevel": 2, "chestGranted": false, "championPoints": 3076, "championPointsSinceLastLevel": 1276, "playerId": 21599, "championPointsUntilNextLevel": 2924, "tokensEarned": 0, "championId": 81, "lastPlayTime": 1468448236000}, {"championLevel": 2, "chestGranted": false, "championPoints": 2865, "championPointsSinceLastLevel": 1065, "playerId": 21599, "championPointsUntilNextLevel": 3135, "tokensEarned": 0, "championId": 90, "lastPlayTime": 1468831619000}, {"championLevel": 2, "chestGranted": true, "championPoints": 2822, "championPointsSinceLastLevel": 1022, "playerId": 21599, "championPointsUntilNextLevel": 3178, "tokensEarned": 0, "championId": 60, "lastPlayTime": 1468791093000}, {"championLevel": 2, "chestGranted": false, "championPoints": 2763, "championPointsSinceLastLevel": 963, "playerId": 21599, "championPointsUntilNextLevel": 3237, "tokensEarned": 0, "championId": 11, "lastPlayTime": 1468656315000}, {"championLevel": 2, "chestGranted": false, "championPoints": 2561, "championPointsSinceLastLevel": 761, "playerId": 21599, "championPointsUntilNextLevel": 3439, "tokensEarned": 0, "championId": 89, "lastPlayTime": 1468629378000}, {"championLevel": 2, "chestGranted": false, "championPoints": 2440, "championPointsSinceLastLevel": 640, "playerId": 21599, "championPointsUntilNextLevel": 3560, "tokensEarned": 0, "championId": 412, "lastPlayTime": 1468899855000}, {"championLevel": 2, "chestGranted": false, "championPoints": 2348, "championPointsSinceLastLevel": 548, "playerId": 21599, "championPointsUntilNextLevel": 3652, "tokensEarned": 0, "championId": 34, "lastPlayTime": 1468788325000}, {"championLevel": 1, "chestGranted": false, "championPoints": 1783, "championPointsSinceLastLevel": 1783, "playerId": 21599, "championPointsUntilNextLevel": 17, "tokensEarned": 0, "championId": 39, "lastPlayTime": 1464739714000}, {"championLevel": 1, "chestGranted": false, "championPoints": 1606, "championPointsSinceLastLevel": 1606, "playerId": 21599, "championPointsUntilNextLevel": 194, "tokensEarned": 0, "championId": 67, "lastPlayTime": 1444094367000}, {"championLevel": 1, "chestGranted": false, "championPoints": 1514, "championPointsSinceLastLevel": 1514, "playerId": 21599, "championPointsUntilNextLevel": 286, "tokensEarned": 0, "championId": 41, "lastPlayTime": 1465700991000}, {"championLevel": 1, "chestGranted": true, "championPoints": 1431, "championPointsSinceLastLevel": 1431, "playerId": 21599, "championPointsUntilNextLevel": 369, "tokensEarned": 0, "championId": 106, "lastPlayTime": 1464476140000}, {"championLevel": 1, "chestGranted": false, "championPoints": 1416, "championPointsSinceLastLevel": 1416, "playerId": 21599, "championPointsUntilNextLevel": 384, "tokensEarned": 0, "championId": 136, "lastPlayTime": 1468544011000}, {"championLevel": 1, "chestGranted": false, "championPoints": 1414, "championPointsSinceLastLevel": 1414, "playerId": 21599, "championPointsUntilNextLevel": 386, "tokensEarned": 0, "championId": 238, "lastPlayTime": 1468733461000}, {"championLevel": 1, "chestGranted": false, "championPoints": 1269, "championPointsSinceLastLevel": 1269, "playerId": 21599, "championPointsUntilNextLevel": 531, "tokensEarned": 0, "championId": 15, "lastPlayTime": 1465015861000}, {"championLevel": 1, "chestGranted": false, "championPoints": 1229, "championPointsSinceLastLevel": 1229, "playerId": 21599, "championPointsUntilNextLevel": 571, "tokensEarned": 0, "championId": 420, "lastPlayTime": 1468811899000}, {"championLevel": 1, "chestGranted": false, "championPoints": 1201, "championPointsSinceLastLevel": 1201, "playerId": 21599, "championPointsUntilNextLevel": 599, "tokensEarned": 0, "championId": 75, "lastPlayTime": 1458772970000}, {"championLevel": 1, "chestGranted": false, "championPoints": 1173, "championPointsSinceLastLevel": 1173, "playerId": 21599, "championPointsUntilNextLevel": 627, "tokensEarned": 0, "championId": 54, "lastPlayTime": 1443121008000}, {"championLevel": 1, "chestGranted": false, "championPoints": 1157, "championPointsSinceLastLevel": 1157, "playerId": 21599, "championPointsUntilNextLevel": 643, "tokensEarned": 0, "championId": 4, "lastPlayTime": 1465091843000}, {"championLevel": 1, "chestGranted": false, "championPoints": 1149, "championPointsSinceLastLevel": 1149, "playerId": 21599, "championPointsUntilNextLevel": 651, "tokensEarned": 0, "championId": 36, "lastPlayTime": 1468471550000}, {"championLevel": 1, "chestGranted": false, "championPoints": 1126, "championPointsSinceLastLevel": 1126, "playerId": 21599, "championPointsUntilNextLevel": 674, "tokensEarned": 0, "championId": 55, "lastPlayTime": 1435986030000}, {"championLevel": 1, "chestGranted": false, "championPoints": 1121, "championPointsSinceLastLevel": 1121, "playerId": 21599, "championPointsUntilNextLevel": 679, "tokensEarned": 0, "championId": 24, "lastPlayTime": 1436078097000}, {"championLevel": 1, "chestGranted": false, "championPoints": 1052, "championPointsSinceLastLevel": 1052, "playerId": 21599, "championPointsUntilNextLevel": 748, "tokensEarned": 0, "championId": 50, "lastPlayTime": 1468796352000}, {"championLevel": 1, "chestGranted": false, "championPoints": 1045, "championPointsSinceLastLevel": 1045, "playerId": 21599, "championPointsUntilNextLevel": 755, "tokensEarned": 0, "championId": 33, "lastPlayTime": 1456701097000}, {"championLevel": 1, "chestGranted": false, "championPoints": 1034, "championPointsSinceLastLevel": 1034, "playerId": 21599, "championPointsUntilNextLevel": 766, "tokensEarned": 0, "championId": 5, "lastPlayTime": 1432575752000}, {"championLevel": 1, "chestGranted": false, "championPoints": 1030, "championPointsSinceLastLevel": 1030, "playerId": 21599, "championPointsUntilNextLevel": 770, "tokensEarned": 0, "championId": 103, "lastPlayTime": 1453439784000}, {"championLevel": 1, "chestGranted": false, "championPoints": 1008, "championPointsSinceLastLevel": 1008, "playerId": 21599, "championPointsUntilNextLevel": 792, "tokensEarned": 0, "championId": 122, "lastPlayTime": 1458871362000}, {"championLevel": 1, "chestGranted": false, "championPoints": 963, "championPointsSinceLastLevel": 963, "playerId": 21599, "championPointsUntilNextLevel": 837, "tokensEarned": 0, "championId": 157, "lastPlayTime": 1468445545000}, {"championLevel": 1, "chestGranted": false, "championPoints": 951, "championPointsSinceLastLevel": 951, "playerId": 21599, "championPointsUntilNextLevel": 849, "tokensEarned": 0, "championId": 23, "lastPlayTime": 1465078443000}, {"championLevel": 1, "chestGranted": true, "championPoints": 828, "championPointsSinceLastLevel": 828, "playerId": 21599, "championPointsUntilNextLevel": 972, "tokensEarned": 0, "championId": 9, "lastPlayTime": 1468789499000}, {"championLevel": 1, "chestGranted": false, "championPoints": 578, "championPointsSinceLastLevel": 578, "playerId": 21599, "championPointsUntilNextLevel": 1222, "tokensEarned": 0, "championId": 30, "lastPlayTime": 1468725149000}, {"championLevel": 1, "chestGranted": false, "championPoints": 520, "championPointsSinceLastLevel": 520, "playerId": 21599, "championPointsUntilNextLevel": 1280, "tokensEarned": 0, "championId": 44, "lastPlayTime": 1468378825000}, {"championLevel": 1, "chestGranted": false, "championPoints": 408, "championPointsSinceLastLevel": 408, "playerId": 21599, "championPointsUntilNextLevel": 1392, "tokensEarned": 0, "championId": 40, "lastPlayTime": 1468353910000}, {"championLevel": 1, "chestGranted": false, "championPoints": 407, "championPointsSinceLastLevel": 407, "playerId": 21599, "championPointsUntilNextLevel": 1393, "tokensEarned": 0, "championId": 86, "lastPlayTime": 1468792836000}, {"championLevel": 1, "chestGranted": true, "championPoints": 394, "championPointsSinceLastLevel": 394, "playerId": 21599, "championPointsUntilNextLevel": 1406, "tokensEarned": 0, "championId": 78, "lastPlayTime": 1468469459000}, {"championLevel": 1, "chestGranted": false, "championPoints": 366, "championPointsSinceLastLevel": 366, "playerId": 21599, "championPointsUntilNextLevel": 1434, "tokensEarned": 0, "championId": 1, "lastPlayTime": 1465087182000}, {"championLevel": 1, "chestGranted": false, "championPoints": 285, "championPointsSinceLastLevel": 285, "playerId": 21599, "championPointsUntilNextLevel": 1515, "tokensEarned": 0, "championId": 29, "lastPlayTime": 1436081691000}, {"championLevel": 1, "chestGranted": false, "championPoints": 247, "championPointsSinceLastLevel": 247, "playerId": 21599, "championPointsUntilNextLevel": 1553, "tokensEarned": 0, "championId": 18, "lastPlayTime": 1444100247000}, {"championLevel": 1, "chestGranted": false, "championPoints": 233, "championPointsSinceLastLevel": 233, "playerId": 21599, "championPointsUntilNextLevel": 1567, "tokensEarned": 0, "championId": 105, "lastPlayTime": 1456713910000}, {"championLevel": 1, "chestGranted": false, "championPoints": 227, "championPointsSinceLastLevel": 227, "playerId": 21599, "championPointsUntilNextLevel": 1573, "tokensEarned": 0, "championId": 27, "lastPlayTime": 1468362113000}, {"championLevel": 1, "chestGranted": false, "championPoints": 220, "championPointsSinceLastLevel": 220, "playerId": 21599, "championPointsUntilNextLevel": 1580, "tokensEarned": 0, "championId": 51, "lastPlayTime": 1436491036000}, {"championLevel": 1, "chestGranted": false, "championPoints": 215, "championPointsSinceLastLevel": 215, "playerId": 21599, "championPointsUntilNextLevel": 1585, "tokensEarned": 0, "championId": 2, "lastPlayTime": 1443123844000}, {"championLevel": 1, "chestGranted": false, "championPoints": 208, "championPointsSinceLastLevel": 208, "playerId": 21599, "championPointsUntilNextLevel": 1592, "tokensEarned": 0, "championId": 7, "lastPlayTime": 1453437426000}, {"championLevel": 1, "chestGranted": false, "championPoints": 184, "championPointsSinceLastLevel": 184, "playerId": 21599, "championPointsUntilNextLevel": 1616, "tokensEarned": 0, "championId": 25, "lastPlayTime": 1464832231000}, {"championLevel": 1, "chestGranted": false, "championPoints": 183, "championPointsSinceLastLevel": 183, "playerId": 21599, "championPointsUntilNextLevel": 1617, "tokensEarned": 0, "championId": 98, "lastPlayTime": 1436298296000}, {"championLevel": 1, "chestGranted": false, "championPoints": 181, "championPointsSinceLastLevel": 181, "playerId": 21599, "championPointsUntilNextLevel": 1619, "tokensEarned": 0, "championId": 113, "lastPlayTime": 1468474017000}, {"championLevel": 1, "chestGranted": false, "championPoints": 169, "championPointsSinceLastLevel": 169, "playerId": 21599, "championPointsUntilNextLevel": 1631, "tokensEarned": 0, "championId": 12, "lastPlayTime": 1465085282000}, {"championLevel": 1, "chestGranted": false, "championPoints": 145, "championPointsSinceLastLevel": 145, "playerId": 21599, "championPointsUntilNextLevel": 1655, "tokensEarned": 0, "championId": 120, "lastPlayTime": 1463798592000}, {"championLevel": 1, "chestGranted": false, "championPoints": 124, "championPointsSinceLastLevel": 124, "playerId": 21599, "championPointsUntilNextLevel": 1676, "tokensEarned": 0, "championId": 32, "lastPlayTime": 1442977010000}, {"championLevel": 1, "chestGranted": false, "championPoints": 110, "championPointsSinceLastLevel": 110, "playerId": 21599, "championPointsUntilNextLevel": 1690, "tokensEarned": 0, "championId": 254, "lastPlayTime": 1468813361000}]