[{"championLevel": 5, "chestGranted": true, "championPoints": 295213, "championPointsSinceLastLevel": 273613, "playerId": 21606, "championPointsUntilNextLevel": 0, "tokensEarned": 2, "championId": 37, "lastPlayTime": 1469121070000}, {"championLevel": 5, "chestGranted": true, "championPoints": 145035, "championPointsSinceLastLevel": 123435, "playerId": 21606, "championPointsUntilNextLevel": 0, "tokensEarned": 1, "championId": 21, "lastPlayTime": 1469134937000}, {"championLevel": 5, "chestGranted": true, "championPoints": 88333, "championPointsSinceLastLevel": 66733, "playerId": 21606, "championPointsUntilNextLevel": 0, "tokensEarned": 0, "championId": 17, "lastPlayTime": 1468778398000}, {"championLevel": 5, "chestGranted": false, "championPoints": 65693, "championPointsSinceLastLevel": 44093, "playerId": 21606, "championPointsUntilNextLevel": 0, "tokensEarned": 0, "championId": 51, "lastPlayTime": 1458067945000}, {"championLevel": 5, "chestGranted": true, "championPoints": 52735, "championPointsSinceLastLevel": 31135, "playerId": 21606, "championPointsUntilNextLevel": 0, "tokensEarned": 0, "championId": 99, "lastPlayTime": 1469035423000}, {"championLevel": 4, "chestGranted": false, "championPoints": 15063, "championPointsSinceLastLevel": 2463, "playerId": 21606, "championPointsUntilNextLevel": 6537, "tokensEarned": 0, "championId": 19, "lastPlayTime": 1447084956000}, {"championLevel": 3, "chestGranted": false, "championPoints": 9527, "championPointsSinceLastLevel": 3527, "playerId": 21606, "championPointsUntilNextLevel": 3073, "tokensEarned": 0, "championId": 57, "lastPlayTime": 1444426203000}, {"championLevel": 3, "chestGranted": false, "championPoints": 7499, "championPointsSinceLastLevel": 1499, "playerId": 21606, "championPointsUntilNextLevel": 5101, "tokensEarned": 0, "championId": 89, "lastPlayTime": 1456695164000}, {"championLevel": 3, "chestGranted": false, "championPoints": 7331, "championPointsSinceLastLevel": 1331, "playerId": 21606, "championPointsUntilNextLevel": 5269, "tokensEarned": 0, "championId": 79, "lastPlayTime": 1444512120000}, {"championLevel": 3, "chestGranted": false, "championPoints": 7159, "championPointsSinceLastLevel": 1159, "playerId": 21606, "championPointsUntilNextLevel": 5441, "tokensEarned": 0, "championId": 267, "lastPlayTime": 1452289113000}, {"championLevel": 3, "chestGranted": false, "championPoints": 7015, "championPointsSinceLastLevel": 1015, "playerId": 21606, "championPointsUntilNextLevel": 5585, "tokensEarned": 0, "championId": 201, "lastPlayTime": 1461966341000}, {"championLevel": 3, "chestGranted": false, "championPoints": 6250, "championPointsSinceLastLevel": 250, "playerId": 21606, "championPointsUntilNextLevel": 6350, "tokensEarned": 0, "championId": 53, "lastPlayTime": 1449698775000}, {"championLevel": 2, "chestGranted": false, "championPoints": 5745, "championPointsSinceLastLevel": 3945, "playerId": 21606, "championPointsUntilNextLevel": 255, "tokensEarned": 0, "championId": 36, "lastPlayTime": 1462332345000}, {"championLevel": 2, "chestGranted": false, "championPoints": 5573, "championPointsSinceLastLevel": 3773, "playerId": 21606, "championPointsUntilNextLevel": 427, "tokensEarned": 0, "championId": 48, "lastPlayTime": 1456765210000}, {"championLevel": 2, "chestGranted": false, "championPoints": 5390, "championPointsSinceLastLevel": 3590, "playerId": 21606, "championPointsUntilNextLevel": 610, "tokensEarned": 0, "championId": 5, "lastPlayTime": 1455737034000}, {"championLevel": 2, "chestGranted": false, "championPoints": 5062, "championPointsSinceLastLevel": 3262, "playerId": 21606, "championPointsUntilNextLevel": 938, "tokensEarned": 0, "championId": 115, "lastPlayTime": 1459009689000}, {"championLevel": 2, "chestGranted": false, "championPoints": 5034, "championPointsSinceLastLevel": 3234, "playerId": 21606, "championPointsUntilNextLevel": 966, "tokensEarned": 0, "championId": 254, "lastPlayTime": 1456248403000}, {"championLevel": 2, "chestGranted": false, "championPoints": 4994, "championPointsSinceLastLevel": 3194, "playerId": 21606, "championPointsUntilNextLevel": 1006, "tokensEarned": 0, "championId": 86, "lastPlayTime": 1456681134000}, {"championLevel": 2, "chestGranted": false, "championPoints": 4936, "championPointsSinceLastLevel": 3136, "playerId": 21606, "championPointsUntilNextLevel": 1064, "tokensEarned": 0, "championId": 18, "lastPlayTime": 1440545404000}, {"championLevel": 2, "chestGranted": false, "championPoints": 4258, "championPointsSinceLastLevel": 2458, "playerId": 21606, "championPointsUntilNextLevel": 1742, "tokensEarned": 0, "championId": 120, "lastPlayTime": 1446851146000}, {"championLevel": 2, "chestGranted": false, "championPoints": 3671, "championPointsSinceLastLevel": 1871, "playerId": 21606, "championPointsUntilNextLevel": 2329, "tokensEarned": 0, "championId": 20, "lastPlayTime": 1445806655000}, {"championLevel": 2, "chestGranted": false, "championPoints": 3522, "championPointsSinceLastLevel": 1722, "playerId": 21606, "championPointsUntilNextLevel": 2478, "tokensEarned": 0, "championId": 222, "lastPlayTime": 1445738941000}, {"championLevel": 2, "chestGranted": false, "championPoints": 3445, "championPointsSinceLastLevel": 1645, "playerId": 21606, "championPointsUntilNextLevel": 2555, "tokensEarned": 0, "championId": 113, "lastPlayTime": 1431390787000}, {"championLevel": 2, "chestGranted": true, "championPoints": 3401, "championPointsSinceLastLevel": 1601, "playerId": 21606, "championPointsUntilNextLevel": 2599, "tokensEarned": 0, "championId": 420, "lastPlayTime": 1467235905000}, {"championLevel": 2, "chestGranted": true, "championPoints": 3395, "championPointsSinceLastLevel": 1595, "playerId": 21606, "championPointsUntilNextLevel": 2605, "tokensEarned": 0, "championId": 106, "lastPlayTime": 1462329240000}, {"championLevel": 2, "chestGranted": false, "championPoints": 3331, "championPointsSinceLastLevel": 1531, "playerId": 21606, "championPointsUntilNextLevel": 2669, "tokensEarned": 0, "championId": 67, "lastPlayTime": 1445464959000}, {"championLevel": 2, "chestGranted": false, "championPoints": 2897, "championPointsSinceLastLevel": 1097, "playerId": 21606, "championPointsUntilNextLevel": 3103, "tokensEarned": 0, "championId": 24, "lastPlayTime": 1455680440000}, {"championLevel": 2, "chestGranted": false, "championPoints": 2813, "championPointsSinceLastLevel": 1013, "playerId": 21606, "championPointsUntilNextLevel": 3187, "tokensEarned": 0, "championId": 58, "lastPlayTime": 1447029445000}, {"championLevel": 2, "chestGranted": false, "championPoints": 2537, "championPointsSinceLastLevel": 737, "playerId": 21606, "championPointsUntilNextLevel": 3463, "tokensEarned": 0, "championId": 1, "lastPlayTime": 1444507484000}, {"championLevel": 2, "chestGranted": false, "championPoints": 2390, "championPointsSinceLastLevel": 590, "playerId": 21606, "championPointsUntilNextLevel": 3610, "tokensEarned": 0, "championId": 61, "lastPlayTime": 1444966349000}, {"championLevel": 2, "chestGranted": false, "championPoints": 2382, "championPointsSinceLastLevel": 582, "playerId": 21606, "championPointsUntilNextLevel": 3618, "tokensEarned": 0, "championId": 44, "lastPlayTime": 1444496490000}, {"championLevel": 2, "chestGranted": false, "championPoints": 2263, "championPointsSinceLastLevel": 463, "playerId": 21606, "championPointsUntilNextLevel": 3737, "tokensEarned": 0, "championId": 92, "lastPlayTime": 1452622641000}, {"championLevel": 1, "chestGranted": false, "championPoints": 1743, "championPointsSinceLastLevel": 1743, "playerId": 21606, "championPointsUntilNextLevel": 57, "tokensEarned": 0, "championId": 77, "lastPlayTime": 1431128453000}, {"championLevel": 1, "chestGranted": false, "championPoints": 1589, "championPointsSinceLastLevel": 1589, "playerId": 21606, "championPointsUntilNextLevel": 211, "tokensEarned": 0, "championId": 23, "lastPlayTime": 1444259425000}, {"championLevel": 1, "chestGranted": false, "championPoints": 1458, "championPointsSinceLastLevel": 1458, "playerId": 21606, "championPointsUntilNextLevel": 342, "tokensEarned": 0, "championId": 59, "lastPlayTime": 1447024617000}, {"championLevel": 1, "chestGranted": false, "championPoints": 1457, "championPointsSinceLastLevel": 1457, "playerId": 21606, "championPointsUntilNextLevel": 343, "tokensEarned": 0, "championId": 55, "lastPlayTime": 1450489453000}, {"championLevel": 1, "chestGranted": false, "championPoints": 1449, "championPointsSinceLastLevel": 1449, "playerId": 21606, "championPointsUntilNextLevel": 351, "tokensEarned": 0, "championId": 98, "lastPlayTime": 1456708231000}, {"championLevel": 1, "chestGranted": false, "championPoints": 1370, "championPointsSinceLastLevel": 1370, "playerId": 21606, "championPointsUntilNextLevel": 430, "tokensEarned": 0, "championId": 50, "lastPlayTime": 1444968760000}, {"championLevel": 1, "chestGranted": false, "championPoints": 1352, "championPointsSinceLastLevel": 1352, "playerId": 21606, "championPointsUntilNextLevel": 448, "tokensEarned": 0, "championId": 32, "lastPlayTime": 1431371390000}, {"championLevel": 1, "chestGranted": false, "championPoints": 1348, "championPointsSinceLastLevel": 1348, "playerId": 21606, "championPointsUntilNextLevel": 452, "tokensEarned": 0, "championId": 12, "lastPlayTime": 1456762436000}, {"championLevel": 1, "chestGranted": false, "championPoints": 1317, "championPointsSinceLastLevel": 1317, "playerId": 21606, "championPointsUntilNextLevel": 483, "tokensEarned": 0, "championId": 43, "lastPlayTime": 1456692870000}, {"championLevel": 1, "chestGranted": false, "championPoints": 1213, "championPointsSinceLastLevel": 1213, "playerId": 21606, "championPointsUntilNextLevel": 587, "tokensEarned": 0, "championId": 80, "lastPlayTime": 1444781914000}, {"championLevel": 1, "chestGranted": false, "championPoints": 1189, "championPointsSinceLastLevel": 1189, "playerId": 21606, "championPointsUntilNextLevel": 611, "tokensEarned": 0, "championId": 42, "lastPlayTime": 1444516437000}, {"championLevel": 1, "chestGranted": false, "championPoints": 459, "championPointsSinceLastLevel": 459, "playerId": 21606, "championPointsUntilNextLevel": 1341, "tokensEarned": 0, "championId": 122, "lastPlayTime": 1447119647000}, {"championLevel": 1, "chestGranted": false, "championPoints": 445, "championPointsSinceLastLevel": 445, "playerId": 21606, "championPointsUntilNextLevel": 1355, "tokensEarned": 0, "championId": 22, "lastPlayTime": 1449773784000}, {"championLevel": 1, "chestGranted": false, "championPoints": 378, "championPointsSinceLastLevel": 378, "playerId": 21606, "championPointsUntilNextLevel": 1422, "tokensEarned": 0, "championId": 111, "lastPlayTime": 1456683975000}, {"championLevel": 1, "chestGranted": false, "championPoints": 377, "championPointsSinceLastLevel": 377, "playerId": 21606, "championPointsUntilNextLevel": 1423, "tokensEarned": 0, "championId": 15, "lastPlayTime": 1444087882000}, {"championLevel": 1, "chestGranted": false, "championPoints": 369, "championPointsSinceLastLevel": 369, "playerId": 21606, "championPointsUntilNextLevel": 1431, "tokensEarned": 0, "championId": 54, "lastPlayTime": 1456703050000}, {"championLevel": 1, "chestGranted": false, "championPoints": 241, "championPointsSinceLastLevel": 241, "playerId": 21606, "championPointsUntilNextLevel": 1559, "tokensEarned": 0, "championId": 40, "lastPlayTime": 1440373496000}, {"championLevel": 1, "chestGranted": false, "championPoints": 233, "championPointsSinceLastLevel": 233, "playerId": 21606, "championPointsUntilNextLevel": 1567, "tokensEarned": 0, "championId": 83, "lastPlayTime": 1443993573000}, {"championLevel": 1, "chestGranted": false, "championPoints": 215, "championPointsSinceLastLevel": 215, "playerId": 21606, "championPointsUntilNextLevel": 1585, "tokensEarned": 0, "championId": 25, "lastPlayTime": 1440102480000}, {"championLevel": 1, "chestGranted": false, "championPoints": 215, "championPointsSinceLastLevel": 215, "playerId": 21606, "championPointsUntilNextLevel": 1585, "tokensEarned": 0, "championId": 9, "lastPlayTime": 1443924044000}, {"championLevel": 1, "chestGranted": false, "championPoints": 215, "championPointsSinceLastLevel": 215, "playerId": 21606, "championPointsUntilNextLevel": 1585, "tokensEarned": 0, "championId": 202, "lastPlayTime": 1461628704000}, {"championLevel": 1, "chestGranted": false, "championPoints": 202, "championPointsSinceLastLevel": 202, "playerId": 21606, "championPointsUntilNextLevel": 1598, "tokensEarned": 0, "championId": 81, "lastPlayTime": 1461639178000}, {"championLevel": 1, "chestGranted": false, "championPoints": 193, "championPointsSinceLastLevel": 193, "playerId": 21606, "championPointsUntilNextLevel": 1607, "tokensEarned": 0, "championId": 161, "lastPlayTime": 1431067395000}, {"championLevel": 1, "chestGranted": false, "championPoints": 183, "championPointsSinceLastLevel": 183, "playerId": 21606, "championPointsUntilNextLevel": 1617, "tokensEarned": 0, "championId": 14, "lastPlayTime": 1444928727000}, {"championLevel": 1, "chestGranted": false, "championPoints": 165, "championPointsSinceLastLevel": 165, "playerId": 21606, "championPointsUntilNextLevel": 1635, "tokensEarned": 0, "championId": 76, "lastPlayTime": 1461535596000}, {"championLevel": 1, "chestGranted": false, "championPoints": 149, "championPointsSinceLastLevel": 149, "playerId": 21606, "championPointsUntilNextLevel": 1651, "tokensEarned": 0, "championId": 16, "lastPlayTime": 1469136661000}, {"championLevel": 1, "chestGranted": false, "championPoints": 147, "championPointsSinceLastLevel": 147, "playerId": 21606, "championPointsUntilNextLevel": 1653, "tokensEarned": 0, "championId": 102, "lastPlayTime": 1447026349000}]