[{"championLevel": 6, "chestGranted": true, "championPoints": 30502, "championPointsSinceLastLevel": 8902, "playerId": 21611, "championPointsUntilNextLevel": 0, "tokensEarned": 0, "championId": 17, "lastPlayTime": 1468803898000}, {"championLevel": 5, "chestGranted": false, "championPoints": 30107, "championPointsSinceLastLevel": 8507, "playerId": 21611, "championPointsUntilNextLevel": 0, "tokensEarned": 0, "championId": 89, "lastPlayTime": 1460170037000}, {"championLevel": 4, "chestGranted": true, "championPoints": 21286, "championPointsSinceLastLevel": 8686, "playerId": 21611, "championPointsUntilNextLevel": 314, "tokensEarned": 0, "championId": 115, "lastPlayTime": 1463290907000}, {"championLevel": 4, "chestGranted": true, "championPoints": 18577, "championPointsSinceLastLevel": 5977, "playerId": 21611, "championPointsUntilNextLevel": 3023, "tokensEarned": 0, "championId": 99, "lastPlayTime": 1468120689000}, {"championLevel": 3, "chestGranted": true, "championPoints": 12452, "championPointsSinceLastLevel": 6452, "playerId": 21611, "championPointsUntilNextLevel": 148, "tokensEarned": 0, "championId": 45, "lastPlayTime": 1466008238000}, {"championLevel": 3, "chestGranted": true, "championPoints": 11995, "championPointsSinceLastLevel": 5995, "playerId": 21611, "championPointsUntilNextLevel": 605, "tokensEarned": 0, "championId": 51, "lastPlayTime": 1467601081000}, {"championLevel": 3, "chestGranted": false, "championPoints": 11957, "championPointsSinceLastLevel": 5957, "playerId": 21611, "championPointsUntilNextLevel": 643, "tokensEarned": 0, "championId": 53, "lastPlayTime": 1468174624000}, {"championLevel": 3, "chestGranted": true, "championPoints": 11821, "championPointsSinceLastLevel": 5821, "playerId": 21611, "championPointsUntilNextLevel": 779, "tokensEarned": 0, "championId": 113, "lastPlayTime": 1466970753000}, {"championLevel": 3, "chestGranted": true, "championPoints": 11249, "championPointsSinceLastLevel": 5249, "playerId": 21611, "championPointsUntilNextLevel": 1351, "tokensEarned": 0, "championId": 90, "lastPlayTime": 1468993109000}, {"championLevel": 3, "chestGranted": false, "championPoints": 10883, "championPointsSinceLastLevel": 4883, "playerId": 21611, "championPointsUntilNextLevel": 1717, "tokensEarned": 0, "championId": 81, "lastPlayTime": 1465170828000}, {"championLevel": 3, "chestGranted": true, "championPoints": 9090, "championPointsSinceLastLevel": 3090, "playerId": 21611, "championPointsUntilNextLevel": 3510, "tokensEarned": 0, "championId": 8, "lastPlayTime": 1468781212000}, {"championLevel": 3, "chestGranted": false, "championPoints": 8826, "championPointsSinceLastLevel": 2826, "playerId": 21611, "championPointsUntilNextLevel": 3774, "tokensEarned": 0, "championId": 105, "lastPlayTime": 1467864359000}, {"championLevel": 3, "chestGranted": true, "championPoints": 7646, "championPointsSinceLastLevel": 1646, "playerId": 21611, "championPointsUntilNextLevel": 4954, "tokensEarned": 0, "championId": 67, "lastPlayTime": 1466380873000}, {"championLevel": 3, "chestGranted": true, "championPoints": 6195, "championPointsSinceLastLevel": 195, "playerId": 21611, "championPointsUntilNextLevel": 6405, "tokensEarned": 0, "championId": 12, "lastPlayTime": 1466052681000}, {"championLevel": 2, "chestGranted": false, "championPoints": 5182, "championPointsSinceLastLevel": 3382, "playerId": 21611, "championPointsUntilNextLevel": 818, "tokensEarned": 0, "championId": 18, "lastPlayTime": 1468994693000}, {"championLevel": 2, "chestGranted": false, "championPoints": 4594, "championPointsSinceLastLevel": 2794, "playerId": 21611, "championPointsUntilNextLevel": 1406, "tokensEarned": 0, "championId": 238, "lastPlayTime": 1465700849000}, {"championLevel": 2, "chestGranted": false, "championPoints": 4546, "championPointsSinceLastLevel": 2746, "playerId": 21611, "championPointsUntilNextLevel": 1454, "tokensEarned": 0, "championId": 21, "lastPlayTime": 1456960610000}, {"championLevel": 2, "chestGranted": false, "championPoints": 4355, "championPointsSinceLastLevel": 2555, "playerId": 21611, "championPointsUntilNextLevel": 1645, "tokensEarned": 0, "championId": 11, "lastPlayTime": 1468117478000}, {"championLevel": 2, "chestGranted": false, "championPoints": 4053, "championPointsSinceLastLevel": 2253, "playerId": 21611, "championPointsUntilNextLevel": 1947, "tokensEarned": 0, "championId": 268, "lastPlayTime": 1467066420000}, {"championLevel": 2, "chestGranted": false, "championPoints": 3876, "championPointsSinceLastLevel": 2076, "playerId": 21611, "championPointsUntilNextLevel": 2124, "tokensEarned": 0, "championId": 24, "lastPlayTime": 1459096593000}, {"championLevel": 2, "chestGranted": false, "championPoints": 3217, "championPointsSinceLastLevel": 1417, "playerId": 21611, "championPointsUntilNextLevel": 2783, "tokensEarned": 0, "championId": 157, "lastPlayTime": 1466012717000}, {"championLevel": 2, "chestGranted": false, "championPoints": 3057, "championPointsSinceLastLevel": 1257, "playerId": 21611, "championPointsUntilNextLevel": 2943, "tokensEarned": 0, "championId": 25, "lastPlayTime": 1460259282000}, {"championLevel": 2, "chestGranted": false, "championPoints": 3034, "championPointsSinceLastLevel": 1234, "playerId": 21611, "championPointsUntilNextLevel": 2966, "tokensEarned": 0, "championId": 429, "lastPlayTime": 1459092061000}, {"championLevel": 2, "chestGranted": true, "championPoints": 2978, "championPointsSinceLastLevel": 1178, "playerId": 21611, "championPointsUntilNextLevel": 3022, "tokensEarned": 0, "championId": 50, "lastPlayTime": 1466280223000}, {"championLevel": 2, "chestGranted": true, "championPoints": 2762, "championPointsSinceLastLevel": 962, "playerId": 21611, "championPointsUntilNextLevel": 3238, "tokensEarned": 0, "championId": 14, "lastPlayTime": 1466477500000}, {"championLevel": 2, "chestGranted": false, "championPoints": 2694, "championPointsSinceLastLevel": 894, "playerId": 21611, "championPointsUntilNextLevel": 3306, "tokensEarned": 0, "championId": 120, "lastPlayTime": 1466219808000}, {"championLevel": 2, "chestGranted": true, "championPoints": 2461, "championPointsSinceLastLevel": 661, "playerId": 21611, "championPointsUntilNextLevel": 3539, "tokensEarned": 0, "championId": 104, "lastPlayTime": 1465244713000}, {"championLevel": 2, "chestGranted": false, "championPoints": 2421, "championPointsSinceLastLevel": 621, "playerId": 21611, "championPointsUntilNextLevel": 3579, "tokensEarned": 0, "championId": 9, "lastPlayTime": 1466966679000}, {"championLevel": 2, "chestGranted": false, "championPoints": 2275, "championPointsSinceLastLevel": 475, "playerId": 21611, "championPointsUntilNextLevel": 3725, "tokensEarned": 0, "championId": 63, "lastPlayTime": 1468190397000}, {"championLevel": 2, "chestGranted": false, "championPoints": 2258, "championPointsSinceLastLevel": 458, "playerId": 21611, "championPointsUntilNextLevel": 3742, "tokensEarned": 0, "championId": 101, "lastPlayTime": 1465932024000}, {"championLevel": 2, "chestGranted": false, "championPoints": 2235, "championPointsSinceLastLevel": 435, "playerId": 21611, "championPointsUntilNextLevel": 3765, "tokensEarned": 0, "championId": 33, "lastPlayTime": 1466143280000}, {"championLevel": 2, "chestGranted": false, "championPoints": 2160, "championPointsSinceLastLevel": 360, "playerId": 21611, "championPointsUntilNextLevel": 3840, "tokensEarned": 0, "championId": 121, "lastPlayTime": 1463197431000}, {"championLevel": 2, "chestGranted": false, "championPoints": 2035, "championPointsSinceLastLevel": 235, "playerId": 21611, "championPointsUntilNextLevel": 3965, "tokensEarned": 0, "championId": 10, "lastPlayTime": 1449605941000}, {"championLevel": 2, "chestGranted": true, "championPoints": 1998, "championPointsSinceLastLevel": 198, "playerId": 21611, "championPointsUntilNextLevel": 4002, "tokensEarned": 0, "championId": 111, "lastPlayTime": 1466469152000}, {"championLevel": 2, "chestGranted": false, "championPoints": 1988, "championPointsSinceLastLevel": 188, "playerId": 21611, "championPointsUntilNextLevel": 4012, "tokensEarned": 0, "championId": 55, "lastPlayTime": 1463179252000}, {"championLevel": 1, "chestGranted": true, "championPoints": 1714, "championPointsSinceLastLevel": 1714, "playerId": 21611, "championPointsUntilNextLevel": 86, "tokensEarned": 0, "championId": 19, "lastPlayTime": 1467217463000}, {"championLevel": 1, "chestGranted": false, "championPoints": 1615, "championPointsSinceLastLevel": 1615, "playerId": 21611, "championPointsUntilNextLevel": 185, "tokensEarned": 0, "championId": 236, "lastPlayTime": 1459991515000}, {"championLevel": 1, "chestGranted": false, "championPoints": 1574, "championPointsSinceLastLevel": 1574, "playerId": 21611, "championPointsUntilNextLevel": 226, "tokensEarned": 0, "championId": 31, "lastPlayTime": 1466465206000}, {"championLevel": 1, "chestGranted": false, "championPoints": 1546, "championPointsSinceLastLevel": 1546, "playerId": 21611, "championPointsUntilNextLevel": 254, "tokensEarned": 0, "championId": 13, "lastPlayTime": 1468794645000}, {"championLevel": 1, "chestGranted": false, "championPoints": 1529, "championPointsSinceLastLevel": 1529, "playerId": 21611, "championPointsUntilNextLevel": 271, "tokensEarned": 0, "championId": 61, "lastPlayTime": 1454858221000}, {"championLevel": 1, "chestGranted": false, "championPoints": 1528, "championPointsSinceLastLevel": 1528, "playerId": 21611, "championPointsUntilNextLevel": 272, "tokensEarned": 0, "championId": 122, "lastPlayTime": 1463419658000}, {"championLevel": 1, "chestGranted": false, "championPoints": 1450, "championPointsSinceLastLevel": 1450, "playerId": 21611, "championPointsUntilNextLevel": 350, "tokensEarned": 0, "championId": 222, "lastPlayTime": 1458443151000}, {"championLevel": 1, "chestGranted": false, "championPoints": 1426, "championPointsSinceLastLevel": 1426, "playerId": 21611, "championPointsUntilNextLevel": 374, "tokensEarned": 0, "championId": 41, "lastPlayTime": 1468172678000}, {"championLevel": 1, "chestGranted": true, "championPoints": 1389, "championPointsSinceLastLevel": 1389, "playerId": 21611, "championPointsUntilNextLevel": 411, "tokensEarned": 0, "championId": 103, "lastPlayTime": 1459802818000}, {"championLevel": 1, "chestGranted": true, "championPoints": 1317, "championPointsSinceLastLevel": 1317, "playerId": 21611, "championPointsUntilNextLevel": 483, "tokensEarned": 0, "championId": 80, "lastPlayTime": 1465706109000}, {"championLevel": 1, "chestGranted": false, "championPoints": 1187, "championPointsSinceLastLevel": 1187, "playerId": 21611, "championPointsUntilNextLevel": 613, "tokensEarned": 0, "championId": 37, "lastPlayTime": 1465451645000}, {"championLevel": 1, "chestGranted": false, "championPoints": 1118, "championPointsSinceLastLevel": 1118, "playerId": 21611, "championPointsUntilNextLevel": 682, "tokensEarned": 0, "championId": 412, "lastPlayTime": 1454632259000}, {"championLevel": 1, "chestGranted": false, "championPoints": 1110, "championPointsSinceLastLevel": 1110, "playerId": 21611, "championPointsUntilNextLevel": 690, "tokensEarned": 0, "championId": 60, "lastPlayTime": 1446737863000}, {"championLevel": 1, "chestGranted": false, "championPoints": 1110, "championPointsSinceLastLevel": 1110, "playerId": 21611, "championPointsUntilNextLevel": 690, "tokensEarned": 0, "championId": 26, "lastPlayTime": 1468783671000}, {"championLevel": 1, "chestGranted": false, "championPoints": 1004, "championPointsSinceLastLevel": 1004, "playerId": 21611, "championPointsUntilNextLevel": 796, "tokensEarned": 0, "championId": 85, "lastPlayTime": 1445724835000}, {"championLevel": 1, "chestGranted": false, "championPoints": 953, "championPointsSinceLastLevel": 953, "playerId": 21611, "championPointsUntilNextLevel": 847, "tokensEarned": 0, "championId": 150, "lastPlayTime": 1463416045000}, {"championLevel": 1, "chestGranted": false, "championPoints": 948, "championPointsSinceLastLevel": 948, "playerId": 21611, "championPointsUntilNextLevel": 852, "tokensEarned": 0, "championId": 106, "lastPlayTime": 1463189559000}, {"championLevel": 1, "chestGranted": false, "championPoints": 941, "championPointsSinceLastLevel": 941, "playerId": 21611, "championPointsUntilNextLevel": 859, "tokensEarned": 0, "championId": 7, "lastPlayTime": 1462836319000}, {"championLevel": 1, "chestGranted": false, "championPoints": 906, "championPointsSinceLastLevel": 906, "playerId": 21611, "championPointsUntilNextLevel": 894, "tokensEarned": 0, "championId": 28, "lastPlayTime": 1443988430000}, {"championLevel": 1, "chestGranted": false, "championPoints": 852, "championPointsSinceLastLevel": 852, "playerId": 21611, "championPointsUntilNextLevel": 948, "tokensEarned": 0, "championId": 245, "lastPlayTime": 1462806765000}, {"championLevel": 1, "chestGranted": false, "championPoints": 803, "championPointsSinceLastLevel": 803, "playerId": 21611, "championPointsUntilNextLevel": 997, "tokensEarned": 0, "championId": 98, "lastPlayTime": 1468191661000}, {"championLevel": 1, "chestGranted": false, "championPoints": 696, "championPointsSinceLastLevel": 696, "playerId": 21611, "championPointsUntilNextLevel": 1104, "tokensEarned": 0, "championId": 43, "lastPlayTime": 1466446882000}, {"championLevel": 1, "chestGranted": false, "championPoints": 662, "championPointsSinceLastLevel": 662, "playerId": 21611, "championPointsUntilNextLevel": 1138, "tokensEarned": 0, "championId": 30, "lastPlayTime": 1466037227000}, {"championLevel": 1, "chestGranted": false, "championPoints": 619, "championPointsSinceLastLevel": 619, "playerId": 21611, "championPointsUntilNextLevel": 1181, "tokensEarned": 0, "championId": 1, "lastPlayTime": 1466045301000}, {"championLevel": 1, "chestGranted": false, "championPoints": 515, "championPointsSinceLastLevel": 515, "playerId": 21611, "championPointsUntilNextLevel": 1285, "tokensEarned": 0, "championId": 35, "lastPlayTime": 1451667274000}, {"championLevel": 1, "chestGranted": false, "championPoints": 467, "championPointsSinceLastLevel": 467, "playerId": 21611, "championPointsUntilNextLevel": 1333, "tokensEarned": 0, "championId": 38, "lastPlayTime": 1468801433000}, {"championLevel": 1, "chestGranted": false, "championPoints": 437, "championPointsSinceLastLevel": 437, "playerId": 21611, "championPointsUntilNextLevel": 1363, "tokensEarned": 0, "championId": 75, "lastPlayTime": 1454281433000}, {"championLevel": 1, "chestGranted": false, "championPoints": 404, "championPointsSinceLastLevel": 404, "playerId": 21611, "championPointsUntilNextLevel": 1396, "tokensEarned": 0, "championId": 131, "lastPlayTime": 1467220950000}, {"championLevel": 1, "chestGranted": false, "championPoints": 368, "championPointsSinceLastLevel": 368, "playerId": 21611, "championPointsUntilNextLevel": 1432, "tokensEarned": 0, "championId": 4, "lastPlayTime": 1465926232000}, {"championLevel": 1, "chestGranted": false, "championPoints": 310, "championPointsSinceLastLevel": 310, "playerId": 21611, "championPointsUntilNextLevel": 1490, "tokensEarned": 0, "championId": 126, "lastPlayTime": 1448674124000}, {"championLevel": 1, "chestGranted": false, "championPoints": 292, "championPointsSinceLastLevel": 292, "playerId": 21611, "championPointsUntilNextLevel": 1508, "tokensEarned": 0, "championId": 62, "lastPlayTime": 1457134144000}, {"championLevel": 1, "chestGranted": false, "championPoints": 270, "championPointsSinceLastLevel": 270, "playerId": 21611, "championPointsUntilNextLevel": 1530, "tokensEarned": 0, "championId": 64, "lastPlayTime": 1454220147000}, {"championLevel": 1, "chestGranted": false, "championPoints": 260, "championPointsSinceLastLevel": 260, "playerId": 21611, "championPointsUntilNextLevel": 1540, "tokensEarned": 0, "championId": 22, "lastPlayTime": 1454852288000}, {"championLevel": 1, "chestGranted": false, "championPoints": 247, "championPointsSinceLastLevel": 247, "playerId": 21611, "championPointsUntilNextLevel": 1553, "tokensEarned": 0, "championId": 29, "lastPlayTime": 1467137460000}, {"championLevel": 1, "chestGranted": false, "championPoints": 226, "championPointsSinceLastLevel": 226, "playerId": 21611, "championPointsUntilNextLevel": 1574, "tokensEarned": 0, "championId": 107, "lastPlayTime": 1466016262000}, {"championLevel": 1, "chestGranted": false, "championPoints": 209, "championPointsSinceLastLevel": 209, "playerId": 21611, "championPointsUntilNextLevel": 1591, "tokensEarned": 0, "championId": 96, "lastPlayTime": 1447621460000}, {"championLevel": 1, "chestGranted": false, "championPoints": 199, "championPointsSinceLastLevel": 199, "playerId": 21611, "championPointsUntilNextLevel": 1601, "tokensEarned": 0, "championId": 432, "lastPlayTime": 1459039561000}, {"championLevel": 1, "chestGranted": false, "championPoints": 195, "championPointsSinceLastLevel": 195, "playerId": 21611, "championPointsUntilNextLevel": 1605, "tokensEarned": 0, "championId": 42, "lastPlayTime": 1448078054000}, {"championLevel": 1, "chestGranted": false, "championPoints": 194, "championPointsSinceLastLevel": 194, "playerId": 21611, "championPointsUntilNextLevel": 1606, "tokensEarned": 0, "championId": 23, "lastPlayTime": 1454217034000}, {"championLevel": 1, "chestGranted": false, "championPoints": 193, "championPointsSinceLastLevel": 193, "playerId": 21611, "championPointsUntilNextLevel": 1607, "tokensEarned": 0, "championId": 110, "lastPlayTime": 1448215650000}, {"championLevel": 1, "chestGranted": false, "championPoints": 191, "championPointsSinceLastLevel": 191, "playerId": 21611, "championPointsUntilNextLevel": 1609, "tokensEarned": 0, "championId": 27, "lastPlayTime": 1465236597000}, {"championLevel": 1, "chestGranted": false, "championPoints": 184, "championPointsSinceLastLevel": 184, "playerId": 21611, "championPointsUntilNextLevel": 1616, "tokensEarned": 0, "championId": 223, "lastPlayTime": 1457028706000}, {"championLevel": 1, "chestGranted": false, "championPoints": 169, "championPointsSinceLastLevel": 169, "playerId": 21611, "championPointsUntilNextLevel": 1631, "tokensEarned": 0, "championId": 59, "lastPlayTime": 1447021964000}, {"championLevel": 1, "chestGranted": false, "championPoints": 159, "championPointsSinceLastLevel": 159, "playerId": 21611, "championPointsUntilNextLevel": 1641, "tokensEarned": 0, "championId": 5, "lastPlayTime": 1463333437000}, {"championLevel": 1, "chestGranted": false, "championPoints": 156, "championPointsSinceLastLevel": 156, "playerId": 21611, "championPointsUntilNextLevel": 1644, "tokensEarned": 0, "championId": 76, "lastPlayTime": 1454201711000}, {"championLevel": 1, "chestGranted": false, "championPoints": 155, "championPointsSinceLastLevel": 155, "playerId": 21611, "championPointsUntilNextLevel": 1645, "tokensEarned": 0, "championId": 203, "lastPlayTime": 1460068719000}, {"championLevel": 1, "chestGranted": false, "championPoints": 154, "championPointsSinceLastLevel": 154, "playerId": 21611, "championPointsUntilNextLevel": 1646, "tokensEarned": 0, "championId": 267, "lastPlayTime": 1454287394000}, {"championLevel": 1, "chestGranted": false, "championPoints": 137, "championPointsSinceLastLevel": 137, "playerId": 21611, "championPointsUntilNextLevel": 1663, "tokensEarned": 0, "championId": 2, "lastPlayTime": 1463947152000}, {"championLevel": 1, "chestGranted": false, "championPoints": 120, "championPointsSinceLastLevel": 120, "playerId": 21611, "championPointsUntilNextLevel": 1680, "tokensEarned": 0, "championId": 254, "lastPlayTime": 1468179359000}]