[{"championLevel": 5, "chestGranted": true, "championPoints": 63384, "championPointsSinceLastLevel": 41784, "playerId": 21616, "championPointsUntilNextLevel": 0, "tokensEarned": 0, "championId": 429, "lastPlayTime": 1465174395000}, {"championLevel": 6, "chestGranted": true, "championPoints": 53969, "championPointsSinceLastLevel": 32369, "playerId": 21616, "championPointsUntilNextLevel": 0, "tokensEarned": 0, "championId": 236, "lastPlayTime": 1469059407000}, {"championLevel": 5, "chestGranted": true, "championPoints": 24288, "championPointsSinceLastLevel": 2688, "playerId": 21616, "championPointsUntilNextLevel": 0, "tokensEarned": 1, "championId": 81, "lastPlayTime": 1468878979000}, {"championLevel": 5, "chestGranted": true, "championPoints": 23617, "championPointsSinceLastLevel": 2017, "playerId": 21616, "championPointsUntilNextLevel": 0, "tokensEarned": 0, "championId": 104, "lastPlayTime": 1464600328000}, {"championLevel": 4, "chestGranted": true, "championPoints": 21343, "championPointsSinceLastLevel": 8743, "playerId": 21616, "championPointsUntilNextLevel": 257, "tokensEarned": 0, "championId": 67, "lastPlayTime": 1468364372000}, {"championLevel": 4, "chestGranted": true, "championPoints": 14649, "championPointsSinceLastLevel": 2049, "playerId": 21616, "championPointsUntilNextLevel": 6951, "tokensEarned": 0, "championId": 412, "lastPlayTime": 1465187414000}, {"championLevel": 4, "chestGranted": true, "championPoints": 13744, "championPointsSinceLastLevel": 1144, "playerId": 21616, "championPointsUntilNextLevel": 7856, "tokensEarned": 0, "championId": 15, "lastPlayTime": 1466143079000}, {"championLevel": 3, "chestGranted": true, "championPoints": 12464, "championPointsSinceLastLevel": 6464, "playerId": 21616, "championPointsUntilNextLevel": 136, "tokensEarned": 0, "championId": 222, "lastPlayTime": 1467839186000}, {"championLevel": 3, "chestGranted": false, "championPoints": 11834, "championPointsSinceLastLevel": 5834, "playerId": 21616, "championPointsUntilNextLevel": 766, "tokensEarned": 0, "championId": 40, "lastPlayTime": 1458793984000}, {"championLevel": 3, "chestGranted": false, "championPoints": 11280, "championPointsSinceLastLevel": 5280, "playerId": 21616, "championPointsUntilNextLevel": 1320, "tokensEarned": 0, "championId": 60, "lastPlayTime": 1453682917000}, {"championLevel": 3, "chestGranted": true, "championPoints": 8514, "championPointsSinceLastLevel": 2514, "playerId": 21616, "championPointsUntilNextLevel": 4086, "tokensEarned": 0, "championId": 117, "lastPlayTime": 1465805489000}, {"championLevel": 3, "chestGranted": false, "championPoints": 6766, "championPointsSinceLastLevel": 766, "playerId": 21616, "championPointsUntilNextLevel": 5834, "tokensEarned": 0, "championId": 42, "lastPlayTime": 1468107392000}, {"championLevel": 3, "chestGranted": false, "championPoints": 6737, "championPointsSinceLastLevel": 737, "playerId": 21616, "championPointsUntilNextLevel": 5863, "tokensEarned": 0, "championId": 59, "lastPlayTime": 1446593214000}, {"championLevel": 3, "chestGranted": false, "championPoints": 6674, "championPointsSinceLastLevel": 674, "playerId": 21616, "championPointsUntilNextLevel": 5926, "tokensEarned": 0, "championId": 201, "lastPlayTime": 1456007092000}, {"championLevel": 2, "chestGranted": false, "championPoints": 5819, "championPointsSinceLastLevel": 4019, "playerId": 21616, "championPointsUntilNextLevel": 181, "tokensEarned": 0, "championId": 254, "lastPlayTime": 1433885170000}, {"championLevel": 2, "chestGranted": false, "championPoints": 5622, "championPointsSinceLastLevel": 3822, "playerId": 21616, "championPointsUntilNextLevel": 378, "tokensEarned": 0, "championId": 61, "lastPlayTime": 1466153409000}, {"championLevel": 2, "chestGranted": false, "championPoints": 5066, "championPointsSinceLastLevel": 3266, "playerId": 21616, "championPointsUntilNextLevel": 934, "tokensEarned": 0, "championId": 28, "lastPlayTime": 1433994584000}, {"championLevel": 2, "chestGranted": false, "championPoints": 4692, "championPointsSinceLastLevel": 2892, "playerId": 21616, "championPointsUntilNextLevel": 1308, "tokensEarned": 0, "championId": 98, "lastPlayTime": 1466300648000}, {"championLevel": 2, "chestGranted": false, "championPoints": 4413, "championPointsSinceLastLevel": 2613, "playerId": 21616, "championPointsUntilNextLevel": 1587, "tokensEarned": 0, "championId": 157, "lastPlayTime": 1448777472000}, {"championLevel": 2, "chestGranted": true, "championPoints": 4175, "championPointsSinceLastLevel": 2375, "playerId": 21616, "championPointsUntilNextLevel": 1825, "tokensEarned": 0, "championId": 21, "lastPlayTime": 1467511402000}, {"championLevel": 2, "chestGranted": false, "championPoints": 3913, "championPointsSinceLastLevel": 2113, "playerId": 21616, "championPointsUntilNextLevel": 2087, "tokensEarned": 0, "championId": 64, "lastPlayTime": 1468527628000}, {"championLevel": 2, "chestGranted": true, "championPoints": 3671, "championPointsSinceLastLevel": 1871, "playerId": 21616, "championPointsUntilNextLevel": 2329, "tokensEarned": 0, "championId": 202, "lastPlayTime": 1468297063000}, {"championLevel": 2, "chestGranted": false, "championPoints": 3584, "championPointsSinceLastLevel": 1784, "playerId": 21616, "championPointsUntilNextLevel": 2416, "tokensEarned": 0, "championId": 39, "lastPlayTime": 1454768279000}, {"championLevel": 2, "chestGranted": true, "championPoints": 3578, "championPointsSinceLastLevel": 1778, "playerId": 21616, "championPointsUntilNextLevel": 2422, "tokensEarned": 0, "championId": 78, "lastPlayTime": 1464946581000}, {"championLevel": 2, "chestGranted": false, "championPoints": 3470, "championPointsSinceLastLevel": 1670, "playerId": 21616, "championPointsUntilNextLevel": 2530, "tokensEarned": 0, "championId": 268, "lastPlayTime": 1468880994000}, {"championLevel": 2, "chestGranted": false, "championPoints": 3454, "championPointsSinceLastLevel": 1654, "playerId": 21616, "championPointsUntilNextLevel": 2546, "tokensEarned": 0, "championId": 25, "lastPlayTime": 1468205138000}, {"championLevel": 2, "chestGranted": false, "championPoints": 3339, "championPointsSinceLastLevel": 1539, "playerId": 21616, "championPointsUntilNextLevel": 2661, "tokensEarned": 0, "championId": 134, "lastPlayTime": 1466485796000}, {"championLevel": 2, "chestGranted": false, "championPoints": 3010, "championPointsSinceLastLevel": 1210, "playerId": 21616, "championPointsUntilNextLevel": 2990, "tokensEarned": 0, "championId": 51, "lastPlayTime": 1465179178000}, {"championLevel": 2, "chestGranted": false, "championPoints": 2747, "championPointsSinceLastLevel": 947, "playerId": 21616, "championPointsUntilNextLevel": 3253, "tokensEarned": 0, "championId": 12, "lastPlayTime": 1433190122000}, {"championLevel": 2, "chestGranted": false, "championPoints": 2742, "championPointsSinceLastLevel": 942, "playerId": 21616, "championPointsUntilNextLevel": 3258, "tokensEarned": 0, "championId": 16, "lastPlayTime": 1447705465000}, {"championLevel": 2, "chestGranted": true, "championPoints": 2644, "championPointsSinceLastLevel": 844, "playerId": 21616, "championPointsUntilNextLevel": 3356, "tokensEarned": 0, "championId": 68, "lastPlayTime": 1459556773000}, {"championLevel": 2, "chestGranted": false, "championPoints": 2635, "championPointsSinceLastLevel": 835, "playerId": 21616, "championPointsUntilNextLevel": 3365, "tokensEarned": 0, "championId": 127, "lastPlayTime": 1466156169000}, {"championLevel": 2, "chestGranted": true, "championPoints": 2622, "championPointsSinceLastLevel": 822, "playerId": 21616, "championPointsUntilNextLevel": 3378, "tokensEarned": 0, "championId": 4, "lastPlayTime": 1467767415000}, {"championLevel": 2, "chestGranted": false, "championPoints": 2540, "championPointsSinceLastLevel": 740, "playerId": 21616, "championPointsUntilNextLevel": 3460, "tokensEarned": 0, "championId": 79, "lastPlayTime": 1468294985000}, {"championLevel": 2, "chestGranted": true, "championPoints": 2483, "championPointsSinceLastLevel": 683, "playerId": 21616, "championPointsUntilNextLevel": 3517, "tokensEarned": 0, "championId": 76, "lastPlayTime": 1466487199000}, {"championLevel": 2, "chestGranted": false, "championPoints": 2073, "championPointsSinceLastLevel": 273, "playerId": 21616, "championPointsUntilNextLevel": 3927, "tokensEarned": 0, "championId": 85, "lastPlayTime": 1446254537000}, {"championLevel": 2, "chestGranted": false, "championPoints": 2069, "championPointsSinceLastLevel": 269, "playerId": 21616, "championPointsUntilNextLevel": 3931, "tokensEarned": 0, "championId": 126, "lastPlayTime": 1461371575000}, {"championLevel": 2, "chestGranted": false, "championPoints": 1833, "championPointsSinceLastLevel": 33, "playerId": 21616, "championPointsUntilNextLevel": 4167, "tokensEarned": 0, "championId": 114, "lastPlayTime": 1457493295000}, {"championLevel": 1, "chestGranted": false, "championPoints": 1798, "championPointsSinceLastLevel": 1798, "playerId": 21616, "championPointsUntilNextLevel": 2, "tokensEarned": 0, "championId": 111, "lastPlayTime": 1441488074000}, {"championLevel": 1, "chestGranted": false, "championPoints": 1786, "championPointsSinceLastLevel": 1786, "playerId": 21616, "championPointsUntilNextLevel": 14, "tokensEarned": 0, "championId": 18, "lastPlayTime": 1445138760000}, {"championLevel": 1, "chestGranted": false, "championPoints": 1540, "championPointsSinceLastLevel": 1540, "playerId": 21616, "championPointsUntilNextLevel": 260, "tokensEarned": 0, "championId": 1, "lastPlayTime": 1445062932000}, {"championLevel": 1, "chestGranted": false, "championPoints": 1510, "championPointsSinceLastLevel": 1510, "playerId": 21616, "championPointsUntilNextLevel": 290, "tokensEarned": 0, "championId": 150, "lastPlayTime": 1466048997000}, {"championLevel": 1, "chestGranted": false, "championPoints": 1461, "championPointsSinceLastLevel": 1461, "playerId": 21616, "championPointsUntilNextLevel": 339, "tokensEarned": 0, "championId": 163, "lastPlayTime": 1468883230000}, {"championLevel": 1, "chestGranted": false, "championPoints": 1443, "championPointsSinceLastLevel": 1443, "playerId": 21616, "championPointsUntilNextLevel": 357, "tokensEarned": 0, "championId": 121, "lastPlayTime": 1433114049000}, {"championLevel": 1, "chestGranted": true, "championPoints": 1322, "championPointsSinceLastLevel": 1322, "playerId": 21616, "championPointsUntilNextLevel": 478, "tokensEarned": 0, "championId": 245, "lastPlayTime": 1459558852000}, {"championLevel": 1, "chestGranted": false, "championPoints": 1289, "championPointsSinceLastLevel": 1289, "playerId": 21616, "championPointsUntilNextLevel": 511, "tokensEarned": 0, "championId": 203, "lastPlayTime": 1454975337000}, {"championLevel": 1, "chestGranted": false, "championPoints": 1248, "championPointsSinceLastLevel": 1248, "playerId": 21616, "championPointsUntilNextLevel": 552, "tokensEarned": 0, "championId": 110, "lastPlayTime": 1453402664000}, {"championLevel": 1, "chestGranted": false, "championPoints": 1164, "championPointsSinceLastLevel": 1164, "playerId": 21616, "championPointsUntilNextLevel": 636, "tokensEarned": 0, "championId": 22, "lastPlayTime": 1466488913000}, {"championLevel": 1, "chestGranted": false, "championPoints": 1010, "championPointsSinceLastLevel": 1010, "playerId": 21616, "championPointsUntilNextLevel": 790, "tokensEarned": 0, "championId": 92, "lastPlayTime": 1448774271000}, {"championLevel": 1, "chestGranted": false, "championPoints": 988, "championPointsSinceLastLevel": 988, "playerId": 21616, "championPointsUntilNextLevel": 812, "tokensEarned": 0, "championId": 32, "lastPlayTime": 1446597887000}, {"championLevel": 1, "chestGranted": false, "championPoints": 971, "championPointsSinceLastLevel": 971, "playerId": 21616, "championPointsUntilNextLevel": 829, "tokensEarned": 0, "championId": 105, "lastPlayTime": 1434579031000}, {"championLevel": 1, "chestGranted": false, "championPoints": 949, "championPointsSinceLastLevel": 949, "playerId": 21616, "championPointsUntilNextLevel": 851, "tokensEarned": 0, "championId": 119, "lastPlayTime": 1455593302000}, {"championLevel": 1, "chestGranted": false, "championPoints": 945, "championPointsSinceLastLevel": 945, "playerId": 21616, "championPointsUntilNextLevel": 855, "tokensEarned": 0, "championId": 74, "lastPlayTime": 1462762096000}, {"championLevel": 1, "chestGranted": false, "championPoints": 917, "championPointsSinceLastLevel": 917, "playerId": 21616, "championPointsUntilNextLevel": 883, "tokensEarned": 0, "championId": 48, "lastPlayTime": 1462748208000}, {"championLevel": 1, "chestGranted": false, "championPoints": 884, "championPointsSinceLastLevel": 884, "playerId": 21616, "championPointsUntilNextLevel": 916, "tokensEarned": 0, "championId": 34, "lastPlayTime": 1461451216000}, {"championLevel": 1, "chestGranted": false, "championPoints": 876, "championPointsSinceLastLevel": 876, "playerId": 21616, "championPointsUntilNextLevel": 924, "tokensEarned": 0, "championId": 161, "lastPlayTime": 1462590947000}, {"championLevel": 1, "chestGranted": false, "championPoints": 852, "championPointsSinceLastLevel": 852, "playerId": 21616, "championPointsUntilNextLevel": 948, "tokensEarned": 0, "championId": 53, "lastPlayTime": 1455495511000}, {"championLevel": 1, "chestGranted": true, "championPoints": 831, "championPointsSinceLastLevel": 831, "playerId": 21616, "championPointsUntilNextLevel": 969, "tokensEarned": 0, "championId": 103, "lastPlayTime": 1466503436000}, {"championLevel": 1, "chestGranted": false, "championPoints": 801, "championPointsSinceLastLevel": 801, "playerId": 21616, "championPointsUntilNextLevel": 999, "tokensEarned": 0, "championId": 17, "lastPlayTime": 1460866355000}, {"championLevel": 1, "chestGranted": true, "championPoints": 786, "championPointsSinceLastLevel": 786, "playerId": 21616, "championPointsUntilNextLevel": 1014, "tokensEarned": 0, "championId": 80, "lastPlayTime": 1468886231000}, {"championLevel": 1, "chestGranted": false, "championPoints": 669, "championPointsSinceLastLevel": 669, "playerId": 21616, "championPointsUntilNextLevel": 1131, "tokensEarned": 0, "championId": 154, "lastPlayTime": 1453685026000}, {"championLevel": 1, "chestGranted": false, "championPoints": 329, "championPointsSinceLastLevel": 329, "playerId": 21616, "championPointsUntilNextLevel": 1471, "tokensEarned": 0, "championId": 20, "lastPlayTime": 1467850303000}, {"championLevel": 1, "chestGranted": false, "championPoints": 288, "championPointsSinceLastLevel": 288, "playerId": 21616, "championPointsUntilNextLevel": 1512, "tokensEarned": 0, "championId": 122, "lastPlayTime": 1468206489000}, {"championLevel": 1, "chestGranted": false, "championPoints": 286, "championPointsSinceLastLevel": 286, "playerId": 21616, "championPointsUntilNextLevel": 1514, "tokensEarned": 0, "championId": 29, "lastPlayTime": 1467487778000}, {"championLevel": 1, "chestGranted": false, "championPoints": 196, "championPointsSinceLastLevel": 196, "playerId": 21616, "championPointsUntilNextLevel": 1604, "tokensEarned": 0, "championId": 7, "lastPlayTime": 1431866400000}, {"championLevel": 1, "chestGranted": false, "championPoints": 185, "championPointsSinceLastLevel": 185, "playerId": 21616, "championPointsUntilNextLevel": 1615, "tokensEarned": 0, "championId": 112, "lastPlayTime": 1466335063000}, {"championLevel": 1, "chestGranted": false, "championPoints": 183, "championPointsSinceLastLevel": 183, "playerId": 21616, "championPointsUntilNextLevel": 1617, "tokensEarned": 0, "championId": 238, "lastPlayTime": 1456508957000}, {"championLevel": 1, "chestGranted": false, "championPoints": 180, "championPointsSinceLastLevel": 180, "playerId": 21616, "championPointsUntilNextLevel": 1620, "tokensEarned": 0, "championId": 96, "lastPlayTime": 1431149392000}, {"championLevel": 1, "chestGranted": true, "championPoints": 170, "championPointsSinceLastLevel": 170, "playerId": 21616, "championPointsUntilNextLevel": 1630, "tokensEarned": 0, "championId": 143, "lastPlayTime": 1461380573000}, {"championLevel": 1, "chestGranted": false, "championPoints": 168, "championPointsSinceLastLevel": 168, "playerId": 21616, "championPointsUntilNextLevel": 1632, "tokensEarned": 0, "championId": 83, "lastPlayTime": 1467836523000}, {"championLevel": 1, "chestGranted": false, "championPoints": 166, "championPointsSinceLastLevel": 166, "playerId": 21616, "championPointsUntilNextLevel": 1634, "tokensEarned": 0, "championId": 43, "lastPlayTime": 1468731785000}, {"championLevel": 1, "chestGranted": false, "championPoints": 161, "championPointsSinceLastLevel": 161, "playerId": 21616, "championPointsUntilNextLevel": 1639, "tokensEarned": 0, "championId": 31, "lastPlayTime": 1461376988000}, {"championLevel": 1, "chestGranted": false, "championPoints": 135, "championPointsSinceLastLevel": 135, "playerId": 21616, "championPointsUntilNextLevel": 1665, "tokensEarned": 0, "championId": 41, "lastPlayTime": 1468884796000}, {"championLevel": 1, "chestGranted": false, "championPoints": 119, "championPointsSinceLastLevel": 119, "playerId": 21616, "championPointsUntilNextLevel": 1681, "tokensEarned": 0, "championId": 58, "lastPlayTime": 1467760504000}]