[{"championLevel": 5, "chestGranted": true, "championPoints": 96261, "championPointsSinceLastLevel": 74661, "playerId": 21621, "championPointsUntilNextLevel": 0, "tokensEarned": 2, "championId": 64, "lastPlayTime": 1468908999000}, {"championLevel": 7, "chestGranted": true, "championPoints": 66065, "championPointsSinceLastLevel": 44465, "playerId": 21621, "championPointsUntilNextLevel": 0, "tokensEarned": 0, "championId": 7, "lastPlayTime": 1468910880000}, {"championLevel": 6, "chestGranted": true, "championPoints": 50041, "championPointsSinceLastLevel": 28441, "playerId": 21621, "championPointsUntilNextLevel": 0, "tokensEarned": 1, "championId": 238, "lastPlayTime": 1468913018000}, {"championLevel": 5, "chestGranted": true, "championPoints": 48747, "championPointsSinceLastLevel": 27147, "playerId": 21621, "championPointsUntilNextLevel": 0, "tokensEarned": 2, "championId": 12, "lastPlayTime": 1467087527000}, {"championLevel": 5, "chestGranted": true, "championPoints": 38942, "championPointsSinceLastLevel": 17342, "playerId": 21621, "championPointsUntilNextLevel": 0, "tokensEarned": 1, "championId": 102, "lastPlayTime": 1467089329000}, {"championLevel": 5, "chestGranted": false, "championPoints": 27480, "championPointsSinceLastLevel": 5880, "playerId": 21621, "championPointsUntilNextLevel": 0, "tokensEarned": 0, "championId": 98, "lastPlayTime": 1445748092000}, {"championLevel": 5, "chestGranted": false, "championPoints": 27104, "championPointsSinceLastLevel": 5504, "playerId": 21621, "championPointsUntilNextLevel": 0, "tokensEarned": 2, "championId": 54, "lastPlayTime": 1467443731000}, {"championLevel": 5, "chestGranted": false, "championPoints": 21842, "championPointsSinceLastLevel": 242, "playerId": 21621, "championPointsUntilNextLevel": 0, "tokensEarned": 0, "championId": 67, "lastPlayTime": 1469158826000}, {"championLevel": 4, "chestGranted": false, "championPoints": 18457, "championPointsSinceLastLevel": 5857, "playerId": 21621, "championPointsUntilNextLevel": 3143, "tokensEarned": 0, "championId": 201, "lastPlayTime": 1465962773000}, {"championLevel": 4, "chestGranted": true, "championPoints": 17553, "championPointsSinceLastLevel": 4953, "playerId": 21621, "championPointsUntilNextLevel": 4047, "tokensEarned": 0, "championId": 106, "lastPlayTime": 1466405039000}, {"championLevel": 4, "chestGranted": false, "championPoints": 14911, "championPointsSinceLastLevel": 2311, "playerId": 21621, "championPointsUntilNextLevel": 6689, "tokensEarned": 0, "championId": 58, "lastPlayTime": 1465965504000}, {"championLevel": 4, "chestGranted": true, "championPoints": 14485, "championPointsSinceLastLevel": 1885, "playerId": 21621, "championPointsUntilNextLevel": 7115, "tokensEarned": 0, "championId": 126, "lastPlayTime": 1467316607000}, {"championLevel": 4, "chestGranted": true, "championPoints": 12798, "championPointsSinceLastLevel": 198, "playerId": 21621, "championPointsUntilNextLevel": 8802, "tokensEarned": 0, "championId": 61, "lastPlayTime": 1467875754000}, {"championLevel": 3, "chestGranted": false, "championPoints": 12204, "championPointsSinceLastLevel": 6204, "playerId": 21621, "championPointsUntilNextLevel": 396, "tokensEarned": 0, "championId": 51, "lastPlayTime": 1462679467000}, {"championLevel": 3, "chestGranted": false, "championPoints": 12038, "championPointsSinceLastLevel": 6038, "playerId": 21621, "championPointsUntilNextLevel": 562, "tokensEarned": 0, "championId": 81, "lastPlayTime": 1466486707000}, {"championLevel": 3, "chestGranted": false, "championPoints": 11535, "championPointsSinceLastLevel": 5535, "playerId": 21621, "championPointsUntilNextLevel": 1065, "tokensEarned": 0, "championId": 223, "lastPlayTime": 1450593585000}, {"championLevel": 3, "chestGranted": true, "championPoints": 10447, "championPointsSinceLastLevel": 4447, "playerId": 21621, "championPointsUntilNextLevel": 2153, "tokensEarned": 0, "championId": 53, "lastPlayTime": 1467320937000}, {"championLevel": 3, "chestGranted": true, "championPoints": 10327, "championPointsSinceLastLevel": 4327, "playerId": 21621, "championPointsUntilNextLevel": 2273, "tokensEarned": 0, "championId": 15, "lastPlayTime": 1466839610000}, {"championLevel": 3, "chestGranted": false, "championPoints": 10028, "championPointsSinceLastLevel": 4028, "playerId": 21621, "championPointsUntilNextLevel": 2572, "tokensEarned": 0, "championId": 412, "lastPlayTime": 1467614767000}, {"championLevel": 3, "chestGranted": true, "championPoints": 8056, "championPointsSinceLastLevel": 2056, "playerId": 21621, "championPointsUntilNextLevel": 4544, "tokensEarned": 0, "championId": 36, "lastPlayTime": 1466925753000}, {"championLevel": 3, "chestGranted": false, "championPoints": 7979, "championPointsSinceLastLevel": 1979, "playerId": 21621, "championPointsUntilNextLevel": 4621, "tokensEarned": 0, "championId": 236, "lastPlayTime": 1457707749000}, {"championLevel": 3, "chestGranted": false, "championPoints": 7799, "championPointsSinceLastLevel": 1799, "playerId": 21621, "championPointsUntilNextLevel": 4801, "tokensEarned": 0, "championId": 10, "lastPlayTime": 1464331804000}, {"championLevel": 3, "chestGranted": false, "championPoints": 6970, "championPointsSinceLastLevel": 970, "playerId": 21621, "championPointsUntilNextLevel": 5630, "tokensEarned": 0, "championId": 222, "lastPlayTime": 1461308696000}, {"championLevel": 2, "chestGranted": false, "championPoints": 5846, "championPointsSinceLastLevel": 4046, "playerId": 21621, "championPointsUntilNextLevel": 154, "tokensEarned": 0, "championId": 74, "lastPlayTime": 1448338811000}, {"championLevel": 2, "chestGranted": false, "championPoints": 5781, "championPointsSinceLastLevel": 3981, "playerId": 21621, "championPointsUntilNextLevel": 219, "tokensEarned": 0, "championId": 21, "lastPlayTime": 1461995807000}, {"championLevel": 2, "chestGranted": false, "championPoints": 5489, "championPointsSinceLastLevel": 3689, "playerId": 21621, "championPointsUntilNextLevel": 511, "tokensEarned": 0, "championId": 27, "lastPlayTime": 1467095859000}, {"championLevel": 2, "chestGranted": false, "championPoints": 5094, "championPointsSinceLastLevel": 3294, "playerId": 21621, "championPointsUntilNextLevel": 906, "tokensEarned": 0, "championId": 84, "lastPlayTime": 1460274885000}, {"championLevel": 2, "chestGranted": false, "championPoints": 4818, "championPointsSinceLastLevel": 3018, "playerId": 21621, "championPointsUntilNextLevel": 1182, "tokensEarned": 0, "championId": 89, "lastPlayTime": 1433652400000}, {"championLevel": 2, "chestGranted": false, "championPoints": 4616, "championPointsSinceLastLevel": 2816, "playerId": 21621, "championPointsUntilNextLevel": 1384, "tokensEarned": 0, "championId": 117, "lastPlayTime": 1466488854000}, {"championLevel": 2, "chestGranted": true, "championPoints": 4587, "championPointsSinceLastLevel": 2787, "playerId": 21621, "championPointsUntilNextLevel": 1413, "tokensEarned": 0, "championId": 268, "lastPlayTime": 1464929804000}, {"championLevel": 2, "chestGranted": true, "championPoints": 4378, "championPointsSinceLastLevel": 2578, "playerId": 21621, "championPointsUntilNextLevel": 1622, "tokensEarned": 0, "championId": 17, "lastPlayTime": 1467098293000}, {"championLevel": 2, "chestGranted": true, "championPoints": 4260, "championPointsSinceLastLevel": 2460, "playerId": 21621, "championPointsUntilNextLevel": 1740, "tokensEarned": 0, "championId": 86, "lastPlayTime": 1466831001000}, {"championLevel": 2, "chestGranted": false, "championPoints": 3796, "championPointsSinceLastLevel": 1996, "playerId": 21621, "championPointsUntilNextLevel": 2204, "tokensEarned": 0, "championId": 92, "lastPlayTime": 1466929457000}, {"championLevel": 2, "chestGranted": false, "championPoints": 3759, "championPointsSinceLastLevel": 1959, "playerId": 21621, "championPointsUntilNextLevel": 2241, "tokensEarned": 0, "championId": 421, "lastPlayTime": 1447473672000}, {"championLevel": 2, "chestGranted": false, "championPoints": 3668, "championPointsSinceLastLevel": 1868, "playerId": 21621, "championPointsUntilNextLevel": 2332, "tokensEarned": 0, "championId": 111, "lastPlayTime": 1443761305000}, {"championLevel": 2, "chestGranted": false, "championPoints": 3588, "championPointsSinceLastLevel": 1788, "playerId": 21621, "championPointsUntilNextLevel": 2412, "tokensEarned": 0, "championId": 25, "lastPlayTime": 1467784532000}, {"championLevel": 2, "chestGranted": false, "championPoints": 3304, "championPointsSinceLastLevel": 1504, "playerId": 21621, "championPointsUntilNextLevel": 2696, "tokensEarned": 0, "championId": 157, "lastPlayTime": 1464405733000}, {"championLevel": 2, "chestGranted": false, "championPoints": 3212, "championPointsSinceLastLevel": 1412, "playerId": 21621, "championPointsUntilNextLevel": 2788, "tokensEarned": 0, "championId": 38, "lastPlayTime": 1461477940000}, {"championLevel": 2, "chestGranted": false, "championPoints": 3197, "championPointsSinceLastLevel": 1397, "playerId": 21621, "championPointsUntilNextLevel": 2803, "tokensEarned": 0, "championId": 28, "lastPlayTime": 1463819284000}, {"championLevel": 2, "chestGranted": false, "championPoints": 3167, "championPointsSinceLastLevel": 1367, "playerId": 21621, "championPointsUntilNextLevel": 2833, "tokensEarned": 0, "championId": 60, "lastPlayTime": 1467870089000}, {"championLevel": 2, "chestGranted": false, "championPoints": 2730, "championPointsSinceLastLevel": 930, "playerId": 21621, "championPointsUntilNextLevel": 3270, "tokensEarned": 0, "championId": 107, "lastPlayTime": 1449293186000}, {"championLevel": 2, "chestGranted": false, "championPoints": 2713, "championPointsSinceLastLevel": 913, "playerId": 21621, "championPointsUntilNextLevel": 3287, "tokensEarned": 0, "championId": 69, "lastPlayTime": 1466913342000}, {"championLevel": 2, "chestGranted": false, "championPoints": 2576, "championPointsSinceLastLevel": 776, "playerId": 21621, "championPointsUntilNextLevel": 3424, "tokensEarned": 0, "championId": 96, "lastPlayTime": 1463978871000}, {"championLevel": 2, "chestGranted": false, "championPoints": 2368, "championPointsSinceLastLevel": 568, "playerId": 21621, "championPointsUntilNextLevel": 3632, "tokensEarned": 0, "championId": 8, "lastPlayTime": 1462675269000}, {"championLevel": 2, "chestGranted": false, "championPoints": 2044, "championPointsSinceLastLevel": 244, "playerId": 21621, "championPointsUntilNextLevel": 3956, "tokensEarned": 0, "championId": 103, "lastPlayTime": 1468915132000}, {"championLevel": 2, "chestGranted": false, "championPoints": 1943, "championPointsSinceLastLevel": 143, "playerId": 21621, "championPointsUntilNextLevel": 4057, "tokensEarned": 0, "championId": 150, "lastPlayTime": 1467090991000}, {"championLevel": 2, "chestGranted": false, "championPoints": 1928, "championPointsSinceLastLevel": 128, "playerId": 21621, "championPointsUntilNextLevel": 4072, "tokensEarned": 0, "championId": 20, "lastPlayTime": 1460796652000}, {"championLevel": 2, "chestGranted": false, "championPoints": 1886, "championPointsSinceLastLevel": 86, "playerId": 21621, "championPointsUntilNextLevel": 4114, "tokensEarned": 0, "championId": 42, "lastPlayTime": 1455953629000}, {"championLevel": 2, "chestGranted": false, "championPoints": 1813, "championPointsSinceLastLevel": 13, "playerId": 21621, "championPointsUntilNextLevel": 4187, "tokensEarned": 0, "championId": 22, "lastPlayTime": 1441253145000}, {"championLevel": 1, "chestGranted": false, "championPoints": 1680, "championPointsSinceLastLevel": 1680, "playerId": 21621, "championPointsUntilNextLevel": 120, "tokensEarned": 0, "championId": 40, "lastPlayTime": 1443596097000}, {"championLevel": 1, "chestGranted": false, "championPoints": 1536, "championPointsSinceLastLevel": 1536, "playerId": 21621, "championPointsUntilNextLevel": 264, "tokensEarned": 0, "championId": 68, "lastPlayTime": 1467605244000}, {"championLevel": 1, "chestGranted": false, "championPoints": 1413, "championPointsSinceLastLevel": 1413, "playerId": 21621, "championPointsUntilNextLevel": 387, "tokensEarned": 0, "championId": 432, "lastPlayTime": 1449377550000}, {"championLevel": 1, "chestGranted": false, "championPoints": 1371, "championPointsSinceLastLevel": 1371, "playerId": 21621, "championPointsUntilNextLevel": 429, "tokensEarned": 0, "championId": 55, "lastPlayTime": 1467182063000}, {"championLevel": 1, "chestGranted": false, "championPoints": 1348, "championPointsSinceLastLevel": 1348, "playerId": 21621, "championPointsUntilNextLevel": 452, "tokensEarned": 0, "championId": 37, "lastPlayTime": 1432971045000}, {"championLevel": 1, "chestGranted": true, "championPoints": 1311, "championPointsSinceLastLevel": 1311, "playerId": 21621, "championPointsUntilNextLevel": 489, "tokensEarned": 0, "championId": 266, "lastPlayTime": 1460789684000}, {"championLevel": 1, "chestGranted": false, "championPoints": 1226, "championPointsSinceLastLevel": 1226, "playerId": 21621, "championPointsUntilNextLevel": 574, "tokensEarned": 0, "championId": 1, "lastPlayTime": 1431323181000}, {"championLevel": 1, "chestGranted": false, "championPoints": 1180, "championPointsSinceLastLevel": 1180, "playerId": 21621, "championPointsUntilNextLevel": 620, "tokensEarned": 0, "championId": 13, "lastPlayTime": 1461557256000}, {"championLevel": 1, "chestGranted": false, "championPoints": 1112, "championPointsSinceLastLevel": 1112, "playerId": 21621, "championPointsUntilNextLevel": 688, "tokensEarned": 0, "championId": 2, "lastPlayTime": 1443465864000}, {"championLevel": 1, "chestGranted": false, "championPoints": 1093, "championPointsSinceLastLevel": 1093, "playerId": 21621, "championPointsUntilNextLevel": 707, "tokensEarned": 0, "championId": 143, "lastPlayTime": 1462774645000}, {"championLevel": 1, "chestGranted": false, "championPoints": 1046, "championPointsSinceLastLevel": 1046, "playerId": 21621, "championPointsUntilNextLevel": 754, "tokensEarned": 0, "championId": 57, "lastPlayTime": 1463212752000}, {"championLevel": 1, "chestGranted": false, "championPoints": 1038, "championPointsSinceLastLevel": 1038, "playerId": 21621, "championPointsUntilNextLevel": 762, "tokensEarned": 0, "championId": 134, "lastPlayTime": 1442124964000}, {"championLevel": 1, "chestGranted": false, "championPoints": 959, "championPointsSinceLastLevel": 959, "playerId": 21621, "championPointsUntilNextLevel": 841, "tokensEarned": 0, "championId": 122, "lastPlayTime": 1432279873000}, {"championLevel": 1, "chestGranted": false, "championPoints": 923, "championPointsSinceLastLevel": 923, "playerId": 21621, "championPointsUntilNextLevel": 877, "tokensEarned": 0, "championId": 120, "lastPlayTime": 1433568870000}, {"championLevel": 1, "chestGranted": false, "championPoints": 649, "championPointsSinceLastLevel": 649, "playerId": 21621, "championPointsUntilNextLevel": 1151, "tokensEarned": 0, "championId": 133, "lastPlayTime": 1441840049000}, {"championLevel": 1, "chestGranted": false, "championPoints": 504, "championPointsSinceLastLevel": 504, "playerId": 21621, "championPointsUntilNextLevel": 1296, "tokensEarned": 0, "championId": 29, "lastPlayTime": 1466137301000}, {"championLevel": 1, "chestGranted": false, "championPoints": 457, "championPointsSinceLastLevel": 457, "playerId": 21621, "championPointsUntilNextLevel": 1343, "tokensEarned": 0, "championId": 254, "lastPlayTime": 1463029452000}, {"championLevel": 1, "chestGranted": false, "championPoints": 428, "championPointsSinceLastLevel": 428, "playerId": 21621, "championPointsUntilNextLevel": 1372, "tokensEarned": 0, "championId": 59, "lastPlayTime": 1462772142000}, {"championLevel": 1, "chestGranted": false, "championPoints": 419, "championPointsSinceLastLevel": 419, "playerId": 21621, "championPointsUntilNextLevel": 1381, "tokensEarned": 0, "championId": 6, "lastPlayTime": 1435203254000}, {"championLevel": 1, "chestGranted": false, "championPoints": 329, "championPointsSinceLastLevel": 329, "playerId": 21621, "championPointsUntilNextLevel": 1471, "tokensEarned": 0, "championId": 91, "lastPlayTime": 1431709948000}, {"championLevel": 1, "chestGranted": false, "championPoints": 289, "championPointsSinceLastLevel": 289, "playerId": 21621, "championPointsUntilNextLevel": 1511, "tokensEarned": 0, "championId": 30, "lastPlayTime": 1434783961000}, {"championLevel": 1, "chestGranted": false, "championPoints": 288, "championPointsSinceLastLevel": 288, "playerId": 21621, "championPointsUntilNextLevel": 1512, "tokensEarned": 0, "championId": 9, "lastPlayTime": 1446184795000}, {"championLevel": 1, "chestGranted": false, "championPoints": 276, "championPointsSinceLastLevel": 276, "playerId": 21621, "championPointsUntilNextLevel": 1524, "tokensEarned": 0, "championId": 11, "lastPlayTime": 1443079287000}, {"championLevel": 1, "chestGranted": false, "championPoints": 256, "championPointsSinceLastLevel": 256, "playerId": 21621, "championPointsUntilNextLevel": 1544, "tokensEarned": 0, "championId": 3, "lastPlayTime": 1446176613000}, {"championLevel": 1, "chestGranted": false, "championPoints": 242, "championPointsSinceLastLevel": 242, "playerId": 21621, "championPointsUntilNextLevel": 1558, "tokensEarned": 0, "championId": 267, "lastPlayTime": 1449380253000}, {"championLevel": 1, "chestGranted": true, "championPoints": 235, "championPointsSinceLastLevel": 235, "playerId": 21621, "championPointsUntilNextLevel": 1565, "tokensEarned": 0, "championId": 39, "lastPlayTime": 1467353515000}, {"championLevel": 1, "chestGranted": false, "championPoints": 224, "championPointsSinceLastLevel": 224, "playerId": 21621, "championPointsUntilNextLevel": 1576, "tokensEarned": 0, "championId": 24, "lastPlayTime": 1448175881000}, {"championLevel": 1, "chestGranted": false, "championPoints": 205, "championPointsSinceLastLevel": 205, "playerId": 21621, "championPointsUntilNextLevel": 1595, "tokensEarned": 0, "championId": 104, "lastPlayTime": 1432966122000}, {"championLevel": 1, "chestGranted": false, "championPoints": 182, "championPointsSinceLastLevel": 182, "playerId": 21621, "championPointsUntilNextLevel": 1618, "tokensEarned": 0, "championId": 76, "lastPlayTime": 1464934885000}, {"championLevel": 1, "chestGranted": false, "championPoints": 178, "championPointsSinceLastLevel": 178, "playerId": 21621, "championPointsUntilNextLevel": 1622, "tokensEarned": 0, "championId": 26, "lastPlayTime": 1464158179000}, {"championLevel": 1, "chestGranted": false, "championPoints": 176, "championPointsSinceLastLevel": 176, "playerId": 21621, "championPointsUntilNextLevel": 1624, "tokensEarned": 0, "championId": 35, "lastPlayTime": 1442118529000}, {"championLevel": 1, "chestGranted": false, "championPoints": 157, "championPointsSinceLastLevel": 157, "playerId": 21621, "championPointsUntilNextLevel": 1643, "tokensEarned": 0, "championId": 33, "lastPlayTime": 1431841150000}]