[{"championLevel": 5, "chestGranted": false, "championPoints": 72333, "championPointsSinceLastLevel": 50733, "playerId": 21623, "championPointsUntilNextLevel": 0, "tokensEarned": 0, "championId": 63, "lastPlayTime": 1468951731000}, {"championLevel": 5, "chestGranted": false, "championPoints": 23093, "championPointsSinceLastLevel": 1493, "playerId": 21623, "championPointsUntilNextLevel": 0, "tokensEarned": 0, "championId": 105, "lastPlayTime": 1461540182000}, {"championLevel": 5, "chestGranted": true, "championPoints": 22288, "championPointsSinceLastLevel": 688, "playerId": 21623, "championPointsUntilNextLevel": 0, "tokensEarned": 0, "championId": 412, "lastPlayTime": 1465062366000}, {"championLevel": 4, "chestGranted": true, "championPoints": 17565, "championPointsSinceLastLevel": 4965, "playerId": 21623, "championPointsUntilNextLevel": 4035, "tokensEarned": 0, "championId": 64, "lastPlayTime": 1466201754000}, {"championLevel": 4, "chestGranted": true, "championPoints": 16799, "championPointsSinceLastLevel": 4199, "playerId": 21623, "championPointsUntilNextLevel": 4801, "tokensEarned": 0, "championId": 37, "lastPlayTime": 1466949408000}, {"championLevel": 4, "chestGranted": false, "championPoints": 16668, "championPointsSinceLastLevel": 4068, "playerId": 21623, "championPointsUntilNextLevel": 4932, "tokensEarned": 0, "championId": 420, "lastPlayTime": 1458426722000}, {"championLevel": 4, "chestGranted": false, "championPoints": 16342, "championPointsSinceLastLevel": 3742, "playerId": 21623, "championPointsUntilNextLevel": 5258, "tokensEarned": 0, "championId": 51, "lastPlayTime": 1468852491000}, {"championLevel": 4, "chestGranted": false, "championPoints": 14528, "championPointsSinceLastLevel": 1928, "playerId": 21623, "championPointsUntilNextLevel": 7072, "tokensEarned": 0, "championId": 201, "lastPlayTime": 1465941024000}, {"championLevel": 4, "chestGranted": false, "championPoints": 12974, "championPointsSinceLastLevel": 374, "playerId": 21623, "championPointsUntilNextLevel": 8626, "tokensEarned": 0, "championId": 223, "lastPlayTime": 1462554209000}, {"championLevel": 4, "chestGranted": false, "championPoints": 12951, "championPointsSinceLastLevel": 351, "playerId": 21623, "championPointsUntilNextLevel": 8649, "tokensEarned": 0, "championId": 99, "lastPlayTime": 1466959852000}, {"championLevel": 3, "chestGranted": false, "championPoints": 10193, "championPointsSinceLastLevel": 4193, "playerId": 21623, "championPointsUntilNextLevel": 2407, "tokensEarned": 0, "championId": 67, "lastPlayTime": 1468714265000}, {"championLevel": 3, "chestGranted": true, "championPoints": 7936, "championPointsSinceLastLevel": 1936, "playerId": 21623, "championPointsUntilNextLevel": 4664, "tokensEarned": 0, "championId": 432, "lastPlayTime": 1465070471000}, {"championLevel": 3, "chestGranted": false, "championPoints": 7894, "championPointsSinceLastLevel": 1894, "playerId": 21623, "championPointsUntilNextLevel": 4706, "tokensEarned": 0, "championId": 89, "lastPlayTime": 1465931079000}, {"championLevel": 3, "chestGranted": true, "championPoints": 7850, "championPointsSinceLastLevel": 1850, "playerId": 21623, "championPointsUntilNextLevel": 4750, "tokensEarned": 0, "championId": 62, "lastPlayTime": 1468100771000}, {"championLevel": 3, "chestGranted": false, "championPoints": 7589, "championPointsSinceLastLevel": 1589, "playerId": 21623, "championPointsUntilNextLevel": 5011, "tokensEarned": 0, "championId": 238, "lastPlayTime": 1463103077000}, {"championLevel": 3, "chestGranted": false, "championPoints": 6751, "championPointsSinceLastLevel": 751, "playerId": 21623, "championPointsUntilNextLevel": 5849, "tokensEarned": 0, "championId": 53, "lastPlayTime": 1466951759000}, {"championLevel": 3, "chestGranted": false, "championPoints": 6622, "championPointsSinceLastLevel": 622, "playerId": 21623, "championPointsUntilNextLevel": 5978, "tokensEarned": 0, "championId": 58, "lastPlayTime": 1460355005000}, {"championLevel": 3, "chestGranted": false, "championPoints": 6380, "championPointsSinceLastLevel": 380, "playerId": 21623, "championPointsUntilNextLevel": 6220, "tokensEarned": 0, "championId": 7, "lastPlayTime": 1467241959000}, {"championLevel": 3, "chestGranted": true, "championPoints": 6245, "championPointsSinceLastLevel": 245, "playerId": 21623, "championPointsUntilNextLevel": 6355, "tokensEarned": 0, "championId": 268, "lastPlayTime": 1467238897000}, {"championLevel": 2, "chestGranted": false, "championPoints": 5365, "championPointsSinceLastLevel": 3565, "playerId": 21623, "championPointsUntilNextLevel": 635, "tokensEarned": 0, "championId": 117, "lastPlayTime": 1463792939000}, {"championLevel": 2, "chestGranted": false, "championPoints": 5290, "championPointsSinceLastLevel": 3490, "playerId": 21623, "championPointsUntilNextLevel": 710, "tokensEarned": 0, "championId": 154, "lastPlayTime": 1460919069000}, {"championLevel": 2, "chestGranted": true, "championPoints": 4703, "championPointsSinceLastLevel": 2903, "playerId": 21623, "championPointsUntilNextLevel": 1297, "tokensEarned": 0, "championId": 77, "lastPlayTime": 1469043162000}, {"championLevel": 2, "chestGranted": true, "championPoints": 4639, "championPointsSinceLastLevel": 2839, "playerId": 21623, "championPointsUntilNextLevel": 1361, "tokensEarned": 0, "championId": 136, "lastPlayTime": 1459275196000}, {"championLevel": 2, "chestGranted": false, "championPoints": 4470, "championPointsSinceLastLevel": 2670, "playerId": 21623, "championPointsUntilNextLevel": 1530, "tokensEarned": 0, "championId": 54, "lastPlayTime": 1460762680000}, {"championLevel": 2, "chestGranted": true, "championPoints": 4264, "championPointsSinceLastLevel": 2464, "playerId": 21623, "championPointsUntilNextLevel": 1736, "tokensEarned": 0, "championId": 267, "lastPlayTime": 1468541965000}, {"championLevel": 2, "chestGranted": false, "championPoints": 3946, "championPointsSinceLastLevel": 2146, "playerId": 21623, "championPointsUntilNextLevel": 2054, "tokensEarned": 0, "championId": 106, "lastPlayTime": 1464805303000}, {"championLevel": 2, "chestGranted": false, "championPoints": 3658, "championPointsSinceLastLevel": 1858, "playerId": 21623, "championPointsUntilNextLevel": 2342, "tokensEarned": 0, "championId": 91, "lastPlayTime": 1458436685000}, {"championLevel": 2, "chestGranted": true, "championPoints": 3624, "championPointsSinceLastLevel": 1824, "playerId": 21623, "championPointsUntilNextLevel": 2376, "tokensEarned": 0, "championId": 161, "lastPlayTime": 1460761244000}, {"championLevel": 2, "chestGranted": false, "championPoints": 3527, "championPointsSinceLastLevel": 1727, "playerId": 21623, "championPointsUntilNextLevel": 2473, "tokensEarned": 0, "championId": 98, "lastPlayTime": 1453133310000}, {"championLevel": 2, "chestGranted": true, "championPoints": 3408, "championPointsSinceLastLevel": 1608, "playerId": 21623, "championPointsUntilNextLevel": 2592, "tokensEarned": 0, "championId": 157, "lastPlayTime": 1459057674000}, {"championLevel": 2, "chestGranted": true, "championPoints": 3127, "championPointsSinceLastLevel": 1327, "playerId": 21623, "championPointsUntilNextLevel": 2873, "tokensEarned": 0, "championId": 17, "lastPlayTime": 1466978448000}, {"championLevel": 2, "chestGranted": false, "championPoints": 3126, "championPointsSinceLastLevel": 1326, "playerId": 21623, "championPointsUntilNextLevel": 2874, "tokensEarned": 0, "championId": 120, "lastPlayTime": 1464714541000}, {"championLevel": 2, "chestGranted": false, "championPoints": 3047, "championPointsSinceLastLevel": 1247, "playerId": 21623, "championPointsUntilNextLevel": 2953, "tokensEarned": 0, "championId": 18, "lastPlayTime": 1444002837000}, {"championLevel": 2, "chestGranted": false, "championPoints": 2820, "championPointsSinceLastLevel": 1020, "playerId": 21623, "championPointsUntilNextLevel": 3180, "tokensEarned": 0, "championId": 25, "lastPlayTime": 1459796170000}, {"championLevel": 2, "chestGranted": false, "championPoints": 2580, "championPointsSinceLastLevel": 780, "playerId": 21623, "championPointsUntilNextLevel": 3420, "tokensEarned": 0, "championId": 1, "lastPlayTime": 1458896413000}, {"championLevel": 2, "chestGranted": false, "championPoints": 2415, "championPointsSinceLastLevel": 615, "playerId": 21623, "championPointsUntilNextLevel": 3585, "tokensEarned": 0, "championId": 24, "lastPlayTime": 1444936557000}, {"championLevel": 2, "chestGranted": false, "championPoints": 2412, "championPointsSinceLastLevel": 612, "playerId": 21623, "championPointsUntilNextLevel": 3588, "tokensEarned": 0, "championId": 31, "lastPlayTime": 1462729445000}, {"championLevel": 2, "chestGranted": false, "championPoints": 2309, "championPointsSinceLastLevel": 509, "playerId": 21623, "championPointsUntilNextLevel": 3691, "tokensEarned": 0, "championId": 143, "lastPlayTime": 1466206928000}, {"championLevel": 2, "chestGranted": false, "championPoints": 2228, "championPointsSinceLastLevel": 428, "playerId": 21623, "championPointsUntilNextLevel": 3772, "tokensEarned": 0, "championId": 76, "lastPlayTime": 1468955180000}, {"championLevel": 2, "chestGranted": false, "championPoints": 2220, "championPointsSinceLastLevel": 420, "playerId": 21623, "championPointsUntilNextLevel": 3780, "tokensEarned": 0, "championId": 245, "lastPlayTime": 1464472366000}, {"championLevel": 2, "chestGranted": false, "championPoints": 2210, "championPointsSinceLastLevel": 410, "playerId": 21623, "championPointsUntilNextLevel": 3790, "tokensEarned": 0, "championId": 81, "lastPlayTime": 1465697192000}, {"championLevel": 2, "chestGranted": true, "championPoints": 2084, "championPointsSinceLastLevel": 284, "playerId": 21623, "championPointsUntilNextLevel": 3916, "tokensEarned": 0, "championId": 33, "lastPlayTime": 1458889141000}, {"championLevel": 2, "chestGranted": true, "championPoints": 1895, "championPointsSinceLastLevel": 95, "playerId": 21623, "championPointsUntilNextLevel": 4105, "tokensEarned": 0, "championId": 22, "lastPlayTime": 1468712088000}, {"championLevel": 1, "chestGranted": true, "championPoints": 1670, "championPointsSinceLastLevel": 1670, "playerId": 21623, "championPointsUntilNextLevel": 130, "tokensEarned": 0, "championId": 11, "lastPlayTime": 1468534625000}, {"championLevel": 1, "chestGranted": false, "championPoints": 1613, "championPointsSinceLastLevel": 1613, "playerId": 21623, "championPointsUntilNextLevel": 187, "tokensEarned": 0, "championId": 26, "lastPlayTime": 1466981083000}, {"championLevel": 1, "chestGranted": false, "championPoints": 1554, "championPointsSinceLastLevel": 1554, "playerId": 21623, "championPointsUntilNextLevel": 246, "tokensEarned": 0, "championId": 121, "lastPlayTime": 1466276448000}, {"championLevel": 1, "chestGranted": false, "championPoints": 1518, "championPointsSinceLastLevel": 1518, "playerId": 21623, "championPointsUntilNextLevel": 282, "tokensEarned": 0, "championId": 126, "lastPlayTime": 1461355077000}, {"championLevel": 1, "chestGranted": true, "championPoints": 1454, "championPointsSinceLastLevel": 1454, "playerId": 21623, "championPointsUntilNextLevel": 346, "tokensEarned": 0, "championId": 111, "lastPlayTime": 1463789407000}, {"championLevel": 1, "chestGranted": false, "championPoints": 1392, "championPointsSinceLastLevel": 1392, "playerId": 21623, "championPointsUntilNextLevel": 408, "tokensEarned": 0, "championId": 222, "lastPlayTime": 1460148823000}, {"championLevel": 1, "chestGranted": false, "championPoints": 1372, "championPointsSinceLastLevel": 1372, "playerId": 21623, "championPointsUntilNextLevel": 428, "tokensEarned": 0, "championId": 104, "lastPlayTime": 1433538986000}, {"championLevel": 1, "chestGranted": false, "championPoints": 1303, "championPointsSinceLastLevel": 1303, "playerId": 21623, "championPointsUntilNextLevel": 497, "tokensEarned": 0, "championId": 29, "lastPlayTime": 1436084702000}, {"championLevel": 1, "chestGranted": false, "championPoints": 1221, "championPointsSinceLastLevel": 1221, "playerId": 21623, "championPointsUntilNextLevel": 579, "tokensEarned": 0, "championId": 9, "lastPlayTime": 1434954125000}, {"championLevel": 1, "chestGranted": false, "championPoints": 1212, "championPointsSinceLastLevel": 1212, "playerId": 21623, "championPointsUntilNextLevel": 588, "tokensEarned": 0, "championId": 14, "lastPlayTime": 1433036584000}, {"championLevel": 1, "chestGranted": false, "championPoints": 1192, "championPointsSinceLastLevel": 1192, "playerId": 21623, "championPointsUntilNextLevel": 608, "tokensEarned": 0, "championId": 78, "lastPlayTime": 1459069778000}, {"championLevel": 1, "chestGranted": false, "championPoints": 1170, "championPointsSinceLastLevel": 1170, "playerId": 21623, "championPointsUntilNextLevel": 630, "tokensEarned": 0, "championId": 32, "lastPlayTime": 1435274874000}, {"championLevel": 1, "chestGranted": false, "championPoints": 1138, "championPointsSinceLastLevel": 1138, "playerId": 21623, "championPointsUntilNextLevel": 662, "tokensEarned": 0, "championId": 79, "lastPlayTime": 1432964195000}, {"championLevel": 1, "chestGranted": false, "championPoints": 1089, "championPointsSinceLastLevel": 1089, "playerId": 21623, "championPointsUntilNextLevel": 711, "tokensEarned": 0, "championId": 40, "lastPlayTime": 1459403906000}, {"championLevel": 1, "chestGranted": false, "championPoints": 1031, "championPointsSinceLastLevel": 1031, "playerId": 21623, "championPointsUntilNextLevel": 769, "tokensEarned": 0, "championId": 80, "lastPlayTime": 1434741836000}, {"championLevel": 1, "chestGranted": false, "championPoints": 1000, "championPointsSinceLastLevel": 1000, "playerId": 21623, "championPointsUntilNextLevel": 800, "tokensEarned": 0, "championId": 23, "lastPlayTime": 1467240881000}, {"championLevel": 1, "chestGranted": false, "championPoints": 981, "championPointsSinceLastLevel": 981, "playerId": 21623, "championPointsUntilNextLevel": 819, "tokensEarned": 0, "championId": 12, "lastPlayTime": 1452796533000}, {"championLevel": 1, "chestGranted": false, "championPoints": 945, "championPointsSinceLastLevel": 945, "playerId": 21623, "championPointsUntilNextLevel": 855, "tokensEarned": 0, "championId": 131, "lastPlayTime": 1434686071000}, {"championLevel": 1, "chestGranted": false, "championPoints": 900, "championPointsSinceLastLevel": 900, "playerId": 21623, "championPointsUntilNextLevel": 900, "tokensEarned": 0, "championId": 119, "lastPlayTime": 1452186303000}, {"championLevel": 1, "chestGranted": false, "championPoints": 826, "championPointsSinceLastLevel": 826, "playerId": 21623, "championPointsUntilNextLevel": 974, "tokensEarned": 0, "championId": 84, "lastPlayTime": 1468538784000}, {"championLevel": 1, "chestGranted": false, "championPoints": 711, "championPointsSinceLastLevel": 711, "playerId": 21623, "championPointsUntilNextLevel": 1089, "tokensEarned": 0, "championId": 254, "lastPlayTime": 1460171375000}, {"championLevel": 1, "chestGranted": false, "championPoints": 499, "championPointsSinceLastLevel": 499, "playerId": 21623, "championPointsUntilNextLevel": 1301, "tokensEarned": 0, "championId": 115, "lastPlayTime": 1461359832000}, {"championLevel": 1, "chestGranted": false, "championPoints": 438, "championPointsSinceLastLevel": 438, "playerId": 21623, "championPointsUntilNextLevel": 1362, "tokensEarned": 0, "championId": 101, "lastPlayTime": 1451160152000}, {"championLevel": 1, "chestGranted": true, "championPoints": 390, "championPointsSinceLastLevel": 390, "playerId": 21623, "championPointsUntilNextLevel": 1410, "tokensEarned": 0, "championId": 114, "lastPlayTime": 1468536937000}, {"championLevel": 1, "chestGranted": false, "championPoints": 378, "championPointsSinceLastLevel": 378, "playerId": 21623, "championPointsUntilNextLevel": 1422, "tokensEarned": 0, "championId": 110, "lastPlayTime": 1462732095000}, {"championLevel": 1, "chestGranted": false, "championPoints": 366, "championPointsSinceLastLevel": 366, "playerId": 21623, "championPointsUntilNextLevel": 1434, "tokensEarned": 0, "championId": 55, "lastPlayTime": 1457934620000}, {"championLevel": 1, "chestGranted": false, "championPoints": 365, "championPointsSinceLastLevel": 365, "playerId": 21623, "championPointsUntilNextLevel": 1435, "tokensEarned": 0, "championId": 35, "lastPlayTime": 1461431998000}, {"championLevel": 1, "chestGranted": false, "championPoints": 336, "championPointsSinceLastLevel": 336, "playerId": 21623, "championPointsUntilNextLevel": 1464, "tokensEarned": 0, "championId": 74, "lastPlayTime": 1460147308000}, {"championLevel": 1, "chestGranted": false, "championPoints": 301, "championPointsSinceLastLevel": 301, "playerId": 21623, "championPointsUntilNextLevel": 1499, "tokensEarned": 0, "championId": 38, "lastPlayTime": 1435598768000}, {"championLevel": 1, "chestGranted": false, "championPoints": 210, "championPointsSinceLastLevel": 210, "playerId": 21623, "championPointsUntilNextLevel": 1590, "tokensEarned": 0, "championId": 122, "lastPlayTime": 1466204184000}, {"championLevel": 1, "chestGranted": false, "championPoints": 205, "championPointsSinceLastLevel": 205, "playerId": 21623, "championPointsUntilNextLevel": 1595, "tokensEarned": 0, "championId": 236, "lastPlayTime": 1453501896000}, {"championLevel": 1, "chestGranted": false, "championPoints": 177, "championPointsSinceLastLevel": 177, "playerId": 21623, "championPointsUntilNextLevel": 1623, "tokensEarned": 0, "championId": 15, "lastPlayTime": 1461007731000}, {"championLevel": 1, "chestGranted": false, "championPoints": 159, "championPointsSinceLastLevel": 159, "playerId": 21623, "championPointsUntilNextLevel": 1641, "tokensEarned": 0, "championId": 90, "lastPlayTime": 1464110494000}, {"championLevel": 1, "chestGranted": false, "championPoints": 152, "championPointsSinceLastLevel": 152, "playerId": 21623, "championPointsUntilNextLevel": 1648, "tokensEarned": 0, "championId": 16, "lastPlayTime": 1461430488000}, {"championLevel": 1, "chestGranted": false, "championPoints": 142, "championPointsSinceLastLevel": 142, "playerId": 21623, "championPointsUntilNextLevel": 1658, "tokensEarned": 0, "championId": 44, "lastPlayTime": 1462544905000}, {"championLevel": 1, "chestGranted": false, "championPoints": 94, "championPointsSinceLastLevel": 94, "playerId": 21623, "championPointsUntilNextLevel": 1706, "tokensEarned": 0, "championId": 202, "lastPlayTime": 1460759739000}]