[{"championLevel": 4, "chestGranted": true, "championPoints": 15974, "championPointsSinceLastLevel": 3374, "playerId": 21625, "championPointsUntilNextLevel": 5626, "tokensEarned": 0, "championId": 1, "lastPlayTime": 1468957424000}, {"championLevel": 3, "chestGranted": true, "championPoints": 10436, "championPointsSinceLastLevel": 4436, "playerId": 21625, "championPointsUntilNextLevel": 2164, "tokensEarned": 0, "championId": 64, "lastPlayTime": 1468960390000}, {"championLevel": 2, "chestGranted": true, "championPoints": 5701, "championPointsSinceLastLevel": 3901, "playerId": 21625, "championPointsUntilNextLevel": 299, "tokensEarned": 0, "championId": 236, "lastPlayTime": 1468600283000}, {"championLevel": 2, "chestGranted": false, "championPoints": 4387, "championPointsSinceLastLevel": 2587, "playerId": 21625, "championPointsUntilNextLevel": 1613, "tokensEarned": 0, "championId": 104, "lastPlayTime": 1468951259000}, {"championLevel": 2, "chestGranted": true, "championPoints": 3732, "championPointsSinceLastLevel": 1932, "playerId": 21625, "championPointsUntilNextLevel": 2268, "tokensEarned": 0, "championId": 78, "lastPlayTime": 1468524727000}, {"championLevel": 2, "chestGranted": false, "championPoints": 3066, "championPointsSinceLastLevel": 1266, "playerId": 21625, "championPointsUntilNextLevel": 2934, "tokensEarned": 0, "championId": 55, "lastPlayTime": 1468941825000}, {"championLevel": 2, "chestGranted": false, "championPoints": 2864, "championPointsSinceLastLevel": 1064, "playerId": 21625, "championPointsUntilNextLevel": 3136, "tokensEarned": 0, "championId": 11, "lastPlayTime": 1453079408000}, {"championLevel": 2, "chestGranted": false, "championPoints": 2086, "championPointsSinceLastLevel": 286, "playerId": 21625, "championPointsUntilNextLevel": 3914, "tokensEarned": 0, "championId": 17, "lastPlayTime": 1453320596000}, {"championLevel": 2, "chestGranted": true, "championPoints": 2013, "championPointsSinceLastLevel": 213, "playerId": 21625, "championPointsUntilNextLevel": 3987, "tokensEarned": 0, "championId": 25, "lastPlayTime": 1461471079000}, {"championLevel": 2, "chestGranted": false, "championPoints": 2011, "championPointsSinceLastLevel": 211, "playerId": 21625, "championPointsUntilNextLevel": 3989, "tokensEarned": 0, "championId": 86, "lastPlayTime": 1461881901000}, {"championLevel": 2, "chestGranted": false, "championPoints": 1881, "championPointsSinceLastLevel": 81, "playerId": 21625, "championPointsUntilNextLevel": 4119, "tokensEarned": 0, "championId": 24, "lastPlayTime": 1468734156000}, {"championLevel": 1, "chestGranted": false, "championPoints": 1625, "championPointsSinceLastLevel": 1625, "playerId": 21625, "championPointsUntilNextLevel": 175, "tokensEarned": 0, "championId": 266, "lastPlayTime": 1457310557000}, {"championLevel": 1, "chestGranted": false, "championPoints": 1593, "championPointsSinceLastLevel": 1593, "playerId": 21625, "championPointsUntilNextLevel": 207, "tokensEarned": 0, "championId": 67, "lastPlayTime": 1457983219000}, {"championLevel": 1, "chestGranted": true, "championPoints": 1446, "championPointsSinceLastLevel": 1446, "playerId": 21625, "championPointsUntilNextLevel": 354, "tokensEarned": 0, "championId": 13, "lastPlayTime": 1468967739000}, {"championLevel": 1, "chestGranted": false, "championPoints": 1422, "championPointsSinceLastLevel": 1422, "playerId": 21625, "championPointsUntilNextLevel": 378, "tokensEarned": 0, "championId": 53, "lastPlayTime": 1450146225000}, {"championLevel": 1, "chestGranted": false, "championPoints": 1420, "championPointsSinceLastLevel": 1420, "playerId": 21625, "championPointsUntilNextLevel": 380, "tokensEarned": 0, "championId": 99, "lastPlayTime": 1468906193000}, {"championLevel": 1, "chestGranted": false, "championPoints": 1355, "championPointsSinceLastLevel": 1355, "playerId": 21625, "championPointsUntilNextLevel": 445, "tokensEarned": 0, "championId": 15, "lastPlayTime": 1461942407000}, {"championLevel": 1, "chestGranted": false, "championPoints": 1182, "championPointsSinceLastLevel": 1182, "playerId": 21625, "championPointsUntilNextLevel": 618, "tokensEarned": 0, "championId": 105, "lastPlayTime": 1462739415000}, {"championLevel": 1, "chestGranted": false, "championPoints": 1163, "championPointsSinceLastLevel": 1163, "playerId": 21625, "championPointsUntilNextLevel": 637, "tokensEarned": 0, "championId": 119, "lastPlayTime": 1453395574000}, {"championLevel": 1, "chestGranted": false, "championPoints": 475, "championPointsSinceLastLevel": 475, "playerId": 21625, "championPointsUntilNextLevel": 1325, "tokensEarned": 0, "championId": 10, "lastPlayTime": 1453323103000}, {"championLevel": 1, "chestGranted": false, "championPoints": 425, "championPointsSinceLastLevel": 425, "playerId": 21625, "championPointsUntilNextLevel": 1375, "tokensEarned": 0, "championId": 77, "lastPlayTime": 1468963253000}, {"championLevel": 1, "chestGranted": false, "championPoints": 289, "championPointsSinceLastLevel": 289, "playerId": 21625, "championPointsUntilNextLevel": 1511, "tokensEarned": 0, "championId": 133, "lastPlayTime": 1450418116000}, {"championLevel": 1, "chestGranted": false, "championPoints": 284, "championPointsSinceLastLevel": 284, "playerId": 21625, "championPointsUntilNextLevel": 1516, "tokensEarned": 0, "championId": 120, "lastPlayTime": 1447559183000}, {"championLevel": 1, "chestGranted": false, "championPoints": 228, "championPointsSinceLastLevel": 228, "playerId": 21625, "championPointsUntilNextLevel": 1572, "tokensEarned": 0, "championId": 420, "lastPlayTime": 1450422927000}, {"championLevel": 1, "chestGranted": false, "championPoints": 218, "championPointsSinceLastLevel": 218, "playerId": 21625, "championPointsUntilNextLevel": 1582, "tokensEarned": 0, "championId": 19, "lastPlayTime": 1453077720000}, {"championLevel": 1, "chestGranted": false, "championPoints": 206, "championPointsSinceLastLevel": 206, "playerId": 21625, "championPointsUntilNextLevel": 1594, "tokensEarned": 0, "championId": 18, "lastPlayTime": 1453240133000}, {"championLevel": 1, "chestGranted": false, "championPoints": 198, "championPointsSinceLastLevel": 198, "playerId": 21625, "championPointsUntilNextLevel": 1602, "tokensEarned": 0, "championId": 54, "lastPlayTime": 1458781838000}, {"championLevel": 1, "chestGranted": false, "championPoints": 190, "championPointsSinceLastLevel": 190, "playerId": 21625, "championPointsUntilNextLevel": 1610, "tokensEarned": 0, "championId": 16, "lastPlayTime": 1450414981000}, {"championLevel": 1, "chestGranted": false, "championPoints": 159, "championPointsSinceLastLevel": 159, "playerId": 21625, "championPointsUntilNextLevel": 1641, "tokensEarned": 0, "championId": 31, "lastPlayTime": 1461473094000}, {"championLevel": 1, "chestGranted": false, "championPoints": 156, "championPointsSinceLastLevel": 156, "playerId": 21625, "championPointsUntilNextLevel": 1644, "tokensEarned": 0, "championId": 23, "lastPlayTime": 1453325698000}, {"championLevel": 1, "chestGranted": false, "championPoints": 151, "championPointsSinceLastLevel": 151, "playerId": 21625, "championPointsUntilNextLevel": 1649, "tokensEarned": 0, "championId": 4, "lastPlayTime": 1461469463000}, {"championLevel": 1, "chestGranted": false, "championPoints": 147, "championPointsSinceLastLevel": 147, "playerId": 21625, "championPointsUntilNextLevel": 1653, "tokensEarned": 0, "championId": 201, "lastPlayTime": 1448932436000}]