[{"championLevel": 5, "chestGranted": true, "championPoints": 40653, "championPointsSinceLastLevel": 19053, "playerId": 21639, "championPointsUntilNextLevel": 0, "tokensEarned": 0, "championId": 161, "lastPlayTime": 1463961878000}, {"championLevel": 5, "chestGranted": false, "championPoints": 27049, "championPointsSinceLastLevel": 5449, "playerId": 21639, "championPointsUntilNextLevel": 0, "tokensEarned": 0, "championId": 223, "lastPlayTime": 1454910854000}, {"championLevel": 5, "chestGranted": false, "championPoints": 24510, "championPointsSinceLastLevel": 2910, "playerId": 21639, "championPointsUntilNextLevel": 0, "tokensEarned": 0, "championId": 16, "lastPlayTime": 1456285991000}, {"championLevel": 4, "chestGranted": false, "championPoints": 20026, "championPointsSinceLastLevel": 7426, "playerId": 21639, "championPointsUntilNextLevel": 1574, "tokensEarned": 0, "championId": 111, "lastPlayTime": 1463963730000}, {"championLevel": 4, "chestGranted": false, "championPoints": 19935, "championPointsSinceLastLevel": 7335, "playerId": 21639, "championPointsUntilNextLevel": 1665, "tokensEarned": 0, "championId": 201, "lastPlayTime": 1457918553000}, {"championLevel": 4, "chestGranted": true, "championPoints": 19698, "championPointsSinceLastLevel": 7098, "playerId": 21639, "championPointsUntilNextLevel": 1902, "tokensEarned": 0, "championId": 53, "lastPlayTime": 1463888292000}, {"championLevel": 4, "chestGranted": false, "championPoints": 16726, "championPointsSinceLastLevel": 4126, "playerId": 21639, "championPointsUntilNextLevel": 4874, "tokensEarned": 0, "championId": 432, "lastPlayTime": 1459048653000}, {"championLevel": 4, "chestGranted": false, "championPoints": 15818, "championPointsSinceLastLevel": 3218, "playerId": 21639, "championPointsUntilNextLevel": 5782, "tokensEarned": 0, "championId": 412, "lastPlayTime": 1455659528000}, {"championLevel": 4, "chestGranted": false, "championPoints": 14565, "championPointsSinceLastLevel": 1965, "playerId": 21639, "championPointsUntilNextLevel": 7035, "tokensEarned": 0, "championId": 78, "lastPlayTime": 1459055218000}, {"championLevel": 4, "chestGranted": true, "championPoints": 13657, "championPointsSinceLastLevel": 1057, "playerId": 21639, "championPointsUntilNextLevel": 7943, "tokensEarned": 0, "championId": 267, "lastPlayTime": 1463971631000}, {"championLevel": 3, "chestGranted": false, "championPoints": 10935, "championPointsSinceLastLevel": 4935, "playerId": 21639, "championPointsUntilNextLevel": 1665, "tokensEarned": 0, "championId": 63, "lastPlayTime": 1463953761000}, {"championLevel": 3, "chestGranted": false, "championPoints": 10447, "championPointsSinceLastLevel": 4447, "playerId": 21639, "championPointsUntilNextLevel": 2153, "tokensEarned": 0, "championId": 117, "lastPlayTime": 1457063410000}, {"championLevel": 3, "chestGranted": false, "championPoints": 8730, "championPointsSinceLastLevel": 2730, "playerId": 21639, "championPointsUntilNextLevel": 3870, "tokensEarned": 0, "championId": 143, "lastPlayTime": 1463955813000}, {"championLevel": 3, "chestGranted": false, "championPoints": 8501, "championPointsSinceLastLevel": 2501, "playerId": 21639, "championPointsUntilNextLevel": 4099, "tokensEarned": 0, "championId": 40, "lastPlayTime": 1454447158000}, {"championLevel": 3, "chestGranted": false, "championPoints": 7907, "championPointsSinceLastLevel": 1907, "playerId": 21639, "championPointsUntilNextLevel": 4693, "tokensEarned": 0, "championId": 89, "lastPlayTime": 1458507512000}, {"championLevel": 3, "chestGranted": false, "championPoints": 7720, "championPointsSinceLastLevel": 1720, "playerId": 21639, "championPointsUntilNextLevel": 4880, "tokensEarned": 0, "championId": 12, "lastPlayTime": 1461342327000}, {"championLevel": 3, "chestGranted": false, "championPoints": 7079, "championPointsSinceLastLevel": 1079, "playerId": 21639, "championPointsUntilNextLevel": 5521, "tokensEarned": 0, "championId": 20, "lastPlayTime": 1457152941000}, {"championLevel": 3, "chestGranted": false, "championPoints": 6300, "championPointsSinceLastLevel": 300, "playerId": 21639, "championPointsUntilNextLevel": 6300, "tokensEarned": 0, "championId": 37, "lastPlayTime": 1453088575000}, {"championLevel": 3, "chestGranted": false, "championPoints": 6077, "championPointsSinceLastLevel": 77, "playerId": 21639, "championPointsUntilNextLevel": 6523, "tokensEarned": 0, "championId": 9, "lastPlayTime": 1451694170000}, {"championLevel": 2, "chestGranted": false, "championPoints": 5213, "championPointsSinceLastLevel": 3413, "playerId": 21639, "championPointsUntilNextLevel": 787, "tokensEarned": 0, "championId": 43, "lastPlayTime": 1453526600000}, {"championLevel": 2, "chestGranted": false, "championPoints": 4940, "championPointsSinceLastLevel": 3140, "playerId": 21639, "championPointsUntilNextLevel": 1060, "tokensEarned": 0, "championId": 17, "lastPlayTime": 1463884420000}, {"championLevel": 2, "chestGranted": false, "championPoints": 4499, "championPointsSinceLastLevel": 2699, "playerId": 21639, "championPointsUntilNextLevel": 1501, "tokensEarned": 0, "championId": 21, "lastPlayTime": 1463951946000}, {"championLevel": 2, "chestGranted": false, "championPoints": 4109, "championPointsSinceLastLevel": 2309, "playerId": 21639, "championPointsUntilNextLevel": 1891, "tokensEarned": 0, "championId": 26, "lastPlayTime": 1457763959000}, {"championLevel": 2, "chestGranted": false, "championPoints": 3861, "championPointsSinceLastLevel": 2061, "playerId": 21639, "championPointsUntilNextLevel": 2139, "tokensEarned": 0, "championId": 72, "lastPlayTime": 1446261492000}, {"championLevel": 2, "chestGranted": false, "championPoints": 3685, "championPointsSinceLastLevel": 1885, "playerId": 21639, "championPointsUntilNextLevel": 2315, "tokensEarned": 0, "championId": 77, "lastPlayTime": 1444274245000}, {"championLevel": 2, "chestGranted": false, "championPoints": 3552, "championPointsSinceLastLevel": 1752, "playerId": 21639, "championPointsUntilNextLevel": 2448, "tokensEarned": 0, "championId": 113, "lastPlayTime": 1443843206000}, {"championLevel": 2, "chestGranted": false, "championPoints": 3418, "championPointsSinceLastLevel": 1618, "playerId": 21639, "championPointsUntilNextLevel": 2582, "tokensEarned": 0, "championId": 203, "lastPlayTime": 1447631715000}, {"championLevel": 2, "chestGranted": false, "championPoints": 3277, "championPointsSinceLastLevel": 1477, "playerId": 21639, "championPointsUntilNextLevel": 2723, "tokensEarned": 0, "championId": 80, "lastPlayTime": 1452043221000}, {"championLevel": 2, "chestGranted": false, "championPoints": 3105, "championPointsSinceLastLevel": 1305, "playerId": 21639, "championPointsUntilNextLevel": 2895, "tokensEarned": 0, "championId": 51, "lastPlayTime": 1446355839000}, {"championLevel": 2, "chestGranted": false, "championPoints": 2953, "championPointsSinceLastLevel": 1153, "playerId": 21639, "championPointsUntilNextLevel": 3047, "tokensEarned": 0, "championId": 59, "lastPlayTime": 1458513494000}, {"championLevel": 2, "chestGranted": false, "championPoints": 2728, "championPointsSinceLastLevel": 928, "playerId": 21639, "championPointsUntilNextLevel": 3272, "tokensEarned": 0, "championId": 48, "lastPlayTime": 1443848603000}, {"championLevel": 2, "chestGranted": false, "championPoints": 2706, "championPointsSinceLastLevel": 906, "playerId": 21639, "championPointsUntilNextLevel": 3294, "tokensEarned": 0, "championId": 18, "lastPlayTime": 1452464332000}, {"championLevel": 2, "chestGranted": false, "championPoints": 2632, "championPointsSinceLastLevel": 832, "playerId": 21639, "championPointsUntilNextLevel": 3368, "tokensEarned": 0, "championId": 36, "lastPlayTime": 1433218266000}, {"championLevel": 2, "chestGranted": false, "championPoints": 2268, "championPointsSinceLastLevel": 468, "playerId": 21639, "championPointsUntilNextLevel": 3732, "tokensEarned": 0, "championId": 44, "lastPlayTime": 1447991861000}, {"championLevel": 2, "chestGranted": false, "championPoints": 2059, "championPointsSinceLastLevel": 259, "playerId": 21639, "championPointsUntilNextLevel": 3941, "tokensEarned": 0, "championId": 1, "lastPlayTime": 1451271799000}, {"championLevel": 2, "chestGranted": false, "championPoints": 1852, "championPointsSinceLastLevel": 52, "playerId": 21639, "championPointsUntilNextLevel": 4148, "tokensEarned": 0, "championId": 163, "lastPlayTime": 1463969720000}, {"championLevel": 1, "chestGranted": false, "championPoints": 1770, "championPointsSinceLastLevel": 1770, "playerId": 21639, "championPointsUntilNextLevel": 30, "tokensEarned": 0, "championId": 120, "lastPlayTime": 1445200532000}, {"championLevel": 1, "chestGranted": false, "championPoints": 1683, "championPointsSinceLastLevel": 1683, "playerId": 21639, "championPointsUntilNextLevel": 117, "tokensEarned": 0, "championId": 10, "lastPlayTime": 1449452504000}, {"championLevel": 1, "chestGranted": false, "championPoints": 1544, "championPointsSinceLastLevel": 1544, "playerId": 21639, "championPointsUntilNextLevel": 256, "tokensEarned": 0, "championId": 254, "lastPlayTime": 1454444218000}, {"championLevel": 1, "chestGranted": false, "championPoints": 1515, "championPointsSinceLastLevel": 1515, "playerId": 21639, "championPointsUntilNextLevel": 285, "tokensEarned": 0, "championId": 90, "lastPlayTime": 1433733021000}, {"championLevel": 1, "chestGranted": false, "championPoints": 1506, "championPointsSinceLastLevel": 1506, "playerId": 21639, "championPointsUntilNextLevel": 294, "tokensEarned": 0, "championId": 157, "lastPlayTime": 1451444236000}, {"championLevel": 1, "chestGranted": false, "championPoints": 1472, "championPointsSinceLastLevel": 1472, "playerId": 21639, "championPointsUntilNextLevel": 328, "tokensEarned": 0, "championId": 85, "lastPlayTime": 1463879971000}, {"championLevel": 1, "chestGranted": false, "championPoints": 1448, "championPointsSinceLastLevel": 1448, "playerId": 21639, "championPointsUntilNextLevel": 352, "tokensEarned": 0, "championId": 236, "lastPlayTime": 1456114827000}, {"championLevel": 1, "chestGranted": false, "championPoints": 1377, "championPointsSinceLastLevel": 1377, "playerId": 21639, "championPointsUntilNextLevel": 423, "tokensEarned": 0, "championId": 75, "lastPlayTime": 1456370471000}, {"championLevel": 1, "chestGranted": false, "championPoints": 1360, "championPointsSinceLastLevel": 1360, "playerId": 21639, "championPointsUntilNextLevel": 440, "tokensEarned": 0, "championId": 56, "lastPlayTime": 1438140126000}, {"championLevel": 1, "chestGranted": false, "championPoints": 1321, "championPointsSinceLastLevel": 1321, "playerId": 21639, "championPointsUntilNextLevel": 479, "tokensEarned": 0, "championId": 33, "lastPlayTime": 1454285602000}, {"championLevel": 1, "chestGranted": true, "championPoints": 1279, "championPointsSinceLastLevel": 1279, "playerId": 21639, "championPointsUntilNextLevel": 521, "tokensEarned": 0, "championId": 222, "lastPlayTime": 1463949111000}, {"championLevel": 1, "chestGranted": false, "championPoints": 1257, "championPointsSinceLastLevel": 1257, "playerId": 21639, "championPointsUntilNextLevel": 543, "tokensEarned": 0, "championId": 45, "lastPlayTime": 1452050828000}, {"championLevel": 1, "chestGranted": false, "championPoints": 1239, "championPointsSinceLastLevel": 1239, "playerId": 21639, "championPointsUntilNextLevel": 561, "tokensEarned": 0, "championId": 5, "lastPlayTime": 1437099789000}, {"championLevel": 1, "chestGranted": false, "championPoints": 1224, "championPointsSinceLastLevel": 1224, "playerId": 21639, "championPointsUntilNextLevel": 576, "tokensEarned": 0, "championId": 60, "lastPlayTime": 1443334156000}, {"championLevel": 1, "chestGranted": false, "championPoints": 1179, "championPointsSinceLastLevel": 1179, "playerId": 21639, "championPointsUntilNextLevel": 621, "tokensEarned": 0, "championId": 133, "lastPlayTime": 1451446026000}, {"championLevel": 1, "chestGranted": false, "championPoints": 1012, "championPointsSinceLastLevel": 1012, "playerId": 21639, "championPointsUntilNextLevel": 788, "tokensEarned": 0, "championId": 83, "lastPlayTime": 1437946103000}, {"championLevel": 1, "chestGranted": false, "championPoints": 1000, "championPointsSinceLastLevel": 1000, "playerId": 21639, "championPointsUntilNextLevel": 800, "tokensEarned": 0, "championId": 99, "lastPlayTime": 1463889848000}, {"championLevel": 1, "chestGranted": false, "championPoints": 977, "championPointsSinceLastLevel": 977, "playerId": 21639, "championPointsUntilNextLevel": 823, "tokensEarned": 0, "championId": 98, "lastPlayTime": 1444357878000}, {"championLevel": 1, "chestGranted": false, "championPoints": 972, "championPointsSinceLastLevel": 972, "playerId": 21639, "championPointsUntilNextLevel": 828, "tokensEarned": 0, "championId": 110, "lastPlayTime": 1433265517000}, {"championLevel": 1, "chestGranted": false, "championPoints": 963, "championPointsSinceLastLevel": 963, "playerId": 21639, "championPointsUntilNextLevel": 837, "tokensEarned": 0, "championId": 127, "lastPlayTime": 1453677010000}, {"championLevel": 1, "chestGranted": false, "championPoints": 946, "championPointsSinceLastLevel": 946, "playerId": 21639, "championPointsUntilNextLevel": 854, "tokensEarned": 0, "championId": 69, "lastPlayTime": 1449438252000}, {"championLevel": 1, "chestGranted": true, "championPoints": 941, "championPointsSinceLastLevel": 941, "playerId": 21639, "championPointsUntilNextLevel": 859, "tokensEarned": 0, "championId": 81, "lastPlayTime": 1463958032000}, {"championLevel": 1, "chestGranted": false, "championPoints": 939, "championPointsSinceLastLevel": 939, "playerId": 21639, "championPointsUntilNextLevel": 861, "tokensEarned": 0, "championId": 7, "lastPlayTime": 1463881938000}, {"championLevel": 1, "chestGranted": false, "championPoints": 874, "championPointsSinceLastLevel": 874, "playerId": 21639, "championPointsUntilNextLevel": 926, "tokensEarned": 0, "championId": 421, "lastPlayTime": 1451269421000}, {"championLevel": 1, "chestGranted": false, "championPoints": 680, "championPointsSinceLastLevel": 680, "playerId": 21639, "championPointsUntilNextLevel": 1120, "tokensEarned": 0, "championId": 25, "lastPlayTime": 1453954347000}, {"championLevel": 1, "chestGranted": false, "championPoints": 573, "championPointsSinceLastLevel": 573, "playerId": 21639, "championPointsUntilNextLevel": 1227, "tokensEarned": 0, "championId": 76, "lastPlayTime": 1461344557000}, {"championLevel": 1, "chestGranted": false, "championPoints": 497, "championPointsSinceLastLevel": 497, "playerId": 21639, "championPointsUntilNextLevel": 1303, "tokensEarned": 0, "championId": 420, "lastPlayTime": 1454907989000}, {"championLevel": 1, "chestGranted": false, "championPoints": 477, "championPointsSinceLastLevel": 477, "playerId": 21639, "championPointsUntilNextLevel": 1323, "tokensEarned": 0, "championId": 154, "lastPlayTime": 1456449734000}, {"championLevel": 1, "chestGranted": false, "championPoints": 441, "championPointsSinceLastLevel": 441, "playerId": 21639, "championPointsUntilNextLevel": 1359, "tokensEarned": 0, "championId": 74, "lastPlayTime": 1451345123000}, {"championLevel": 1, "chestGranted": false, "championPoints": 312, "championPointsSinceLastLevel": 312, "playerId": 21639, "championPointsUntilNextLevel": 1488, "tokensEarned": 0, "championId": 126, "lastPlayTime": 1433127932000}, {"championLevel": 1, "chestGranted": false, "championPoints": 274, "championPointsSinceLastLevel": 274, "playerId": 21639, "championPointsUntilNextLevel": 1526, "tokensEarned": 0, "championId": 57, "lastPlayTime": 1435534803000}, {"championLevel": 1, "chestGranted": false, "championPoints": 268, "championPointsSinceLastLevel": 268, "playerId": 21639, "championPointsUntilNextLevel": 1532, "tokensEarned": 0, "championId": 106, "lastPlayTime": 1433389214000}, {"championLevel": 1, "chestGranted": false, "championPoints": 260, "championPointsSinceLastLevel": 260, "playerId": 21639, "championPointsUntilNextLevel": 1540, "tokensEarned": 0, "championId": 92, "lastPlayTime": 1432245331000}, {"championLevel": 1, "chestGranted": false, "championPoints": 253, "championPointsSinceLastLevel": 253, "playerId": 21639, "championPointsUntilNextLevel": 1547, "tokensEarned": 0, "championId": 96, "lastPlayTime": 1434936908000}, {"championLevel": 1, "chestGranted": false, "championPoints": 233, "championPointsSinceLastLevel": 233, "playerId": 21639, "championPointsUntilNextLevel": 1567, "tokensEarned": 0, "championId": 104, "lastPlayTime": 1456117885000}, {"championLevel": 1, "chestGranted": false, "championPoints": 216, "championPointsSinceLastLevel": 216, "playerId": 21639, "championPointsUntilNextLevel": 1584, "tokensEarned": 0, "championId": 29, "lastPlayTime": 1432356246000}, {"championLevel": 1, "chestGranted": false, "championPoints": 194, "championPointsSinceLastLevel": 194, "playerId": 21639, "championPointsUntilNextLevel": 1606, "tokensEarned": 0, "championId": 202, "lastPlayTime": 1463886502000}, {"championLevel": 1, "chestGranted": false, "championPoints": 189, "championPointsSinceLastLevel": 189, "playerId": 21639, "championPointsUntilNextLevel": 1611, "tokensEarned": 0, "championId": 2, "lastPlayTime": 1432353761000}, {"championLevel": 1, "chestGranted": false, "championPoints": 181, "championPointsSinceLastLevel": 181, "playerId": 21639, "championPointsUntilNextLevel": 1619, "tokensEarned": 0, "championId": 115, "lastPlayTime": 1463967731000}, {"championLevel": 1, "chestGranted": true, "championPoints": 173, "championPointsSinceLastLevel": 173, "playerId": 21639, "championPointsUntilNextLevel": 1627, "tokensEarned": 0, "championId": 245, "lastPlayTime": 1463960042000}, {"championLevel": 1, "chestGranted": false, "championPoints": 166, "championPointsSinceLastLevel": 166, "playerId": 21639, "championPointsUntilNextLevel": 1634, "tokensEarned": 0, "championId": 15, "lastPlayTime": 1457321098000}, {"championLevel": 1, "chestGranted": false, "championPoints": 102, "championPointsSinceLastLevel": 102, "playerId": 21639, "championPointsUntilNextLevel": 1698, "tokensEarned": 0, "championId": 112, "lastPlayTime": 1433088840000}]