[{"championLevel": 5, "chestGranted": true, "championPoints": 48945, "championPointsSinceLastLevel": 27345, "playerId": 21636, "championPointsUntilNextLevel": 0, "tokensEarned": 1, "championId": 121, "lastPlayTime": 1466714931000}, {"championLevel": 5, "chestGranted": false, "championPoints": 45824, "championPointsSinceLastLevel": 24224, "playerId": 21636, "championPointsUntilNextLevel": 0, "tokensEarned": 0, "championId": 245, "lastPlayTime": 1468898812000}, {"championLevel": 6, "chestGranted": false, "championPoints": 39425, "championPointsSinceLastLevel": 17825, "playerId": 21636, "championPointsUntilNextLevel": 0, "tokensEarned": 0, "championId": 157, "lastPlayTime": 1468728353000}, {"championLevel": 5, "chestGranted": true, "championPoints": 38502, "championPointsSinceLastLevel": 16902, "playerId": 21636, "championPointsUntilNextLevel": 0, "tokensEarned": 0, "championId": 81, "lastPlayTime": 1468440901000}, {"championLevel": 5, "chestGranted": false, "championPoints": 36499, "championPointsSinceLastLevel": 14899, "playerId": 21636, "championPointsUntilNextLevel": 0, "tokensEarned": 0, "championId": 38, "lastPlayTime": 1454468304000}, {"championLevel": 6, "chestGranted": true, "championPoints": 36294, "championPointsSinceLastLevel": 14694, "playerId": 21636, "championPointsUntilNextLevel": 0, "tokensEarned": 0, "championId": 17, "lastPlayTime": 1467313114000}, {"championLevel": 5, "chestGranted": true, "championPoints": 35910, "championPointsSinceLastLevel": 14310, "playerId": 21636, "championPointsUntilNextLevel": 0, "tokensEarned": 0, "championId": 268, "lastPlayTime": 1468550213000}, {"championLevel": 5, "chestGranted": true, "championPoints": 28250, "championPointsSinceLastLevel": 6650, "playerId": 21636, "championPointsUntilNextLevel": 0, "tokensEarned": 0, "championId": 114, "lastPlayTime": 1469157279000}, {"championLevel": 5, "chestGranted": true, "championPoints": 24199, "championPointsSinceLastLevel": 2599, "playerId": 21636, "championPointsUntilNextLevel": 0, "tokensEarned": 1, "championId": 4, "lastPlayTime": 1463780818000}, {"championLevel": 5, "chestGranted": true, "championPoints": 21685, "championPointsSinceLastLevel": 85, "playerId": 21636, "championPointsUntilNextLevel": 0, "tokensEarned": 0, "championId": 24, "lastPlayTime": 1459456040000}, {"championLevel": 4, "chestGranted": true, "championPoints": 19386, "championPointsSinceLastLevel": 6786, "playerId": 21636, "championPointsUntilNextLevel": 2214, "tokensEarned": 0, "championId": 37, "lastPlayTime": 1466658350000}, {"championLevel": 4, "chestGranted": false, "championPoints": 19040, "championPointsSinceLastLevel": 6440, "playerId": 21636, "championPointsUntilNextLevel": 2560, "tokensEarned": 0, "championId": 78, "lastPlayTime": 1461876418000}, {"championLevel": 4, "chestGranted": false, "championPoints": 18175, "championPointsSinceLastLevel": 5575, "playerId": 21636, "championPointsUntilNextLevel": 3425, "tokensEarned": 0, "championId": 80, "lastPlayTime": 1468875864000}, {"championLevel": 4, "chestGranted": false, "championPoints": 16289, "championPointsSinceLastLevel": 3689, "playerId": 21636, "championPointsUntilNextLevel": 5311, "tokensEarned": 0, "championId": 202, "lastPlayTime": 1462573976000}, {"championLevel": 4, "chestGranted": true, "championPoints": 16086, "championPointsSinceLastLevel": 3486, "playerId": 21636, "championPointsUntilNextLevel": 5514, "tokensEarned": 0, "championId": 238, "lastPlayTime": 1468726473000}, {"championLevel": 4, "chestGranted": false, "championPoints": 15500, "championPointsSinceLastLevel": 2900, "playerId": 21636, "championPointsUntilNextLevel": 6100, "tokensEarned": 0, "championId": 98, "lastPlayTime": 1465172886000}, {"championLevel": 4, "chestGranted": false, "championPoints": 13529, "championPointsSinceLastLevel": 929, "playerId": 21636, "championPointsUntilNextLevel": 8071, "tokensEarned": 0, "championId": 236, "lastPlayTime": 1461376921000}, {"championLevel": 4, "chestGranted": false, "championPoints": 13357, "championPointsSinceLastLevel": 757, "playerId": 21636, "championPointsUntilNextLevel": 8243, "tokensEarned": 0, "championId": 92, "lastPlayTime": 1468734068000}, {"championLevel": 3, "chestGranted": true, "championPoints": 12305, "championPointsSinceLastLevel": 6305, "playerId": 21636, "championPointsUntilNextLevel": 295, "tokensEarned": 0, "championId": 21, "lastPlayTime": 1464386415000}, {"championLevel": 3, "chestGranted": false, "championPoints": 12300, "championPointsSinceLastLevel": 6300, "playerId": 21636, "championPointsUntilNextLevel": 300, "tokensEarned": 0, "championId": 107, "lastPlayTime": 1469144964000}, {"championLevel": 3, "chestGranted": false, "championPoints": 11454, "championPointsSinceLastLevel": 5454, "playerId": 21636, "championPointsUntilNextLevel": 1146, "tokensEarned": 0, "championId": 29, "lastPlayTime": 1462584478000}, {"championLevel": 3, "chestGranted": true, "championPoints": 10979, "championPointsSinceLastLevel": 4979, "playerId": 21636, "championPointsUntilNextLevel": 1621, "tokensEarned": 0, "championId": 105, "lastPlayTime": 1468857785000}, {"championLevel": 3, "chestGranted": false, "championPoints": 10765, "championPointsSinceLastLevel": 4765, "playerId": 21636, "championPointsUntilNextLevel": 1835, "tokensEarned": 0, "championId": 53, "lastPlayTime": 1466281306000}, {"championLevel": 3, "chestGranted": false, "championPoints": 10465, "championPointsSinceLastLevel": 4465, "playerId": 21636, "championPointsUntilNextLevel": 2135, "tokensEarned": 0, "championId": 86, "lastPlayTime": 1462682655000}, {"championLevel": 3, "chestGranted": false, "championPoints": 9431, "championPointsSinceLastLevel": 3431, "playerId": 21636, "championPointsUntilNextLevel": 3169, "tokensEarned": 0, "championId": 64, "lastPlayTime": 1468976766000}, {"championLevel": 3, "chestGranted": true, "championPoints": 9186, "championPointsSinceLastLevel": 3186, "playerId": 21636, "championPointsUntilNextLevel": 3414, "tokensEarned": 0, "championId": 2, "lastPlayTime": 1467005184000}, {"championLevel": 3, "chestGranted": true, "championPoints": 9106, "championPointsSinceLastLevel": 3106, "playerId": 21636, "championPointsUntilNextLevel": 3494, "tokensEarned": 0, "championId": 55, "lastPlayTime": 1466174399000}, {"championLevel": 3, "chestGranted": false, "championPoints": 9018, "championPointsSinceLastLevel": 3018, "playerId": 21636, "championPointsUntilNextLevel": 3582, "tokensEarned": 0, "championId": 91, "lastPlayTime": 1466620041000}, {"championLevel": 3, "chestGranted": false, "championPoints": 8978, "championPointsSinceLastLevel": 2978, "playerId": 21636, "championPointsUntilNextLevel": 3622, "tokensEarned": 0, "championId": 8, "lastPlayTime": 1468195080000}, {"championLevel": 3, "chestGranted": false, "championPoints": 8768, "championPointsSinceLastLevel": 2768, "playerId": 21636, "championPointsUntilNextLevel": 3832, "tokensEarned": 0, "championId": 104, "lastPlayTime": 1468529790000}, {"championLevel": 3, "chestGranted": true, "championPoints": 8756, "championPointsSinceLastLevel": 2756, "playerId": 21636, "championPointsUntilNextLevel": 3844, "tokensEarned": 0, "championId": 67, "lastPlayTime": 1465478038000}, {"championLevel": 3, "chestGranted": false, "championPoints": 8749, "championPointsSinceLastLevel": 2749, "playerId": 21636, "championPointsUntilNextLevel": 3851, "tokensEarned": 0, "championId": 41, "lastPlayTime": 1461361690000}, {"championLevel": 3, "chestGranted": false, "championPoints": 8516, "championPointsSinceLastLevel": 2516, "playerId": 21636, "championPointsUntilNextLevel": 4084, "tokensEarned": 0, "championId": 35, "lastPlayTime": 1466118232000}, {"championLevel": 3, "chestGranted": false, "championPoints": 8108, "championPointsSinceLastLevel": 2108, "playerId": 21636, "championPointsUntilNextLevel": 4492, "tokensEarned": 0, "championId": 18, "lastPlayTime": 1466385364000}, {"championLevel": 3, "chestGranted": false, "championPoints": 7574, "championPointsSinceLastLevel": 1574, "playerId": 21636, "championPointsUntilNextLevel": 5026, "tokensEarned": 0, "championId": 56, "lastPlayTime": 1461370554000}, {"championLevel": 3, "chestGranted": false, "championPoints": 7544, "championPointsSinceLastLevel": 1544, "playerId": 21636, "championPointsUntilNextLevel": 5056, "tokensEarned": 0, "championId": 89, "lastPlayTime": 1458083605000}, {"championLevel": 3, "chestGranted": false, "championPoints": 7131, "championPointsSinceLastLevel": 1131, "playerId": 21636, "championPointsUntilNextLevel": 5469, "tokensEarned": 0, "championId": 222, "lastPlayTime": 1458074953000}, {"championLevel": 3, "chestGranted": true, "championPoints": 7075, "championPointsSinceLastLevel": 1075, "playerId": 21636, "championPointsUntilNextLevel": 5525, "tokensEarned": 0, "championId": 27, "lastPlayTime": 1468854842000}, {"championLevel": 3, "chestGranted": false, "championPoints": 7062, "championPointsSinceLastLevel": 1062, "playerId": 21636, "championPointsUntilNextLevel": 5538, "tokensEarned": 0, "championId": 51, "lastPlayTime": 1465353068000}, {"championLevel": 3, "chestGranted": false, "championPoints": 7018, "championPointsSinceLastLevel": 1018, "playerId": 21636, "championPointsUntilNextLevel": 5582, "tokensEarned": 0, "championId": 28, "lastPlayTime": 1451927658000}, {"championLevel": 3, "chestGranted": false, "championPoints": 6721, "championPointsSinceLastLevel": 721, "playerId": 21636, "championPointsUntilNextLevel": 5879, "tokensEarned": 0, "championId": 119, "lastPlayTime": 1462646433000}, {"championLevel": 3, "chestGranted": true, "championPoints": 6341, "championPointsSinceLastLevel": 341, "playerId": 21636, "championPointsUntilNextLevel": 6259, "tokensEarned": 0, "championId": 11, "lastPlayTime": 1459030889000}, {"championLevel": 3, "chestGranted": true, "championPoints": 6253, "championPointsSinceLastLevel": 253, "playerId": 21636, "championPointsUntilNextLevel": 6347, "tokensEarned": 0, "championId": 13, "lastPlayTime": 1468724380000}, {"championLevel": 2, "chestGranted": true, "championPoints": 5915, "championPointsSinceLastLevel": 4115, "playerId": 21636, "championPointsUntilNextLevel": 85, "tokensEarned": 0, "championId": 23, "lastPlayTime": 1468873789000}, {"championLevel": 2, "chestGranted": false, "championPoints": 5802, "championPointsSinceLastLevel": 4002, "playerId": 21636, "championPointsUntilNextLevel": 198, "tokensEarned": 0, "championId": 50, "lastPlayTime": 1459726389000}, {"championLevel": 2, "chestGranted": false, "championPoints": 5733, "championPointsSinceLastLevel": 3933, "playerId": 21636, "championPointsUntilNextLevel": 267, "tokensEarned": 0, "championId": 420, "lastPlayTime": 1468360982000}, {"championLevel": 2, "chestGranted": false, "championPoints": 5385, "championPointsSinceLastLevel": 3585, "playerId": 21636, "championPointsUntilNextLevel": 615, "tokensEarned": 0, "championId": 19, "lastPlayTime": 1464542922000}, {"championLevel": 2, "chestGranted": false, "championPoints": 5280, "championPointsSinceLastLevel": 3480, "playerId": 21636, "championPointsUntilNextLevel": 720, "tokensEarned": 0, "championId": 122, "lastPlayTime": 1468877872000}, {"championLevel": 2, "chestGranted": false, "championPoints": 4810, "championPointsSinceLastLevel": 3010, "playerId": 21636, "championPointsUntilNextLevel": 1190, "tokensEarned": 0, "championId": 96, "lastPlayTime": 1459814843000}, {"championLevel": 2, "chestGranted": false, "championPoints": 4672, "championPointsSinceLastLevel": 2872, "playerId": 21636, "championPointsUntilNextLevel": 1328, "tokensEarned": 0, "championId": 223, "lastPlayTime": 1467429661000}, {"championLevel": 2, "chestGranted": false, "championPoints": 3989, "championPointsSinceLastLevel": 2189, "playerId": 21636, "championPointsUntilNextLevel": 2011, "tokensEarned": 0, "championId": 429, "lastPlayTime": 1444428452000}, {"championLevel": 2, "chestGranted": false, "championPoints": 3818, "championPointsSinceLastLevel": 2018, "playerId": 21636, "championPointsUntilNextLevel": 2182, "tokensEarned": 0, "championId": 254, "lastPlayTime": 1468895957000}, {"championLevel": 2, "chestGranted": false, "championPoints": 3673, "championPointsSinceLastLevel": 1873, "playerId": 21636, "championPointsUntilNextLevel": 2327, "tokensEarned": 0, "championId": 84, "lastPlayTime": 1464312576000}, {"championLevel": 2, "chestGranted": false, "championPoints": 3670, "championPointsSinceLastLevel": 1870, "playerId": 21636, "championPointsUntilNextLevel": 2330, "tokensEarned": 0, "championId": 39, "lastPlayTime": 1460234410000}, {"championLevel": 2, "chestGranted": false, "championPoints": 3635, "championPointsSinceLastLevel": 1835, "playerId": 21636, "championPointsUntilNextLevel": 2365, "tokensEarned": 0, "championId": 90, "lastPlayTime": 1463881587000}, {"championLevel": 2, "chestGranted": false, "championPoints": 3564, "championPointsSinceLastLevel": 1764, "playerId": 21636, "championPointsUntilNextLevel": 2436, "tokensEarned": 0, "championId": 203, "lastPlayTime": 1466277572000}, {"championLevel": 2, "chestGranted": false, "championPoints": 3492, "championPointsSinceLastLevel": 1692, "playerId": 21636, "championPointsUntilNextLevel": 2508, "tokensEarned": 0, "championId": 110, "lastPlayTime": 1468211022000}, {"championLevel": 2, "chestGranted": false, "championPoints": 3355, "championPointsSinceLastLevel": 1555, "playerId": 21636, "championPointsUntilNextLevel": 2645, "tokensEarned": 0, "championId": 150, "lastPlayTime": 1450188309000}, {"championLevel": 2, "chestGranted": false, "championPoints": 3286, "championPointsSinceLastLevel": 1486, "playerId": 21636, "championPointsUntilNextLevel": 2714, "tokensEarned": 0, "championId": 63, "lastPlayTime": 1466557573000}, {"championLevel": 2, "chestGranted": false, "championPoints": 3172, "championPointsSinceLastLevel": 1372, "playerId": 21636, "championPointsUntilNextLevel": 2828, "tokensEarned": 0, "championId": 75, "lastPlayTime": 1465263021000}, {"championLevel": 2, "chestGranted": false, "championPoints": 2943, "championPointsSinceLastLevel": 1143, "playerId": 21636, "championPointsUntilNextLevel": 3057, "tokensEarned": 0, "championId": 5, "lastPlayTime": 1457134578000}, {"championLevel": 2, "chestGranted": false, "championPoints": 2728, "championPointsSinceLastLevel": 928, "playerId": 21636, "championPointsUntilNextLevel": 3272, "tokensEarned": 0, "championId": 82, "lastPlayTime": 1450621135000}, {"championLevel": 2, "chestGranted": false, "championPoints": 2585, "championPointsSinceLastLevel": 785, "playerId": 21636, "championPointsUntilNextLevel": 3415, "tokensEarned": 0, "championId": 103, "lastPlayTime": 1466737307000}, {"championLevel": 2, "chestGranted": false, "championPoints": 2361, "championPointsSinceLastLevel": 561, "playerId": 21636, "championPointsUntilNextLevel": 3639, "tokensEarned": 0, "championId": 154, "lastPlayTime": 1468796598000}, {"championLevel": 2, "chestGranted": false, "championPoints": 2333, "championPointsSinceLastLevel": 533, "playerId": 21636, "championPointsUntilNextLevel": 3667, "tokensEarned": 0, "championId": 48, "lastPlayTime": 1465439319000}, {"championLevel": 2, "chestGranted": false, "championPoints": 2219, "championPointsSinceLastLevel": 419, "playerId": 21636, "championPointsUntilNextLevel": 3781, "tokensEarned": 0, "championId": 412, "lastPlayTime": 1466656065000}, {"championLevel": 2, "chestGranted": false, "championPoints": 2178, "championPointsSinceLastLevel": 378, "playerId": 21636, "championPointsUntilNextLevel": 3822, "tokensEarned": 0, "championId": 99, "lastPlayTime": 1467418981000}, {"championLevel": 2, "chestGranted": false, "championPoints": 2177, "championPointsSinceLastLevel": 377, "playerId": 21636, "championPointsUntilNextLevel": 3823, "tokensEarned": 0, "championId": 60, "lastPlayTime": 1455578609000}, {"championLevel": 2, "chestGranted": true, "championPoints": 2153, "championPointsSinceLastLevel": 353, "playerId": 21636, "championPointsUntilNextLevel": 3847, "tokensEarned": 0, "championId": 120, "lastPlayTime": 1468212565000}, {"championLevel": 2, "chestGranted": false, "championPoints": 2034, "championPointsSinceLastLevel": 234, "playerId": 21636, "championPointsUntilNextLevel": 3966, "tokensEarned": 0, "championId": 14, "lastPlayTime": 1464974391000}, {"championLevel": 2, "chestGranted": true, "championPoints": 1884, "championPointsSinceLastLevel": 84, "playerId": 21636, "championPointsUntilNextLevel": 4116, "tokensEarned": 0, "championId": 22, "lastPlayTime": 1466480967000}, {"championLevel": 1, "chestGranted": false, "championPoints": 1715, "championPointsSinceLastLevel": 1715, "playerId": 21636, "championPointsUntilNextLevel": 85, "tokensEarned": 0, "championId": 421, "lastPlayTime": 1435766772000}, {"championLevel": 1, "chestGranted": false, "championPoints": 1650, "championPointsSinceLastLevel": 1650, "playerId": 21636, "championPointsUntilNextLevel": 150, "tokensEarned": 0, "championId": 45, "lastPlayTime": 1455753240000}, {"championLevel": 1, "chestGranted": false, "championPoints": 1614, "championPointsSinceLastLevel": 1614, "playerId": 21636, "championPointsUntilNextLevel": 186, "tokensEarned": 0, "championId": 266, "lastPlayTime": 1465608394000}, {"championLevel": 1, "chestGranted": false, "championPoints": 1434, "championPointsSinceLastLevel": 1434, "playerId": 21636, "championPointsUntilNextLevel": 366, "tokensEarned": 0, "championId": 7, "lastPlayTime": 1449446311000}, {"championLevel": 1, "chestGranted": false, "championPoints": 1392, "championPointsSinceLastLevel": 1392, "playerId": 21636, "championPointsUntilNextLevel": 408, "tokensEarned": 0, "championId": 131, "lastPlayTime": 1466639066000}, {"championLevel": 1, "chestGranted": false, "championPoints": 1388, "championPointsSinceLastLevel": 1388, "playerId": 21636, "championPointsUntilNextLevel": 412, "tokensEarned": 0, "championId": 112, "lastPlayTime": 1448046222000}, {"championLevel": 1, "chestGranted": false, "championPoints": 1292, "championPointsSinceLastLevel": 1292, "playerId": 21636, "championPointsUntilNextLevel": 508, "tokensEarned": 0, "championId": 33, "lastPlayTime": 1462571759000}, {"championLevel": 1, "chestGranted": false, "championPoints": 1289, "championPointsSinceLastLevel": 1289, "playerId": 21636, "championPointsUntilNextLevel": 511, "tokensEarned": 0, "championId": 136, "lastPlayTime": 1459106321000}, {"championLevel": 1, "chestGranted": false, "championPoints": 1277, "championPointsSinceLastLevel": 1277, "playerId": 21636, "championPointsUntilNextLevel": 523, "tokensEarned": 0, "championId": 6, "lastPlayTime": 1459283431000}, {"championLevel": 1, "chestGranted": false, "championPoints": 1255, "championPointsSinceLastLevel": 1255, "playerId": 21636, "championPointsUntilNextLevel": 545, "tokensEarned": 0, "championId": 44, "lastPlayTime": 1461195348000}, {"championLevel": 1, "chestGranted": false, "championPoints": 1253, "championPointsSinceLastLevel": 1253, "playerId": 21636, "championPointsUntilNextLevel": 547, "tokensEarned": 0, "championId": 126, "lastPlayTime": 1458962108000}, {"championLevel": 1, "chestGranted": false, "championPoints": 1246, "championPointsSinceLastLevel": 1246, "playerId": 21636, "championPointsUntilNextLevel": 554, "tokensEarned": 0, "championId": 74, "lastPlayTime": 1467229034000}, {"championLevel": 1, "chestGranted": false, "championPoints": 1228, "championPointsSinceLastLevel": 1228, "playerId": 21636, "championPointsUntilNextLevel": 572, "tokensEarned": 0, "championId": 9, "lastPlayTime": 1448050632000}, {"championLevel": 1, "chestGranted": false, "championPoints": 1207, "championPointsSinceLastLevel": 1207, "playerId": 21636, "championPointsUntilNextLevel": 593, "tokensEarned": 0, "championId": 36, "lastPlayTime": 1459458851000}, {"championLevel": 1, "chestGranted": false, "championPoints": 1151, "championPointsSinceLastLevel": 1151, "playerId": 21636, "championPointsUntilNextLevel": 649, "tokensEarned": 0, "championId": 40, "lastPlayTime": 1466564595000}, {"championLevel": 1, "chestGranted": true, "championPoints": 1064, "championPointsSinceLastLevel": 1064, "playerId": 21636, "championPointsUntilNextLevel": 736, "tokensEarned": 0, "championId": 79, "lastPlayTime": 1469154975000}, {"championLevel": 1, "chestGranted": false, "championPoints": 1039, "championPointsSinceLastLevel": 1039, "playerId": 21636, "championPointsUntilNextLevel": 761, "tokensEarned": 0, "championId": 267, "lastPlayTime": 1452203581000}, {"championLevel": 1, "chestGranted": false, "championPoints": 1018, "championPointsSinceLastLevel": 1018, "playerId": 21636, "championPointsUntilNextLevel": 782, "tokensEarned": 0, "championId": 42, "lastPlayTime": 1468472990000}, {"championLevel": 1, "chestGranted": false, "championPoints": 1013, "championPointsSinceLastLevel": 1013, "playerId": 21636, "championPointsUntilNextLevel": 787, "tokensEarned": 0, "championId": 58, "lastPlayTime": 1459008181000}, {"championLevel": 1, "chestGranted": false, "championPoints": 991, "championPointsSinceLastLevel": 991, "playerId": 21636, "championPointsUntilNextLevel": 809, "tokensEarned": 0, "championId": 12, "lastPlayTime": 1457617199000}, {"championLevel": 1, "chestGranted": false, "championPoints": 926, "championPointsSinceLastLevel": 926, "playerId": 21636, "championPointsUntilNextLevel": 874, "tokensEarned": 0, "championId": 15, "lastPlayTime": 1453168047000}, {"championLevel": 1, "chestGranted": false, "championPoints": 579, "championPointsSinceLastLevel": 579, "playerId": 21636, "championPointsUntilNextLevel": 1221, "tokensEarned": 0, "championId": 69, "lastPlayTime": 1466562398000}, {"championLevel": 1, "chestGranted": false, "championPoints": 516, "championPointsSinceLastLevel": 516, "playerId": 21636, "championPointsUntilNextLevel": 1284, "tokensEarned": 0, "championId": 432, "lastPlayTime": 1468794508000}, {"championLevel": 1, "chestGranted": false, "championPoints": 435, "championPointsSinceLastLevel": 435, "playerId": 21636, "championPointsUntilNextLevel": 1365, "tokensEarned": 0, "championId": 163, "lastPlayTime": 1466107486000}, {"championLevel": 1, "chestGranted": false, "championPoints": 419, "championPointsSinceLastLevel": 419, "playerId": 21636, "championPointsUntilNextLevel": 1381, "tokensEarned": 0, "championId": 102, "lastPlayTime": 1453129688000}, {"championLevel": 1, "chestGranted": false, "championPoints": 371, "championPointsSinceLastLevel": 371, "playerId": 21636, "championPointsUntilNextLevel": 1429, "tokensEarned": 0, "championId": 85, "lastPlayTime": 1454283519000}, {"championLevel": 1, "chestGranted": false, "championPoints": 316, "championPointsSinceLastLevel": 316, "playerId": 21636, "championPointsUntilNextLevel": 1484, "tokensEarned": 0, "championId": 54, "lastPlayTime": 1460260616000}, {"championLevel": 1, "chestGranted": false, "championPoints": 305, "championPointsSinceLastLevel": 305, "playerId": 21636, "championPointsUntilNextLevel": 1495, "tokensEarned": 0, "championId": 62, "lastPlayTime": 1463960929000}, {"championLevel": 1, "chestGranted": false, "championPoints": 248, "championPointsSinceLastLevel": 248, "playerId": 21636, "championPointsUntilNextLevel": 1552, "tokensEarned": 0, "championId": 161, "lastPlayTime": 1462592118000}, {"championLevel": 1, "chestGranted": false, "championPoints": 209, "championPointsSinceLastLevel": 209, "playerId": 21636, "championPointsUntilNextLevel": 1591, "tokensEarned": 0, "championId": 101, "lastPlayTime": 1465613968000}, {"championLevel": 1, "chestGranted": false, "championPoints": 197, "championPointsSinceLastLevel": 197, "playerId": 21636, "championPointsUntilNextLevel": 1603, "tokensEarned": 0, "championId": 76, "lastPlayTime": 1466695895000}, {"championLevel": 1, "chestGranted": false, "championPoints": 170, "championPointsSinceLastLevel": 170, "playerId": 21636, "championPointsUntilNextLevel": 1630, "tokensEarned": 0, "championId": 16, "lastPlayTime": 1453304165000}, {"championLevel": 1, "chestGranted": false, "championPoints": 162, "championPointsSinceLastLevel": 162, "playerId": 21636, "championPointsUntilNextLevel": 1638, "tokensEarned": 0, "championId": 115, "lastPlayTime": 1463957663000}, {"championLevel": 1, "chestGranted": false, "championPoints": 156, "championPointsSinceLastLevel": 156, "playerId": 21636, "championPointsUntilNextLevel": 1644, "tokensEarned": 0, "championId": 106, "lastPlayTime": 1458173593000}, {"championLevel": 1, "chestGranted": false, "championPoints": 155, "championPointsSinceLastLevel": 155, "playerId": 21636, "championPointsUntilNextLevel": 1645, "tokensEarned": 0, "championId": 83, "lastPlayTime": 1466479025000}]