[{"championLevel": 5, "chestGranted": true, "championPoints": 51490, "championPointsSinceLastLevel": 29890, "playerId": 21630, "championPointsUntilNextLevel": 0, "tokensEarned": 2, "championId": 64, "lastPlayTime": 1468819776000}, {"championLevel": 5, "chestGranted": true, "championPoints": 37151, "championPointsSinceLastLevel": 15551, "playerId": 21630, "championPointsUntilNextLevel": 0, "tokensEarned": 2, "championId": 103, "lastPlayTime": 1469091363000}, {"championLevel": 7, "chestGranted": true, "championPoints": 28711, "championPointsSinceLastLevel": 7111, "playerId": 21630, "championPointsUntilNextLevel": 0, "tokensEarned": 0, "championId": 245, "lastPlayTime": 1469094723000}, {"championLevel": 5, "chestGranted": false, "championPoints": 24108, "championPointsSinceLastLevel": 2508, "playerId": 21630, "championPointsUntilNextLevel": 0, "tokensEarned": 1, "championId": 60, "lastPlayTime": 1468057934000}, {"championLevel": 5, "chestGranted": false, "championPoints": 22227, "championPointsSinceLastLevel": 627, "playerId": 21630, "championPointsUntilNextLevel": 0, "tokensEarned": 0, "championId": 203, "lastPlayTime": 1468458073000}, {"championLevel": 5, "chestGranted": true, "championPoints": 22000, "championPointsSinceLastLevel": 400, "playerId": 21630, "championPointsUntilNextLevel": 0, "tokensEarned": 0, "championId": 238, "lastPlayTime": 1469078119000}, {"championLevel": 4, "chestGranted": false, "championPoints": 15727, "championPointsSinceLastLevel": 3127, "playerId": 21630, "championPointsUntilNextLevel": 5873, "tokensEarned": 0, "championId": 12, "lastPlayTime": 1468984908000}, {"championLevel": 4, "chestGranted": true, "championPoints": 15318, "championPointsSinceLastLevel": 2718, "playerId": 21630, "championPointsUntilNextLevel": 6282, "tokensEarned": 0, "championId": 201, "lastPlayTime": 1468971784000}, {"championLevel": 4, "chestGranted": true, "championPoints": 13582, "championPointsSinceLastLevel": 982, "playerId": 21630, "championPointsUntilNextLevel": 8018, "tokensEarned": 0, "championId": 89, "lastPlayTime": 1460856214000}, {"championLevel": 4, "chestGranted": true, "championPoints": 13221, "championPointsSinceLastLevel": 621, "playerId": 21630, "championPointsUntilNextLevel": 8379, "tokensEarned": 0, "championId": 7, "lastPlayTime": 1468751786000}, {"championLevel": 3, "chestGranted": false, "championPoints": 9327, "championPointsSinceLastLevel": 3327, "playerId": 21630, "championPointsUntilNextLevel": 3273, "tokensEarned": 0, "championId": 120, "lastPlayTime": 1468385532000}, {"championLevel": 3, "chestGranted": true, "championPoints": 8894, "championPointsSinceLastLevel": 2894, "playerId": 21630, "championPointsUntilNextLevel": 3706, "tokensEarned": 0, "championId": 76, "lastPlayTime": 1467948191000}, {"championLevel": 3, "chestGranted": false, "championPoints": 8654, "championPointsSinceLastLevel": 2654, "playerId": 21630, "championPointsUntilNextLevel": 3946, "tokensEarned": 0, "championId": 107, "lastPlayTime": 1468473783000}, {"championLevel": 3, "chestGranted": true, "championPoints": 8589, "championPointsSinceLastLevel": 2589, "playerId": 21630, "championPointsUntilNextLevel": 4011, "tokensEarned": 0, "championId": 79, "lastPlayTime": 1468979279000}, {"championLevel": 3, "chestGranted": true, "championPoints": 8085, "championPointsSinceLastLevel": 2085, "playerId": 21630, "championPointsUntilNextLevel": 4515, "tokensEarned": 0, "championId": 157, "lastPlayTime": 1469088801000}, {"championLevel": 3, "chestGranted": false, "championPoints": 8003, "championPointsSinceLastLevel": 2003, "playerId": 21630, "championPointsUntilNextLevel": 4597, "tokensEarned": 0, "championId": 104, "lastPlayTime": 1469009564000}, {"championLevel": 3, "chestGranted": false, "championPoints": 7102, "championPointsSinceLastLevel": 1102, "playerId": 21630, "championPointsUntilNextLevel": 5498, "tokensEarned": 0, "championId": 102, "lastPlayTime": 1468125538000}, {"championLevel": 3, "chestGranted": false, "championPoints": 7041, "championPointsSinceLastLevel": 1041, "playerId": 21630, "championPointsUntilNextLevel": 5559, "tokensEarned": 0, "championId": 421, "lastPlayTime": 1468744007000}, {"championLevel": 3, "chestGranted": false, "championPoints": 6622, "championPointsSinceLastLevel": 622, "playerId": 21630, "championPointsUntilNextLevel": 5978, "tokensEarned": 0, "championId": 61, "lastPlayTime": 1468492700000}, {"championLevel": 3, "chestGranted": false, "championPoints": 6116, "championPointsSinceLastLevel": 116, "playerId": 21630, "championPointsUntilNextLevel": 6484, "tokensEarned": 0, "championId": 67, "lastPlayTime": 1469086369000}, {"championLevel": 3, "chestGranted": true, "championPoints": 6077, "championPointsSinceLastLevel": 77, "playerId": 21630, "championPointsUntilNextLevel": 6523, "tokensEarned": 0, "championId": 105, "lastPlayTime": 1467945050000}, {"championLevel": 2, "chestGranted": true, "championPoints": 5775, "championPointsSinceLastLevel": 3975, "playerId": 21630, "championPointsUntilNextLevel": 225, "tokensEarned": 0, "championId": 24, "lastPlayTime": 1468888468000}, {"championLevel": 2, "chestGranted": false, "championPoints": 5475, "championPointsSinceLastLevel": 3675, "playerId": 21630, "championPointsUntilNextLevel": 525, "tokensEarned": 0, "championId": 99, "lastPlayTime": 1468566147000}, {"championLevel": 2, "chestGranted": false, "championPoints": 5088, "championPointsSinceLastLevel": 3288, "playerId": 21630, "championPointsUntilNextLevel": 912, "tokensEarned": 0, "championId": 43, "lastPlayTime": 1469084186000}, {"championLevel": 2, "chestGranted": false, "championPoints": 5072, "championPointsSinceLastLevel": 3272, "playerId": 21630, "championPointsUntilNextLevel": 928, "tokensEarned": 0, "championId": 92, "lastPlayTime": 1469004781000}, {"championLevel": 2, "chestGranted": false, "championPoints": 4591, "championPointsSinceLastLevel": 2791, "playerId": 21630, "championPointsUntilNextLevel": 1409, "tokensEarned": 0, "championId": 121, "lastPlayTime": 1460417416000}, {"championLevel": 2, "chestGranted": false, "championPoints": 4293, "championPointsSinceLastLevel": 2493, "playerId": 21630, "championPointsUntilNextLevel": 1707, "tokensEarned": 0, "championId": 111, "lastPlayTime": 1464150509000}, {"championLevel": 2, "chestGranted": true, "championPoints": 4262, "championPointsSinceLastLevel": 2462, "playerId": 21630, "championPointsUntilNextLevel": 1738, "tokensEarned": 0, "championId": 14, "lastPlayTime": 1467860379000}, {"championLevel": 2, "chestGranted": false, "championPoints": 4075, "championPointsSinceLastLevel": 2275, "playerId": 21630, "championPointsUntilNextLevel": 1925, "tokensEarned": 0, "championId": 19, "lastPlayTime": 1437943509000}, {"championLevel": 2, "chestGranted": false, "championPoints": 4052, "championPointsSinceLastLevel": 2252, "playerId": 21630, "championPointsUntilNextLevel": 1948, "tokensEarned": 0, "championId": 57, "lastPlayTime": 1458008813000}, {"championLevel": 2, "chestGranted": false, "championPoints": 3859, "championPointsSinceLastLevel": 2059, "playerId": 21630, "championPointsUntilNextLevel": 2141, "tokensEarned": 0, "championId": 9, "lastPlayTime": 1461457852000}, {"championLevel": 2, "chestGranted": false, "championPoints": 3740, "championPointsSinceLastLevel": 1940, "playerId": 21630, "championPointsUntilNextLevel": 2260, "tokensEarned": 0, "championId": 59, "lastPlayTime": 1457906629000}, {"championLevel": 2, "chestGranted": false, "championPoints": 3712, "championPointsSinceLastLevel": 1912, "playerId": 21630, "championPointsUntilNextLevel": 2288, "tokensEarned": 0, "championId": 5, "lastPlayTime": 1455939976000}, {"championLevel": 2, "chestGranted": false, "championPoints": 3381, "championPointsSinceLastLevel": 1581, "playerId": 21630, "championPointsUntilNextLevel": 2619, "tokensEarned": 0, "championId": 91, "lastPlayTime": 1457320182000}, {"championLevel": 2, "chestGranted": false, "championPoints": 3231, "championPointsSinceLastLevel": 1431, "playerId": 21630, "championPointsUntilNextLevel": 2769, "tokensEarned": 0, "championId": 222, "lastPlayTime": 1459048829000}, {"championLevel": 2, "chestGranted": false, "championPoints": 3110, "championPointsSinceLastLevel": 1310, "playerId": 21630, "championPointsUntilNextLevel": 2890, "tokensEarned": 0, "championId": 432, "lastPlayTime": 1459729497000}, {"championLevel": 2, "chestGranted": false, "championPoints": 3045, "championPointsSinceLastLevel": 1245, "playerId": 21630, "championPointsUntilNextLevel": 2955, "tokensEarned": 0, "championId": 4, "lastPlayTime": 1455231150000}, {"championLevel": 2, "chestGranted": false, "championPoints": 3028, "championPointsSinceLastLevel": 1228, "playerId": 21630, "championPointsUntilNextLevel": 2972, "tokensEarned": 0, "championId": 112, "lastPlayTime": 1468560754000}, {"championLevel": 2, "chestGranted": false, "championPoints": 3022, "championPointsSinceLastLevel": 1222, "playerId": 21630, "championPointsUntilNextLevel": 2978, "tokensEarned": 0, "championId": 28, "lastPlayTime": 1462496831000}, {"championLevel": 2, "chestGranted": false, "championPoints": 2836, "championPointsSinceLastLevel": 1036, "playerId": 21630, "championPointsUntilNextLevel": 3164, "tokensEarned": 0, "championId": 420, "lastPlayTime": 1468911680000}, {"championLevel": 2, "chestGranted": false, "championPoints": 2827, "championPointsSinceLastLevel": 1027, "playerId": 21630, "championPointsUntilNextLevel": 3173, "tokensEarned": 0, "championId": 117, "lastPlayTime": 1458436859000}, {"championLevel": 2, "chestGranted": false, "championPoints": 2825, "championPointsSinceLastLevel": 1025, "playerId": 21630, "championPointsUntilNextLevel": 3175, "tokensEarned": 0, "championId": 32, "lastPlayTime": 1457660002000}, {"championLevel": 2, "chestGranted": true, "championPoints": 2786, "championPointsSinceLastLevel": 986, "playerId": 21630, "championPointsUntilNextLevel": 3214, "tokensEarned": 0, "championId": 85, "lastPlayTime": 1468033863000}, {"championLevel": 2, "chestGranted": false, "championPoints": 2758, "championPointsSinceLastLevel": 958, "playerId": 21630, "championPointsUntilNextLevel": 3242, "tokensEarned": 0, "championId": 62, "lastPlayTime": 1455168787000}, {"championLevel": 2, "chestGranted": false, "championPoints": 2739, "championPointsSinceLastLevel": 939, "playerId": 21630, "championPointsUntilNextLevel": 3261, "tokensEarned": 0, "championId": 69, "lastPlayTime": 1458690219000}, {"championLevel": 2, "chestGranted": false, "championPoints": 2677, "championPointsSinceLastLevel": 877, "playerId": 21630, "championPointsUntilNextLevel": 3323, "tokensEarned": 0, "championId": 126, "lastPlayTime": 1456554606000}, {"championLevel": 2, "chestGranted": false, "championPoints": 2558, "championPointsSinceLastLevel": 758, "playerId": 21630, "championPointsUntilNextLevel": 3442, "tokensEarned": 0, "championId": 154, "lastPlayTime": 1468902877000}, {"championLevel": 2, "chestGranted": false, "championPoints": 2458, "championPointsSinceLastLevel": 658, "playerId": 21630, "championPointsUntilNextLevel": 3542, "tokensEarned": 0, "championId": 268, "lastPlayTime": 1468817385000}, {"championLevel": 2, "chestGranted": false, "championPoints": 2296, "championPointsSinceLastLevel": 496, "playerId": 21630, "championPointsUntilNextLevel": 3704, "tokensEarned": 0, "championId": 84, "lastPlayTime": 1460251830000}, {"championLevel": 2, "chestGranted": true, "championPoints": 2272, "championPointsSinceLastLevel": 472, "playerId": 21630, "championPointsUntilNextLevel": 3728, "tokensEarned": 0, "championId": 106, "lastPlayTime": 1469081557000}, {"championLevel": 2, "chestGranted": false, "championPoints": 2231, "championPointsSinceLastLevel": 431, "playerId": 21630, "championPointsUntilNextLevel": 3769, "tokensEarned": 0, "championId": 254, "lastPlayTime": 1468214240000}, {"championLevel": 2, "chestGranted": false, "championPoints": 2218, "championPointsSinceLastLevel": 418, "playerId": 21630, "championPointsUntilNextLevel": 3782, "tokensEarned": 0, "championId": 81, "lastPlayTime": 1460153044000}, {"championLevel": 2, "chestGranted": false, "championPoints": 2038, "championPointsSinceLastLevel": 238, "playerId": 21630, "championPointsUntilNextLevel": 3962, "tokensEarned": 0, "championId": 20, "lastPlayTime": 1468997324000}, {"championLevel": 2, "chestGranted": false, "championPoints": 1876, "championPointsSinceLastLevel": 76, "playerId": 21630, "championPointsUntilNextLevel": 4124, "tokensEarned": 0, "championId": 101, "lastPlayTime": 1461453111000}, {"championLevel": 2, "chestGranted": false, "championPoints": 1848, "championPointsSinceLastLevel": 48, "playerId": 21630, "championPointsUntilNextLevel": 4152, "tokensEarned": 0, "championId": 25, "lastPlayTime": 1468200424000}, {"championLevel": 1, "chestGranted": false, "championPoints": 1763, "championPointsSinceLastLevel": 1763, "playerId": 21630, "championPointsUntilNextLevel": 37, "tokensEarned": 0, "championId": 39, "lastPlayTime": 1456435219000}, {"championLevel": 1, "chestGranted": false, "championPoints": 1747, "championPointsSinceLastLevel": 1747, "playerId": 21630, "championPointsUntilNextLevel": 53, "tokensEarned": 0, "championId": 78, "lastPlayTime": 1461472520000}, {"championLevel": 1, "chestGranted": false, "championPoints": 1691, "championPointsSinceLastLevel": 1691, "playerId": 21630, "championPointsUntilNextLevel": 109, "tokensEarned": 0, "championId": 54, "lastPlayTime": 1468906941000}, {"championLevel": 1, "chestGranted": false, "championPoints": 1685, "championPointsSinceLastLevel": 1685, "playerId": 21630, "championPointsUntilNextLevel": 115, "tokensEarned": 0, "championId": 131, "lastPlayTime": 1456808854000}, {"championLevel": 1, "chestGranted": false, "championPoints": 1661, "championPointsSinceLastLevel": 1661, "playerId": 21630, "championPointsUntilNextLevel": 139, "tokensEarned": 0, "championId": 133, "lastPlayTime": 1468465315000}, {"championLevel": 1, "chestGranted": false, "championPoints": 1636, "championPointsSinceLastLevel": 1636, "playerId": 21630, "championPointsUntilNextLevel": 164, "tokensEarned": 0, "championId": 90, "lastPlayTime": 1458408601000}, {"championLevel": 1, "chestGranted": false, "championPoints": 1527, "championPointsSinceLastLevel": 1527, "playerId": 21630, "championPointsUntilNextLevel": 273, "tokensEarned": 0, "championId": 119, "lastPlayTime": 1455574985000}, {"championLevel": 1, "chestGranted": false, "championPoints": 1483, "championPointsSinceLastLevel": 1483, "playerId": 21630, "championPointsUntilNextLevel": 317, "tokensEarned": 0, "championId": 122, "lastPlayTime": 1458947977000}, {"championLevel": 1, "chestGranted": false, "championPoints": 1482, "championPointsSinceLastLevel": 1482, "playerId": 21630, "championPointsUntilNextLevel": 318, "tokensEarned": 0, "championId": 75, "lastPlayTime": 1457215430000}, {"championLevel": 1, "chestGranted": false, "championPoints": 1452, "championPointsSinceLastLevel": 1452, "playerId": 21630, "championPointsUntilNextLevel": 348, "tokensEarned": 0, "championId": 98, "lastPlayTime": 1456639772000}, {"championLevel": 1, "chestGranted": false, "championPoints": 1398, "championPointsSinceLastLevel": 1398, "playerId": 21630, "championPointsUntilNextLevel": 402, "tokensEarned": 0, "championId": 6, "lastPlayTime": 1457323343000}, {"championLevel": 1, "chestGranted": false, "championPoints": 1389, "championPointsSinceLastLevel": 1389, "playerId": 21630, "championPointsUntilNextLevel": 411, "tokensEarned": 0, "championId": 115, "lastPlayTime": 1468828209000}, {"championLevel": 1, "chestGranted": false, "championPoints": 1373, "championPointsSinceLastLevel": 1373, "playerId": 21630, "championPointsUntilNextLevel": 427, "tokensEarned": 0, "championId": 223, "lastPlayTime": 1468994936000}, {"championLevel": 1, "chestGranted": false, "championPoints": 1342, "championPointsSinceLastLevel": 1342, "playerId": 21630, "championPointsUntilNextLevel": 458, "tokensEarned": 0, "championId": 21, "lastPlayTime": 1457920586000}, {"championLevel": 1, "chestGranted": false, "championPoints": 1311, "championPointsSinceLastLevel": 1311, "playerId": 21630, "championPointsUntilNextLevel": 489, "tokensEarned": 0, "championId": 10, "lastPlayTime": 1468813285000}, {"championLevel": 1, "chestGranted": false, "championPoints": 1298, "championPointsSinceLastLevel": 1298, "playerId": 21630, "championPointsUntilNextLevel": 502, "tokensEarned": 0, "championId": 55, "lastPlayTime": 1457122803000}, {"championLevel": 1, "chestGranted": false, "championPoints": 1278, "championPointsSinceLastLevel": 1278, "playerId": 21630, "championPointsUntilNextLevel": 522, "tokensEarned": 0, "championId": 68, "lastPlayTime": 1456382882000}, {"championLevel": 1, "chestGranted": false, "championPoints": 1156, "championPointsSinceLastLevel": 1156, "playerId": 21630, "championPointsUntilNextLevel": 644, "tokensEarned": 0, "championId": 412, "lastPlayTime": 1460155771000}, {"championLevel": 1, "chestGranted": false, "championPoints": 1136, "championPointsSinceLastLevel": 1136, "playerId": 21630, "championPointsUntilNextLevel": 664, "tokensEarned": 0, "championId": 56, "lastPlayTime": 1460501350000}, {"championLevel": 1, "chestGranted": false, "championPoints": 1069, "championPointsSinceLastLevel": 1069, "playerId": 21630, "championPointsUntilNextLevel": 731, "tokensEarned": 0, "championId": 80, "lastPlayTime": 1437157277000}, {"championLevel": 1, "chestGranted": false, "championPoints": 940, "championPointsSinceLastLevel": 940, "playerId": 21630, "championPointsUntilNextLevel": 860, "tokensEarned": 0, "championId": 45, "lastPlayTime": 1468470740000}, {"championLevel": 1, "chestGranted": false, "championPoints": 835, "championPointsSinceLastLevel": 835, "playerId": 21630, "championPointsUntilNextLevel": 965, "tokensEarned": 0, "championId": 86, "lastPlayTime": 1468811180000}, {"championLevel": 1, "chestGranted": false, "championPoints": 810, "championPointsSinceLastLevel": 810, "playerId": 21630, "championPointsUntilNextLevel": 990, "tokensEarned": 0, "championId": 13, "lastPlayTime": 1468550427000}, {"championLevel": 1, "chestGranted": false, "championPoints": 498, "championPointsSinceLastLevel": 498, "playerId": 21630, "championPointsUntilNextLevel": 1302, "tokensEarned": 0, "championId": 127, "lastPlayTime": 1459214273000}, {"championLevel": 1, "chestGranted": false, "championPoints": 486, "championPointsSinceLastLevel": 486, "playerId": 21630, "championPointsUntilNextLevel": 1314, "tokensEarned": 0, "championId": 36, "lastPlayTime": 1467950529000}, {"championLevel": 1, "chestGranted": false, "championPoints": 472, "championPointsSinceLastLevel": 472, "playerId": 21630, "championPointsUntilNextLevel": 1328, "tokensEarned": 0, "championId": 38, "lastPlayTime": 1459642816000}, {"championLevel": 1, "chestGranted": false, "championPoints": 455, "championPointsSinceLastLevel": 455, "playerId": 21630, "championPointsUntilNextLevel": 1345, "tokensEarned": 0, "championId": 266, "lastPlayTime": 1460259738000}, {"championLevel": 1, "chestGranted": false, "championPoints": 454, "championPointsSinceLastLevel": 454, "playerId": 21630, "championPointsUntilNextLevel": 1346, "tokensEarned": 0, "championId": 114, "lastPlayTime": 1456970793000}, {"championLevel": 1, "chestGranted": false, "championPoints": 436, "championPointsSinceLastLevel": 436, "playerId": 21630, "championPointsUntilNextLevel": 1364, "tokensEarned": 0, "championId": 1, "lastPlayTime": 1456467425000}, {"championLevel": 1, "chestGranted": false, "championPoints": 427, "championPointsSinceLastLevel": 427, "playerId": 21630, "championPointsUntilNextLevel": 1373, "tokensEarned": 0, "championId": 134, "lastPlayTime": 1468825548000}, {"championLevel": 1, "chestGranted": false, "championPoints": 411, "championPointsSinceLastLevel": 411, "playerId": 21630, "championPointsUntilNextLevel": 1389, "tokensEarned": 0, "championId": 113, "lastPlayTime": 1449551984000}, {"championLevel": 1, "chestGranted": true, "championPoints": 404, "championPointsSinceLastLevel": 404, "playerId": 21630, "championPointsUntilNextLevel": 1396, "tokensEarned": 0, "championId": 11, "lastPlayTime": 1468999517000}, {"championLevel": 1, "chestGranted": false, "championPoints": 345, "championPointsSinceLastLevel": 345, "playerId": 21630, "championPointsUntilNextLevel": 1455, "tokensEarned": 0, "championId": 35, "lastPlayTime": 1456734991000}, {"championLevel": 1, "chestGranted": false, "championPoints": 314, "championPointsSinceLastLevel": 314, "playerId": 21630, "championPointsUntilNextLevel": 1486, "tokensEarned": 0, "championId": 51, "lastPlayTime": 1468829918000}, {"championLevel": 1, "chestGranted": false, "championPoints": 265, "championPointsSinceLastLevel": 265, "playerId": 21630, "championPointsUntilNextLevel": 1535, "tokensEarned": 0, "championId": 82, "lastPlayTime": 1457910467000}, {"championLevel": 1, "chestGranted": false, "championPoints": 258, "championPointsSinceLastLevel": 258, "playerId": 21630, "championPointsUntilNextLevel": 1542, "tokensEarned": 0, "championId": 17, "lastPlayTime": 1456725461000}, {"championLevel": 1, "chestGranted": false, "championPoints": 250, "championPointsSinceLastLevel": 250, "playerId": 21630, "championPointsUntilNextLevel": 1550, "tokensEarned": 0, "championId": 77, "lastPlayTime": 1455819871000}, {"championLevel": 1, "chestGranted": false, "championPoints": 247, "championPointsSinceLastLevel": 247, "playerId": 21630, "championPointsUntilNextLevel": 1553, "tokensEarned": 0, "championId": 44, "lastPlayTime": 1455441362000}, {"championLevel": 1, "chestGranted": false, "championPoints": 235, "championPointsSinceLastLevel": 235, "playerId": 21630, "championPointsUntilNextLevel": 1565, "tokensEarned": 0, "championId": 202, "lastPlayTime": 1456385795000}, {"championLevel": 1, "chestGranted": false, "championPoints": 230, "championPointsSinceLastLevel": 230, "playerId": 21630, "championPointsUntilNextLevel": 1570, "tokensEarned": 0, "championId": 63, "lastPlayTime": 1456728905000}, {"championLevel": 1, "chestGranted": false, "championPoints": 224, "championPointsSinceLastLevel": 224, "playerId": 21630, "championPointsUntilNextLevel": 1576, "tokensEarned": 0, "championId": 2, "lastPlayTime": 1456949457000}, {"championLevel": 1, "chestGranted": false, "championPoints": 206, "championPointsSinceLastLevel": 206, "playerId": 21630, "championPointsUntilNextLevel": 1594, "tokensEarned": 0, "championId": 23, "lastPlayTime": 1457388953000}, {"championLevel": 1, "chestGranted": false, "championPoints": 198, "championPointsSinceLastLevel": 198, "playerId": 21630, "championPointsUntilNextLevel": 1602, "tokensEarned": 0, "championId": 37, "lastPlayTime": 1458960129000}, {"championLevel": 1, "chestGranted": false, "championPoints": 196, "championPointsSinceLastLevel": 196, "playerId": 21630, "championPointsUntilNextLevel": 1604, "tokensEarned": 0, "championId": 58, "lastPlayTime": 1459127850000}, {"championLevel": 1, "chestGranted": false, "championPoints": 179, "championPointsSinceLastLevel": 179, "playerId": 21630, "championPointsUntilNextLevel": 1621, "tokensEarned": 0, "championId": 150, "lastPlayTime": 1458426499000}, {"championLevel": 1, "chestGranted": false, "championPoints": 162, "championPointsSinceLastLevel": 162, "playerId": 21630, "championPointsUntilNextLevel": 1638, "tokensEarned": 0, "championId": 16, "lastPlayTime": 1456562441000}, {"championLevel": 1, "chestGranted": false, "championPoints": 161, "championPointsSinceLastLevel": 161, "playerId": 21630, "championPointsUntilNextLevel": 1639, "tokensEarned": 0, "championId": 267, "lastPlayTime": 1455959821000}, {"championLevel": 1, "chestGranted": false, "championPoints": 149, "championPointsSinceLastLevel": 149, "playerId": 21630, "championPointsUntilNextLevel": 1651, "tokensEarned": 0, "championId": 74, "lastPlayTime": 1457231055000}]