[{"championLevel": 4, "chestGranted": false, "championPoints": 13242, "championPointsSinceLastLevel": 642, "playerId": 21649, "championPointsUntilNextLevel": 8358, "tokensEarned": 0, "championId": 64, "lastPlayTime": 1447985458000}, {"championLevel": 4, "chestGranted": false, "championPoints": 12764, "championPointsSinceLastLevel": 164, "playerId": 21649, "championPointsUntilNextLevel": 8836, "tokensEarned": 0, "championId": 51, "lastPlayTime": 1446404253000}, {"championLevel": 3, "chestGranted": false, "championPoints": 12541, "championPointsSinceLastLevel": 6541, "playerId": 21649, "championPointsUntilNextLevel": 59, "tokensEarned": 0, "championId": 150, "lastPlayTime": 1437781556000}, {"championLevel": 3, "chestGranted": false, "championPoints": 9527, "championPointsSinceLastLevel": 3527, "playerId": 21649, "championPointsUntilNextLevel": 3073, "tokensEarned": 0, "championId": 236, "lastPlayTime": 1438733605000}, {"championLevel": 3, "chestGranted": false, "championPoints": 8269, "championPointsSinceLastLevel": 2269, "playerId": 21649, "championPointsUntilNextLevel": 4331, "tokensEarned": 0, "championId": 267, "lastPlayTime": 1448122148000}, {"championLevel": 2, "chestGranted": false, "championPoints": 5721, "championPointsSinceLastLevel": 3921, "playerId": 21649, "championPointsUntilNextLevel": 279, "tokensEarned": 0, "championId": 223, "lastPlayTime": 1448165328000}, {"championLevel": 2, "chestGranted": false, "championPoints": 5242, "championPointsSinceLastLevel": 3442, "playerId": 21649, "championPointsUntilNextLevel": 758, "tokensEarned": 0, "championId": 24, "lastPlayTime": 1438657905000}, {"championLevel": 2, "chestGranted": false, "championPoints": 4999, "championPointsSinceLastLevel": 3199, "playerId": 21649, "championPointsUntilNextLevel": 1001, "tokensEarned": 0, "championId": 5, "lastPlayTime": 1442801091000}, {"championLevel": 2, "chestGranted": false, "championPoints": 4675, "championPointsSinceLastLevel": 2875, "playerId": 21649, "championPointsUntilNextLevel": 1325, "tokensEarned": 0, "championId": 92, "lastPlayTime": 1438740297000}, {"championLevel": 2, "chestGranted": false, "championPoints": 4665, "championPointsSinceLastLevel": 2865, "playerId": 21649, "championPointsUntilNextLevel": 1335, "tokensEarned": 0, "championId": 412, "lastPlayTime": 1439780510000}, {"championLevel": 2, "chestGranted": false, "championPoints": 4497, "championPointsSinceLastLevel": 2697, "playerId": 21649, "championPointsUntilNextLevel": 1503, "tokensEarned": 0, "championId": 53, "lastPlayTime": 1438041335000}, {"championLevel": 2, "chestGranted": false, "championPoints": 4343, "championPointsSinceLastLevel": 2543, "playerId": 21649, "championPointsUntilNextLevel": 1657, "tokensEarned": 0, "championId": 79, "lastPlayTime": 1436592663000}, {"championLevel": 2, "chestGranted": false, "championPoints": 4017, "championPointsSinceLastLevel": 2217, "playerId": 21649, "championPointsUntilNextLevel": 1983, "tokensEarned": 0, "championId": 10, "lastPlayTime": 1447624642000}, {"championLevel": 2, "chestGranted": false, "championPoints": 3835, "championPointsSinceLastLevel": 2035, "playerId": 21649, "championPointsUntilNextLevel": 2165, "tokensEarned": 0, "championId": 34, "lastPlayTime": 1447642411000}, {"championLevel": 2, "chestGranted": false, "championPoints": 3757, "championPointsSinceLastLevel": 1957, "playerId": 21649, "championPointsUntilNextLevel": 2243, "tokensEarned": 0, "championId": 37, "lastPlayTime": 1439006183000}, {"championLevel": 2, "chestGranted": false, "championPoints": 3624, "championPointsSinceLastLevel": 1824, "playerId": 21649, "championPointsUntilNextLevel": 2376, "tokensEarned": 0, "championId": 19, "lastPlayTime": 1439009389000}, {"championLevel": 2, "chestGranted": false, "championPoints": 3418, "championPointsSinceLastLevel": 1618, "playerId": 21649, "championPointsUntilNextLevel": 2582, "tokensEarned": 0, "championId": 81, "lastPlayTime": 1447635391000}, {"championLevel": 2, "chestGranted": false, "championPoints": 3327, "championPointsSinceLastLevel": 1527, "playerId": 21649, "championPointsUntilNextLevel": 2673, "tokensEarned": 0, "championId": 44, "lastPlayTime": 1447035218000}, {"championLevel": 2, "chestGranted": false, "championPoints": 3280, "championPointsSinceLastLevel": 1480, "playerId": 21649, "championPointsUntilNextLevel": 2720, "tokensEarned": 0, "championId": 25, "lastPlayTime": 1438746434000}, {"championLevel": 2, "chestGranted": false, "championPoints": 3190, "championPointsSinceLastLevel": 1390, "playerId": 21649, "championPointsUntilNextLevel": 2810, "tokensEarned": 0, "championId": 1, "lastPlayTime": 1435982052000}, {"championLevel": 2, "chestGranted": false, "championPoints": 1837, "championPointsSinceLastLevel": 37, "playerId": 21649, "championPointsUntilNextLevel": 4163, "tokensEarned": 0, "championId": 115, "lastPlayTime": 1447724557000}, {"championLevel": 1, "chestGranted": false, "championPoints": 1723, "championPointsSinceLastLevel": 1723, "playerId": 21649, "championPointsUntilNextLevel": 77, "tokensEarned": 0, "championId": 35, "lastPlayTime": 1438663902000}, {"championLevel": 1, "chestGranted": false, "championPoints": 1617, "championPointsSinceLastLevel": 1617, "playerId": 21649, "championPointsUntilNextLevel": 183, "tokensEarned": 0, "championId": 134, "lastPlayTime": 1447730305000}, {"championLevel": 1, "chestGranted": false, "championPoints": 1559, "championPointsSinceLastLevel": 1559, "playerId": 21649, "championPointsUntilNextLevel": 241, "tokensEarned": 0, "championId": 107, "lastPlayTime": 1436129313000}, {"championLevel": 1, "chestGranted": false, "championPoints": 1498, "championPointsSinceLastLevel": 1498, "playerId": 21649, "championPointsUntilNextLevel": 302, "tokensEarned": 0, "championId": 7, "lastPlayTime": 1447627710000}, {"championLevel": 1, "chestGranted": false, "championPoints": 1462, "championPointsSinceLastLevel": 1462, "playerId": 21649, "championPointsUntilNextLevel": 338, "tokensEarned": 0, "championId": 127, "lastPlayTime": 1443374313000}, {"championLevel": 1, "chestGranted": false, "championPoints": 1435, "championPointsSinceLastLevel": 1435, "playerId": 21649, "championPointsUntilNextLevel": 365, "tokensEarned": 0, "championId": 102, "lastPlayTime": 1446406745000}, {"championLevel": 1, "chestGranted": false, "championPoints": 1376, "championPointsSinceLastLevel": 1376, "playerId": 21649, "championPointsUntilNextLevel": 424, "tokensEarned": 0, "championId": 99, "lastPlayTime": 1439260400000}, {"championLevel": 1, "chestGranted": false, "championPoints": 1268, "championPointsSinceLastLevel": 1268, "playerId": 21649, "championPointsUntilNextLevel": 532, "tokensEarned": 0, "championId": 103, "lastPlayTime": 1447640226000}, {"championLevel": 1, "chestGranted": false, "championPoints": 1227, "championPointsSinceLastLevel": 1227, "playerId": 21649, "championPointsUntilNextLevel": 573, "tokensEarned": 0, "championId": 56, "lastPlayTime": 1432546123000}, {"championLevel": 1, "chestGranted": false, "championPoints": 1178, "championPointsSinceLastLevel": 1178, "playerId": 21649, "championPointsUntilNextLevel": 622, "tokensEarned": 0, "championId": 57, "lastPlayTime": 1434220385000}, {"championLevel": 1, "chestGranted": false, "championPoints": 1138, "championPointsSinceLastLevel": 1138, "playerId": 21649, "championPointsUntilNextLevel": 662, "tokensEarned": 0, "championId": 41, "lastPlayTime": 1447033029000}, {"championLevel": 1, "chestGranted": false, "championPoints": 1062, "championPointsSinceLastLevel": 1062, "playerId": 21649, "championPointsUntilNextLevel": 738, "tokensEarned": 0, "championId": 89, "lastPlayTime": 1436055655000}, {"championLevel": 1, "chestGranted": false, "championPoints": 984, "championPointsSinceLastLevel": 984, "playerId": 21649, "championPointsUntilNextLevel": 816, "tokensEarned": 0, "championId": 432, "lastPlayTime": 1433557421000}, {"championLevel": 1, "chestGranted": false, "championPoints": 353, "championPointsSinceLastLevel": 353, "playerId": 21649, "championPointsUntilNextLevel": 1447, "tokensEarned": 0, "championId": 59, "lastPlayTime": 1447988082000}, {"championLevel": 1, "chestGranted": false, "championPoints": 325, "championPointsSinceLastLevel": 325, "playerId": 21649, "championPointsUntilNextLevel": 1475, "tokensEarned": 0, "championId": 18, "lastPlayTime": 1436830146000}, {"championLevel": 1, "chestGranted": false, "championPoints": 294, "championPointsSinceLastLevel": 294, "playerId": 21649, "championPointsUntilNextLevel": 1506, "tokensEarned": 0, "championId": 96, "lastPlayTime": 1434600136000}, {"championLevel": 1, "chestGranted": false, "championPoints": 282, "championPointsSinceLastLevel": 282, "playerId": 21649, "championPointsUntilNextLevel": 1518, "tokensEarned": 0, "championId": 36, "lastPlayTime": 1436595744000}, {"championLevel": 1, "chestGranted": false, "championPoints": 221, "championPointsSinceLastLevel": 221, "playerId": 21649, "championPointsUntilNextLevel": 1579, "tokensEarned": 0, "championId": 110, "lastPlayTime": 1438140547000}, {"championLevel": 1, "chestGranted": false, "championPoints": 213, "championPointsSinceLastLevel": 213, "playerId": 21649, "championPointsUntilNextLevel": 1587, "tokensEarned": 0, "championId": 69, "lastPlayTime": 1436069741000}, {"championLevel": 1, "chestGranted": false, "championPoints": 203, "championPointsSinceLastLevel": 203, "playerId": 21649, "championPointsUntilNextLevel": 1597, "tokensEarned": 0, "championId": 22, "lastPlayTime": 1434768844000}, {"championLevel": 1, "chestGranted": false, "championPoints": 183, "championPointsSinceLastLevel": 183, "playerId": 21649, "championPointsUntilNextLevel": 1617, "tokensEarned": 0, "championId": 268, "lastPlayTime": 1434333885000}, {"championLevel": 1, "chestGranted": false, "championPoints": 179, "championPointsSinceLastLevel": 179, "playerId": 21649, "championPointsUntilNextLevel": 1621, "tokensEarned": 0, "championId": 50, "lastPlayTime": 1436415903000}, {"championLevel": 1, "chestGranted": false, "championPoints": 163, "championPointsSinceLastLevel": 163, "playerId": 21649, "championPointsUntilNextLevel": 1637, "tokensEarned": 0, "championId": 12, "lastPlayTime": 1433864860000}, {"championLevel": 1, "chestGranted": false, "championPoints": 136, "championPointsSinceLastLevel": 136, "playerId": 21649, "championPointsUntilNextLevel": 1664, "tokensEarned": 0, "championId": 238, "lastPlayTime": 1435537787000}]