[{"championLevel": 2, "chestGranted": false, "championPoints": 2358, "championPointsSinceLastLevel": 558, "playerId": 21643, "championPointsUntilNextLevel": 3642, "tokensEarned": 0, "championId": 44, "lastPlayTime": 1458072233000}, {"championLevel": 2, "chestGranted": false, "championPoints": 1802, "championPointsSinceLastLevel": 2, "playerId": 21643, "championPointsUntilNextLevel": 4198, "tokensEarned": 0, "championId": 37, "lastPlayTime": 1458068835000}, {"championLevel": 1, "chestGranted": false, "championPoints": 1289, "championPointsSinceLastLevel": 1289, "playerId": 21643, "championPointsUntilNextLevel": 511, "tokensEarned": 0, "championId": 89, "lastPlayTime": 1438401818000}, {"championLevel": 1, "chestGranted": false, "championPoints": 271, "championPointsSinceLastLevel": 271, "playerId": 21643, "championPointsUntilNextLevel": 1529, "tokensEarned": 0, "championId": 16, "lastPlayTime": 1438398958000}, {"championLevel": 1, "chestGranted": false, "championPoints": 230, "championPointsSinceLastLevel": 230, "playerId": 21643, "championPointsUntilNextLevel": 1570, "tokensEarned": 0, "championId": 99, "lastPlayTime": 1448316048000}, {"championLevel": 1, "chestGranted": false, "championPoints": 192, "championPointsSinceLastLevel": 192, "playerId": 21643, "championPointsUntilNextLevel": 1608, "tokensEarned": 0, "championId": 51, "lastPlayTime": 1437896557000}, {"championLevel": 1, "chestGranted": false, "championPoints": 155, "championPointsSinceLastLevel": 155, "playerId": 21643, "championPointsUntilNextLevel": 1645, "tokensEarned": 0, "championId": 143, "lastPlayTime": 1435958742000}, {"championLevel": 1, "chestGranted": false, "championPoints": 120, "championPointsSinceLastLevel": 120, "playerId": 21643, "championPointsUntilNextLevel": 1680, "tokensEarned": 0, "championId": 117, "lastPlayTime": 1445143239000}]