[{"championLevel": 5, "chestGranted": false, "championPoints": 24790, "championPointsSinceLastLevel": 3190, "playerId": 21658, "championPointsUntilNextLevel": 0, "tokensEarned": 0, "championId": 412, "lastPlayTime": 1464036544000}, {"championLevel": 5, "chestGranted": false, "championPoints": 24151, "championPointsSinceLastLevel": 2551, "playerId": 21658, "championPointsUntilNextLevel": 0, "tokensEarned": 0, "championId": 41, "lastPlayTime": 1465086873000}, {"championLevel": 4, "chestGranted": false, "championPoints": 21237, "championPointsSinceLastLevel": 8637, "playerId": 21658, "championPointsUntilNextLevel": 363, "tokensEarned": 0, "championId": 53, "lastPlayTime": 1465165360000}, {"championLevel": 4, "chestGranted": true, "championPoints": 17328, "championPointsSinceLastLevel": 4728, "playerId": 21658, "championPointsUntilNextLevel": 4272, "tokensEarned": 0, "championId": 16, "lastPlayTime": 1465275805000}, {"championLevel": 4, "chestGranted": false, "championPoints": 17027, "championPointsSinceLastLevel": 4427, "playerId": 21658, "championPointsUntilNextLevel": 4573, "tokensEarned": 0, "championId": 119, "lastPlayTime": 1464651065000}, {"championLevel": 4, "chestGranted": false, "championPoints": 16244, "championPointsSinceLastLevel": 3644, "playerId": 21658, "championPointsUntilNextLevel": 5356, "tokensEarned": 0, "championId": 81, "lastPlayTime": 1465524791000}, {"championLevel": 4, "chestGranted": false, "championPoints": 15587, "championPointsSinceLastLevel": 2987, "playerId": 21658, "championPointsUntilNextLevel": 6013, "tokensEarned": 0, "championId": 34, "lastPlayTime": 1467873268000}, {"championLevel": 4, "chestGranted": false, "championPoints": 15226, "championPointsSinceLastLevel": 2626, "playerId": 21658, "championPointsUntilNextLevel": 6374, "tokensEarned": 0, "championId": 67, "lastPlayTime": 1451200132000}, {"championLevel": 4, "chestGranted": true, "championPoints": 15021, "championPointsSinceLastLevel": 2421, "playerId": 21658, "championPointsUntilNextLevel": 6579, "tokensEarned": 0, "championId": 96, "lastPlayTime": 1465963320000}, {"championLevel": 4, "chestGranted": true, "championPoints": 14881, "championPointsSinceLastLevel": 2281, "playerId": 21658, "championPointsUntilNextLevel": 6719, "tokensEarned": 0, "championId": 63, "lastPlayTime": 1463611628000}, {"championLevel": 4, "chestGranted": false, "championPoints": 14735, "championPointsSinceLastLevel": 2135, "playerId": 21658, "championPointsUntilNextLevel": 6865, "tokensEarned": 0, "championId": 99, "lastPlayTime": 1458707717000}, {"championLevel": 4, "chestGranted": false, "championPoints": 14167, "championPointsSinceLastLevel": 1567, "playerId": 21658, "championPointsUntilNextLevel": 7433, "tokensEarned": 0, "championId": 7, "lastPlayTime": 1449983485000}, {"championLevel": 4, "chestGranted": false, "championPoints": 13362, "championPointsSinceLastLevel": 762, "playerId": 21658, "championPointsUntilNextLevel": 8238, "tokensEarned": 0, "championId": 64, "lastPlayTime": 1448405895000}, {"championLevel": 4, "chestGranted": false, "championPoints": 13092, "championPointsSinceLastLevel": 492, "playerId": 21658, "championPointsUntilNextLevel": 8508, "tokensEarned": 0, "championId": 21, "lastPlayTime": 1464849709000}, {"championLevel": 4, "chestGranted": false, "championPoints": 12882, "championPointsSinceLastLevel": 282, "playerId": 21658, "championPointsUntilNextLevel": 8718, "tokensEarned": 0, "championId": 78, "lastPlayTime": 1453602585000}, {"championLevel": 4, "chestGranted": true, "championPoints": 12762, "championPointsSinceLastLevel": 162, "playerId": 21658, "championPointsUntilNextLevel": 8838, "tokensEarned": 0, "championId": 157, "lastPlayTime": 1464818075000}, {"championLevel": 3, "chestGranted": false, "championPoints": 11768, "championPointsSinceLastLevel": 5768, "playerId": 21658, "championPointsUntilNextLevel": 832, "tokensEarned": 0, "championId": 222, "lastPlayTime": 1451247566000}, {"championLevel": 3, "chestGranted": true, "championPoints": 9180, "championPointsSinceLastLevel": 3180, "playerId": 21658, "championPointsUntilNextLevel": 3420, "tokensEarned": 0, "championId": 45, "lastPlayTime": 1465269591000}, {"championLevel": 3, "chestGranted": false, "championPoints": 8973, "championPointsSinceLastLevel": 2973, "playerId": 21658, "championPointsUntilNextLevel": 3627, "tokensEarned": 0, "championId": 236, "lastPlayTime": 1450364979000}, {"championLevel": 3, "chestGranted": true, "championPoints": 8506, "championPointsSinceLastLevel": 2506, "playerId": 21658, "championPointsUntilNextLevel": 4094, "tokensEarned": 0, "championId": 75, "lastPlayTime": 1464831431000}, {"championLevel": 3, "chestGranted": false, "championPoints": 7862, "championPointsSinceLastLevel": 1862, "playerId": 21658, "championPointsUntilNextLevel": 4738, "tokensEarned": 0, "championId": 13, "lastPlayTime": 1451074682000}, {"championLevel": 3, "chestGranted": false, "championPoints": 7818, "championPointsSinceLastLevel": 1818, "playerId": 21658, "championPointsUntilNextLevel": 4782, "tokensEarned": 0, "championId": 92, "lastPlayTime": 1444411499000}, {"championLevel": 3, "chestGranted": false, "championPoints": 6455, "championPointsSinceLastLevel": 455, "playerId": 21658, "championPointsUntilNextLevel": 6145, "tokensEarned": 0, "championId": 36, "lastPlayTime": 1456541326000}, {"championLevel": 2, "chestGranted": false, "championPoints": 5615, "championPointsSinceLastLevel": 3815, "playerId": 21658, "championPointsUntilNextLevel": 385, "tokensEarned": 0, "championId": 24, "lastPlayTime": 1463630322000}, {"championLevel": 2, "chestGranted": true, "championPoints": 5207, "championPointsSinceLastLevel": 3407, "playerId": 21658, "championPointsUntilNextLevel": 793, "tokensEarned": 0, "championId": 18, "lastPlayTime": 1462342620000}, {"championLevel": 2, "chestGranted": false, "championPoints": 4947, "championPointsSinceLastLevel": 3147, "playerId": 21658, "championPointsUntilNextLevel": 1053, "tokensEarned": 0, "championId": 25, "lastPlayTime": 1461621399000}, {"championLevel": 2, "chestGranted": false, "championPoints": 4845, "championPointsSinceLastLevel": 3045, "playerId": 21658, "championPointsUntilNextLevel": 1155, "tokensEarned": 0, "championId": 267, "lastPlayTime": 1465279688000}, {"championLevel": 2, "chestGranted": false, "championPoints": 4709, "championPointsSinceLastLevel": 2909, "playerId": 21658, "championPointsUntilNextLevel": 1291, "tokensEarned": 0, "championId": 268, "lastPlayTime": 1465012175000}, {"championLevel": 2, "chestGranted": true, "championPoints": 4599, "championPointsSinceLastLevel": 2799, "playerId": 21658, "championPointsUntilNextLevel": 1401, "tokensEarned": 0, "championId": 112, "lastPlayTime": 1467448478000}, {"championLevel": 2, "chestGranted": false, "championPoints": 4287, "championPointsSinceLastLevel": 2487, "playerId": 21658, "championPointsUntilNextLevel": 1713, "tokensEarned": 0, "championId": 10, "lastPlayTime": 1448422742000}, {"championLevel": 2, "chestGranted": false, "championPoints": 4000, "championPointsSinceLastLevel": 2200, "playerId": 21658, "championPointsUntilNextLevel": 2000, "tokensEarned": 0, "championId": 40, "lastPlayTime": 1465024770000}, {"championLevel": 2, "chestGranted": false, "championPoints": 3757, "championPointsSinceLastLevel": 1957, "playerId": 21658, "championPointsUntilNextLevel": 2243, "tokensEarned": 0, "championId": 29, "lastPlayTime": 1442049899000}, {"championLevel": 2, "chestGranted": false, "championPoints": 3183, "championPointsSinceLastLevel": 1383, "playerId": 21658, "championPointsUntilNextLevel": 2817, "tokensEarned": 0, "championId": 5, "lastPlayTime": 1457764112000}, {"championLevel": 2, "chestGranted": false, "championPoints": 2944, "championPointsSinceLastLevel": 1144, "playerId": 21658, "championPointsUntilNextLevel": 3056, "tokensEarned": 0, "championId": 89, "lastPlayTime": 1441315337000}, {"championLevel": 2, "chestGranted": false, "championPoints": 2937, "championPointsSinceLastLevel": 1137, "playerId": 21658, "championPointsUntilNextLevel": 3063, "tokensEarned": 0, "championId": 91, "lastPlayTime": 1464923956000}, {"championLevel": 2, "chestGranted": false, "championPoints": 2912, "championPointsSinceLastLevel": 1112, "playerId": 21658, "championPointsUntilNextLevel": 3088, "tokensEarned": 0, "championId": 76, "lastPlayTime": 1443739815000}, {"championLevel": 2, "chestGranted": false, "championPoints": 2861, "championPointsSinceLastLevel": 1061, "playerId": 21658, "championPointsUntilNextLevel": 3139, "tokensEarned": 0, "championId": 245, "lastPlayTime": 1466571772000}, {"championLevel": 2, "chestGranted": false, "championPoints": 2852, "championPointsSinceLastLevel": 1052, "playerId": 21658, "championPointsUntilNextLevel": 3148, "tokensEarned": 0, "championId": 19, "lastPlayTime": 1451170338000}, {"championLevel": 2, "chestGranted": false, "championPoints": 2679, "championPointsSinceLastLevel": 879, "playerId": 21658, "championPointsUntilNextLevel": 3321, "tokensEarned": 0, "championId": 30, "lastPlayTime": 1450129164000}, {"championLevel": 2, "chestGranted": false, "championPoints": 2582, "championPointsSinceLastLevel": 782, "playerId": 21658, "championPointsUntilNextLevel": 3418, "tokensEarned": 0, "championId": 39, "lastPlayTime": 1466141365000}, {"championLevel": 2, "chestGranted": false, "championPoints": 2540, "championPointsSinceLastLevel": 740, "playerId": 21658, "championPointsUntilNextLevel": 3460, "tokensEarned": 0, "championId": 4, "lastPlayTime": 1457578703000}, {"championLevel": 2, "chestGranted": false, "championPoints": 2522, "championPointsSinceLastLevel": 722, "playerId": 21658, "championPointsUntilNextLevel": 3478, "tokensEarned": 0, "championId": 26, "lastPlayTime": 1464561372000}, {"championLevel": 2, "chestGranted": true, "championPoints": 2521, "championPointsSinceLastLevel": 721, "playerId": 21658, "championPointsUntilNextLevel": 3479, "tokensEarned": 0, "championId": 104, "lastPlayTime": 1462344576000}, {"championLevel": 2, "chestGranted": true, "championPoints": 2419, "championPointsSinceLastLevel": 619, "playerId": 21658, "championPointsUntilNextLevel": 3581, "tokensEarned": 0, "championId": 223, "lastPlayTime": 1463633853000}, {"championLevel": 2, "chestGranted": false, "championPoints": 2375, "championPointsSinceLastLevel": 575, "playerId": 21658, "championPointsUntilNextLevel": 3625, "tokensEarned": 0, "championId": 68, "lastPlayTime": 1451688143000}, {"championLevel": 2, "chestGranted": false, "championPoints": 2287, "championPointsSinceLastLevel": 487, "playerId": 21658, "championPointsUntilNextLevel": 3713, "tokensEarned": 0, "championId": 22, "lastPlayTime": 1450916000000}, {"championLevel": 2, "chestGranted": false, "championPoints": 2238, "championPointsSinceLastLevel": 438, "playerId": 21658, "championPointsUntilNextLevel": 3762, "tokensEarned": 0, "championId": 48, "lastPlayTime": 1455681872000}, {"championLevel": 2, "chestGranted": false, "championPoints": 2229, "championPointsSinceLastLevel": 429, "playerId": 21658, "championPointsUntilNextLevel": 3771, "tokensEarned": 0, "championId": 42, "lastPlayTime": 1456813896000}, {"championLevel": 2, "chestGranted": false, "championPoints": 2219, "championPointsSinceLastLevel": 419, "playerId": 21658, "championPointsUntilNextLevel": 3781, "tokensEarned": 0, "championId": 238, "lastPlayTime": 1448325866000}, {"championLevel": 2, "chestGranted": false, "championPoints": 2219, "championPointsSinceLastLevel": 419, "playerId": 21658, "championPointsUntilNextLevel": 3781, "tokensEarned": 0, "championId": 23, "lastPlayTime": 1464393483000}, {"championLevel": 2, "chestGranted": false, "championPoints": 2193, "championPointsSinceLastLevel": 393, "playerId": 21658, "championPointsUntilNextLevel": 3807, "tokensEarned": 0, "championId": 105, "lastPlayTime": 1447778376000}, {"championLevel": 2, "chestGranted": false, "championPoints": 2177, "championPointsSinceLastLevel": 377, "playerId": 21658, "championPointsUntilNextLevel": 3823, "tokensEarned": 0, "championId": 54, "lastPlayTime": 1457841999000}, {"championLevel": 2, "chestGranted": false, "championPoints": 2173, "championPointsSinceLastLevel": 373, "playerId": 21658, "championPointsUntilNextLevel": 3827, "tokensEarned": 0, "championId": 59, "lastPlayTime": 1457768379000}, {"championLevel": 2, "chestGranted": false, "championPoints": 2159, "championPointsSinceLastLevel": 359, "playerId": 21658, "championPointsUntilNextLevel": 3841, "tokensEarned": 0, "championId": 79, "lastPlayTime": 1457657477000}, {"championLevel": 2, "chestGranted": false, "championPoints": 1937, "championPointsSinceLastLevel": 137, "playerId": 21658, "championPointsUntilNextLevel": 4063, "tokensEarned": 0, "championId": 11, "lastPlayTime": 1455685082000}, {"championLevel": 2, "chestGranted": false, "championPoints": 1934, "championPointsSinceLastLevel": 134, "playerId": 21658, "championPointsUntilNextLevel": 4066, "tokensEarned": 0, "championId": 27, "lastPlayTime": 1465877850000}, {"championLevel": 2, "chestGranted": true, "championPoints": 1843, "championPointsSinceLastLevel": 43, "playerId": 21658, "championPointsUntilNextLevel": 4157, "tokensEarned": 0, "championId": 1, "lastPlayTime": 1466118760000}, {"championLevel": 1, "chestGranted": true, "championPoints": 1771, "championPointsSinceLastLevel": 1771, "playerId": 21658, "championPointsUntilNextLevel": 29, "tokensEarned": 0, "championId": 98, "lastPlayTime": 1467876830000}, {"championLevel": 1, "chestGranted": false, "championPoints": 1704, "championPointsSinceLastLevel": 1704, "playerId": 21658, "championPointsUntilNextLevel": 96, "tokensEarned": 0, "championId": 254, "lastPlayTime": 1441523865000}, {"championLevel": 1, "chestGranted": true, "championPoints": 1691, "championPointsSinceLastLevel": 1691, "playerId": 21658, "championPointsUntilNextLevel": 109, "tokensEarned": 0, "championId": 12, "lastPlayTime": 1465439490000}, {"championLevel": 1, "chestGranted": false, "championPoints": 1682, "championPointsSinceLastLevel": 1682, "playerId": 21658, "championPointsUntilNextLevel": 118, "tokensEarned": 0, "championId": 58, "lastPlayTime": 1465879877000}, {"championLevel": 1, "chestGranted": false, "championPoints": 1678, "championPointsSinceLastLevel": 1678, "playerId": 21658, "championPointsUntilNextLevel": 122, "tokensEarned": 0, "championId": 15, "lastPlayTime": 1458366435000}, {"championLevel": 1, "chestGranted": true, "championPoints": 1547, "championPointsSinceLastLevel": 1547, "playerId": 21658, "championPointsUntilNextLevel": 253, "tokensEarned": 0, "championId": 77, "lastPlayTime": 1464990858000}, {"championLevel": 1, "chestGranted": false, "championPoints": 1528, "championPointsSinceLastLevel": 1528, "playerId": 21658, "championPointsUntilNextLevel": 272, "tokensEarned": 0, "championId": 17, "lastPlayTime": 1447459748000}, {"championLevel": 1, "chestGranted": false, "championPoints": 1492, "championPointsSinceLastLevel": 1492, "playerId": 21658, "championPointsUntilNextLevel": 308, "tokensEarned": 0, "championId": 103, "lastPlayTime": 1447490455000}, {"championLevel": 1, "chestGranted": false, "championPoints": 1457, "championPointsSinceLastLevel": 1457, "playerId": 21658, "championPointsUntilNextLevel": 343, "tokensEarned": 0, "championId": 107, "lastPlayTime": 1459228167000}, {"championLevel": 1, "chestGranted": false, "championPoints": 1358, "championPointsSinceLastLevel": 1358, "playerId": 21658, "championPointsUntilNextLevel": 442, "tokensEarned": 0, "championId": 201, "lastPlayTime": 1444459238000}, {"championLevel": 1, "chestGranted": false, "championPoints": 1345, "championPointsSinceLastLevel": 1345, "playerId": 21658, "championPointsUntilNextLevel": 455, "tokensEarned": 0, "championId": 38, "lastPlayTime": 1464033979000}, {"championLevel": 1, "chestGranted": false, "championPoints": 1284, "championPointsSinceLastLevel": 1284, "playerId": 21658, "championPointsUntilNextLevel": 516, "tokensEarned": 0, "championId": 37, "lastPlayTime": 1465330123000}, {"championLevel": 1, "chestGranted": false, "championPoints": 1266, "championPointsSinceLastLevel": 1266, "playerId": 21658, "championPointsUntilNextLevel": 534, "tokensEarned": 0, "championId": 163, "lastPlayTime": 1465611675000}, {"championLevel": 1, "chestGranted": false, "championPoints": 1260, "championPointsSinceLastLevel": 1260, "playerId": 21658, "championPointsUntilNextLevel": 540, "tokensEarned": 0, "championId": 86, "lastPlayTime": 1456543520000}, {"championLevel": 1, "chestGranted": false, "championPoints": 1231, "championPointsSinceLastLevel": 1231, "playerId": 21658, "championPointsUntilNextLevel": 569, "tokensEarned": 0, "championId": 51, "lastPlayTime": 1447375695000}, {"championLevel": 1, "chestGranted": false, "championPoints": 1217, "championPointsSinceLastLevel": 1217, "playerId": 21658, "championPointsUntilNextLevel": 583, "tokensEarned": 0, "championId": 85, "lastPlayTime": 1465109923000}, {"championLevel": 1, "chestGranted": false, "championPoints": 1115, "championPointsSinceLastLevel": 1115, "playerId": 21658, "championPointsUntilNextLevel": 685, "tokensEarned": 0, "championId": 117, "lastPlayTime": 1450760279000}, {"championLevel": 1, "chestGranted": false, "championPoints": 1115, "championPointsSinceLastLevel": 1115, "playerId": 21658, "championPointsUntilNextLevel": 685, "tokensEarned": 0, "championId": 133, "lastPlayTime": 1458265952000}, {"championLevel": 1, "chestGranted": false, "championPoints": 1104, "championPointsSinceLastLevel": 1104, "playerId": 21658, "championPointsUntilNextLevel": 696, "tokensEarned": 0, "championId": 43, "lastPlayTime": 1465327592000}, {"championLevel": 1, "chestGranted": false, "championPoints": 984, "championPointsSinceLastLevel": 984, "playerId": 21658, "championPointsUntilNextLevel": 816, "tokensEarned": 0, "championId": 121, "lastPlayTime": 1464989024000}, {"championLevel": 1, "chestGranted": false, "championPoints": 922, "championPointsSinceLastLevel": 922, "playerId": 21658, "championPointsUntilNextLevel": 878, "tokensEarned": 0, "championId": 35, "lastPlayTime": 1463898783000}, {"championLevel": 1, "chestGranted": false, "championPoints": 581, "championPointsSinceLastLevel": 581, "playerId": 21658, "championPointsUntilNextLevel": 1219, "tokensEarned": 0, "championId": 110, "lastPlayTime": 1463897184000}, {"championLevel": 1, "chestGranted": false, "championPoints": 483, "championPointsSinceLastLevel": 483, "playerId": 21658, "championPointsUntilNextLevel": 1317, "tokensEarned": 0, "championId": 61, "lastPlayTime": 1446165635000}, {"championLevel": 1, "chestGranted": false, "championPoints": 432, "championPointsSinceLastLevel": 432, "playerId": 21658, "championPointsUntilNextLevel": 1368, "tokensEarned": 0, "championId": 421, "lastPlayTime": 1443915274000}, {"championLevel": 1, "chestGranted": true, "championPoints": 347, "championPointsSinceLastLevel": 347, "playerId": 21658, "championPointsUntilNextLevel": 1453, "tokensEarned": 0, "championId": 9, "lastPlayTime": 1464243551000}, {"championLevel": 1, "chestGranted": false, "championPoints": 253, "championPointsSinceLastLevel": 253, "playerId": 21658, "championPointsUntilNextLevel": 1547, "tokensEarned": 0, "championId": 101, "lastPlayTime": 1448408939000}]