[{"championLevel": 6, "chestGranted": true, "championPoints": 116011, "championPointsSinceLastLevel": 94411, "playerId": 21656, "championPointsUntilNextLevel": 0, "tokensEarned": 3, "championId": 62, "lastPlayTime": 1468401909000}, {"championLevel": 4, "chestGranted": false, "championPoints": 13543, "championPointsSinceLastLevel": 943, "playerId": 21656, "championPointsUntilNextLevel": 8057, "tokensEarned": 0, "championId": 27, "lastPlayTime": 1435292273000}, {"championLevel": 4, "chestGranted": true, "championPoints": 12807, "championPointsSinceLastLevel": 207, "playerId": 21656, "championPointsUntilNextLevel": 8793, "tokensEarned": 0, "championId": 33, "lastPlayTime": 1468374225000}, {"championLevel": 2, "chestGranted": false, "championPoints": 3779, "championPointsSinceLastLevel": 1979, "playerId": 21656, "championPointsUntilNextLevel": 2221, "tokensEarned": 0, "championId": 37, "lastPlayTime": 1435280962000}, {"championLevel": 2, "chestGranted": true, "championPoints": 3248, "championPointsSinceLastLevel": 1448, "playerId": 21656, "championPointsUntilNextLevel": 2752, "tokensEarned": 0, "championId": 18, "lastPlayTime": 1468642769000}, {"championLevel": 2, "chestGranted": true, "championPoints": 2585, "championPointsSinceLastLevel": 785, "playerId": 21656, "championPointsUntilNextLevel": 3415, "tokensEarned": 0, "championId": 31, "lastPlayTime": 1465864833000}, {"championLevel": 2, "chestGranted": true, "championPoints": 1882, "championPointsSinceLastLevel": 82, "playerId": 21656, "championPointsUntilNextLevel": 4118, "tokensEarned": 0, "championId": 86, "lastPlayTime": 1464073663000}, {"championLevel": 1, "chestGranted": true, "championPoints": 1676, "championPointsSinceLastLevel": 1676, "playerId": 21656, "championPointsUntilNextLevel": 124, "tokensEarned": 0, "championId": 1, "lastPlayTime": 1468477812000}, {"championLevel": 1, "chestGranted": true, "championPoints": 1443, "championPointsSinceLastLevel": 1443, "playerId": 21656, "championPointsUntilNextLevel": 357, "tokensEarned": 0, "championId": 32, "lastPlayTime": 1463468906000}, {"championLevel": 1, "chestGranted": true, "championPoints": 1349, "championPointsSinceLastLevel": 1349, "playerId": 21656, "championPointsUntilNextLevel": 451, "tokensEarned": 0, "championId": 29, "lastPlayTime": 1468640483000}, {"championLevel": 1, "chestGranted": true, "championPoints": 1335, "championPointsSinceLastLevel": 1335, "playerId": 21656, "championPointsUntilNextLevel": 465, "tokensEarned": 0, "championId": 9, "lastPlayTime": 1468646161000}, {"championLevel": 1, "chestGranted": true, "championPoints": 1224, "championPointsSinceLastLevel": 1224, "playerId": 21656, "championPointsUntilNextLevel": 576, "tokensEarned": 0, "championId": 80, "lastPlayTime": 1468210200000}, {"championLevel": 1, "chestGranted": true, "championPoints": 1191, "championPointsSinceLastLevel": 1191, "playerId": 21656, "championPointsUntilNextLevel": 609, "tokensEarned": 0, "championId": 23, "lastPlayTime": 1465870845000}, {"championLevel": 1, "chestGranted": true, "championPoints": 1189, "championPointsSinceLastLevel": 1189, "playerId": 21656, "championPointsUntilNextLevel": 611, "tokensEarned": 0, "championId": 7, "lastPlayTime": 1465791206000}, {"championLevel": 1, "chestGranted": true, "championPoints": 1129, "championPointsSinceLastLevel": 1129, "playerId": 21656, "championPointsUntilNextLevel": 671, "tokensEarned": 0, "championId": 115, "lastPlayTime": 1462668298000}, {"championLevel": 1, "chestGranted": false, "championPoints": 1093, "championPointsSinceLastLevel": 1093, "playerId": 21656, "championPointsUntilNextLevel": 707, "tokensEarned": 0, "championId": 20, "lastPlayTime": 1434098886000}, {"championLevel": 1, "chestGranted": false, "championPoints": 948, "championPointsSinceLastLevel": 948, "playerId": 21656, "championPointsUntilNextLevel": 852, "tokensEarned": 0, "championId": 5, "lastPlayTime": 1455939498000}, {"championLevel": 1, "chestGranted": false, "championPoints": 815, "championPointsSinceLastLevel": 815, "playerId": 21656, "championPointsUntilNextLevel": 985, "tokensEarned": 0, "championId": 53, "lastPlayTime": 1465873118000}, {"championLevel": 1, "chestGranted": true, "championPoints": 456, "championPointsSinceLastLevel": 456, "playerId": 21656, "championPointsUntilNextLevel": 1344, "tokensEarned": 0, "championId": 11, "lastPlayTime": 1466128197000}, {"championLevel": 1, "chestGranted": false, "championPoints": 441, "championPointsSinceLastLevel": 441, "playerId": 21656, "championPointsUntilNextLevel": 1359, "tokensEarned": 0, "championId": 82, "lastPlayTime": 1435199487000}, {"championLevel": 1, "chestGranted": true, "championPoints": 262, "championPointsSinceLastLevel": 262, "playerId": 21656, "championPointsUntilNextLevel": 1538, "tokensEarned": 0, "championId": 64, "lastPlayTime": 1465957917000}, {"championLevel": 1, "chestGranted": false, "championPoints": 238, "championPointsSinceLastLevel": 238, "playerId": 21656, "championPointsUntilNextLevel": 1562, "tokensEarned": 0, "championId": 12, "lastPlayTime": 1435206461000}, {"championLevel": 1, "chestGranted": false, "championPoints": 234, "championPointsSinceLastLevel": 234, "playerId": 21656, "championPointsUntilNextLevel": 1566, "tokensEarned": 0, "championId": 78, "lastPlayTime": 1456273959000}, {"championLevel": 1, "chestGranted": false, "championPoints": 161, "championPointsSinceLastLevel": 161, "playerId": 21656, "championPointsUntilNextLevel": 1639, "tokensEarned": 0, "championId": 16, "lastPlayTime": 1434096006000}, {"championLevel": 1, "chestGranted": false, "championPoints": 144, "championPointsSinceLastLevel": 144, "playerId": 21656, "championPointsUntilNextLevel": 1656, "tokensEarned": 0, "championId": 40, "lastPlayTime": 1467093098000}]