[{"championLevel": 5, "chestGranted": true, "championPoints": 64008, "championPointsSinceLastLevel": 42408, "playerId": 21652, "championPointsUntilNextLevel": 0, "tokensEarned": 1, "championId": 67, "lastPlayTime": 1469076811000}, {"championLevel": 6, "chestGranted": true, "championPoints": 57994, "championPointsSinceLastLevel": 36394, "playerId": 21652, "championPointsUntilNextLevel": 0, "tokensEarned": 1, "championId": 236, "lastPlayTime": 1469136842000}, {"championLevel": 5, "chestGranted": true, "championPoints": 24963, "championPointsSinceLastLevel": 3363, "playerId": 21652, "championPointsUntilNextLevel": 0, "tokensEarned": 0, "championId": 429, "lastPlayTime": 1465422944000}, {"championLevel": 5, "chestGranted": true, "championPoints": 22857, "championPointsSinceLastLevel": 1257, "playerId": 21652, "championPointsUntilNextLevel": 0, "tokensEarned": 0, "championId": 81, "lastPlayTime": 1465624414000}, {"championLevel": 5, "chestGranted": true, "championPoints": 22311, "championPointsSinceLastLevel": 711, "playerId": 21652, "championPointsUntilNextLevel": 0, "tokensEarned": 0, "championId": 96, "lastPlayTime": 1468044587000}, {"championLevel": 5, "chestGranted": false, "championPoints": 21606, "championPointsSinceLastLevel": 6, "playerId": 21652, "championPointsUntilNextLevel": 0, "tokensEarned": 0, "championId": 157, "lastPlayTime": 1463446408000}, {"championLevel": 4, "chestGranted": false, "championPoints": 21318, "championPointsSinceLastLevel": 8718, "playerId": 21652, "championPointsUntilNextLevel": 282, "tokensEarned": 0, "championId": 51, "lastPlayTime": 1466716665000}, {"championLevel": 4, "chestGranted": true, "championPoints": 19379, "championPointsSinceLastLevel": 6779, "playerId": 21652, "championPointsUntilNextLevel": 2221, "tokensEarned": 0, "championId": 18, "lastPlayTime": 1462000190000}, {"championLevel": 4, "chestGranted": true, "championPoints": 18572, "championPointsSinceLastLevel": 5972, "playerId": 21652, "championPointsUntilNextLevel": 3028, "tokensEarned": 0, "championId": 119, "lastPlayTime": 1460534013000}, {"championLevel": 4, "chestGranted": true, "championPoints": 16005, "championPointsSinceLastLevel": 3405, "playerId": 21652, "championPointsUntilNextLevel": 5595, "tokensEarned": 0, "championId": 222, "lastPlayTime": 1468351649000}, {"championLevel": 4, "chestGranted": false, "championPoints": 15236, "championPointsSinceLastLevel": 2636, "playerId": 21652, "championPointsUntilNextLevel": 6364, "tokensEarned": 0, "championId": 104, "lastPlayTime": 1459221288000}, {"championLevel": 4, "chestGranted": true, "championPoints": 14008, "championPointsSinceLastLevel": 1408, "playerId": 21652, "championPointsUntilNextLevel": 7592, "tokensEarned": 0, "championId": 150, "lastPlayTime": 1469133465000}, {"championLevel": 4, "chestGranted": false, "championPoints": 12813, "championPointsSinceLastLevel": 213, "playerId": 21652, "championPointsUntilNextLevel": 8787, "tokensEarned": 0, "championId": 29, "lastPlayTime": 1467238619000}, {"championLevel": 3, "chestGranted": false, "championPoints": 12257, "championPointsSinceLastLevel": 6257, "playerId": 21652, "championPointsUntilNextLevel": 343, "tokensEarned": 0, "championId": 245, "lastPlayTime": 1467651296000}, {"championLevel": 3, "chestGranted": false, "championPoints": 11353, "championPointsSinceLastLevel": 5353, "playerId": 21652, "championPointsUntilNextLevel": 1247, "tokensEarned": 0, "championId": 58, "lastPlayTime": 1463126455000}, {"championLevel": 3, "chestGranted": true, "championPoints": 10738, "championPointsSinceLastLevel": 4738, "playerId": 21652, "championPointsUntilNextLevel": 1862, "tokensEarned": 0, "championId": 13, "lastPlayTime": 1468694192000}, {"championLevel": 3, "chestGranted": true, "championPoints": 9938, "championPointsSinceLastLevel": 3938, "playerId": 21652, "championPointsUntilNextLevel": 2662, "tokensEarned": 0, "championId": 15, "lastPlayTime": 1463341141000}, {"championLevel": 3, "chestGranted": false, "championPoints": 9363, "championPointsSinceLastLevel": 3363, "playerId": 21652, "championPointsUntilNextLevel": 3237, "tokensEarned": 0, "championId": 64, "lastPlayTime": 1468699210000}, {"championLevel": 3, "chestGranted": true, "championPoints": 8385, "championPointsSinceLastLevel": 2385, "playerId": 21652, "championPointsUntilNextLevel": 4215, "tokensEarned": 0, "championId": 202, "lastPlayTime": 1468596093000}, {"championLevel": 3, "chestGranted": false, "championPoints": 8152, "championPointsSinceLastLevel": 2152, "playerId": 21652, "championPointsUntilNextLevel": 4448, "tokensEarned": 0, "championId": 41, "lastPlayTime": 1463861076000}, {"championLevel": 3, "chestGranted": false, "championPoints": 7760, "championPointsSinceLastLevel": 1760, "playerId": 21652, "championPointsUntilNextLevel": 4840, "tokensEarned": 0, "championId": 69, "lastPlayTime": 1459065294000}, {"championLevel": 3, "chestGranted": true, "championPoints": 7143, "championPointsSinceLastLevel": 1143, "playerId": 21652, "championPointsUntilNextLevel": 5457, "tokensEarned": 0, "championId": 268, "lastPlayTime": 1466780715000}, {"championLevel": 3, "chestGranted": false, "championPoints": 7141, "championPointsSinceLastLevel": 1141, "playerId": 21652, "championPointsUntilNextLevel": 5459, "tokensEarned": 0, "championId": 412, "lastPlayTime": 1446682745000}, {"championLevel": 3, "chestGranted": false, "championPoints": 7123, "championPointsSinceLastLevel": 1123, "playerId": 21652, "championPointsUntilNextLevel": 5477, "tokensEarned": 0, "championId": 22, "lastPlayTime": 1462168978000}, {"championLevel": 3, "chestGranted": false, "championPoints": 6962, "championPointsSinceLastLevel": 962, "playerId": 21652, "championPointsUntilNextLevel": 5638, "tokensEarned": 0, "championId": 82, "lastPlayTime": 1460001822000}, {"championLevel": 3, "chestGranted": false, "championPoints": 6945, "championPointsSinceLastLevel": 945, "playerId": 21652, "championPointsUntilNextLevel": 5655, "tokensEarned": 0, "championId": 21, "lastPlayTime": 1452577932000}, {"championLevel": 3, "chestGranted": true, "championPoints": 6709, "championPointsSinceLastLevel": 709, "playerId": 21652, "championPointsUntilNextLevel": 5891, "tokensEarned": 0, "championId": 7, "lastPlayTime": 1468703897000}, {"championLevel": 3, "chestGranted": false, "championPoints": 6557, "championPointsSinceLastLevel": 557, "playerId": 21652, "championPointsUntilNextLevel": 6043, "tokensEarned": 0, "championId": 42, "lastPlayTime": 1462694750000}, {"championLevel": 3, "chestGranted": false, "championPoints": 6152, "championPointsSinceLastLevel": 152, "playerId": 21652, "championPointsUntilNextLevel": 6448, "tokensEarned": 0, "championId": 114, "lastPlayTime": 1467599425000}, {"championLevel": 2, "chestGranted": false, "championPoints": 5768, "championPointsSinceLastLevel": 3968, "playerId": 21652, "championPointsUntilNextLevel": 232, "tokensEarned": 0, "championId": 107, "lastPlayTime": 1451372339000}, {"championLevel": 2, "chestGranted": false, "championPoints": 5574, "championPointsSinceLastLevel": 3774, "playerId": 21652, "championPointsUntilNextLevel": 426, "tokensEarned": 0, "championId": 8, "lastPlayTime": 1465681835000}, {"championLevel": 2, "chestGranted": false, "championPoints": 5414, "championPointsSinceLastLevel": 3614, "playerId": 21652, "championPointsUntilNextLevel": 586, "tokensEarned": 0, "championId": 76, "lastPlayTime": 1467260759000}, {"championLevel": 2, "chestGranted": true, "championPoints": 5260, "championPointsSinceLastLevel": 3460, "playerId": 21652, "championPointsUntilNextLevel": 740, "tokensEarned": 0, "championId": 61, "lastPlayTime": 1468707904000}, {"championLevel": 2, "chestGranted": false, "championPoints": 4953, "championPointsSinceLastLevel": 3153, "playerId": 21652, "championPointsUntilNextLevel": 1047, "tokensEarned": 0, "championId": 238, "lastPlayTime": 1453093066000}, {"championLevel": 2, "chestGranted": false, "championPoints": 4788, "championPointsSinceLastLevel": 2988, "playerId": 21652, "championPointsUntilNextLevel": 1212, "tokensEarned": 0, "championId": 2, "lastPlayTime": 1465768278000}, {"championLevel": 2, "chestGranted": false, "championPoints": 4593, "championPointsSinceLastLevel": 2793, "playerId": 21652, "championPointsUntilNextLevel": 1407, "tokensEarned": 0, "championId": 105, "lastPlayTime": 1463448073000}, {"championLevel": 2, "chestGranted": false, "championPoints": 4491, "championPointsSinceLastLevel": 2691, "playerId": 21652, "championPointsUntilNextLevel": 1509, "tokensEarned": 0, "championId": 120, "lastPlayTime": 1468701619000}, {"championLevel": 2, "chestGranted": false, "championPoints": 4412, "championPointsSinceLastLevel": 2612, "playerId": 21652, "championPointsUntilNextLevel": 1588, "tokensEarned": 0, "championId": 102, "lastPlayTime": 1446026710000}, {"championLevel": 2, "chestGranted": false, "championPoints": 4061, "championPointsSinceLastLevel": 2261, "playerId": 21652, "championPointsUntilNextLevel": 1939, "tokensEarned": 0, "championId": 30, "lastPlayTime": 1465636865000}, {"championLevel": 2, "chestGranted": false, "championPoints": 3698, "championPointsSinceLastLevel": 1898, "playerId": 21652, "championPointsUntilNextLevel": 2302, "tokensEarned": 0, "championId": 53, "lastPlayTime": 1442182120000}, {"championLevel": 2, "chestGranted": true, "championPoints": 3687, "championPointsSinceLastLevel": 1887, "playerId": 21652, "championPointsUntilNextLevel": 2313, "tokensEarned": 0, "championId": 98, "lastPlayTime": 1465628054000}, {"championLevel": 2, "chestGranted": false, "championPoints": 3583, "championPointsSinceLastLevel": 1783, "playerId": 21652, "championPointsUntilNextLevel": 2417, "tokensEarned": 0, "championId": 39, "lastPlayTime": 1465416658000}, {"championLevel": 2, "chestGranted": false, "championPoints": 3332, "championPointsSinceLastLevel": 1532, "playerId": 21652, "championPointsUntilNextLevel": 2668, "tokensEarned": 0, "championId": 126, "lastPlayTime": 1434666716000}, {"championLevel": 2, "chestGranted": false, "championPoints": 3281, "championPointsSinceLastLevel": 1481, "playerId": 21652, "championPointsUntilNextLevel": 2719, "tokensEarned": 0, "championId": 12, "lastPlayTime": 1459026847000}, {"championLevel": 2, "chestGranted": false, "championPoints": 3236, "championPointsSinceLastLevel": 1436, "playerId": 21652, "championPointsUntilNextLevel": 2764, "tokensEarned": 0, "championId": 254, "lastPlayTime": 1447823301000}, {"championLevel": 2, "chestGranted": true, "championPoints": 3228, "championPointsSinceLastLevel": 1428, "playerId": 21652, "championPointsUntilNextLevel": 2772, "tokensEarned": 0, "championId": 90, "lastPlayTime": 1463123596000}, {"championLevel": 2, "chestGranted": false, "championPoints": 3046, "championPointsSinceLastLevel": 1246, "playerId": 21652, "championPointsUntilNextLevel": 2954, "tokensEarned": 0, "championId": 133, "lastPlayTime": 1451374728000}, {"championLevel": 2, "chestGranted": false, "championPoints": 3025, "championPointsSinceLastLevel": 1225, "playerId": 21652, "championPointsUntilNextLevel": 2975, "tokensEarned": 0, "championId": 16, "lastPlayTime": 1448626184000}, {"championLevel": 2, "chestGranted": false, "championPoints": 2991, "championPointsSinceLastLevel": 1191, "playerId": 21652, "championPointsUntilNextLevel": 3009, "tokensEarned": 0, "championId": 112, "lastPlayTime": 1468696924000}, {"championLevel": 2, "chestGranted": false, "championPoints": 2831, "championPointsSinceLastLevel": 1031, "playerId": 21652, "championPointsUntilNextLevel": 3169, "tokensEarned": 0, "championId": 17, "lastPlayTime": 1449552670000}, {"championLevel": 2, "chestGranted": false, "championPoints": 2591, "championPointsSinceLastLevel": 791, "playerId": 21652, "championPointsUntilNextLevel": 3409, "tokensEarned": 0, "championId": 68, "lastPlayTime": 1463534454000}, {"championLevel": 2, "chestGranted": true, "championPoints": 2497, "championPointsSinceLastLevel": 697, "playerId": 21652, "championPointsUntilNextLevel": 3503, "tokensEarned": 0, "championId": 25, "lastPlayTime": 1460707199000}, {"championLevel": 2, "chestGranted": false, "championPoints": 2470, "championPointsSinceLastLevel": 670, "playerId": 21652, "championPointsUntilNextLevel": 3530, "tokensEarned": 0, "championId": 127, "lastPlayTime": 1458191511000}, {"championLevel": 2, "chestGranted": false, "championPoints": 2448, "championPointsSinceLastLevel": 648, "playerId": 21652, "championPointsUntilNextLevel": 3552, "tokensEarned": 0, "championId": 103, "lastPlayTime": 1455489219000}, {"championLevel": 2, "chestGranted": false, "championPoints": 2318, "championPointsSinceLastLevel": 518, "playerId": 21652, "championPointsUntilNextLevel": 3682, "tokensEarned": 0, "championId": 92, "lastPlayTime": 1463859314000}, {"championLevel": 2, "chestGranted": false, "championPoints": 2300, "championPointsSinceLastLevel": 500, "playerId": 21652, "championPointsUntilNextLevel": 3700, "tokensEarned": 0, "championId": 117, "lastPlayTime": 1460962425000}, {"championLevel": 2, "chestGranted": false, "championPoints": 2270, "championPointsSinceLastLevel": 470, "playerId": 21652, "championPointsUntilNextLevel": 3730, "tokensEarned": 0, "championId": 6, "lastPlayTime": 1439706976000}, {"championLevel": 2, "chestGranted": true, "championPoints": 2217, "championPointsSinceLastLevel": 417, "playerId": 21652, "championPointsUntilNextLevel": 3783, "tokensEarned": 0, "championId": 1, "lastPlayTime": 1463791576000}, {"championLevel": 2, "chestGranted": false, "championPoints": 2145, "championPointsSinceLastLevel": 345, "playerId": 21652, "championPointsUntilNextLevel": 3855, "tokensEarned": 0, "championId": 50, "lastPlayTime": 1465632925000}, {"championLevel": 2, "chestGranted": false, "championPoints": 1903, "championPointsSinceLastLevel": 103, "playerId": 21652, "championPointsUntilNextLevel": 4097, "tokensEarned": 0, "championId": 122, "lastPlayTime": 1465713186000}, {"championLevel": 2, "chestGranted": false, "championPoints": 1872, "championPointsSinceLastLevel": 72, "playerId": 21652, "championPointsUntilNextLevel": 4128, "tokensEarned": 0, "championId": 85, "lastPlayTime": 1465684950000}, {"championLevel": 2, "chestGranted": false, "championPoints": 1826, "championPointsSinceLastLevel": 26, "playerId": 21652, "championPointsUntilNextLevel": 4174, "tokensEarned": 0, "championId": 33, "lastPlayTime": 1459837049000}, {"championLevel": 2, "chestGranted": false, "championPoints": 1815, "championPointsSinceLastLevel": 15, "playerId": 21652, "championPointsUntilNextLevel": 4185, "tokensEarned": 0, "championId": 110, "lastPlayTime": 1449253748000}, {"championLevel": 1, "chestGranted": false, "championPoints": 1717, "championPointsSinceLastLevel": 1717, "playerId": 21652, "championPointsUntilNextLevel": 83, "tokensEarned": 0, "championId": 20, "lastPlayTime": 1449723783000}, {"championLevel": 1, "chestGranted": false, "championPoints": 1663, "championPointsSinceLastLevel": 1663, "playerId": 21652, "championPointsUntilNextLevel": 137, "tokensEarned": 0, "championId": 60, "lastPlayTime": 1439874698000}, {"championLevel": 1, "chestGranted": false, "championPoints": 1625, "championPointsSinceLastLevel": 1625, "playerId": 21652, "championPointsUntilNextLevel": 175, "tokensEarned": 0, "championId": 40, "lastPlayTime": 1448279290000}, {"championLevel": 1, "chestGranted": false, "championPoints": 1600, "championPointsSinceLastLevel": 1600, "playerId": 21652, "championPointsUntilNextLevel": 200, "tokensEarned": 0, "championId": 28, "lastPlayTime": 1444792751000}, {"championLevel": 1, "chestGranted": false, "championPoints": 1574, "championPointsSinceLastLevel": 1574, "playerId": 21652, "championPointsUntilNextLevel": 226, "tokensEarned": 0, "championId": 38, "lastPlayTime": 1449700642000}, {"championLevel": 1, "chestGranted": false, "championPoints": 1503, "championPointsSinceLastLevel": 1503, "playerId": 21652, "championPointsUntilNextLevel": 297, "tokensEarned": 0, "championId": 203, "lastPlayTime": 1458428331000}, {"championLevel": 1, "chestGranted": false, "championPoints": 1427, "championPointsSinceLastLevel": 1427, "playerId": 21652, "championPointsUntilNextLevel": 373, "tokensEarned": 0, "championId": 154, "lastPlayTime": 1449007735000}, {"championLevel": 1, "chestGranted": false, "championPoints": 1362, "championPointsSinceLastLevel": 1362, "playerId": 21652, "championPointsUntilNextLevel": 438, "tokensEarned": 0, "championId": 59, "lastPlayTime": 1451955140000}, {"championLevel": 1, "chestGranted": false, "championPoints": 1329, "championPointsSinceLastLevel": 1329, "playerId": 21652, "championPointsUntilNextLevel": 471, "tokensEarned": 0, "championId": 223, "lastPlayTime": 1438094714000}, {"championLevel": 1, "chestGranted": false, "championPoints": 1277, "championPointsSinceLastLevel": 1277, "playerId": 21652, "championPointsUntilNextLevel": 523, "tokensEarned": 0, "championId": 35, "lastPlayTime": 1446870532000}, {"championLevel": 1, "chestGranted": false, "championPoints": 1223, "championPointsSinceLastLevel": 1223, "playerId": 21652, "championPointsUntilNextLevel": 577, "tokensEarned": 0, "championId": 62, "lastPlayTime": 1465428464000}, {"championLevel": 1, "chestGranted": false, "championPoints": 1201, "championPointsSinceLastLevel": 1201, "playerId": 21652, "championPointsUntilNextLevel": 599, "tokensEarned": 0, "championId": 77, "lastPlayTime": 1449726344000}, {"championLevel": 1, "chestGranted": true, "championPoints": 1186, "championPointsSinceLastLevel": 1186, "playerId": 21652, "championPointsUntilNextLevel": 614, "tokensEarned": 0, "championId": 163, "lastPlayTime": 1468767431000}, {"championLevel": 1, "chestGranted": false, "championPoints": 1182, "championPointsSinceLastLevel": 1182, "playerId": 21652, "championPointsUntilNextLevel": 618, "tokensEarned": 0, "championId": 101, "lastPlayTime": 1442018832000}, {"championLevel": 1, "chestGranted": false, "championPoints": 1174, "championPointsSinceLastLevel": 1174, "playerId": 21652, "championPointsUntilNextLevel": 626, "tokensEarned": 0, "championId": 79, "lastPlayTime": 1447382681000}, {"championLevel": 1, "chestGranted": false, "championPoints": 1164, "championPointsSinceLastLevel": 1164, "playerId": 21652, "championPointsUntilNextLevel": 636, "tokensEarned": 0, "championId": 55, "lastPlayTime": 1443051818000}, {"championLevel": 1, "chestGranted": false, "championPoints": 1014, "championPointsSinceLastLevel": 1014, "playerId": 21652, "championPointsUntilNextLevel": 786, "tokensEarned": 0, "championId": 57, "lastPlayTime": 1447446670000}, {"championLevel": 1, "chestGranted": false, "championPoints": 959, "championPointsSinceLastLevel": 959, "playerId": 21652, "championPointsUntilNextLevel": 841, "tokensEarned": 0, "championId": 78, "lastPlayTime": 1449721645000}, {"championLevel": 1, "chestGranted": false, "championPoints": 951, "championPointsSinceLastLevel": 951, "playerId": 21652, "championPointsUntilNextLevel": 849, "tokensEarned": 0, "championId": 11, "lastPlayTime": 1443984849000}, {"championLevel": 1, "chestGranted": false, "championPoints": 906, "championPointsSinceLastLevel": 906, "playerId": 21652, "championPointsUntilNextLevel": 894, "tokensEarned": 0, "championId": 34, "lastPlayTime": 1464640750000}, {"championLevel": 1, "chestGranted": false, "championPoints": 905, "championPointsSinceLastLevel": 905, "playerId": 21652, "championPointsUntilNextLevel": 895, "tokensEarned": 0, "championId": 36, "lastPlayTime": 1463950718000}, {"championLevel": 1, "chestGranted": false, "championPoints": 812, "championPointsSinceLastLevel": 812, "playerId": 21652, "championPointsUntilNextLevel": 988, "tokensEarned": 0, "championId": 4, "lastPlayTime": 1449555075000}, {"championLevel": 1, "chestGranted": false, "championPoints": 575, "championPointsSinceLastLevel": 575, "playerId": 21652, "championPointsUntilNextLevel": 1225, "tokensEarned": 0, "championId": 27, "lastPlayTime": 1453091154000}, {"championLevel": 1, "chestGranted": false, "championPoints": 532, "championPointsSinceLastLevel": 532, "playerId": 21652, "championPointsUntilNextLevel": 1268, "tokensEarned": 0, "championId": 24, "lastPlayTime": 1465735791000}, {"championLevel": 1, "chestGranted": false, "championPoints": 489, "championPointsSinceLastLevel": 489, "playerId": 21652, "championPointsUntilNextLevel": 1311, "tokensEarned": 0, "championId": 131, "lastPlayTime": 1436923337000}, {"championLevel": 1, "chestGranted": false, "championPoints": 454, "championPointsSinceLastLevel": 454, "playerId": 21652, "championPointsUntilNextLevel": 1346, "tokensEarned": 0, "championId": 421, "lastPlayTime": 1441845303000}, {"championLevel": 1, "chestGranted": false, "championPoints": 428, "championPointsSinceLastLevel": 428, "playerId": 21652, "championPointsUntilNextLevel": 1372, "tokensEarned": 0, "championId": 23, "lastPlayTime": 1442128289000}, {"championLevel": 1, "chestGranted": false, "championPoints": 399, "championPointsSinceLastLevel": 399, "playerId": 21652, "championPointsUntilNextLevel": 1401, "tokensEarned": 0, "championId": 99, "lastPlayTime": 1452036416000}, {"championLevel": 1, "chestGranted": false, "championPoints": 269, "championPointsSinceLastLevel": 269, "playerId": 21652, "championPointsUntilNextLevel": 1531, "tokensEarned": 0, "championId": 134, "lastPlayTime": 1449639679000}, {"championLevel": 1, "chestGranted": false, "championPoints": 229, "championPointsSinceLastLevel": 229, "playerId": 21652, "championPointsUntilNextLevel": 1571, "tokensEarned": 0, "championId": 111, "lastPlayTime": 1437938161000}, {"championLevel": 1, "chestGranted": false, "championPoints": 225, "championPointsSinceLastLevel": 225, "playerId": 21652, "championPointsUntilNextLevel": 1575, "tokensEarned": 0, "championId": 143, "lastPlayTime": 1451344672000}, {"championLevel": 1, "chestGranted": false, "championPoints": 216, "championPointsSinceLastLevel": 216, "playerId": 21652, "championPointsUntilNextLevel": 1584, "tokensEarned": 0, "championId": 63, "lastPlayTime": 1463948957000}, {"championLevel": 1, "chestGranted": false, "championPoints": 216, "championPointsSinceLastLevel": 216, "playerId": 21652, "championPointsUntilNextLevel": 1584, "tokensEarned": 0, "championId": 31, "lastPlayTime": 1432251395000}, {"championLevel": 1, "chestGranted": false, "championPoints": 212, "championPointsSinceLastLevel": 212, "playerId": 21652, "championPointsUntilNextLevel": 1588, "tokensEarned": 0, "championId": 84, "lastPlayTime": 1441842349000}, {"championLevel": 1, "chestGranted": false, "championPoints": 203, "championPointsSinceLastLevel": 203, "playerId": 21652, "championPointsUntilNextLevel": 1597, "tokensEarned": 0, "championId": 32, "lastPlayTime": 1462697192000}, {"championLevel": 1, "chestGranted": false, "championPoints": 177, "championPointsSinceLastLevel": 177, "playerId": 21652, "championPointsUntilNextLevel": 1623, "tokensEarned": 0, "championId": 113, "lastPlayTime": 1463952575000}, {"championLevel": 1, "chestGranted": false, "championPoints": 171, "championPointsSinceLastLevel": 171, "playerId": 21652, "championPointsUntilNextLevel": 1629, "tokensEarned": 0, "championId": 43, "lastPlayTime": 1460704235000}, {"championLevel": 1, "chestGranted": false, "championPoints": 169, "championPointsSinceLastLevel": 169, "playerId": 21652, "championPointsUntilNextLevel": 1631, "tokensEarned": 0, "championId": 26, "lastPlayTime": 1468046814000}, {"championLevel": 1, "chestGranted": false, "championPoints": 163, "championPointsSinceLastLevel": 163, "playerId": 21652, "championPointsUntilNextLevel": 1637, "tokensEarned": 0, "championId": 54, "lastPlayTime": 1451376618000}, {"championLevel": 1, "chestGranted": false, "championPoints": 158, "championPointsSinceLastLevel": 158, "playerId": 21652, "championPointsUntilNextLevel": 1642, "tokensEarned": 0, "championId": 56, "lastPlayTime": 1448474369000}, {"championLevel": 1, "chestGranted": false, "championPoints": 158, "championPointsSinceLastLevel": 158, "playerId": 21652, "championPointsUntilNextLevel": 1642, "tokensEarned": 0, "championId": 9, "lastPlayTime": 1443321111000}, {"championLevel": 1, "chestGranted": false, "championPoints": 142, "championPointsSinceLastLevel": 142, "playerId": 21652, "championPointsUntilNextLevel": 1658, "tokensEarned": 0, "championId": 161, "lastPlayTime": 1453075990000}]