[{"championLevel": 2, "chestGranted": true, "championPoints": 4918, "championPointsSinceLastLevel": 3118, "playerId": 21650, "championPointsUntilNextLevel": 1082, "tokensEarned": 0, "championId": 90, "lastPlayTime": 1461451027000}, {"championLevel": 2, "chestGranted": true, "championPoints": 4583, "championPointsSinceLastLevel": 2783, "playerId": 21650, "championPointsUntilNextLevel": 1417, "tokensEarned": 0, "championId": 30, "lastPlayTime": 1461527549000}, {"championLevel": 2, "chestGranted": true, "championPoints": 3596, "championPointsSinceLastLevel": 1796, "playerId": 21650, "championPointsUntilNextLevel": 2404, "tokensEarned": 0, "championId": 74, "lastPlayTime": 1464418528000}, {"championLevel": 2, "chestGranted": false, "championPoints": 2971, "championPointsSinceLastLevel": 1171, "playerId": 21650, "championPointsUntilNextLevel": 3029, "tokensEarned": 0, "championId": 25, "lastPlayTime": 1461542026000}, {"championLevel": 2, "chestGranted": false, "championPoints": 2202, "championPointsSinceLastLevel": 402, "playerId": 21650, "championPointsUntilNextLevel": 3798, "tokensEarned": 0, "championId": 267, "lastPlayTime": 1458881563000}, {"championLevel": 1, "chestGranted": true, "championPoints": 1661, "championPointsSinceLastLevel": 1661, "playerId": 21650, "championPointsUntilNextLevel": 139, "tokensEarned": 0, "championId": 86, "lastPlayTime": 1464493792000}, {"championLevel": 1, "chestGranted": true, "championPoints": 1501, "championPointsSinceLastLevel": 1501, "playerId": 21650, "championPointsUntilNextLevel": 299, "tokensEarned": 0, "championId": 99, "lastPlayTime": 1464573572000}, {"championLevel": 1, "chestGranted": false, "championPoints": 1425, "championPointsSinceLastLevel": 1425, "playerId": 21650, "championPointsUntilNextLevel": 375, "tokensEarned": 0, "championId": 136, "lastPlayTime": 1460870092000}, {"championLevel": 1, "chestGranted": false, "championPoints": 1338, "championPointsSinceLastLevel": 1338, "playerId": 21650, "championPointsUntilNextLevel": 462, "tokensEarned": 0, "championId": 12, "lastPlayTime": 1458959218000}, {"championLevel": 1, "chestGranted": false, "championPoints": 1309, "championPointsSinceLastLevel": 1309, "playerId": 21650, "championPointsUntilNextLevel": 491, "tokensEarned": 0, "championId": 115, "lastPlayTime": 1461472120000}, {"championLevel": 1, "chestGranted": true, "championPoints": 1229, "championPointsSinceLastLevel": 1229, "playerId": 21650, "championPointsUntilNextLevel": 571, "tokensEarned": 0, "championId": 62, "lastPlayTime": 1464489146000}, {"championLevel": 1, "chestGranted": false, "championPoints": 1030, "championPointsSinceLastLevel": 1030, "playerId": 21650, "championPointsUntilNextLevel": 770, "tokensEarned": 0, "championId": 43, "lastPlayTime": 1461470367000}, {"championLevel": 1, "chestGranted": false, "championPoints": 985, "championPointsSinceLastLevel": 985, "playerId": 21650, "championPointsUntilNextLevel": 815, "tokensEarned": 0, "championId": 5, "lastPlayTime": 1464498124000}, {"championLevel": 1, "chestGranted": false, "championPoints": 984, "championPointsSinceLastLevel": 984, "playerId": 21650, "championPointsUntilNextLevel": 816, "tokensEarned": 0, "championId": 34, "lastPlayTime": 1461532417000}, {"championLevel": 1, "chestGranted": false, "championPoints": 793, "championPointsSinceLastLevel": 793, "playerId": 21650, "championPointsUntilNextLevel": 1007, "tokensEarned": 0, "championId": 80, "lastPlayTime": 1464562766000}, {"championLevel": 1, "chestGranted": false, "championPoints": 754, "championPointsSinceLastLevel": 754, "playerId": 21650, "championPointsUntilNextLevel": 1046, "tokensEarned": 0, "championId": 9, "lastPlayTime": 1464497298000}, {"championLevel": 1, "chestGranted": false, "championPoints": 563, "championPointsSinceLastLevel": 563, "playerId": 21650, "championPointsUntilNextLevel": 1237, "tokensEarned": 0, "championId": 236, "lastPlayTime": 1464574807000}, {"championLevel": 1, "chestGranted": false, "championPoints": 361, "championPointsSinceLastLevel": 361, "playerId": 21650, "championPointsUntilNextLevel": 1439, "tokensEarned": 0, "championId": 44, "lastPlayTime": 1459645335000}, {"championLevel": 1, "chestGranted": false, "championPoints": 253, "championPointsSinceLastLevel": 253, "playerId": 21650, "championPointsUntilNextLevel": 1547, "tokensEarned": 0, "championId": 110, "lastPlayTime": 1464419525000}, {"championLevel": 1, "chestGranted": true, "championPoints": 175, "championPointsSinceLastLevel": 175, "playerId": 21650, "championPointsUntilNextLevel": 1625, "tokensEarned": 0, "championId": 8, "lastPlayTime": 1464487800000}, {"championLevel": 1, "chestGranted": false, "championPoints": 165, "championPointsSinceLastLevel": 165, "playerId": 21650, "championPointsUntilNextLevel": 1635, "tokensEarned": 0, "championId": 33, "lastPlayTime": 1464577864000}, {"championLevel": 1, "chestGranted": false, "championPoints": 142, "championPointsSinceLastLevel": 142, "playerId": 21650, "championPointsUntilNextLevel": 1658, "tokensEarned": 0, "championId": 26, "lastPlayTime": 1461462170000}, {"championLevel": 1, "chestGranted": false, "championPoints": 95, "championPointsSinceLastLevel": 95, "playerId": 21650, "championPointsUntilNextLevel": 1705, "tokensEarned": 0, "championId": 28, "lastPlayTime": 1464495569000}, {"championLevel": 1, "chestGranted": false, "championPoints": 85, "championPointsSinceLastLevel": 85, "playerId": 21650, "championPointsUntilNextLevel": 1715, "tokensEarned": 0, "championId": 38, "lastPlayTime": 1464576002000}]