[{"championLevel": 6, "chestGranted": true, "championPoints": 34451, "championPointsSinceLastLevel": 12851, "playerId": 21663, "championPointsUntilNextLevel": 0, "tokensEarned": 0, "championId": 64, "lastPlayTime": 1467675783000}, {"championLevel": 5, "chestGranted": true, "championPoints": 33281, "championPointsSinceLastLevel": 11681, "playerId": 21663, "championPointsUntilNextLevel": 0, "tokensEarned": 0, "championId": 76, "lastPlayTime": 1463943267000}, {"championLevel": 5, "chestGranted": true, "championPoints": 23369, "championPointsSinceLastLevel": 1769, "playerId": 21663, "championPointsUntilNextLevel": 0, "tokensEarned": 0, "championId": 51, "lastPlayTime": 1464986474000}, {"championLevel": 5, "chestGranted": true, "championPoints": 21879, "championPointsSinceLastLevel": 279, "playerId": 21663, "championPointsUntilNextLevel": 0, "tokensEarned": 0, "championId": 114, "lastPlayTime": 1463766498000}, {"championLevel": 4, "chestGranted": true, "championPoints": 21002, "championPointsSinceLastLevel": 8402, "playerId": 21663, "championPointsUntilNextLevel": 598, "tokensEarned": 0, "championId": 81, "lastPlayTime": 1465326283000}, {"championLevel": 4, "chestGranted": true, "championPoints": 20288, "championPointsSinceLastLevel": 7688, "playerId": 21663, "championPointsUntilNextLevel": 1312, "tokensEarned": 0, "championId": 4, "lastPlayTime": 1468453906000}, {"championLevel": 4, "chestGranted": true, "championPoints": 18734, "championPointsSinceLastLevel": 6134, "playerId": 21663, "championPointsUntilNextLevel": 2866, "tokensEarned": 0, "championId": 40, "lastPlayTime": 1467054627000}, {"championLevel": 4, "chestGranted": true, "championPoints": 17194, "championPointsSinceLastLevel": 4594, "playerId": 21663, "championPointsUntilNextLevel": 4406, "tokensEarned": 0, "championId": 12, "lastPlayTime": 1464045642000}, {"championLevel": 4, "chestGranted": true, "championPoints": 15200, "championPointsSinceLastLevel": 2600, "playerId": 21663, "championPointsUntilNextLevel": 6400, "tokensEarned": 0, "championId": 236, "lastPlayTime": 1465420921000}, {"championLevel": 4, "chestGranted": true, "championPoints": 12833, "championPointsSinceLastLevel": 233, "playerId": 21663, "championPointsUntilNextLevel": 8767, "tokensEarned": 0, "championId": 39, "lastPlayTime": 1468202442000}, {"championLevel": 3, "chestGranted": false, "championPoints": 11887, "championPointsSinceLastLevel": 5887, "playerId": 21663, "championPointsUntilNextLevel": 713, "tokensEarned": 0, "championId": 267, "lastPlayTime": 1467831460000}, {"championLevel": 3, "chestGranted": false, "championPoints": 11733, "championPointsSinceLastLevel": 5733, "playerId": 21663, "championPointsUntilNextLevel": 867, "tokensEarned": 0, "championId": 103, "lastPlayTime": 1465584313000}, {"championLevel": 3, "chestGranted": false, "championPoints": 9845, "championPointsSinceLastLevel": 3845, "playerId": 21663, "championPointsUntilNextLevel": 2755, "tokensEarned": 0, "championId": 117, "lastPlayTime": 1461463858000}, {"championLevel": 3, "chestGranted": false, "championPoints": 9774, "championPointsSinceLastLevel": 3774, "playerId": 21663, "championPointsUntilNextLevel": 2826, "tokensEarned": 0, "championId": 42, "lastPlayTime": 1458248415000}, {"championLevel": 3, "chestGranted": false, "championPoints": 9773, "championPointsSinceLastLevel": 3773, "playerId": 21663, "championPointsUntilNextLevel": 2827, "tokensEarned": 0, "championId": 41, "lastPlayTime": 1463771761000}, {"championLevel": 3, "chestGranted": true, "championPoints": 8952, "championPointsSinceLastLevel": 2952, "playerId": 21663, "championPointsUntilNextLevel": 3648, "tokensEarned": 0, "championId": 79, "lastPlayTime": 1466537232000}, {"championLevel": 3, "chestGranted": false, "championPoints": 8816, "championPointsSinceLastLevel": 2816, "playerId": 21663, "championPointsUntilNextLevel": 3784, "tokensEarned": 0, "championId": 432, "lastPlayTime": 1461455852000}, {"championLevel": 3, "chestGranted": false, "championPoints": 8793, "championPointsSinceLastLevel": 2793, "playerId": 21663, "championPointsUntilNextLevel": 3807, "tokensEarned": 0, "championId": 412, "lastPlayTime": 1461116700000}, {"championLevel": 3, "chestGranted": false, "championPoints": 8230, "championPointsSinceLastLevel": 2230, "playerId": 21663, "championPointsUntilNextLevel": 4370, "tokensEarned": 0, "championId": 201, "lastPlayTime": 1464478385000}, {"championLevel": 3, "chestGranted": false, "championPoints": 7421, "championPointsSinceLastLevel": 1421, "playerId": 21663, "championPointsUntilNextLevel": 5179, "tokensEarned": 0, "championId": 25, "lastPlayTime": 1464647131000}, {"championLevel": 3, "chestGranted": true, "championPoints": 7255, "championPointsSinceLastLevel": 1255, "playerId": 21663, "championPointsUntilNextLevel": 5345, "tokensEarned": 0, "championId": 105, "lastPlayTime": 1467839146000}, {"championLevel": 3, "chestGranted": false, "championPoints": 7172, "championPointsSinceLastLevel": 1172, "playerId": 21663, "championPointsUntilNextLevel": 5428, "tokensEarned": 0, "championId": 78, "lastPlayTime": 1464192455000}, {"championLevel": 3, "chestGranted": false, "championPoints": 6859, "championPointsSinceLastLevel": 859, "playerId": 21663, "championPointsUntilNextLevel": 5741, "tokensEarned": 0, "championId": 17, "lastPlayTime": 1467511764000}, {"championLevel": 3, "chestGranted": true, "championPoints": 6821, "championPointsSinceLastLevel": 821, "playerId": 21663, "championPointsUntilNextLevel": 5779, "tokensEarned": 0, "championId": 22, "lastPlayTime": 1467762543000}, {"championLevel": 3, "chestGranted": false, "championPoints": 6458, "championPointsSinceLastLevel": 458, "playerId": 21663, "championPointsUntilNextLevel": 6142, "tokensEarned": 0, "championId": 104, "lastPlayTime": 1463759624000}, {"championLevel": 3, "chestGranted": false, "championPoints": 6389, "championPointsSinceLastLevel": 389, "playerId": 21663, "championPointsUntilNextLevel": 6211, "tokensEarned": 0, "championId": 1, "lastPlayTime": 1464728482000}, {"championLevel": 3, "chestGranted": false, "championPoints": 6170, "championPointsSinceLastLevel": 170, "playerId": 21663, "championPointsUntilNextLevel": 6430, "tokensEarned": 0, "championId": 222, "lastPlayTime": 1461202291000}, {"championLevel": 2, "chestGranted": false, "championPoints": 5994, "championPointsSinceLastLevel": 4194, "playerId": 21663, "championPointsUntilNextLevel": 6, "tokensEarned": 0, "championId": 102, "lastPlayTime": 1466793417000}, {"championLevel": 2, "chestGranted": false, "championPoints": 5533, "championPointsSinceLastLevel": 3733, "playerId": 21663, "championPointsUntilNextLevel": 467, "tokensEarned": 0, "championId": 37, "lastPlayTime": 1466364431000}, {"championLevel": 2, "chestGranted": false, "championPoints": 4968, "championPointsSinceLastLevel": 3168, "playerId": 21663, "championPointsUntilNextLevel": 1032, "tokensEarned": 0, "championId": 61, "lastPlayTime": 1452654467000}, {"championLevel": 2, "chestGranted": false, "championPoints": 4964, "championPointsSinceLastLevel": 3164, "playerId": 21663, "championPointsUntilNextLevel": 1036, "tokensEarned": 0, "championId": 43, "lastPlayTime": 1464376797000}, {"championLevel": 2, "chestGranted": false, "championPoints": 4873, "championPointsSinceLastLevel": 3073, "playerId": 21663, "championPointsUntilNextLevel": 1127, "tokensEarned": 0, "championId": 67, "lastPlayTime": 1456788144000}, {"championLevel": 2, "chestGranted": false, "championPoints": 4866, "championPointsSinceLastLevel": 3066, "playerId": 21663, "championPointsUntilNextLevel": 1134, "tokensEarned": 0, "championId": 99, "lastPlayTime": 1455662773000}, {"championLevel": 2, "chestGranted": false, "championPoints": 4646, "championPointsSinceLastLevel": 2846, "playerId": 21663, "championPointsUntilNextLevel": 1354, "tokensEarned": 0, "championId": 96, "lastPlayTime": 1457926458000}, {"championLevel": 2, "chestGranted": false, "championPoints": 4635, "championPointsSinceLastLevel": 2835, "playerId": 21663, "championPointsUntilNextLevel": 1365, "tokensEarned": 0, "championId": 157, "lastPlayTime": 1467588363000}, {"championLevel": 2, "chestGranted": false, "championPoints": 4480, "championPointsSinceLastLevel": 2680, "playerId": 21663, "championPointsUntilNextLevel": 1520, "tokensEarned": 0, "championId": 60, "lastPlayTime": 1464055364000}, {"championLevel": 2, "chestGranted": false, "championPoints": 4079, "championPointsSinceLastLevel": 2279, "playerId": 21663, "championPointsUntilNextLevel": 1921, "tokensEarned": 0, "championId": 15, "lastPlayTime": 1447095875000}, {"championLevel": 2, "chestGranted": false, "championPoints": 4002, "championPointsSinceLastLevel": 2202, "playerId": 21663, "championPointsUntilNextLevel": 1998, "tokensEarned": 0, "championId": 98, "lastPlayTime": 1461434676000}, {"championLevel": 2, "chestGranted": false, "championPoints": 3918, "championPointsSinceLastLevel": 2118, "playerId": 21663, "championPointsUntilNextLevel": 2082, "tokensEarned": 0, "championId": 20, "lastPlayTime": 1463858240000}, {"championLevel": 2, "chestGranted": false, "championPoints": 3887, "championPointsSinceLastLevel": 2087, "playerId": 21663, "championPointsUntilNextLevel": 2113, "tokensEarned": 0, "championId": 150, "lastPlayTime": 1459537703000}, {"championLevel": 2, "chestGranted": false, "championPoints": 3698, "championPointsSinceLastLevel": 1898, "playerId": 21663, "championPointsUntilNextLevel": 2302, "tokensEarned": 0, "championId": 120, "lastPlayTime": 1461382558000}, {"championLevel": 2, "chestGranted": false, "championPoints": 3611, "championPointsSinceLastLevel": 1811, "playerId": 21663, "championPointsUntilNextLevel": 2389, "tokensEarned": 0, "championId": 16, "lastPlayTime": 1465339226000}, {"championLevel": 2, "chestGranted": false, "championPoints": 3510, "championPointsSinceLastLevel": 1710, "playerId": 21663, "championPointsUntilNextLevel": 2490, "tokensEarned": 0, "championId": 8, "lastPlayTime": 1463846362000}, {"championLevel": 2, "chestGranted": false, "championPoints": 3417, "championPointsSinceLastLevel": 1617, "playerId": 21663, "championPointsUntilNextLevel": 2583, "tokensEarned": 0, "championId": 85, "lastPlayTime": 1466727551000}, {"championLevel": 2, "chestGranted": false, "championPoints": 3416, "championPointsSinceLastLevel": 1616, "playerId": 21663, "championPointsUntilNextLevel": 2584, "tokensEarned": 0, "championId": 127, "lastPlayTime": 1459469855000}, {"championLevel": 2, "chestGranted": false, "championPoints": 3410, "championPointsSinceLastLevel": 1610, "playerId": 21663, "championPointsUntilNextLevel": 2590, "tokensEarned": 0, "championId": 131, "lastPlayTime": 1461376143000}, {"championLevel": 2, "chestGranted": false, "championPoints": 3408, "championPointsSinceLastLevel": 1608, "playerId": 21663, "championPointsUntilNextLevel": 2592, "tokensEarned": 0, "championId": 53, "lastPlayTime": 1461460981000}, {"championLevel": 2, "chestGranted": false, "championPoints": 3146, "championPointsSinceLastLevel": 1346, "playerId": 21663, "championPointsUntilNextLevel": 2854, "tokensEarned": 0, "championId": 254, "lastPlayTime": 1448304586000}, {"championLevel": 2, "chestGranted": false, "championPoints": 2976, "championPointsSinceLastLevel": 1176, "playerId": 21663, "championPointsUntilNextLevel": 3024, "tokensEarned": 0, "championId": 28, "lastPlayTime": 1461953639000}, {"championLevel": 2, "chestGranted": false, "championPoints": 2920, "championPointsSinceLastLevel": 1120, "playerId": 21663, "championPointsUntilNextLevel": 3080, "tokensEarned": 0, "championId": 36, "lastPlayTime": 1455478059000}, {"championLevel": 2, "chestGranted": false, "championPoints": 2849, "championPointsSinceLastLevel": 1049, "playerId": 21663, "championPointsUntilNextLevel": 3151, "tokensEarned": 0, "championId": 63, "lastPlayTime": 1461350518000}, {"championLevel": 2, "chestGranted": false, "championPoints": 2766, "championPointsSinceLastLevel": 966, "playerId": 21663, "championPointsUntilNextLevel": 3234, "tokensEarned": 0, "championId": 21, "lastPlayTime": 1453745592000}, {"championLevel": 2, "chestGranted": false, "championPoints": 2751, "championPointsSinceLastLevel": 951, "playerId": 21663, "championPointsUntilNextLevel": 3249, "tokensEarned": 0, "championId": 18, "lastPlayTime": 1446675062000}, {"championLevel": 2, "chestGranted": false, "championPoints": 2746, "championPointsSinceLastLevel": 946, "playerId": 21663, "championPointsUntilNextLevel": 3254, "tokensEarned": 0, "championId": 134, "lastPlayTime": 1457374475000}, {"championLevel": 2, "chestGranted": false, "championPoints": 2477, "championPointsSinceLastLevel": 677, "playerId": 21663, "championPointsUntilNextLevel": 3523, "tokensEarned": 0, "championId": 7, "lastPlayTime": 1464725032000}, {"championLevel": 2, "chestGranted": false, "championPoints": 2430, "championPointsSinceLastLevel": 630, "playerId": 21663, "championPointsUntilNextLevel": 3570, "tokensEarned": 0, "championId": 268, "lastPlayTime": 1468976221000}, {"championLevel": 2, "chestGranted": false, "championPoints": 2246, "championPointsSinceLastLevel": 446, "playerId": 21663, "championPointsUntilNextLevel": 3754, "tokensEarned": 0, "championId": 86, "lastPlayTime": 1444773489000}, {"championLevel": 2, "chestGranted": false, "championPoints": 2123, "championPointsSinceLastLevel": 323, "playerId": 21663, "championPointsUntilNextLevel": 3877, "tokensEarned": 0, "championId": 89, "lastPlayTime": 1433282525000}, {"championLevel": 2, "chestGranted": false, "championPoints": 2083, "championPointsSinceLastLevel": 283, "playerId": 21663, "championPointsUntilNextLevel": 3917, "tokensEarned": 0, "championId": 11, "lastPlayTime": 1467162247000}, {"championLevel": 2, "chestGranted": false, "championPoints": 1858, "championPointsSinceLastLevel": 58, "playerId": 21663, "championPointsUntilNextLevel": 4142, "tokensEarned": 0, "championId": 429, "lastPlayTime": 1461199421000}, {"championLevel": 1, "chestGranted": false, "championPoints": 1648, "championPointsSinceLastLevel": 1648, "playerId": 21663, "championPointsUntilNextLevel": 152, "tokensEarned": 0, "championId": 56, "lastPlayTime": 1452785255000}, {"championLevel": 1, "chestGranted": false, "championPoints": 1594, "championPointsSinceLastLevel": 1594, "playerId": 21663, "championPointsUntilNextLevel": 206, "tokensEarned": 0, "championId": 38, "lastPlayTime": 1453397717000}, {"championLevel": 1, "chestGranted": false, "championPoints": 1510, "championPointsSinceLastLevel": 1510, "playerId": 21663, "championPointsUntilNextLevel": 290, "tokensEarned": 0, "championId": 35, "lastPlayTime": 1442626733000}, {"championLevel": 1, "chestGranted": false, "championPoints": 1503, "championPointsSinceLastLevel": 1503, "playerId": 21663, "championPointsUntilNextLevel": 297, "tokensEarned": 0, "championId": 24, "lastPlayTime": 1466190504000}, {"championLevel": 1, "chestGranted": true, "championPoints": 1426, "championPointsSinceLastLevel": 1426, "playerId": 21663, "championPointsUntilNextLevel": 374, "tokensEarned": 0, "championId": 44, "lastPlayTime": 1461190764000}, {"championLevel": 1, "chestGranted": false, "championPoints": 1378, "championPointsSinceLastLevel": 1378, "playerId": 21663, "championPointsUntilNextLevel": 422, "tokensEarned": 0, "championId": 92, "lastPlayTime": 1463860261000}, {"championLevel": 1, "chestGranted": false, "championPoints": 1316, "championPointsSinceLastLevel": 1316, "playerId": 21663, "championPointsUntilNextLevel": 484, "tokensEarned": 0, "championId": 202, "lastPlayTime": 1461248874000}, {"championLevel": 1, "chestGranted": false, "championPoints": 1310, "championPointsSinceLastLevel": 1310, "playerId": 21663, "championPointsUntilNextLevel": 490, "tokensEarned": 0, "championId": 75, "lastPlayTime": 1451318338000}, {"championLevel": 1, "chestGranted": false, "championPoints": 1293, "championPointsSinceLastLevel": 1293, "playerId": 21663, "championPointsUntilNextLevel": 507, "tokensEarned": 0, "championId": 84, "lastPlayTime": 1458766876000}, {"championLevel": 1, "chestGranted": false, "championPoints": 1127, "championPointsSinceLastLevel": 1127, "playerId": 21663, "championPointsUntilNextLevel": 673, "tokensEarned": 0, "championId": 203, "lastPlayTime": 1464366754000}, {"championLevel": 1, "chestGranted": false, "championPoints": 1095, "championPointsSinceLastLevel": 1095, "playerId": 21663, "championPointsUntilNextLevel": 705, "tokensEarned": 0, "championId": 77, "lastPlayTime": 1440105840000}, {"championLevel": 1, "chestGranted": false, "championPoints": 1087, "championPointsSinceLastLevel": 1087, "playerId": 21663, "championPointsUntilNextLevel": 713, "tokensEarned": 0, "championId": 26, "lastPlayTime": 1453953756000}, {"championLevel": 1, "chestGranted": false, "championPoints": 1082, "championPointsSinceLastLevel": 1082, "playerId": 21663, "championPointsUntilNextLevel": 718, "tokensEarned": 0, "championId": 13, "lastPlayTime": 1461338109000}, {"championLevel": 1, "chestGranted": false, "championPoints": 1069, "championPointsSinceLastLevel": 1069, "playerId": 21663, "championPointsUntilNextLevel": 731, "tokensEarned": 0, "championId": 126, "lastPlayTime": 1463787395000}, {"championLevel": 1, "chestGranted": false, "championPoints": 997, "championPointsSinceLastLevel": 997, "playerId": 21663, "championPointsUntilNextLevel": 803, "tokensEarned": 0, "championId": 223, "lastPlayTime": 1451526115000}, {"championLevel": 1, "chestGranted": false, "championPoints": 903, "championPointsSinceLastLevel": 903, "playerId": 21663, "championPointsUntilNextLevel": 897, "tokensEarned": 0, "championId": 5, "lastPlayTime": 1463775049000}, {"championLevel": 1, "chestGranted": false, "championPoints": 896, "championPointsSinceLastLevel": 896, "playerId": 21663, "championPointsUntilNextLevel": 904, "tokensEarned": 0, "championId": 238, "lastPlayTime": 1467678020000}, {"championLevel": 1, "chestGranted": false, "championPoints": 885, "championPointsSinceLastLevel": 885, "playerId": 21663, "championPointsUntilNextLevel": 915, "tokensEarned": 0, "championId": 420, "lastPlayTime": 1460736529000}, {"championLevel": 1, "chestGranted": false, "championPoints": 723, "championPointsSinceLastLevel": 723, "playerId": 21663, "championPointsUntilNextLevel": 1077, "tokensEarned": 0, "championId": 59, "lastPlayTime": 1451444810000}, {"championLevel": 1, "chestGranted": false, "championPoints": 475, "championPointsSinceLastLevel": 475, "playerId": 21663, "championPointsUntilNextLevel": 1325, "tokensEarned": 0, "championId": 91, "lastPlayTime": 1456169272000}, {"championLevel": 1, "chestGranted": false, "championPoints": 375, "championPointsSinceLastLevel": 375, "playerId": 21663, "championPointsUntilNextLevel": 1425, "tokensEarned": 0, "championId": 2, "lastPlayTime": 1439949999000}, {"championLevel": 1, "chestGranted": true, "championPoints": 319, "championPointsSinceLastLevel": 319, "playerId": 21663, "championPointsUntilNextLevel": 1481, "tokensEarned": 0, "championId": 10, "lastPlayTime": 1461355336000}, {"championLevel": 1, "chestGranted": false, "championPoints": 296, "championPointsSinceLastLevel": 296, "playerId": 21663, "championPointsUntilNextLevel": 1504, "tokensEarned": 0, "championId": 58, "lastPlayTime": 1446239893000}, {"championLevel": 1, "chestGranted": false, "championPoints": 277, "championPointsSinceLastLevel": 277, "playerId": 21663, "championPointsUntilNextLevel": 1523, "tokensEarned": 0, "championId": 23, "lastPlayTime": 1447288212000}, {"championLevel": 1, "chestGranted": false, "championPoints": 274, "championPointsSinceLastLevel": 274, "playerId": 21663, "championPointsUntilNextLevel": 1526, "tokensEarned": 0, "championId": 69, "lastPlayTime": 1433359598000}, {"championLevel": 1, "chestGranted": false, "championPoints": 248, "championPointsSinceLastLevel": 248, "playerId": 21663, "championPointsUntilNextLevel": 1552, "tokensEarned": 0, "championId": 163, "lastPlayTime": 1464281616000}, {"championLevel": 1, "chestGranted": false, "championPoints": 221, "championPointsSinceLastLevel": 221, "playerId": 21663, "championPointsUntilNextLevel": 1579, "tokensEarned": 0, "championId": 245, "lastPlayTime": 1463534287000}, {"championLevel": 1, "chestGranted": false, "championPoints": 184, "championPointsSinceLastLevel": 184, "playerId": 21663, "championPointsUntilNextLevel": 1616, "tokensEarned": 0, "championId": 111, "lastPlayTime": 1456948880000}, {"championLevel": 1, "chestGranted": false, "championPoints": 174, "championPointsSinceLastLevel": 174, "playerId": 21663, "championPointsUntilNextLevel": 1626, "tokensEarned": 0, "championId": 421, "lastPlayTime": 1446845019000}, {"championLevel": 1, "chestGranted": false, "championPoints": 159, "championPointsSinceLastLevel": 159, "playerId": 21663, "championPointsUntilNextLevel": 1641, "tokensEarned": 0, "championId": 107, "lastPlayTime": 1467502353000}, {"championLevel": 1, "chestGranted": false, "championPoints": 154, "championPointsSinceLastLevel": 154, "playerId": 21663, "championPointsUntilNextLevel": 1646, "tokensEarned": 0, "championId": 27, "lastPlayTime": 1443052076000}, {"championLevel": 1, "chestGranted": false, "championPoints": 143, "championPointsSinceLastLevel": 143, "playerId": 21663, "championPointsUntilNextLevel": 1657, "tokensEarned": 0, "championId": 112, "lastPlayTime": 1460742421000}, {"championLevel": 1, "chestGranted": false, "championPoints": 139, "championPointsSinceLastLevel": 139, "playerId": 21663, "championPointsUntilNextLevel": 1661, "tokensEarned": 0, "championId": 45, "lastPlayTime": 1461443545000}, {"championLevel": 1, "chestGranted": false, "championPoints": 132, "championPointsSinceLastLevel": 132, "playerId": 21663, "championPointsUntilNextLevel": 1668, "tokensEarned": 0, "championId": 55, "lastPlayTime": 1456869270000}]