[{"championLevel": 6, "chestGranted": true, "championPoints": 32269, "championPointsSinceLastLevel": 10669, "playerId": 21669, "championPointsUntilNextLevel": 0, "tokensEarned": 1, "championId": 412, "lastPlayTime": 1468977633000}, {"championLevel": 3, "chestGranted": false, "championPoints": 7295, "championPointsSinceLastLevel": 1295, "playerId": 21669, "championPointsUntilNextLevel": 5305, "tokensEarned": 0, "championId": 92, "lastPlayTime": 1468169015000}, {"championLevel": 2, "chestGranted": false, "championPoints": 3206, "championPointsSinceLastLevel": 1406, "playerId": 21669, "championPointsUntilNextLevel": 2794, "tokensEarned": 0, "championId": 77, "lastPlayTime": 1467945905000}, {"championLevel": 2, "chestGranted": true, "championPoints": 2473, "championPointsSinceLastLevel": 673, "playerId": 21669, "championPointsUntilNextLevel": 3527, "tokensEarned": 0, "championId": 25, "lastPlayTime": 1468188893000}, {"championLevel": 2, "chestGranted": false, "championPoints": 2292, "championPointsSinceLastLevel": 492, "playerId": 21669, "championPointsUntilNextLevel": 3708, "tokensEarned": 0, "championId": 119, "lastPlayTime": 1455589899000}, {"championLevel": 1, "chestGranted": false, "championPoints": 1660, "championPointsSinceLastLevel": 1660, "playerId": 21669, "championPointsUntilNextLevel": 140, "tokensEarned": 0, "championId": 67, "lastPlayTime": 1448668899000}, {"championLevel": 1, "chestGranted": false, "championPoints": 1557, "championPointsSinceLastLevel": 1557, "playerId": 21669, "championPointsUntilNextLevel": 243, "tokensEarned": 0, "championId": 53, "lastPlayTime": 1468197311000}, {"championLevel": 1, "chestGranted": false, "championPoints": 1117, "championPointsSinceLastLevel": 1117, "playerId": 21669, "championPointsUntilNextLevel": 683, "tokensEarned": 0, "championId": 64, "lastPlayTime": 1464483974000}, {"championLevel": 1, "chestGranted": false, "championPoints": 1066, "championPointsSinceLastLevel": 1066, "playerId": 21669, "championPointsUntilNextLevel": 734, "tokensEarned": 0, "championId": 84, "lastPlayTime": 1435077224000}, {"championLevel": 1, "chestGranted": false, "championPoints": 938, "championPointsSinceLastLevel": 938, "playerId": 21669, "championPointsUntilNextLevel": 862, "tokensEarned": 0, "championId": 11, "lastPlayTime": 1468788691000}, {"championLevel": 1, "chestGranted": false, "championPoints": 463, "championPointsSinceLastLevel": 463, "playerId": 21669, "championPointsUntilNextLevel": 1337, "tokensEarned": 0, "championId": 157, "lastPlayTime": 1442273001000}, {"championLevel": 1, "chestGranted": true, "championPoints": 307, "championPointsSinceLastLevel": 307, "playerId": 21669, "championPointsUntilNextLevel": 1493, "tokensEarned": 0, "championId": 154, "lastPlayTime": 1467856994000}, {"championLevel": 1, "chestGranted": false, "championPoints": 198, "championPointsSinceLastLevel": 198, "playerId": 21669, "championPointsUntilNextLevel": 1602, "tokensEarned": 0, "championId": 78, "lastPlayTime": 1452631473000}, {"championLevel": 1, "chestGranted": false, "championPoints": 184, "championPointsSinceLastLevel": 184, "playerId": 21669, "championPointsUntilNextLevel": 1616, "tokensEarned": 0, "championId": 27, "lastPlayTime": 1466923175000}, {"championLevel": 1, "chestGranted": false, "championPoints": 164, "championPointsSinceLastLevel": 164, "playerId": 21669, "championPointsUntilNextLevel": 1636, "tokensEarned": 0, "championId": 432, "lastPlayTime": 1467948826000}, {"championLevel": 1, "chestGranted": false, "championPoints": 157, "championPointsSinceLastLevel": 157, "playerId": 21669, "championPointsUntilNextLevel": 1643, "tokensEarned": 0, "championId": 24, "lastPlayTime": 1443821084000}, {"championLevel": 1, "chestGranted": false, "championPoints": 157, "championPointsSinceLastLevel": 157, "playerId": 21669, "championPointsUntilNextLevel": 1643, "tokensEarned": 0, "championId": 133, "lastPlayTime": 1468790403000}, {"championLevel": 1, "chestGranted": false, "championPoints": 138, "championPointsSinceLastLevel": 138, "playerId": 21669, "championPointsUntilNextLevel": 1662, "tokensEarned": 0, "championId": 86, "lastPlayTime": 1468730654000}, {"championLevel": 1, "chestGranted": false, "championPoints": 133, "championPointsSinceLastLevel": 133, "playerId": 21669, "championPointsUntilNextLevel": 1667, "tokensEarned": 0, "championId": 21, "lastPlayTime": 1467685481000}, {"championLevel": 1, "chestGranted": false, "championPoints": 131, "championPointsSinceLastLevel": 131, "playerId": 21669, "championPointsUntilNextLevel": 1669, "tokensEarned": 0, "championId": 44, "lastPlayTime": 1467660293000}, {"championLevel": 1, "chestGranted": false, "championPoints": 110, "championPointsSinceLastLevel": 110, "playerId": 21669, "championPointsUntilNextLevel": 1690, "tokensEarned": 0, "championId": 104, "lastPlayTime": 1431226977000}]