[{"championLevel": 6, "chestGranted": true, "championPoints": 69792, "championPointsSinceLastLevel": 48192, "playerId": 21660, "championPointsUntilNextLevel": 0, "tokensEarned": 2, "championId": 61, "lastPlayTime": 1468729830000}, {"championLevel": 6, "chestGranted": true, "championPoints": 55957, "championPointsSinceLastLevel": 34357, "playerId": 21660, "championPointsUntilNextLevel": 0, "tokensEarned": 0, "championId": 55, "lastPlayTime": 1468962397000}, {"championLevel": 5, "chestGranted": true, "championPoints": 48554, "championPointsSinceLastLevel": 26954, "playerId": 21660, "championPointsUntilNextLevel": 0, "tokensEarned": 0, "championId": 103, "lastPlayTime": 1465865578000}, {"championLevel": 5, "chestGranted": false, "championPoints": 25519, "championPointsSinceLastLevel": 3919, "playerId": 21660, "championPointsUntilNextLevel": 0, "tokensEarned": 0, "championId": 412, "lastPlayTime": 1453232665000}, {"championLevel": 4, "chestGranted": true, "championPoints": 21273, "championPointsSinceLastLevel": 8673, "playerId": 21660, "championPointsUntilNextLevel": 327, "tokensEarned": 0, "championId": 236, "lastPlayTime": 1468640684000}, {"championLevel": 4, "chestGranted": false, "championPoints": 15082, "championPointsSinceLastLevel": 2482, "playerId": 21660, "championPointsUntilNextLevel": 6518, "tokensEarned": 0, "championId": 67, "lastPlayTime": 1466965437000}, {"championLevel": 4, "chestGranted": true, "championPoints": 14439, "championPointsSinceLastLevel": 1839, "playerId": 21660, "championPointsUntilNextLevel": 7161, "tokensEarned": 0, "championId": 101, "lastPlayTime": 1460997310000}, {"championLevel": 4, "chestGranted": false, "championPoints": 13070, "championPointsSinceLastLevel": 470, "playerId": 21660, "championPointsUntilNextLevel": 8530, "tokensEarned": 0, "championId": 64, "lastPlayTime": 1459548590000}, {"championLevel": 4, "chestGranted": true, "championPoints": 12760, "championPointsSinceLastLevel": 160, "playerId": 21660, "championPointsUntilNextLevel": 8840, "tokensEarned": 0, "championId": 7, "lastPlayTime": 1465098210000}, {"championLevel": 3, "chestGranted": true, "championPoints": 11256, "championPointsSinceLastLevel": 5256, "playerId": 21660, "championPointsUntilNextLevel": 1344, "tokensEarned": 0, "championId": 115, "lastPlayTime": 1468806347000}, {"championLevel": 3, "chestGranted": true, "championPoints": 8426, "championPointsSinceLastLevel": 2426, "playerId": 21660, "championPointsUntilNextLevel": 4174, "tokensEarned": 0, "championId": 112, "lastPlayTime": 1468955356000}, {"championLevel": 3, "chestGranted": false, "championPoints": 8212, "championPointsSinceLastLevel": 2212, "playerId": 21660, "championPointsUntilNextLevel": 4388, "tokensEarned": 0, "championId": 238, "lastPlayTime": 1466973803000}, {"championLevel": 3, "chestGranted": true, "championPoints": 8086, "championPointsSinceLastLevel": 2086, "playerId": 21660, "championPointsUntilNextLevel": 4514, "tokensEarned": 0, "championId": 17, "lastPlayTime": 1461093196000}, {"championLevel": 3, "chestGranted": false, "championPoints": 7964, "championPointsSinceLastLevel": 1964, "playerId": 21660, "championPointsUntilNextLevel": 4636, "tokensEarned": 0, "championId": 76, "lastPlayTime": 1460769493000}, {"championLevel": 3, "chestGranted": false, "championPoints": 7619, "championPointsSinceLastLevel": 1619, "playerId": 21660, "championPointsUntilNextLevel": 4981, "tokensEarned": 0, "championId": 81, "lastPlayTime": 1461473007000}, {"championLevel": 3, "chestGranted": true, "championPoints": 6621, "championPointsSinceLastLevel": 621, "playerId": 21660, "championPointsUntilNextLevel": 5979, "tokensEarned": 0, "championId": 268, "lastPlayTime": 1465586778000}, {"championLevel": 3, "chestGranted": true, "championPoints": 6589, "championPointsSinceLastLevel": 589, "playerId": 21660, "championPointsUntilNextLevel": 6011, "tokensEarned": 0, "championId": 4, "lastPlayTime": 1459642178000}, {"championLevel": 2, "chestGranted": false, "championPoints": 5343, "championPointsSinceLastLevel": 3543, "playerId": 21660, "championPointsUntilNextLevel": 657, "tokensEarned": 0, "championId": 51, "lastPlayTime": 1455309943000}, {"championLevel": 2, "chestGranted": false, "championPoints": 4668, "championPointsSinceLastLevel": 2868, "playerId": 21660, "championPointsUntilNextLevel": 1332, "tokensEarned": 0, "championId": 134, "lastPlayTime": 1453911491000}, {"championLevel": 2, "chestGranted": false, "championPoints": 4302, "championPointsSinceLastLevel": 2502, "playerId": 21660, "championPointsUntilNextLevel": 1698, "tokensEarned": 0, "championId": 69, "lastPlayTime": 1446599145000}, {"championLevel": 2, "chestGranted": false, "championPoints": 4278, "championPointsSinceLastLevel": 2478, "playerId": 21660, "championPointsUntilNextLevel": 1722, "tokensEarned": 0, "championId": 40, "lastPlayTime": 1453833602000}, {"championLevel": 2, "chestGranted": false, "championPoints": 4082, "championPointsSinceLastLevel": 2282, "playerId": 21660, "championPointsUntilNextLevel": 1918, "tokensEarned": 0, "championId": 25, "lastPlayTime": 1449543249000}, {"championLevel": 2, "chestGranted": false, "championPoints": 3926, "championPointsSinceLastLevel": 2126, "playerId": 21660, "championPointsUntilNextLevel": 2074, "tokensEarned": 0, "championId": 96, "lastPlayTime": 1439222017000}, {"championLevel": 2, "chestGranted": false, "championPoints": 3924, "championPointsSinceLastLevel": 2124, "playerId": 21660, "championPointsUntilNextLevel": 2076, "tokensEarned": 0, "championId": 99, "lastPlayTime": 1459991962000}, {"championLevel": 2, "chestGranted": false, "championPoints": 3739, "championPointsSinceLastLevel": 1939, "playerId": 21660, "championPointsUntilNextLevel": 2261, "tokensEarned": 0, "championId": 157, "lastPlayTime": 1444520797000}, {"championLevel": 2, "chestGranted": false, "championPoints": 3384, "championPointsSinceLastLevel": 1584, "playerId": 21660, "championPointsUntilNextLevel": 2616, "tokensEarned": 0, "championId": 58, "lastPlayTime": 1454712591000}, {"championLevel": 2, "chestGranted": true, "championPoints": 3082, "championPointsSinceLastLevel": 1282, "playerId": 21660, "championPointsUntilNextLevel": 2918, "tokensEarned": 0, "championId": 42, "lastPlayTime": 1461036124000}, {"championLevel": 2, "chestGranted": false, "championPoints": 2963, "championPointsSinceLastLevel": 1163, "playerId": 21660, "championPointsUntilNextLevel": 3037, "tokensEarned": 0, "championId": 161, "lastPlayTime": 1446485657000}, {"championLevel": 2, "chestGranted": false, "championPoints": 2938, "championPointsSinceLastLevel": 1138, "playerId": 21660, "championPointsUntilNextLevel": 3062, "tokensEarned": 0, "championId": 110, "lastPlayTime": 1461041051000}, {"championLevel": 2, "chestGranted": false, "championPoints": 2830, "championPointsSinceLastLevel": 1030, "playerId": 21660, "championPointsUntilNextLevel": 3170, "tokensEarned": 0, "championId": 1, "lastPlayTime": 1442858300000}, {"championLevel": 2, "chestGranted": false, "championPoints": 2509, "championPointsSinceLastLevel": 709, "playerId": 21660, "championPointsUntilNextLevel": 3491, "tokensEarned": 0, "championId": 12, "lastPlayTime": 1448830689000}, {"championLevel": 2, "chestGranted": false, "championPoints": 2294, "championPointsSinceLastLevel": 494, "playerId": 21660, "championPointsUntilNextLevel": 3706, "tokensEarned": 0, "championId": 92, "lastPlayTime": 1450997219000}, {"championLevel": 2, "chestGranted": true, "championPoints": 2092, "championPointsSinceLastLevel": 292, "playerId": 21660, "championPointsUntilNextLevel": 3908, "tokensEarned": 0, "championId": 15, "lastPlayTime": 1467046695000}, {"championLevel": 2, "chestGranted": false, "championPoints": 1999, "championPointsSinceLastLevel": 199, "playerId": 21660, "championPointsUntilNextLevel": 4001, "tokensEarned": 0, "championId": 117, "lastPlayTime": 1453594606000}, {"championLevel": 1, "chestGranted": false, "championPoints": 1752, "championPointsSinceLastLevel": 1752, "playerId": 21660, "championPointsUntilNextLevel": 48, "tokensEarned": 0, "championId": 267, "lastPlayTime": 1449361434000}, {"championLevel": 1, "chestGranted": false, "championPoints": 1695, "championPointsSinceLastLevel": 1695, "playerId": 21660, "championPointsUntilNextLevel": 105, "tokensEarned": 0, "championId": 121, "lastPlayTime": 1451278117000}, {"championLevel": 1, "chestGranted": false, "championPoints": 1612, "championPointsSinceLastLevel": 1612, "playerId": 21660, "championPointsUntilNextLevel": 188, "tokensEarned": 0, "championId": 126, "lastPlayTime": 1449345030000}, {"championLevel": 1, "chestGranted": false, "championPoints": 1516, "championPointsSinceLastLevel": 1516, "playerId": 21660, "championPointsUntilNextLevel": 284, "tokensEarned": 0, "championId": 102, "lastPlayTime": 1431128169000}, {"championLevel": 1, "chestGranted": false, "championPoints": 1507, "championPointsSinceLastLevel": 1507, "playerId": 21660, "championPointsUntilNextLevel": 293, "tokensEarned": 0, "championId": 29, "lastPlayTime": 1451090164000}, {"championLevel": 1, "chestGranted": false, "championPoints": 1346, "championPointsSinceLastLevel": 1346, "playerId": 21660, "championPointsUntilNextLevel": 454, "tokensEarned": 0, "championId": 63, "lastPlayTime": 1460780017000}, {"championLevel": 1, "chestGranted": false, "championPoints": 1266, "championPointsSinceLastLevel": 1266, "playerId": 21660, "championPointsUntilNextLevel": 534, "tokensEarned": 0, "championId": 127, "lastPlayTime": 1454291449000}, {"championLevel": 1, "chestGranted": false, "championPoints": 1245, "championPointsSinceLastLevel": 1245, "playerId": 21660, "championPointsUntilNextLevel": 555, "tokensEarned": 0, "championId": 429, "lastPlayTime": 1441240468000}, {"championLevel": 1, "chestGranted": false, "championPoints": 1214, "championPointsSinceLastLevel": 1214, "playerId": 21660, "championPointsUntilNextLevel": 586, "tokensEarned": 0, "championId": 104, "lastPlayTime": 1437010249000}, {"championLevel": 1, "chestGranted": false, "championPoints": 1213, "championPointsSinceLastLevel": 1213, "playerId": 21660, "championPointsUntilNextLevel": 587, "tokensEarned": 0, "championId": 39, "lastPlayTime": 1444454355000}, {"championLevel": 1, "chestGranted": false, "championPoints": 1204, "championPointsSinceLastLevel": 1204, "playerId": 21660, "championPointsUntilNextLevel": 596, "tokensEarned": 0, "championId": 13, "lastPlayTime": 1446916329000}, {"championLevel": 1, "chestGranted": false, "championPoints": 1191, "championPointsSinceLastLevel": 1191, "playerId": 21660, "championPointsUntilNextLevel": 609, "tokensEarned": 0, "championId": 105, "lastPlayTime": 1461516845000}, {"championLevel": 1, "chestGranted": false, "championPoints": 980, "championPointsSinceLastLevel": 980, "playerId": 21660, "championPointsUntilNextLevel": 820, "tokensEarned": 0, "championId": 254, "lastPlayTime": 1433896345000}, {"championLevel": 1, "chestGranted": false, "championPoints": 894, "championPointsSinceLastLevel": 894, "playerId": 21660, "championPointsUntilNextLevel": 906, "tokensEarned": 0, "championId": 30, "lastPlayTime": 1461514758000}, {"championLevel": 1, "chestGranted": false, "championPoints": 461, "championPointsSinceLastLevel": 461, "playerId": 21660, "championPointsUntilNextLevel": 1339, "tokensEarned": 0, "championId": 45, "lastPlayTime": 1445627235000}, {"championLevel": 1, "chestGranted": false, "championPoints": 426, "championPointsSinceLastLevel": 426, "playerId": 21660, "championPointsUntilNextLevel": 1374, "tokensEarned": 0, "championId": 24, "lastPlayTime": 1453315540000}, {"championLevel": 1, "chestGranted": true, "championPoints": 335, "championPointsSinceLastLevel": 335, "playerId": 21660, "championPointsUntilNextLevel": 1465, "tokensEarned": 0, "championId": 43, "lastPlayTime": 1466038030000}, {"championLevel": 1, "chestGranted": false, "championPoints": 286, "championPointsSinceLastLevel": 286, "playerId": 21660, "championPointsUntilNextLevel": 1514, "tokensEarned": 0, "championId": 53, "lastPlayTime": 1440908778000}, {"championLevel": 1, "chestGranted": false, "championPoints": 283, "championPointsSinceLastLevel": 283, "playerId": 21660, "championPointsUntilNextLevel": 1517, "tokensEarned": 0, "championId": 18, "lastPlayTime": 1450834349000}, {"championLevel": 1, "chestGranted": false, "championPoints": 224, "championPointsSinceLastLevel": 224, "playerId": 21660, "championPointsUntilNextLevel": 1576, "tokensEarned": 0, "championId": 421, "lastPlayTime": 1453320010000}, {"championLevel": 1, "chestGranted": false, "championPoints": 177, "championPointsSinceLastLevel": 177, "playerId": 21660, "championPointsUntilNextLevel": 1623, "tokensEarned": 0, "championId": 16, "lastPlayTime": 1448582820000}, {"championLevel": 1, "chestGranted": false, "championPoints": 169, "championPointsSinceLastLevel": 169, "playerId": 21660, "championPointsUntilNextLevel": 1631, "tokensEarned": 0, "championId": 223, "lastPlayTime": 1448653836000}, {"championLevel": 1, "chestGranted": false, "championPoints": 154, "championPointsSinceLastLevel": 154, "playerId": 21660, "championPointsUntilNextLevel": 1646, "tokensEarned": 0, "championId": 38, "lastPlayTime": 1451001646000}]