[{"championLevel": 4, "chestGranted": false, "championPoints": 13705, "championPointsSinceLastLevel": 1105, "playerId": 21661, "championPointsUntilNextLevel": 7895, "tokensEarned": 0, "championId": 103, "lastPlayTime": 1454989390000}, {"championLevel": 3, "chestGranted": false, "championPoints": 6301, "championPointsSinceLastLevel": 301, "playerId": 21661, "championPointsUntilNextLevel": 6299, "tokensEarned": 0, "championId": 24, "lastPlayTime": 1444228934000}, {"championLevel": 2, "chestGranted": false, "championPoints": 1807, "championPointsSinceLastLevel": 7, "playerId": 21661, "championPointsUntilNextLevel": 4193, "tokensEarned": 0, "championId": 86, "lastPlayTime": 1445111716000}, {"championLevel": 1, "chestGranted": false, "championPoints": 1249, "championPointsSinceLastLevel": 1249, "playerId": 21661, "championPointsUntilNextLevel": 551, "tokensEarned": 0, "championId": 110, "lastPlayTime": 1444787727000}, {"championLevel": 1, "chestGranted": false, "championPoints": 1134, "championPointsSinceLastLevel": 1134, "playerId": 21661, "championPointsUntilNextLevel": 666, "tokensEarned": 0, "championId": 18, "lastPlayTime": 1444223602000}, {"championLevel": 1, "chestGranted": false, "championPoints": 1100, "championPointsSinceLastLevel": 1100, "playerId": 21661, "championPointsUntilNextLevel": 700, "tokensEarned": 0, "championId": 15, "lastPlayTime": 1444232283000}, {"championLevel": 1, "chestGranted": false, "championPoints": 1023, "championPointsSinceLastLevel": 1023, "playerId": 21661, "championPointsUntilNextLevel": 777, "tokensEarned": 0, "championId": 61, "lastPlayTime": 1437000104000}, {"championLevel": 1, "chestGranted": false, "championPoints": 977, "championPointsSinceLastLevel": 977, "playerId": 21661, "championPointsUntilNextLevel": 823, "tokensEarned": 0, "championId": 201, "lastPlayTime": 1443317034000}, {"championLevel": 1, "chestGranted": false, "championPoints": 497, "championPointsSinceLastLevel": 497, "playerId": 21661, "championPointsUntilNextLevel": 1303, "tokensEarned": 0, "championId": 22, "lastPlayTime": 1453869096000}, {"championLevel": 1, "chestGranted": false, "championPoints": 240, "championPointsSinceLastLevel": 240, "playerId": 21661, "championPointsUntilNextLevel": 1560, "tokensEarned": 0, "championId": 131, "lastPlayTime": 1453871810000}, {"championLevel": 1, "chestGranted": false, "championPoints": 186, "championPointsSinceLastLevel": 186, "playerId": 21661, "championPointsUntilNextLevel": 1614, "tokensEarned": 0, "championId": 104, "lastPlayTime": 1433800596000}, {"championLevel": 1, "chestGranted": false, "championPoints": 184, "championPointsSinceLastLevel": 184, "playerId": 21661, "championPointsUntilNextLevel": 1616, "tokensEarned": 0, "championId": 1, "lastPlayTime": 1444245995000}, {"championLevel": 1, "chestGranted": false, "championPoints": 182, "championPointsSinceLastLevel": 182, "playerId": 21661, "championPointsUntilNextLevel": 1618, "tokensEarned": 0, "championId": 51, "lastPlayTime": 1445109530000}, {"championLevel": 1, "chestGranted": false, "championPoints": 133, "championPointsSinceLastLevel": 133, "playerId": 21661, "championPointsUntilNextLevel": 1667, "tokensEarned": 0, "championId": 36, "lastPlayTime": 1444241192000}]