[{"championLevel": 5, "chestGranted": false, "championPoints": 29226, "championPointsSinceLastLevel": 7626, "playerId": 21668, "championPointsUntilNextLevel": 0, "tokensEarned": 0, "championId": 55, "lastPlayTime": 1440038487000}, {"championLevel": 4, "chestGranted": false, "championPoints": 15027, "championPointsSinceLastLevel": 2427, "playerId": 21668, "championPointsUntilNextLevel": 6573, "tokensEarned": 0, "championId": 1, "lastPlayTime": 1440120551000}, {"championLevel": 4, "chestGranted": false, "championPoints": 13376, "championPointsSinceLastLevel": 776, "playerId": 21668, "championPointsUntilNextLevel": 8224, "tokensEarned": 0, "championId": 105, "lastPlayTime": 1439961601000}, {"championLevel": 3, "chestGranted": false, "championPoints": 11278, "championPointsSinceLastLevel": 5278, "playerId": 21668, "championPointsUntilNextLevel": 1322, "tokensEarned": 0, "championId": 245, "lastPlayTime": 1442974358000}, {"championLevel": 3, "chestGranted": false, "championPoints": 10042, "championPointsSinceLastLevel": 4042, "playerId": 21668, "championPointsUntilNextLevel": 2558, "tokensEarned": 0, "championId": 28, "lastPlayTime": 1436989202000}, {"championLevel": 3, "chestGranted": false, "championPoints": 9928, "championPointsSinceLastLevel": 3928, "playerId": 21668, "championPointsUntilNextLevel": 2672, "tokensEarned": 0, "championId": 35, "lastPlayTime": 1443244609000}, {"championLevel": 3, "chestGranted": false, "championPoints": 9500, "championPointsSinceLastLevel": 3500, "playerId": 21668, "championPointsUntilNextLevel": 3100, "tokensEarned": 0, "championId": 111, "lastPlayTime": 1443318977000}, {"championLevel": 3, "chestGranted": false, "championPoints": 9476, "championPointsSinceLastLevel": 3476, "playerId": 21668, "championPointsUntilNextLevel": 3124, "tokensEarned": 0, "championId": 11, "lastPlayTime": 1442615790000}, {"championLevel": 3, "chestGranted": false, "championPoints": 8716, "championPointsSinceLastLevel": 2716, "playerId": 21668, "championPointsUntilNextLevel": 3884, "tokensEarned": 0, "championId": 64, "lastPlayTime": 1442618563000}, {"championLevel": 3, "chestGranted": false, "championPoints": 6677, "championPointsSinceLastLevel": 677, "playerId": 21668, "championPointsUntilNextLevel": 5923, "tokensEarned": 0, "championId": 2, "lastPlayTime": 1442542847000}, {"championLevel": 2, "chestGranted": false, "championPoints": 5613, "championPointsSinceLastLevel": 3813, "playerId": 21668, "championPointsUntilNextLevel": 387, "tokensEarned": 0, "championId": 121, "lastPlayTime": 1436765260000}, {"championLevel": 2, "chestGranted": false, "championPoints": 5545, "championPointsSinceLastLevel": 3745, "playerId": 21668, "championPointsUntilNextLevel": 455, "tokensEarned": 0, "championId": 61, "lastPlayTime": 1437121636000}, {"championLevel": 2, "chestGranted": false, "championPoints": 5349, "championPointsSinceLastLevel": 3549, "playerId": 21668, "championPointsUntilNextLevel": 651, "tokensEarned": 0, "championId": 37, "lastPlayTime": 1442110906000}, {"championLevel": 2, "chestGranted": false, "championPoints": 5341, "championPointsSinceLastLevel": 3541, "playerId": 21668, "championPointsUntilNextLevel": 659, "tokensEarned": 0, "championId": 120, "lastPlayTime": 1437195644000}, {"championLevel": 2, "chestGranted": false, "championPoints": 5006, "championPointsSinceLastLevel": 3206, "playerId": 21668, "championPointsUntilNextLevel": 994, "tokensEarned": 0, "championId": 101, "lastPlayTime": 1442441039000}, {"championLevel": 2, "chestGranted": false, "championPoints": 4818, "championPointsSinceLastLevel": 3018, "playerId": 21668, "championPointsUntilNextLevel": 1182, "tokensEarned": 0, "championId": 81, "lastPlayTime": 1434822560000}, {"championLevel": 2, "chestGranted": false, "championPoints": 4639, "championPointsSinceLastLevel": 2839, "playerId": 21668, "championPointsUntilNextLevel": 1361, "tokensEarned": 0, "championId": 113, "lastPlayTime": 1442114345000}, {"championLevel": 2, "chestGranted": false, "championPoints": 4312, "championPointsSinceLastLevel": 2512, "playerId": 21668, "championPointsUntilNextLevel": 1688, "tokensEarned": 0, "championId": 53, "lastPlayTime": 1437259046000}, {"championLevel": 2, "chestGranted": false, "championPoints": 4304, "championPointsSinceLastLevel": 2504, "playerId": 21668, "championPointsUntilNextLevel": 1696, "tokensEarned": 0, "championId": 32, "lastPlayTime": 1436158033000}, {"championLevel": 2, "chestGranted": false, "championPoints": 4222, "championPointsSinceLastLevel": 2422, "playerId": 21668, "championPointsUntilNextLevel": 1778, "tokensEarned": 0, "championId": 8, "lastPlayTime": 1437179779000}, {"championLevel": 2, "chestGranted": false, "championPoints": 3808, "championPointsSinceLastLevel": 2008, "playerId": 21668, "championPointsUntilNextLevel": 2192, "tokensEarned": 0, "championId": 161, "lastPlayTime": 1437181951000}, {"championLevel": 2, "chestGranted": false, "championPoints": 3697, "championPointsSinceLastLevel": 1897, "playerId": 21668, "championPointsUntilNextLevel": 2303, "tokensEarned": 0, "championId": 54, "lastPlayTime": 1436848456000}, {"championLevel": 2, "chestGranted": false, "championPoints": 3069, "championPointsSinceLastLevel": 1269, "playerId": 21668, "championPointsUntilNextLevel": 2931, "tokensEarned": 0, "championId": 14, "lastPlayTime": 1436676417000}, {"championLevel": 2, "chestGranted": false, "championPoints": 2970, "championPointsSinceLastLevel": 1170, "playerId": 21668, "championPointsUntilNextLevel": 3030, "tokensEarned": 0, "championId": 222, "lastPlayTime": 1443242198000}, {"championLevel": 2, "chestGranted": false, "championPoints": 2963, "championPointsSinceLastLevel": 1163, "playerId": 21668, "championPointsUntilNextLevel": 3037, "tokensEarned": 0, "championId": 23, "lastPlayTime": 1439958560000}, {"championLevel": 2, "chestGranted": false, "championPoints": 2961, "championPointsSinceLastLevel": 1161, "playerId": 21668, "championPointsUntilNextLevel": 3039, "tokensEarned": 0, "championId": 67, "lastPlayTime": 1442614111000}, {"championLevel": 2, "chestGranted": false, "championPoints": 2939, "championPointsSinceLastLevel": 1139, "playerId": 21668, "championPointsUntilNextLevel": 3061, "tokensEarned": 0, "championId": 63, "lastPlayTime": 1435539692000}, {"championLevel": 2, "chestGranted": false, "championPoints": 2898, "championPointsSinceLastLevel": 1098, "playerId": 21668, "championPointsUntilNextLevel": 3102, "tokensEarned": 0, "championId": 266, "lastPlayTime": 1436679365000}, {"championLevel": 2, "chestGranted": false, "championPoints": 2739, "championPointsSinceLastLevel": 939, "playerId": 21668, "championPointsUntilNextLevel": 3261, "tokensEarned": 0, "championId": 5, "lastPlayTime": 1437166893000}, {"championLevel": 2, "chestGranted": false, "championPoints": 2641, "championPointsSinceLastLevel": 841, "playerId": 21668, "championPointsUntilNextLevel": 3359, "tokensEarned": 0, "championId": 9, "lastPlayTime": 1443239398000}, {"championLevel": 2, "chestGranted": false, "championPoints": 2582, "championPointsSinceLastLevel": 782, "playerId": 21668, "championPointsUntilNextLevel": 3418, "tokensEarned": 0, "championId": 131, "lastPlayTime": 1437176081000}, {"championLevel": 2, "chestGranted": false, "championPoints": 2495, "championPointsSinceLastLevel": 695, "playerId": 21668, "championPointsUntilNextLevel": 3505, "tokensEarned": 0, "championId": 20, "lastPlayTime": 1435901325000}, {"championLevel": 2, "chestGranted": false, "championPoints": 2484, "championPointsSinceLastLevel": 684, "playerId": 21668, "championPointsUntilNextLevel": 3516, "tokensEarned": 0, "championId": 119, "lastPlayTime": 1435899061000}, {"championLevel": 2, "chestGranted": false, "championPoints": 2358, "championPointsSinceLastLevel": 558, "playerId": 21668, "championPointsUntilNextLevel": 3642, "tokensEarned": 0, "championId": 90, "lastPlayTime": 1442549754000}, {"championLevel": 2, "chestGranted": false, "championPoints": 2272, "championPointsSinceLastLevel": 472, "playerId": 21668, "championPointsUntilNextLevel": 3728, "tokensEarned": 0, "championId": 29, "lastPlayTime": 1437173217000}, {"championLevel": 2, "chestGranted": false, "championPoints": 2052, "championPointsSinceLastLevel": 252, "playerId": 21668, "championPointsUntilNextLevel": 3948, "tokensEarned": 0, "championId": 107, "lastPlayTime": 1437198275000}, {"championLevel": 2, "chestGranted": false, "championPoints": 1913, "championPointsSinceLastLevel": 113, "playerId": 21668, "championPointsUntilNextLevel": 4087, "tokensEarned": 0, "championId": 102, "lastPlayTime": 1436742758000}, {"championLevel": 2, "chestGranted": false, "championPoints": 1893, "championPointsSinceLastLevel": 93, "playerId": 21668, "championPointsUntilNextLevel": 4107, "tokensEarned": 0, "championId": 154, "lastPlayTime": 1433669809000}, {"championLevel": 2, "chestGranted": false, "championPoints": 1875, "championPointsSinceLastLevel": 75, "playerId": 21668, "championPointsUntilNextLevel": 4125, "tokensEarned": 0, "championId": 89, "lastPlayTime": 1442977549000}, {"championLevel": 2, "chestGranted": false, "championPoints": 1803, "championPointsSinceLastLevel": 3, "playerId": 21668, "championPointsUntilNextLevel": 4197, "tokensEarned": 0, "championId": 51, "lastPlayTime": 1437072083000}, {"championLevel": 1, "chestGranted": false, "championPoints": 1696, "championPointsSinceLastLevel": 1696, "playerId": 21668, "championPointsUntilNextLevel": 104, "tokensEarned": 0, "championId": 421, "lastPlayTime": 1438990745000}, {"championLevel": 1, "chestGranted": false, "championPoints": 1631, "championPointsSinceLastLevel": 1631, "playerId": 21668, "championPointsUntilNextLevel": 169, "tokensEarned": 0, "championId": 39, "lastPlayTime": 1440132590000}, {"championLevel": 1, "chestGranted": false, "championPoints": 1622, "championPointsSinceLastLevel": 1622, "playerId": 21668, "championPointsUntilNextLevel": 178, "tokensEarned": 0, "championId": 59, "lastPlayTime": 1443341757000}, {"championLevel": 1, "chestGranted": false, "championPoints": 1605, "championPointsSinceLastLevel": 1605, "playerId": 21668, "championPointsUntilNextLevel": 195, "tokensEarned": 0, "championId": 84, "lastPlayTime": 1437170293000}, {"championLevel": 1, "chestGranted": false, "championPoints": 1594, "championPointsSinceLastLevel": 1594, "playerId": 21668, "championPointsUntilNextLevel": 206, "tokensEarned": 0, "championId": 76, "lastPlayTime": 1436751643000}, {"championLevel": 1, "chestGranted": false, "championPoints": 1589, "championPointsSinceLastLevel": 1589, "playerId": 21668, "championPointsUntilNextLevel": 211, "tokensEarned": 0, "championId": 74, "lastPlayTime": 1434947059000}, {"championLevel": 1, "chestGranted": false, "championPoints": 1514, "championPointsSinceLastLevel": 1514, "playerId": 21668, "championPointsUntilNextLevel": 286, "tokensEarned": 0, "championId": 98, "lastPlayTime": 1438996849000}, {"championLevel": 1, "chestGranted": false, "championPoints": 1503, "championPointsSinceLastLevel": 1503, "playerId": 21668, "championPointsUntilNextLevel": 297, "tokensEarned": 0, "championId": 79, "lastPlayTime": 1435463834000}, {"championLevel": 1, "chestGranted": false, "championPoints": 1476, "championPointsSinceLastLevel": 1476, "playerId": 21668, "championPointsUntilNextLevel": 324, "tokensEarned": 0, "championId": 238, "lastPlayTime": 1434572195000}, {"championLevel": 1, "chestGranted": false, "championPoints": 1474, "championPointsSinceLastLevel": 1474, "playerId": 21668, "championPointsUntilNextLevel": 326, "tokensEarned": 0, "championId": 18, "lastPlayTime": 1435526084000}, {"championLevel": 1, "chestGranted": false, "championPoints": 1467, "championPointsSinceLastLevel": 1467, "playerId": 21668, "championPointsUntilNextLevel": 333, "tokensEarned": 0, "championId": 75, "lastPlayTime": 1442545291000}, {"championLevel": 1, "chestGranted": false, "championPoints": 1451, "championPointsSinceLastLevel": 1451, "playerId": 21668, "championPointsUntilNextLevel": 349, "tokensEarned": 0, "championId": 254, "lastPlayTime": 1432326962000}, {"championLevel": 1, "chestGranted": false, "championPoints": 1449, "championPointsSinceLastLevel": 1449, "playerId": 21668, "championPointsUntilNextLevel": 351, "tokensEarned": 0, "championId": 48, "lastPlayTime": 1431820943000}, {"championLevel": 1, "chestGranted": false, "championPoints": 1417, "championPointsSinceLastLevel": 1417, "playerId": 21668, "championPointsUntilNextLevel": 383, "tokensEarned": 0, "championId": 13, "lastPlayTime": 1434429164000}, {"championLevel": 1, "chestGranted": false, "championPoints": 1214, "championPointsSinceLastLevel": 1214, "playerId": 21668, "championPointsUntilNextLevel": 586, "tokensEarned": 0, "championId": 115, "lastPlayTime": 1436594083000}, {"championLevel": 1, "chestGranted": false, "championPoints": 1189, "championPointsSinceLastLevel": 1189, "playerId": 21668, "championPointsUntilNextLevel": 611, "tokensEarned": 0, "championId": 68, "lastPlayTime": 1436588689000}, {"championLevel": 1, "chestGranted": false, "championPoints": 889, "championPointsSinceLastLevel": 889, "playerId": 21668, "championPointsUntilNextLevel": 911, "tokensEarned": 0, "championId": 31, "lastPlayTime": 1437449105000}, {"championLevel": 1, "chestGranted": false, "championPoints": 846, "championPointsSinceLastLevel": 846, "playerId": 21668, "championPointsUntilNextLevel": 954, "tokensEarned": 0, "championId": 72, "lastPlayTime": 1436152375000}, {"championLevel": 1, "chestGranted": false, "championPoints": 616, "championPointsSinceLastLevel": 616, "playerId": 21668, "championPointsUntilNextLevel": 1184, "tokensEarned": 0, "championId": 56, "lastPlayTime": 1435028474000}, {"championLevel": 1, "chestGranted": false, "championPoints": 421, "championPointsSinceLastLevel": 421, "playerId": 21668, "championPointsUntilNextLevel": 1379, "tokensEarned": 0, "championId": 30, "lastPlayTime": 1435371739000}, {"championLevel": 1, "chestGranted": false, "championPoints": 418, "championPointsSinceLastLevel": 418, "playerId": 21668, "championPointsUntilNextLevel": 1382, "tokensEarned": 0, "championId": 17, "lastPlayTime": 1435527724000}, {"championLevel": 1, "chestGranted": false, "championPoints": 395, "championPointsSinceLastLevel": 395, "playerId": 21668, "championPointsUntilNextLevel": 1405, "tokensEarned": 0, "championId": 77, "lastPlayTime": 1437019283000}, {"championLevel": 1, "chestGranted": false, "championPoints": 354, "championPointsSinceLastLevel": 354, "playerId": 21668, "championPointsUntilNextLevel": 1446, "tokensEarned": 0, "championId": 106, "lastPlayTime": 1433664404000}, {"championLevel": 1, "chestGranted": false, "championPoints": 342, "championPointsSinceLastLevel": 342, "playerId": 21668, "championPointsUntilNextLevel": 1458, "tokensEarned": 0, "championId": 10, "lastPlayTime": 1437002042000}, {"championLevel": 1, "chestGranted": false, "championPoints": 321, "championPointsSinceLastLevel": 321, "playerId": 21668, "championPointsUntilNextLevel": 1479, "tokensEarned": 0, "championId": 62, "lastPlayTime": 1434347191000}, {"championLevel": 1, "chestGranted": false, "championPoints": 296, "championPointsSinceLastLevel": 296, "playerId": 21668, "championPointsUntilNextLevel": 1504, "tokensEarned": 0, "championId": 19, "lastPlayTime": 1435897189000}, {"championLevel": 1, "chestGranted": false, "championPoints": 282, "championPointsSinceLastLevel": 282, "playerId": 21668, "championPointsUntilNextLevel": 1518, "tokensEarned": 0, "championId": 114, "lastPlayTime": 1443344858000}, {"championLevel": 1, "chestGranted": false, "championPoints": 275, "championPointsSinceLastLevel": 275, "playerId": 21668, "championPointsUntilNextLevel": 1525, "tokensEarned": 0, "championId": 60, "lastPlayTime": 1435888505000}, {"championLevel": 1, "chestGranted": false, "championPoints": 244, "championPointsSinceLastLevel": 244, "playerId": 21668, "championPointsUntilNextLevel": 1556, "tokensEarned": 0, "championId": 103, "lastPlayTime": 1434598197000}, {"championLevel": 1, "chestGranted": false, "championPoints": 229, "championPointsSinceLastLevel": 229, "playerId": 21668, "championPointsUntilNextLevel": 1571, "tokensEarned": 0, "championId": 78, "lastPlayTime": 1437458148000}, {"championLevel": 1, "chestGranted": false, "championPoints": 215, "championPointsSinceLastLevel": 215, "playerId": 21668, "championPointsUntilNextLevel": 1585, "tokensEarned": 0, "championId": 133, "lastPlayTime": 1436754676000}, {"championLevel": 1, "chestGranted": false, "championPoints": 199, "championPointsSinceLastLevel": 199, "playerId": 21668, "championPointsUntilNextLevel": 1601, "tokensEarned": 0, "championId": 201, "lastPlayTime": 1431393587000}, {"championLevel": 1, "chestGranted": false, "championPoints": 197, "championPointsSinceLastLevel": 197, "playerId": 21668, "championPointsUntilNextLevel": 1603, "tokensEarned": 0, "championId": 99, "lastPlayTime": 1437079041000}, {"championLevel": 1, "chestGranted": false, "championPoints": 186, "championPointsSinceLastLevel": 186, "playerId": 21668, "championPointsUntilNextLevel": 1614, "tokensEarned": 0, "championId": 42, "lastPlayTime": 1432268859000}, {"championLevel": 1, "chestGranted": false, "championPoints": 169, "championPointsSinceLastLevel": 169, "playerId": 21668, "championPointsUntilNextLevel": 1631, "tokensEarned": 0, "championId": 127, "lastPlayTime": 1433384485000}, {"championLevel": 1, "chestGranted": false, "championPoints": 152, "championPointsSinceLastLevel": 152, "playerId": 21668, "championPointsUntilNextLevel": 1648, "tokensEarned": 0, "championId": 57, "lastPlayTime": 1437108421000}]