[{"championLevel": 6, "chestGranted": true, "championPoints": 61431, "championPointsSinceLastLevel": 39831, "playerId": 21666, "championPointsUntilNextLevel": 0, "tokensEarned": 0, "championId": 64, "lastPlayTime": 1464864131000}, {"championLevel": 5, "chestGranted": true, "championPoints": 27288, "championPointsSinceLastLevel": 5688, "playerId": 21666, "championPointsUntilNextLevel": 0, "tokensEarned": 0, "championId": 412, "lastPlayTime": 1464714468000}, {"championLevel": 4, "chestGranted": false, "championPoints": 17813, "championPointsSinceLastLevel": 5213, "playerId": 21666, "championPointsUntilNextLevel": 3787, "tokensEarned": 0, "championId": 2, "lastPlayTime": 1465405309000}, {"championLevel": 3, "chestGranted": true, "championPoints": 11300, "championPointsSinceLastLevel": 5300, "playerId": 21666, "championPointsUntilNextLevel": 1300, "tokensEarned": 0, "championId": 201, "lastPlayTime": 1462647044000}, {"championLevel": 3, "chestGranted": true, "championPoints": 9884, "championPointsSinceLastLevel": 3884, "playerId": 21666, "championPointsUntilNextLevel": 2716, "tokensEarned": 0, "championId": 18, "lastPlayTime": 1459578164000}, {"championLevel": 3, "chestGranted": true, "championPoints": 8051, "championPointsSinceLastLevel": 2051, "playerId": 21666, "championPointsUntilNextLevel": 4549, "tokensEarned": 0, "championId": 17, "lastPlayTime": 1468293935000}, {"championLevel": 3, "chestGranted": false, "championPoints": 7464, "championPointsSinceLastLevel": 1464, "playerId": 21666, "championPointsUntilNextLevel": 5136, "tokensEarned": 0, "championId": 267, "lastPlayTime": 1444416768000}, {"championLevel": 3, "chestGranted": true, "championPoints": 7139, "championPointsSinceLastLevel": 1139, "playerId": 21666, "championPointsUntilNextLevel": 5461, "tokensEarned": 0, "championId": 99, "lastPlayTime": 1464517577000}, {"championLevel": 2, "chestGranted": true, "championPoints": 5996, "championPointsSinceLastLevel": 4196, "playerId": 21666, "championPointsUntilNextLevel": 4, "tokensEarned": 0, "championId": 9, "lastPlayTime": 1468297757000}, {"championLevel": 2, "chestGranted": false, "championPoints": 5970, "championPointsSinceLastLevel": 4170, "playerId": 21666, "championPointsUntilNextLevel": 30, "tokensEarned": 0, "championId": 238, "lastPlayTime": 1460315635000}, {"championLevel": 2, "chestGranted": false, "championPoints": 5646, "championPointsSinceLastLevel": 3846, "playerId": 21666, "championPointsUntilNextLevel": 354, "tokensEarned": 0, "championId": 12, "lastPlayTime": 1459791480000}, {"championLevel": 2, "chestGranted": false, "championPoints": 5397, "championPointsSinceLastLevel": 3597, "playerId": 21666, "championPointsUntilNextLevel": 603, "tokensEarned": 0, "championId": 59, "lastPlayTime": 1463991491000}, {"championLevel": 2, "chestGranted": false, "championPoints": 5238, "championPointsSinceLastLevel": 3438, "playerId": 21666, "championPointsUntilNextLevel": 762, "tokensEarned": 0, "championId": 8, "lastPlayTime": 1464341084000}, {"championLevel": 2, "chestGranted": true, "championPoints": 4932, "championPointsSinceLastLevel": 3132, "playerId": 21666, "championPointsUntilNextLevel": 1068, "tokensEarned": 0, "championId": 117, "lastPlayTime": 1464430712000}, {"championLevel": 2, "chestGranted": false, "championPoints": 4436, "championPointsSinceLastLevel": 2636, "playerId": 21666, "championPointsUntilNextLevel": 1564, "tokensEarned": 0, "championId": 1, "lastPlayTime": 1437013131000}, {"championLevel": 2, "chestGranted": false, "championPoints": 4357, "championPointsSinceLastLevel": 2557, "playerId": 21666, "championPointsUntilNextLevel": 1643, "tokensEarned": 0, "championId": 45, "lastPlayTime": 1464721569000}, {"championLevel": 2, "chestGranted": false, "championPoints": 4343, "championPointsSinceLastLevel": 2543, "playerId": 21666, "championPointsUntilNextLevel": 1657, "tokensEarned": 0, "championId": 432, "lastPlayTime": 1464433125000}, {"championLevel": 2, "chestGranted": false, "championPoints": 3805, "championPointsSinceLastLevel": 2005, "playerId": 21666, "championPointsUntilNextLevel": 2195, "tokensEarned": 0, "championId": 119, "lastPlayTime": 1464512873000}, {"championLevel": 2, "chestGranted": true, "championPoints": 3728, "championPointsSinceLastLevel": 1928, "playerId": 21666, "championPointsUntilNextLevel": 2272, "tokensEarned": 0, "championId": 44, "lastPlayTime": 1465129440000}, {"championLevel": 2, "chestGranted": true, "championPoints": 3378, "championPointsSinceLastLevel": 1578, "playerId": 21666, "championPointsUntilNextLevel": 2622, "tokensEarned": 0, "championId": 68, "lastPlayTime": 1465320867000}, {"championLevel": 2, "chestGranted": false, "championPoints": 3164, "championPointsSinceLastLevel": 1364, "playerId": 21666, "championPointsUntilNextLevel": 2836, "tokensEarned": 0, "championId": 7, "lastPlayTime": 1459576449000}, {"championLevel": 2, "chestGranted": false, "championPoints": 2953, "championPointsSinceLastLevel": 1153, "playerId": 21666, "championPointsUntilNextLevel": 3047, "tokensEarned": 0, "championId": 40, "lastPlayTime": 1459663496000}, {"championLevel": 2, "chestGranted": false, "championPoints": 2807, "championPointsSinceLastLevel": 1007, "playerId": 21666, "championPointsUntilNextLevel": 3193, "tokensEarned": 0, "championId": 101, "lastPlayTime": 1468290480000}, {"championLevel": 2, "chestGranted": false, "championPoints": 2684, "championPointsSinceLastLevel": 884, "playerId": 21666, "championPointsUntilNextLevel": 3316, "tokensEarned": 0, "championId": 16, "lastPlayTime": 1444173053000}, {"championLevel": 2, "chestGranted": false, "championPoints": 2463, "championPointsSinceLastLevel": 663, "playerId": 21666, "championPointsUntilNextLevel": 3537, "tokensEarned": 0, "championId": 107, "lastPlayTime": 1464774878000}, {"championLevel": 2, "chestGranted": false, "championPoints": 2460, "championPointsSinceLastLevel": 660, "playerId": 21666, "championPointsUntilNextLevel": 3540, "tokensEarned": 0, "championId": 222, "lastPlayTime": 1462729820000}, {"championLevel": 2, "chestGranted": true, "championPoints": 2453, "championPointsSinceLastLevel": 653, "playerId": 21666, "championPointsUntilNextLevel": 3547, "tokensEarned": 0, "championId": 134, "lastPlayTime": 1462656456000}, {"championLevel": 2, "chestGranted": false, "championPoints": 2367, "championPointsSinceLastLevel": 567, "playerId": 21666, "championPointsUntilNextLevel": 3633, "tokensEarned": 0, "championId": 429, "lastPlayTime": 1440404591000}, {"championLevel": 2, "chestGranted": false, "championPoints": 2315, "championPointsSinceLastLevel": 515, "playerId": 21666, "championPointsUntilNextLevel": 3685, "tokensEarned": 0, "championId": 120, "lastPlayTime": 1462857712000}, {"championLevel": 2, "chestGranted": false, "championPoints": 2168, "championPointsSinceLastLevel": 368, "playerId": 21666, "championPointsUntilNextLevel": 3832, "tokensEarned": 0, "championId": 67, "lastPlayTime": 1436620058000}, {"championLevel": 2, "chestGranted": false, "championPoints": 1959, "championPointsSinceLastLevel": 159, "playerId": 21666, "championPointsUntilNextLevel": 4041, "tokensEarned": 0, "championId": 150, "lastPlayTime": 1464861647000}, {"championLevel": 2, "chestGranted": true, "championPoints": 1829, "championPointsSinceLastLevel": 29, "playerId": 21666, "championPointsUntilNextLevel": 4171, "tokensEarned": 0, "championId": 80, "lastPlayTime": 1460877593000}, {"championLevel": 1, "chestGranted": false, "championPoints": 1782, "championPointsSinceLastLevel": 1782, "playerId": 21666, "championPointsUntilNextLevel": 18, "tokensEarned": 0, "championId": 14, "lastPlayTime": 1462767406000}, {"championLevel": 1, "chestGranted": false, "championPoints": 1459, "championPointsSinceLastLevel": 1459, "playerId": 21666, "championPointsUntilNextLevel": 341, "tokensEarned": 0, "championId": 37, "lastPlayTime": 1431671824000}, {"championLevel": 1, "chestGranted": false, "championPoints": 1459, "championPointsSinceLastLevel": 1459, "playerId": 21666, "championPointsUntilNextLevel": 341, "tokensEarned": 0, "championId": 154, "lastPlayTime": 1437541667000}, {"championLevel": 1, "chestGranted": true, "championPoints": 1411, "championPointsSinceLastLevel": 1411, "playerId": 21666, "championPointsUntilNextLevel": 389, "tokensEarned": 0, "championId": 96, "lastPlayTime": 1462816619000}, {"championLevel": 1, "chestGranted": false, "championPoints": 1299, "championPointsSinceLastLevel": 1299, "playerId": 21666, "championPointsUntilNextLevel": 501, "tokensEarned": 0, "championId": 35, "lastPlayTime": 1434750017000}, {"championLevel": 1, "chestGranted": false, "championPoints": 1266, "championPointsSinceLastLevel": 1266, "playerId": 21666, "championPointsUntilNextLevel": 534, "tokensEarned": 0, "championId": 53, "lastPlayTime": 1437028478000}, {"championLevel": 1, "chestGranted": true, "championPoints": 1225, "championPointsSinceLastLevel": 1225, "playerId": 21666, "championPointsUntilNextLevel": 575, "tokensEarned": 0, "championId": 245, "lastPlayTime": 1464679924000}, {"championLevel": 1, "chestGranted": false, "championPoints": 1039, "championPointsSinceLastLevel": 1039, "playerId": 21666, "championPointsUntilNextLevel": 761, "tokensEarned": 0, "championId": 74, "lastPlayTime": 1460317376000}, {"championLevel": 1, "chestGranted": false, "championPoints": 914, "championPointsSinceLastLevel": 914, "playerId": 21666, "championPointsUntilNextLevel": 886, "tokensEarned": 0, "championId": 77, "lastPlayTime": 1460748940000}, {"championLevel": 1, "chestGranted": false, "championPoints": 907, "championPointsSinceLastLevel": 907, "playerId": 21666, "championPointsUntilNextLevel": 893, "tokensEarned": 0, "championId": 34, "lastPlayTime": 1461431039000}, {"championLevel": 1, "chestGranted": false, "championPoints": 889, "championPointsSinceLastLevel": 889, "playerId": 21666, "championPointsUntilNextLevel": 911, "tokensEarned": 0, "championId": 202, "lastPlayTime": 1462564951000}, {"championLevel": 1, "chestGranted": true, "championPoints": 888, "championPointsSinceLastLevel": 888, "playerId": 21666, "championPointsUntilNextLevel": 912, "tokensEarned": 0, "championId": 26, "lastPlayTime": 1468292497000}, {"championLevel": 1, "chestGranted": false, "championPoints": 862, "championPointsSinceLastLevel": 862, "playerId": 21666, "championPointsUntilNextLevel": 938, "tokensEarned": 0, "championId": 36, "lastPlayTime": 1460337797000}, {"championLevel": 1, "chestGranted": false, "championPoints": 860, "championPointsSinceLastLevel": 860, "playerId": 21666, "championPointsUntilNextLevel": 940, "tokensEarned": 0, "championId": 30, "lastPlayTime": 1460745373000}, {"championLevel": 1, "chestGranted": false, "championPoints": 857, "championPointsSinceLastLevel": 857, "playerId": 21666, "championPointsUntilNextLevel": 943, "tokensEarned": 0, "championId": 63, "lastPlayTime": 1461392798000}, {"championLevel": 1, "chestGranted": false, "championPoints": 826, "championPointsSinceLastLevel": 826, "playerId": 21666, "championPointsUntilNextLevel": 974, "tokensEarned": 0, "championId": 55, "lastPlayTime": 1462558629000}, {"championLevel": 1, "chestGranted": false, "championPoints": 562, "championPointsSinceLastLevel": 562, "playerId": 21666, "championPointsUntilNextLevel": 1238, "tokensEarned": 0, "championId": 136, "lastPlayTime": 1460746935000}, {"championLevel": 1, "chestGranted": false, "championPoints": 516, "championPointsSinceLastLevel": 516, "playerId": 21666, "championPointsUntilNextLevel": 1284, "tokensEarned": 0, "championId": 20, "lastPlayTime": 1434288969000}, {"championLevel": 1, "chestGranted": false, "championPoints": 490, "championPointsSinceLastLevel": 490, "playerId": 21666, "championPointsUntilNextLevel": 1310, "tokensEarned": 0, "championId": 122, "lastPlayTime": 1460751500000}, {"championLevel": 1, "chestGranted": false, "championPoints": 432, "championPointsSinceLastLevel": 432, "playerId": 21666, "championPointsUntilNextLevel": 1368, "tokensEarned": 0, "championId": 15, "lastPlayTime": 1461613134000}, {"championLevel": 1, "chestGranted": false, "championPoints": 286, "championPointsSinceLastLevel": 286, "playerId": 21666, "championPointsUntilNextLevel": 1514, "tokensEarned": 0, "championId": 51, "lastPlayTime": 1435658964000}, {"championLevel": 1, "chestGranted": false, "championPoints": 261, "championPointsSinceLastLevel": 261, "playerId": 21666, "championPointsUntilNextLevel": 1539, "tokensEarned": 0, "championId": 41, "lastPlayTime": 1435486639000}, {"championLevel": 1, "chestGranted": false, "championPoints": 255, "championPointsSinceLastLevel": 255, "playerId": 21666, "championPointsUntilNextLevel": 1545, "tokensEarned": 0, "championId": 104, "lastPlayTime": 1464850275000}, {"championLevel": 1, "chestGranted": false, "championPoints": 253, "championPointsSinceLastLevel": 253, "playerId": 21666, "championPointsUntilNextLevel": 1547, "tokensEarned": 0, "championId": 11, "lastPlayTime": 1442974069000}, {"championLevel": 1, "chestGranted": false, "championPoints": 221, "championPointsSinceLastLevel": 221, "playerId": 21666, "championPointsUntilNextLevel": 1579, "tokensEarned": 0, "championId": 75, "lastPlayTime": 1463766941000}, {"championLevel": 1, "chestGranted": false, "championPoints": 192, "championPointsSinceLastLevel": 192, "playerId": 21666, "championPointsUntilNextLevel": 1608, "tokensEarned": 0, "championId": 157, "lastPlayTime": 1464778047000}, {"championLevel": 1, "chestGranted": false, "championPoints": 179, "championPointsSinceLastLevel": 179, "playerId": 21666, "championPointsUntilNextLevel": 1621, "tokensEarned": 0, "championId": 83, "lastPlayTime": 1463393504000}, {"championLevel": 1, "chestGranted": false, "championPoints": 171, "championPointsSinceLastLevel": 171, "playerId": 21666, "championPointsUntilNextLevel": 1629, "tokensEarned": 0, "championId": 268, "lastPlayTime": 1461432819000}, {"championLevel": 1, "chestGranted": false, "championPoints": 165, "championPointsSinceLastLevel": 165, "playerId": 21666, "championPointsUntilNextLevel": 1635, "tokensEarned": 0, "championId": 13, "lastPlayTime": 1434800135000}, {"championLevel": 1, "chestGranted": false, "championPoints": 163, "championPointsSinceLastLevel": 163, "playerId": 21666, "championPointsUntilNextLevel": 1637, "tokensEarned": 0, "championId": 89, "lastPlayTime": 1434702123000}, {"championLevel": 1, "chestGranted": false, "championPoints": 156, "championPointsSinceLastLevel": 156, "playerId": 21666, "championPointsUntilNextLevel": 1644, "tokensEarned": 0, "championId": 161, "lastPlayTime": 1462731537000}, {"championLevel": 1, "chestGranted": false, "championPoints": 124, "championPointsSinceLastLevel": 124, "playerId": 21666, "championPointsUntilNextLevel": 1676, "tokensEarned": 0, "championId": 254, "lastPlayTime": 1460946358000}]