[{"championLevel": 7, "chestGranted": true, "championPoints": 379683, "championPointsSinceLastLevel": 358083, "playerId": 21676, "championPointsUntilNextLevel": 0, "tokensEarned": 0, "championId": 17, "lastPlayTime": 1468988810000}, {"championLevel": 4, "chestGranted": false, "championPoints": 19598, "championPointsSinceLastLevel": 6998, "playerId": 21676, "championPointsUntilNextLevel": 2002, "tokensEarned": 0, "championId": 48, "lastPlayTime": 1454021124000}, {"championLevel": 3, "chestGranted": false, "championPoints": 11279, "championPointsSinceLastLevel": 5279, "playerId": 21676, "championPointsUntilNextLevel": 1321, "tokensEarned": 0, "championId": 22, "lastPlayTime": 1467090475000}, {"championLevel": 3, "chestGranted": false, "championPoints": 7697, "championPointsSinceLastLevel": 1697, "playerId": 21676, "championPointsUntilNextLevel": 4903, "tokensEarned": 0, "championId": 98, "lastPlayTime": 1446334898000}, {"championLevel": 2, "chestGranted": true, "championPoints": 5959, "championPointsSinceLastLevel": 4159, "playerId": 21676, "championPointsUntilNextLevel": 41, "tokensEarned": 0, "championId": 202, "lastPlayTime": 1468009224000}, {"championLevel": 2, "chestGranted": false, "championPoints": 5490, "championPointsSinceLastLevel": 3690, "playerId": 21676, "championPointsUntilNextLevel": 510, "tokensEarned": 0, "championId": 4, "lastPlayTime": 1456638881000}, {"championLevel": 2, "chestGranted": true, "championPoints": 4469, "championPointsSinceLastLevel": 2669, "playerId": 21676, "championPointsUntilNextLevel": 1531, "tokensEarned": 0, "championId": 26, "lastPlayTime": 1467095294000}, {"championLevel": 2, "chestGranted": true, "championPoints": 3614, "championPointsSinceLastLevel": 1814, "playerId": 21676, "championPointsUntilNextLevel": 2386, "tokensEarned": 0, "championId": 8, "lastPlayTime": 1463954549000}, {"championLevel": 2, "chestGranted": false, "championPoints": 2822, "championPointsSinceLastLevel": 1022, "playerId": 21676, "championPointsUntilNextLevel": 3178, "tokensEarned": 0, "championId": 111, "lastPlayTime": 1441590182000}, {"championLevel": 2, "chestGranted": true, "championPoints": 2640, "championPointsSinceLastLevel": 840, "playerId": 21676, "championPointsUntilNextLevel": 3360, "tokensEarned": 0, "championId": 44, "lastPlayTime": 1467262966000}, {"championLevel": 2, "chestGranted": false, "championPoints": 2242, "championPointsSinceLastLevel": 442, "playerId": 21676, "championPointsUntilNextLevel": 3758, "tokensEarned": 0, "championId": 59, "lastPlayTime": 1453942443000}, {"championLevel": 1, "chestGranted": true, "championPoints": 1784, "championPointsSinceLastLevel": 1784, "playerId": 21676, "championPointsUntilNextLevel": 16, "tokensEarned": 0, "championId": 412, "lastPlayTime": 1467668893000}, {"championLevel": 1, "chestGranted": false, "championPoints": 1676, "championPointsSinceLastLevel": 1676, "playerId": 21676, "championPointsUntilNextLevel": 124, "tokensEarned": 0, "championId": 432, "lastPlayTime": 1463889802000}, {"championLevel": 1, "chestGranted": false, "championPoints": 1511, "championPointsSinceLastLevel": 1511, "playerId": 21676, "championPointsUntilNextLevel": 289, "tokensEarned": 0, "championId": 81, "lastPlayTime": 1466402191000}, {"championLevel": 1, "chestGranted": false, "championPoints": 1352, "championPointsSinceLastLevel": 1352, "playerId": 21676, "championPointsUntilNextLevel": 448, "tokensEarned": 0, "championId": 25, "lastPlayTime": 1467880435000}, {"championLevel": 1, "chestGranted": false, "championPoints": 1307, "championPointsSinceLastLevel": 1307, "playerId": 21676, "championPointsUntilNextLevel": 493, "tokensEarned": 0, "championId": 78, "lastPlayTime": 1452033693000}, {"championLevel": 1, "chestGranted": false, "championPoints": 1286, "championPointsSinceLastLevel": 1286, "playerId": 21676, "championPointsUntilNextLevel": 514, "tokensEarned": 0, "championId": 32, "lastPlayTime": 1452120690000}, {"championLevel": 1, "chestGranted": false, "championPoints": 1273, "championPointsSinceLastLevel": 1273, "playerId": 21676, "championPointsUntilNextLevel": 527, "tokensEarned": 0, "championId": 36, "lastPlayTime": 1452131993000}, {"championLevel": 1, "chestGranted": false, "championPoints": 1268, "championPointsSinceLastLevel": 1268, "playerId": 21676, "championPointsUntilNextLevel": 532, "tokensEarned": 0, "championId": 24, "lastPlayTime": 1466384924000}, {"championLevel": 1, "chestGranted": false, "championPoints": 1094, "championPointsSinceLastLevel": 1094, "playerId": 21676, "championPointsUntilNextLevel": 706, "tokensEarned": 0, "championId": 16, "lastPlayTime": 1453235712000}, {"championLevel": 1, "chestGranted": false, "championPoints": 1080, "championPointsSinceLastLevel": 1080, "playerId": 21676, "championPointsUntilNextLevel": 720, "tokensEarned": 0, "championId": 80, "lastPlayTime": 1443770882000}, {"championLevel": 1, "chestGranted": true, "championPoints": 976, "championPointsSinceLastLevel": 976, "playerId": 21676, "championPointsUntilNextLevel": 824, "tokensEarned": 0, "championId": 10, "lastPlayTime": 1463883483000}, {"championLevel": 1, "chestGranted": true, "championPoints": 648, "championPointsSinceLastLevel": 648, "playerId": 21676, "championPointsUntilNextLevel": 1152, "tokensEarned": 0, "championId": 1, "lastPlayTime": 1466571603000}, {"championLevel": 1, "chestGranted": false, "championPoints": 639, "championPointsSinceLastLevel": 639, "playerId": 21676, "championPointsUntilNextLevel": 1161, "tokensEarned": 0, "championId": 89, "lastPlayTime": 1454027842000}, {"championLevel": 1, "chestGranted": false, "championPoints": 601, "championPointsSinceLastLevel": 601, "playerId": 21676, "championPointsUntilNextLevel": 1199, "tokensEarned": 0, "championId": 103, "lastPlayTime": 1444116711000}, {"championLevel": 1, "chestGranted": false, "championPoints": 575, "championPointsSinceLastLevel": 575, "playerId": 21676, "championPointsUntilNextLevel": 1225, "tokensEarned": 0, "championId": 41, "lastPlayTime": 1450315507000}, {"championLevel": 1, "chestGranted": false, "championPoints": 485, "championPointsSinceLastLevel": 485, "playerId": 21676, "championPointsUntilNextLevel": 1315, "tokensEarned": 0, "championId": 27, "lastPlayTime": 1467092017000}, {"championLevel": 1, "chestGranted": true, "championPoints": 436, "championPointsSinceLastLevel": 436, "playerId": 21676, "championPointsUntilNextLevel": 1364, "tokensEarned": 0, "championId": 90, "lastPlayTime": 1463886111000}, {"championLevel": 1, "chestGranted": false, "championPoints": 294, "championPointsSinceLastLevel": 294, "playerId": 21676, "championPointsUntilNextLevel": 1506, "tokensEarned": 0, "championId": 107, "lastPlayTime": 1466399189000}, {"championLevel": 1, "chestGranted": false, "championPoints": 218, "championPointsSinceLastLevel": 218, "playerId": 21676, "championPointsUntilNextLevel": 1582, "tokensEarned": 0, "championId": 223, "lastPlayTime": 1438313435000}, {"championLevel": 1, "chestGranted": false, "championPoints": 198, "championPointsSinceLastLevel": 198, "playerId": 21676, "championPointsUntilNextLevel": 1602, "tokensEarned": 0, "championId": 33, "lastPlayTime": 1437096092000}, {"championLevel": 1, "chestGranted": false, "championPoints": 169, "championPointsSinceLastLevel": 169, "playerId": 21676, "championPointsUntilNextLevel": 1631, "tokensEarned": 0, "championId": 110, "lastPlayTime": 1463956779000}]