[{"championLevel": 6, "chestGranted": true, "championPoints": 37204, "championPointsSinceLastLevel": 15604, "playerId": 21674, "championPointsUntilNextLevel": 0, "tokensEarned": 0, "championId": 117, "lastPlayTime": 1465623898000}, {"championLevel": 6, "chestGranted": true, "championPoints": 32652, "championPointsSinceLastLevel": 11052, "playerId": 21674, "championPointsUntilNextLevel": 0, "tokensEarned": 0, "championId": 17, "lastPlayTime": 1467607318000}, {"championLevel": 5, "chestGranted": true, "championPoints": 23912, "championPointsSinceLastLevel": 2312, "playerId": 21674, "championPointsUntilNextLevel": 0, "tokensEarned": 1, "championId": 8, "lastPlayTime": 1467332445000}, {"championLevel": 4, "chestGranted": false, "championPoints": 19077, "championPointsSinceLastLevel": 6477, "playerId": 21674, "championPointsUntilNextLevel": 2523, "tokensEarned": 0, "championId": 103, "lastPlayTime": 1468256022000}, {"championLevel": 4, "chestGranted": true, "championPoints": 14764, "championPointsSinceLastLevel": 2164, "playerId": 21674, "championPointsUntilNextLevel": 6836, "tokensEarned": 0, "championId": 90, "lastPlayTime": 1468033935000}, {"championLevel": 3, "chestGranted": true, "championPoints": 10620, "championPointsSinceLastLevel": 4620, "playerId": 21674, "championPointsUntilNextLevel": 1980, "tokensEarned": 0, "championId": 9, "lastPlayTime": 1467591603000}, {"championLevel": 3, "chestGranted": false, "championPoints": 8241, "championPointsSinceLastLevel": 2241, "playerId": 21674, "championPointsUntilNextLevel": 4359, "tokensEarned": 0, "championId": 203, "lastPlayTime": 1466580258000}, {"championLevel": 3, "chestGranted": true, "championPoints": 6619, "championPointsSinceLastLevel": 619, "playerId": 21674, "championPointsUntilNextLevel": 5981, "tokensEarned": 0, "championId": 51, "lastPlayTime": 1468218358000}, {"championLevel": 3, "chestGranted": true, "championPoints": 6252, "championPointsSinceLastLevel": 252, "playerId": 21674, "championPointsUntilNextLevel": 6348, "tokensEarned": 0, "championId": 136, "lastPlayTime": 1467168447000}, {"championLevel": 2, "chestGranted": true, "championPoints": 5873, "championPointsSinceLastLevel": 4073, "playerId": 21674, "championPointsUntilNextLevel": 127, "tokensEarned": 0, "championId": 74, "lastPlayTime": 1468205401000}, {"championLevel": 2, "chestGranted": true, "championPoints": 5289, "championPointsSinceLastLevel": 3489, "playerId": 21674, "championPointsUntilNextLevel": 711, "tokensEarned": 0, "championId": 19, "lastPlayTime": 1466576988000}, {"championLevel": 2, "chestGranted": false, "championPoints": 4401, "championPointsSinceLastLevel": 2601, "playerId": 21674, "championPointsUntilNextLevel": 1599, "tokensEarned": 0, "championId": 25, "lastPlayTime": 1468221548000}, {"championLevel": 2, "chestGranted": false, "championPoints": 4349, "championPointsSinceLastLevel": 2549, "playerId": 21674, "championPointsUntilNextLevel": 1651, "tokensEarned": 0, "championId": 37, "lastPlayTime": 1466491814000}, {"championLevel": 2, "chestGranted": false, "championPoints": 3948, "championPointsSinceLastLevel": 2148, "playerId": 21674, "championPointsUntilNextLevel": 2052, "tokensEarned": 0, "championId": 55, "lastPlayTime": 1468220101000}, {"championLevel": 2, "chestGranted": false, "championPoints": 3665, "championPointsSinceLastLevel": 1865, "playerId": 21674, "championPointsUntilNextLevel": 2335, "tokensEarned": 0, "championId": 30, "lastPlayTime": 1467010447000}, {"championLevel": 2, "chestGranted": false, "championPoints": 3385, "championPointsSinceLastLevel": 1585, "playerId": 21674, "championPointsUntilNextLevel": 2615, "tokensEarned": 0, "championId": 1, "lastPlayTime": 1467675802000}, {"championLevel": 2, "chestGranted": true, "championPoints": 3343, "championPointsSinceLastLevel": 1543, "playerId": 21674, "championPointsUntilNextLevel": 2657, "tokensEarned": 0, "championId": 245, "lastPlayTime": 1466062211000}, {"championLevel": 2, "chestGranted": false, "championPoints": 2978, "championPointsSinceLastLevel": 1178, "playerId": 21674, "championPointsUntilNextLevel": 3022, "tokensEarned": 0, "championId": 86, "lastPlayTime": 1446948545000}, {"championLevel": 2, "chestGranted": false, "championPoints": 2897, "championPointsSinceLastLevel": 1097, "playerId": 21674, "championPointsUntilNextLevel": 3103, "tokensEarned": 0, "championId": 76, "lastPlayTime": 1466370287000}, {"championLevel": 2, "chestGranted": false, "championPoints": 2757, "championPointsSinceLastLevel": 957, "playerId": 21674, "championPointsUntilNextLevel": 3243, "tokensEarned": 0, "championId": 99, "lastPlayTime": 1466225153000}, {"championLevel": 2, "chestGranted": false, "championPoints": 2620, "championPointsSinceLastLevel": 820, "playerId": 21674, "championPointsUntilNextLevel": 3380, "tokensEarned": 0, "championId": 16, "lastPlayTime": 1467783794000}, {"championLevel": 2, "chestGranted": false, "championPoints": 2611, "championPointsSinceLastLevel": 811, "playerId": 21674, "championPointsUntilNextLevel": 3389, "tokensEarned": 0, "championId": 96, "lastPlayTime": 1466184898000}, {"championLevel": 2, "chestGranted": true, "championPoints": 2589, "championPointsSinceLastLevel": 789, "playerId": 21674, "championPointsUntilNextLevel": 3411, "tokensEarned": 0, "championId": 84, "lastPlayTime": 1461350177000}, {"championLevel": 2, "chestGranted": false, "championPoints": 2579, "championPointsSinceLastLevel": 779, "playerId": 21674, "championPointsUntilNextLevel": 3421, "tokensEarned": 0, "championId": 107, "lastPlayTime": 1467002514000}, {"championLevel": 2, "chestGranted": false, "championPoints": 2573, "championPointsSinceLastLevel": 773, "playerId": 21674, "championPointsUntilNextLevel": 3427, "tokensEarned": 0, "championId": 61, "lastPlayTime": 1448170012000}, {"championLevel": 2, "chestGranted": false, "championPoints": 2440, "championPointsSinceLastLevel": 640, "playerId": 21674, "championPointsUntilNextLevel": 3560, "tokensEarned": 0, "championId": 143, "lastPlayTime": 1467004252000}, {"championLevel": 2, "chestGranted": false, "championPoints": 2037, "championPointsSinceLastLevel": 237, "playerId": 21674, "championPointsUntilNextLevel": 3963, "tokensEarned": 0, "championId": 4, "lastPlayTime": 1468267433000}, {"championLevel": 2, "chestGranted": false, "championPoints": 1985, "championPointsSinceLastLevel": 185, "playerId": 21674, "championPointsUntilNextLevel": 4015, "tokensEarned": 0, "championId": 35, "lastPlayTime": 1461338534000}, {"championLevel": 2, "chestGranted": true, "championPoints": 1801, "championPointsSinceLastLevel": 1, "playerId": 21674, "championPointsUntilNextLevel": 4199, "tokensEarned": 0, "championId": 41, "lastPlayTime": 1462677122000}, {"championLevel": 1, "chestGranted": false, "championPoints": 1780, "championPointsSinceLastLevel": 1780, "playerId": 21674, "championPointsUntilNextLevel": 20, "tokensEarned": 0, "championId": 112, "lastPlayTime": 1468053518000}, {"championLevel": 1, "chestGranted": false, "championPoints": 1779, "championPointsSinceLastLevel": 1779, "playerId": 21674, "championPointsUntilNextLevel": 21, "tokensEarned": 0, "championId": 126, "lastPlayTime": 1466757320000}, {"championLevel": 1, "chestGranted": false, "championPoints": 1776, "championPointsSinceLastLevel": 1776, "playerId": 21674, "championPointsUntilNextLevel": 24, "tokensEarned": 0, "championId": 223, "lastPlayTime": 1460269177000}, {"championLevel": 1, "chestGranted": false, "championPoints": 1541, "championPointsSinceLastLevel": 1541, "playerId": 21674, "championPointsUntilNextLevel": 259, "tokensEarned": 0, "championId": 45, "lastPlayTime": 1446937386000}, {"championLevel": 1, "chestGranted": true, "championPoints": 1530, "championPointsSinceLastLevel": 1530, "playerId": 21674, "championPointsUntilNextLevel": 270, "tokensEarned": 0, "championId": 163, "lastPlayTime": 1464360157000}, {"championLevel": 1, "chestGranted": false, "championPoints": 1509, "championPointsSinceLastLevel": 1509, "playerId": 21674, "championPointsUntilNextLevel": 291, "tokensEarned": 0, "championId": 20, "lastPlayTime": 1432170746000}, {"championLevel": 1, "chestGranted": false, "championPoints": 1493, "championPointsSinceLastLevel": 1493, "playerId": 21674, "championPointsUntilNextLevel": 307, "tokensEarned": 0, "championId": 85, "lastPlayTime": 1446533332000}, {"championLevel": 1, "chestGranted": false, "championPoints": 1482, "championPointsSinceLastLevel": 1482, "playerId": 21674, "championPointsUntilNextLevel": 318, "tokensEarned": 0, "championId": 21, "lastPlayTime": 1465880213000}, {"championLevel": 1, "chestGranted": false, "championPoints": 1352, "championPointsSinceLastLevel": 1352, "playerId": 21674, "championPointsUntilNextLevel": 448, "tokensEarned": 0, "championId": 91, "lastPlayTime": 1463370928000}, {"championLevel": 1, "chestGranted": true, "championPoints": 1286, "championPointsSinceLastLevel": 1286, "playerId": 21674, "championPointsUntilNextLevel": 514, "tokensEarned": 0, "championId": 120, "lastPlayTime": 1463190128000}, {"championLevel": 1, "chestGranted": false, "championPoints": 1236, "championPointsSinceLastLevel": 1236, "playerId": 21674, "championPointsUntilNextLevel": 564, "tokensEarned": 0, "championId": 127, "lastPlayTime": 1431310698000}, {"championLevel": 1, "chestGranted": false, "championPoints": 1185, "championPointsSinceLastLevel": 1185, "playerId": 21674, "championPointsUntilNextLevel": 615, "tokensEarned": 0, "championId": 222, "lastPlayTime": 1467610194000}, {"championLevel": 1, "chestGranted": true, "championPoints": 1097, "championPointsSinceLastLevel": 1097, "playerId": 21674, "championPointsUntilNextLevel": 703, "tokensEarned": 0, "championId": 79, "lastPlayTime": 1468223512000}, {"championLevel": 1, "chestGranted": false, "championPoints": 1078, "championPointsSinceLastLevel": 1078, "playerId": 21674, "championPointsUntilNextLevel": 722, "tokensEarned": 0, "championId": 22, "lastPlayTime": 1469137357000}, {"championLevel": 1, "chestGranted": false, "championPoints": 1064, "championPointsSinceLastLevel": 1064, "playerId": 21674, "championPointsUntilNextLevel": 736, "tokensEarned": 0, "championId": 12, "lastPlayTime": 1462769776000}, {"championLevel": 1, "chestGranted": false, "championPoints": 1048, "championPointsSinceLastLevel": 1048, "playerId": 21674, "championPointsUntilNextLevel": 752, "tokensEarned": 0, "championId": 111, "lastPlayTime": 1457242377000}, {"championLevel": 1, "chestGranted": false, "championPoints": 1025, "championPointsSinceLastLevel": 1025, "playerId": 21674, "championPointsUntilNextLevel": 775, "tokensEarned": 0, "championId": 50, "lastPlayTime": 1466723211000}, {"championLevel": 1, "chestGranted": false, "championPoints": 963, "championPointsSinceLastLevel": 963, "playerId": 21674, "championPointsUntilNextLevel": 837, "tokensEarned": 0, "championId": 429, "lastPlayTime": 1446529828000}, {"championLevel": 1, "chestGranted": false, "championPoints": 921, "championPointsSinceLastLevel": 921, "playerId": 21674, "championPointsUntilNextLevel": 879, "tokensEarned": 0, "championId": 110, "lastPlayTime": 1447212478000}, {"championLevel": 1, "chestGranted": false, "championPoints": 917, "championPointsSinceLastLevel": 917, "playerId": 21674, "championPointsUntilNextLevel": 883, "tokensEarned": 0, "championId": 105, "lastPlayTime": 1461346491000}, {"championLevel": 1, "chestGranted": false, "championPoints": 862, "championPointsSinceLastLevel": 862, "playerId": 21674, "championPointsUntilNextLevel": 938, "tokensEarned": 0, "championId": 57, "lastPlayTime": 1466843324000}, {"championLevel": 1, "chestGranted": false, "championPoints": 842, "championPointsSinceLastLevel": 842, "playerId": 21674, "championPointsUntilNextLevel": 958, "tokensEarned": 0, "championId": 101, "lastPlayTime": 1467674002000}, {"championLevel": 1, "chestGranted": false, "championPoints": 710, "championPointsSinceLastLevel": 710, "playerId": 21674, "championPointsUntilNextLevel": 1090, "tokensEarned": 0, "championId": 60, "lastPlayTime": 1446442594000}, {"championLevel": 1, "chestGranted": false, "championPoints": 688, "championPointsSinceLastLevel": 688, "playerId": 21674, "championPointsUntilNextLevel": 1112, "tokensEarned": 0, "championId": 236, "lastPlayTime": 1466755325000}, {"championLevel": 1, "chestGranted": true, "championPoints": 634, "championPointsSinceLastLevel": 634, "playerId": 21674, "championPointsUntilNextLevel": 1166, "tokensEarned": 0, "championId": 26, "lastPlayTime": 1468216943000}, {"championLevel": 1, "chestGranted": false, "championPoints": 574, "championPointsSinceLastLevel": 574, "playerId": 21674, "championPointsUntilNextLevel": 1226, "tokensEarned": 0, "championId": 161, "lastPlayTime": 1468207260000}, {"championLevel": 1, "chestGranted": false, "championPoints": 532, "championPointsSinceLastLevel": 532, "playerId": 21674, "championPointsUntilNextLevel": 1268, "tokensEarned": 0, "championId": 7, "lastPlayTime": 1468131585000}, {"championLevel": 1, "chestGranted": false, "championPoints": 439, "championPointsSinceLastLevel": 439, "playerId": 21674, "championPointsUntilNextLevel": 1361, "tokensEarned": 0, "championId": 202, "lastPlayTime": 1467276300000}, {"championLevel": 1, "chestGranted": false, "championPoints": 374, "championPointsSinceLastLevel": 374, "playerId": 21674, "championPointsUntilNextLevel": 1426, "tokensEarned": 0, "championId": 3, "lastPlayTime": 1467272322000}, {"championLevel": 1, "chestGranted": false, "championPoints": 332, "championPointsSinceLastLevel": 332, "playerId": 21674, "championPointsUntilNextLevel": 1468, "tokensEarned": 0, "championId": 115, "lastPlayTime": 1466635131000}, {"championLevel": 1, "chestGranted": false, "championPoints": 263, "championPointsSinceLastLevel": 263, "playerId": 21674, "championPointsUntilNextLevel": 1537, "tokensEarned": 0, "championId": 104, "lastPlayTime": 1447648684000}, {"championLevel": 1, "chestGranted": false, "championPoints": 201, "championPointsSinceLastLevel": 201, "playerId": 21674, "championPointsUntilNextLevel": 1599, "tokensEarned": 0, "championId": 63, "lastPlayTime": 1447620462000}, {"championLevel": 1, "chestGranted": true, "championPoints": 198, "championPointsSinceLastLevel": 198, "playerId": 21674, "championPointsUntilNextLevel": 1602, "tokensEarned": 0, "championId": 77, "lastPlayTime": 1466490581000}, {"championLevel": 1, "chestGranted": false, "championPoints": 173, "championPointsSinceLastLevel": 173, "playerId": 21674, "championPointsUntilNextLevel": 1627, "tokensEarned": 0, "championId": 11, "lastPlayTime": 1467786099000}, {"championLevel": 1, "chestGranted": true, "championPoints": 170, "championPointsSinceLastLevel": 170, "playerId": 21674, "championPointsUntilNextLevel": 1630, "tokensEarned": 0, "championId": 81, "lastPlayTime": 1466134944000}, {"championLevel": 1, "chestGranted": false, "championPoints": 170, "championPointsSinceLastLevel": 170, "playerId": 21674, "championPointsUntilNextLevel": 1630, "tokensEarned": 0, "championId": 98, "lastPlayTime": 1432174968000}, {"championLevel": 1, "chestGranted": false, "championPoints": 169, "championPointsSinceLastLevel": 169, "playerId": 21674, "championPointsUntilNextLevel": 1631, "tokensEarned": 0, "championId": 134, "lastPlayTime": 1466387986000}, {"championLevel": 1, "chestGranted": false, "championPoints": 162, "championPointsSinceLastLevel": 162, "playerId": 21674, "championPointsUntilNextLevel": 1638, "tokensEarned": 0, "championId": 131, "lastPlayTime": 1466573869000}, {"championLevel": 1, "chestGranted": false, "championPoints": 159, "championPointsSinceLastLevel": 159, "playerId": 21674, "championPointsUntilNextLevel": 1641, "tokensEarned": 0, "championId": 43, "lastPlayTime": 1461344770000}, {"championLevel": 1, "chestGranted": false, "championPoints": 158, "championPointsSinceLastLevel": 158, "playerId": 21674, "championPointsUntilNextLevel": 1642, "tokensEarned": 0, "championId": 44, "lastPlayTime": 1467868866000}, {"championLevel": 1, "chestGranted": false, "championPoints": 152, "championPointsSinceLastLevel": 152, "playerId": 21674, "championPointsUntilNextLevel": 1648, "tokensEarned": 0, "championId": 420, "lastPlayTime": 1460346708000}, {"championLevel": 1, "chestGranted": false, "championPoints": 142, "championPointsSinceLastLevel": 142, "playerId": 21674, "championPointsUntilNextLevel": 1658, "tokensEarned": 0, "championId": 18, "lastPlayTime": 1466632617000}, {"championLevel": 1, "chestGranted": false, "championPoints": 141, "championPointsSinceLastLevel": 141, "playerId": 21674, "championPointsUntilNextLevel": 1659, "tokensEarned": 0, "championId": 54, "lastPlayTime": 1466481969000}, {"championLevel": 1, "chestGranted": false, "championPoints": 126, "championPointsSinceLastLevel": 126, "playerId": 21674, "championPointsUntilNextLevel": 1674, "tokensEarned": 0, "championId": 40, "lastPlayTime": 1466132576000}]