[{"championLevel": 5, "chestGranted": false, "championPoints": 51837, "championPointsSinceLastLevel": 30237, "playerId": 21672, "championPointsUntilNextLevel": 0, "tokensEarned": 0, "championId": 64, "lastPlayTime": 1466553509000}, {"championLevel": 5, "chestGranted": true, "championPoints": 35724, "championPointsSinceLastLevel": 14124, "playerId": 21672, "championPointsUntilNextLevel": 0, "tokensEarned": 0, "championId": 67, "lastPlayTime": 1463540730000}, {"championLevel": 4, "chestGranted": false, "championPoints": 19784, "championPointsSinceLastLevel": 7184, "playerId": 21672, "championPointsUntilNextLevel": 1816, "tokensEarned": 0, "championId": 1, "lastPlayTime": 1459975524000}, {"championLevel": 4, "chestGranted": true, "championPoints": 19676, "championPointsSinceLastLevel": 7076, "playerId": 21672, "championPointsUntilNextLevel": 1924, "tokensEarned": 0, "championId": 245, "lastPlayTime": 1464119139000}, {"championLevel": 4, "chestGranted": false, "championPoints": 19538, "championPointsSinceLastLevel": 6938, "playerId": 21672, "championPointsUntilNextLevel": 2062, "tokensEarned": 0, "championId": 81, "lastPlayTime": 1462238082000}, {"championLevel": 4, "chestGranted": false, "championPoints": 16766, "championPointsSinceLastLevel": 4166, "playerId": 21672, "championPointsUntilNextLevel": 4834, "tokensEarned": 0, "championId": 126, "lastPlayTime": 1462327753000}, {"championLevel": 4, "chestGranted": false, "championPoints": 16567, "championPointsSinceLastLevel": 3967, "playerId": 21672, "championPointsUntilNextLevel": 5033, "tokensEarned": 0, "championId": 157, "lastPlayTime": 1461445437000}, {"championLevel": 4, "chestGranted": false, "championPoints": 13807, "championPointsSinceLastLevel": 1207, "playerId": 21672, "championPointsUntilNextLevel": 7793, "tokensEarned": 0, "championId": 222, "lastPlayTime": 1461722989000}, {"championLevel": 4, "chestGranted": false, "championPoints": 13356, "championPointsSinceLastLevel": 756, "playerId": 21672, "championPointsUntilNextLevel": 8244, "tokensEarned": 0, "championId": 268, "lastPlayTime": 1461012662000}, {"championLevel": 4, "chestGranted": false, "championPoints": 12766, "championPointsSinceLastLevel": 166, "playerId": 21672, "championPointsUntilNextLevel": 8834, "tokensEarned": 0, "championId": 122, "lastPlayTime": 1461442033000}, {"championLevel": 3, "chestGranted": false, "championPoints": 12595, "championPointsSinceLastLevel": 6595, "playerId": 21672, "championPointsUntilNextLevel": 5, "tokensEarned": 0, "championId": 412, "lastPlayTime": 1459890287000}, {"championLevel": 3, "chestGranted": false, "championPoints": 12067, "championPointsSinceLastLevel": 6067, "playerId": 21672, "championPointsUntilNextLevel": 533, "tokensEarned": 0, "championId": 201, "lastPlayTime": 1461893116000}, {"championLevel": 3, "chestGranted": false, "championPoints": 10794, "championPointsSinceLastLevel": 4794, "playerId": 21672, "championPointsUntilNextLevel": 1806, "tokensEarned": 0, "championId": 80, "lastPlayTime": 1457926714000}, {"championLevel": 3, "chestGranted": true, "championPoints": 10474, "championPointsSinceLastLevel": 4474, "playerId": 21672, "championPointsUntilNextLevel": 2126, "tokensEarned": 0, "championId": 77, "lastPlayTime": 1459881291000}, {"championLevel": 3, "chestGranted": false, "championPoints": 10289, "championPointsSinceLastLevel": 4289, "playerId": 21672, "championPointsUntilNextLevel": 2311, "tokensEarned": 0, "championId": 113, "lastPlayTime": 1460501227000}, {"championLevel": 3, "chestGranted": false, "championPoints": 9796, "championPointsSinceLastLevel": 3796, "playerId": 21672, "championPointsUntilNextLevel": 2804, "tokensEarned": 0, "championId": 51, "lastPlayTime": 1460236705000}, {"championLevel": 3, "chestGranted": false, "championPoints": 8763, "championPointsSinceLastLevel": 2763, "playerId": 21672, "championPointsUntilNextLevel": 3837, "tokensEarned": 0, "championId": 106, "lastPlayTime": 1463538162000}, {"championLevel": 3, "chestGranted": true, "championPoints": 8598, "championPointsSinceLastLevel": 2598, "playerId": 21672, "championPointsUntilNextLevel": 4002, "tokensEarned": 0, "championId": 238, "lastPlayTime": 1463451368000}, {"championLevel": 3, "chestGranted": false, "championPoints": 8415, "championPointsSinceLastLevel": 2415, "playerId": 21672, "championPointsUntilNextLevel": 4185, "tokensEarned": 0, "championId": 54, "lastPlayTime": 1463810315000}, {"championLevel": 3, "chestGranted": false, "championPoints": 8313, "championPointsSinceLastLevel": 2313, "playerId": 21672, "championPointsUntilNextLevel": 4287, "tokensEarned": 0, "championId": 429, "lastPlayTime": 1457304064000}, {"championLevel": 3, "chestGranted": false, "championPoints": 8292, "championPointsSinceLastLevel": 2292, "playerId": 21672, "championPointsUntilNextLevel": 4308, "tokensEarned": 0, "championId": 92, "lastPlayTime": 1463803896000}, {"championLevel": 3, "chestGranted": true, "championPoints": 8076, "championPointsSinceLastLevel": 2076, "playerId": 21672, "championPointsUntilNextLevel": 4524, "tokensEarned": 0, "championId": 420, "lastPlayTime": 1463806561000}, {"championLevel": 3, "chestGranted": true, "championPoints": 7887, "championPointsSinceLastLevel": 1887, "playerId": 21672, "championPointsUntilNextLevel": 4713, "tokensEarned": 0, "championId": 32, "lastPlayTime": 1463017760000}, {"championLevel": 3, "chestGranted": false, "championPoints": 7294, "championPointsSinceLastLevel": 1294, "playerId": 21672, "championPointsUntilNextLevel": 5306, "tokensEarned": 0, "championId": 99, "lastPlayTime": 1460584295000}, {"championLevel": 3, "chestGranted": false, "championPoints": 7275, "championPointsSinceLastLevel": 1275, "playerId": 21672, "championPointsUntilNextLevel": 5325, "tokensEarned": 0, "championId": 89, "lastPlayTime": 1461028800000}, {"championLevel": 3, "chestGranted": false, "championPoints": 7256, "championPointsSinceLastLevel": 1256, "playerId": 21672, "championPointsUntilNextLevel": 5344, "tokensEarned": 0, "championId": 104, "lastPlayTime": 1459815582000}, {"championLevel": 3, "chestGranted": false, "championPoints": 6977, "championPointsSinceLastLevel": 977, "playerId": 21672, "championPointsUntilNextLevel": 5623, "tokensEarned": 0, "championId": 236, "lastPlayTime": 1464121355000}, {"championLevel": 3, "chestGranted": false, "championPoints": 6828, "championPointsSinceLastLevel": 828, "playerId": 21672, "championPointsUntilNextLevel": 5772, "tokensEarned": 0, "championId": 28, "lastPlayTime": 1457563013000}, {"championLevel": 3, "chestGranted": false, "championPoints": 6686, "championPointsSinceLastLevel": 686, "playerId": 21672, "championPointsUntilNextLevel": 5914, "tokensEarned": 0, "championId": 37, "lastPlayTime": 1458085555000}, {"championLevel": 3, "chestGranted": false, "championPoints": 6660, "championPointsSinceLastLevel": 660, "playerId": 21672, "championPointsUntilNextLevel": 5940, "tokensEarned": 0, "championId": 107, "lastPlayTime": 1457913131000}, {"championLevel": 3, "chestGranted": false, "championPoints": 6560, "championPointsSinceLastLevel": 560, "playerId": 21672, "championPointsUntilNextLevel": 6040, "tokensEarned": 0, "championId": 18, "lastPlayTime": 1459026167000}, {"championLevel": 3, "chestGranted": false, "championPoints": 6276, "championPointsSinceLastLevel": 276, "playerId": 21672, "championPointsUntilNextLevel": 6324, "tokensEarned": 0, "championId": 41, "lastPlayTime": 1463094461000}, {"championLevel": 2, "chestGranted": false, "championPoints": 5930, "championPointsSinceLastLevel": 4130, "playerId": 21672, "championPointsUntilNextLevel": 70, "tokensEarned": 0, "championId": 61, "lastPlayTime": 1461009821000}, {"championLevel": 2, "chestGranted": true, "championPoints": 5770, "championPointsSinceLastLevel": 3970, "playerId": 21672, "championPointsUntilNextLevel": 230, "tokensEarned": 0, "championId": 150, "lastPlayTime": 1462322140000}, {"championLevel": 2, "chestGranted": false, "championPoints": 5493, "championPointsSinceLastLevel": 3693, "playerId": 21672, "championPointsUntilNextLevel": 507, "tokensEarned": 0, "championId": 267, "lastPlayTime": 1458090563000}, {"championLevel": 2, "chestGranted": false, "championPoints": 5123, "championPointsSinceLastLevel": 3323, "playerId": 21672, "championPointsUntilNextLevel": 877, "tokensEarned": 0, "championId": 120, "lastPlayTime": 1453951615000}, {"championLevel": 2, "chestGranted": false, "championPoints": 5115, "championPointsSinceLastLevel": 3315, "playerId": 21672, "championPointsUntilNextLevel": 885, "tokensEarned": 0, "championId": 15, "lastPlayTime": 1460657319000}, {"championLevel": 2, "chestGranted": false, "championPoints": 5077, "championPointsSinceLastLevel": 3277, "playerId": 21672, "championPointsUntilNextLevel": 923, "tokensEarned": 0, "championId": 203, "lastPlayTime": 1463795146000}, {"championLevel": 2, "chestGranted": false, "championPoints": 4898, "championPointsSinceLastLevel": 3098, "playerId": 21672, "championPointsUntilNextLevel": 1102, "tokensEarned": 0, "championId": 5, "lastPlayTime": 1459279612000}, {"championLevel": 2, "chestGranted": false, "championPoints": 4820, "championPointsSinceLastLevel": 3020, "playerId": 21672, "championPointsUntilNextLevel": 1180, "tokensEarned": 0, "championId": 7, "lastPlayTime": 1461708237000}, {"championLevel": 2, "chestGranted": false, "championPoints": 4548, "championPointsSinceLastLevel": 2748, "playerId": 21672, "championPointsUntilNextLevel": 1452, "tokensEarned": 0, "championId": 58, "lastPlayTime": 1461549746000}, {"championLevel": 2, "chestGranted": false, "championPoints": 4445, "championPointsSinceLastLevel": 2645, "playerId": 21672, "championPointsUntilNextLevel": 1555, "tokensEarned": 0, "championId": 21, "lastPlayTime": 1457069397000}, {"championLevel": 2, "chestGranted": false, "championPoints": 4100, "championPointsSinceLastLevel": 2300, "playerId": 21672, "championPointsUntilNextLevel": 1900, "tokensEarned": 0, "championId": 143, "lastPlayTime": 1460070463000}, {"championLevel": 2, "chestGranted": true, "championPoints": 4070, "championPointsSinceLastLevel": 2270, "playerId": 21672, "championPointsUntilNextLevel": 1930, "tokensEarned": 0, "championId": 91, "lastPlayTime": 1464125006000}, {"championLevel": 2, "chestGranted": false, "championPoints": 3908, "championPointsSinceLastLevel": 2108, "playerId": 21672, "championPointsUntilNextLevel": 2092, "tokensEarned": 0, "championId": 36, "lastPlayTime": 1460505099000}, {"championLevel": 2, "chestGranted": false, "championPoints": 3892, "championPointsSinceLastLevel": 2092, "playerId": 21672, "championPointsUntilNextLevel": 2108, "tokensEarned": 0, "championId": 10, "lastPlayTime": 1460940898000}, {"championLevel": 2, "chestGranted": false, "championPoints": 3676, "championPointsSinceLastLevel": 1876, "playerId": 21672, "championPointsUntilNextLevel": 2324, "tokensEarned": 0, "championId": 59, "lastPlayTime": 1459304222000}, {"championLevel": 2, "chestGranted": false, "championPoints": 3674, "championPointsSinceLastLevel": 1874, "playerId": 21672, "championPointsUntilNextLevel": 2326, "tokensEarned": 0, "championId": 161, "lastPlayTime": 1457300457000}, {"championLevel": 2, "chestGranted": false, "championPoints": 3592, "championPointsSinceLastLevel": 1792, "playerId": 21672, "championPointsUntilNextLevel": 2408, "tokensEarned": 0, "championId": 55, "lastPlayTime": 1460242448000}, {"championLevel": 2, "chestGranted": false, "championPoints": 3456, "championPointsSinceLastLevel": 1656, "playerId": 21672, "championPointsUntilNextLevel": 2544, "tokensEarned": 0, "championId": 11, "lastPlayTime": 1460933204000}, {"championLevel": 2, "chestGranted": false, "championPoints": 3351, "championPointsSinceLastLevel": 1551, "playerId": 21672, "championPointsUntilNextLevel": 2649, "tokensEarned": 0, "championId": 103, "lastPlayTime": 1460510617000}, {"championLevel": 2, "chestGranted": false, "championPoints": 3229, "championPointsSinceLastLevel": 1429, "playerId": 21672, "championPointsUntilNextLevel": 2771, "tokensEarned": 0, "championId": 112, "lastPlayTime": 1462840071000}, {"championLevel": 2, "chestGranted": false, "championPoints": 3152, "championPointsSinceLastLevel": 1352, "playerId": 21672, "championPointsUntilNextLevel": 2848, "tokensEarned": 0, "championId": 25, "lastPlayTime": 1446235842000}, {"championLevel": 2, "chestGranted": false, "championPoints": 3072, "championPointsSinceLastLevel": 1272, "playerId": 21672, "championPointsUntilNextLevel": 2928, "tokensEarned": 0, "championId": 105, "lastPlayTime": 1458861196000}, {"championLevel": 2, "chestGranted": false, "championPoints": 3017, "championPointsSinceLastLevel": 1217, "playerId": 21672, "championPointsUntilNextLevel": 2983, "tokensEarned": 0, "championId": 35, "lastPlayTime": 1461551504000}, {"championLevel": 2, "chestGranted": false, "championPoints": 2843, "championPointsSinceLastLevel": 1043, "playerId": 21672, "championPointsUntilNextLevel": 3157, "tokensEarned": 0, "championId": 12, "lastPlayTime": 1458079717000}, {"championLevel": 2, "chestGranted": true, "championPoints": 2744, "championPointsSinceLastLevel": 944, "playerId": 21672, "championPointsUntilNextLevel": 3256, "tokensEarned": 0, "championId": 119, "lastPlayTime": 1463798886000}, {"championLevel": 2, "chestGranted": false, "championPoints": 2669, "championPointsSinceLastLevel": 869, "playerId": 21672, "championPointsUntilNextLevel": 3331, "tokensEarned": 0, "championId": 134, "lastPlayTime": 1461354020000}, {"championLevel": 2, "chestGranted": false, "championPoints": 2641, "championPointsSinceLastLevel": 841, "playerId": 21672, "championPointsUntilNextLevel": 3359, "tokensEarned": 0, "championId": 53, "lastPlayTime": 1453180025000}, {"championLevel": 2, "chestGranted": false, "championPoints": 2433, "championPointsSinceLastLevel": 633, "playerId": 21672, "championPointsUntilNextLevel": 3567, "tokensEarned": 0, "championId": 45, "lastPlayTime": 1445556087000}, {"championLevel": 2, "chestGranted": true, "championPoints": 2394, "championPointsSinceLastLevel": 594, "playerId": 21672, "championPointsUntilNextLevel": 3606, "tokensEarned": 0, "championId": 127, "lastPlayTime": 1460078114000}, {"championLevel": 2, "chestGranted": false, "championPoints": 2326, "championPointsSinceLastLevel": 526, "playerId": 21672, "championPointsUntilNextLevel": 3674, "tokensEarned": 0, "championId": 111, "lastPlayTime": 1459824661000}, {"championLevel": 2, "chestGranted": false, "championPoints": 2277, "championPointsSinceLastLevel": 477, "playerId": 21672, "championPointsUntilNextLevel": 3723, "tokensEarned": 0, "championId": 114, "lastPlayTime": 1447693282000}, {"championLevel": 2, "chestGranted": false, "championPoints": 2240, "championPointsSinceLastLevel": 440, "playerId": 21672, "championPointsUntilNextLevel": 3760, "tokensEarned": 0, "championId": 254, "lastPlayTime": 1459477555000}, {"championLevel": 2, "chestGranted": false, "championPoints": 2159, "championPointsSinceLastLevel": 359, "playerId": 21672, "championPointsUntilNextLevel": 3841, "tokensEarned": 0, "championId": 56, "lastPlayTime": 1444093316000}, {"championLevel": 2, "chestGranted": true, "championPoints": 2075, "championPointsSinceLastLevel": 275, "playerId": 21672, "championPointsUntilNextLevel": 3925, "tokensEarned": 0, "championId": 90, "lastPlayTime": 1459458611000}, {"championLevel": 2, "chestGranted": false, "championPoints": 1887, "championPointsSinceLastLevel": 87, "playerId": 21672, "championPointsUntilNextLevel": 4113, "tokensEarned": 0, "championId": 31, "lastPlayTime": 1435611823000}, {"championLevel": 1, "chestGranted": false, "championPoints": 1732, "championPointsSinceLastLevel": 1732, "playerId": 21672, "championPointsUntilNextLevel": 68, "tokensEarned": 0, "championId": 421, "lastPlayTime": 1452552826000}, {"championLevel": 1, "chestGranted": true, "championPoints": 1666, "championPointsSinceLastLevel": 1666, "playerId": 21672, "championPointsUntilNextLevel": 134, "tokensEarned": 0, "championId": 13, "lastPlayTime": 1461356562000}, {"championLevel": 1, "chestGranted": false, "championPoints": 1644, "championPointsSinceLastLevel": 1644, "playerId": 21672, "championPointsUntilNextLevel": 156, "tokensEarned": 0, "championId": 33, "lastPlayTime": 1432658645000}, {"championLevel": 1, "chestGranted": false, "championPoints": 1637, "championPointsSinceLastLevel": 1637, "playerId": 21672, "championPointsUntilNextLevel": 163, "tokensEarned": 0, "championId": 86, "lastPlayTime": 1460665049000}, {"championLevel": 1, "chestGranted": false, "championPoints": 1635, "championPointsSinceLastLevel": 1635, "playerId": 21672, "championPointsUntilNextLevel": 165, "tokensEarned": 0, "championId": 117, "lastPlayTime": 1448226478000}, {"championLevel": 1, "chestGranted": false, "championPoints": 1594, "championPointsSinceLastLevel": 1594, "playerId": 21672, "championPointsUntilNextLevel": 206, "tokensEarned": 0, "championId": 76, "lastPlayTime": 1447180015000}, {"championLevel": 1, "chestGranted": false, "championPoints": 1574, "championPointsSinceLastLevel": 1574, "playerId": 21672, "championPointsUntilNextLevel": 226, "tokensEarned": 0, "championId": 98, "lastPlayTime": 1443741352000}, {"championLevel": 1, "chestGranted": false, "championPoints": 1301, "championPointsSinceLastLevel": 1301, "playerId": 21672, "championPointsUntilNextLevel": 499, "tokensEarned": 0, "championId": 121, "lastPlayTime": 1431467054000}, {"championLevel": 1, "chestGranted": false, "championPoints": 1283, "championPointsSinceLastLevel": 1283, "playerId": 21672, "championPointsUntilNextLevel": 517, "tokensEarned": 0, "championId": 29, "lastPlayTime": 1459212767000}, {"championLevel": 1, "chestGranted": false, "championPoints": 1206, "championPointsSinceLastLevel": 1206, "playerId": 21672, "championPointsUntilNextLevel": 594, "tokensEarned": 0, "championId": 20, "lastPlayTime": 1457391313000}, {"championLevel": 1, "chestGranted": false, "championPoints": 1104, "championPointsSinceLastLevel": 1104, "playerId": 21672, "championPointsUntilNextLevel": 696, "tokensEarned": 0, "championId": 96, "lastPlayTime": 1448299236000}, {"championLevel": 1, "chestGranted": false, "championPoints": 1093, "championPointsSinceLastLevel": 1093, "playerId": 21672, "championPointsUntilNextLevel": 707, "tokensEarned": 0, "championId": 39, "lastPlayTime": 1462222560000}, {"championLevel": 1, "chestGranted": false, "championPoints": 1041, "championPointsSinceLastLevel": 1041, "playerId": 21672, "championPointsUntilNextLevel": 759, "tokensEarned": 0, "championId": 24, "lastPlayTime": 1457493614000}, {"championLevel": 1, "chestGranted": false, "championPoints": 910, "championPointsSinceLastLevel": 910, "playerId": 21672, "championPointsUntilNextLevel": 890, "tokensEarned": 0, "championId": 22, "lastPlayTime": 1433364495000}, {"championLevel": 1, "chestGranted": false, "championPoints": 633, "championPointsSinceLastLevel": 633, "playerId": 21672, "championPointsUntilNextLevel": 1167, "tokensEarned": 0, "championId": 75, "lastPlayTime": 1461447850000}, {"championLevel": 1, "chestGranted": false, "championPoints": 435, "championPointsSinceLastLevel": 435, "playerId": 21672, "championPointsUntilNextLevel": 1365, "tokensEarned": 0, "championId": 62, "lastPlayTime": 1463013924000}, {"championLevel": 1, "chestGranted": false, "championPoints": 433, "championPointsSinceLastLevel": 433, "playerId": 21672, "championPointsUntilNextLevel": 1367, "tokensEarned": 0, "championId": 2, "lastPlayTime": 1460842991000}, {"championLevel": 1, "chestGranted": false, "championPoints": 394, "championPointsSinceLastLevel": 394, "playerId": 21672, "championPointsUntilNextLevel": 1406, "tokensEarned": 0, "championId": 432, "lastPlayTime": 1457066460000}, {"championLevel": 1, "chestGranted": false, "championPoints": 356, "championPointsSinceLastLevel": 356, "playerId": 21672, "championPointsUntilNextLevel": 1444, "tokensEarned": 0, "championId": 9, "lastPlayTime": 1453175868000}, {"championLevel": 1, "chestGranted": false, "championPoints": 308, "championPointsSinceLastLevel": 308, "playerId": 21672, "championPointsUntilNextLevel": 1492, "tokensEarned": 0, "championId": 4, "lastPlayTime": 1461364311000}, {"championLevel": 1, "chestGranted": false, "championPoints": 235, "championPointsSinceLastLevel": 235, "playerId": 21672, "championPointsUntilNextLevel": 1565, "tokensEarned": 0, "championId": 57, "lastPlayTime": 1439227777000}, {"championLevel": 1, "chestGranted": false, "championPoints": 222, "championPointsSinceLastLevel": 222, "playerId": 21672, "championPointsUntilNextLevel": 1578, "tokensEarned": 0, "championId": 17, "lastPlayTime": 1442089223000}, {"championLevel": 1, "chestGranted": false, "championPoints": 200, "championPointsSinceLastLevel": 200, "playerId": 21672, "championPointsUntilNextLevel": 1600, "tokensEarned": 0, "championId": 69, "lastPlayTime": 1463101297000}, {"championLevel": 1, "chestGranted": false, "championPoints": 191, "championPointsSinceLastLevel": 191, "playerId": 21672, "championPointsUntilNextLevel": 1609, "tokensEarned": 0, "championId": 60, "lastPlayTime": 1458919110000}, {"championLevel": 1, "chestGranted": false, "championPoints": 169, "championPointsSinceLastLevel": 169, "playerId": 21672, "championPointsUntilNextLevel": 1631, "tokensEarned": 0, "championId": 42, "lastPlayTime": 1461547216000}]