[{"championLevel": 7, "chestGranted": true, "championPoints": 187687, "championPointsSinceLastLevel": 166087, "playerId": 21673, "championPointsUntilNextLevel": 0, "tokensEarned": 0, "championId": 107, "lastPlayTime": 1468971803000}, {"championLevel": 6, "chestGranted": true, "championPoints": 72940, "championPointsSinceLastLevel": 51340, "playerId": 21673, "championPointsUntilNextLevel": 0, "tokensEarned": 1, "championId": 5, "lastPlayTime": 1469140272000}, {"championLevel": 5, "chestGranted": true, "championPoints": 40170, "championPointsSinceLastLevel": 18570, "playerId": 21673, "championPointsUntilNextLevel": 0, "tokensEarned": 1, "championId": 104, "lastPlayTime": 1468642137000}, {"championLevel": 5, "chestGranted": false, "championPoints": 33061, "championPointsSinceLastLevel": 11461, "playerId": 21673, "championPointsUntilNextLevel": 0, "tokensEarned": 0, "championId": 67, "lastPlayTime": 1467320070000}, {"championLevel": 5, "chestGranted": true, "championPoints": 26679, "championPointsSinceLastLevel": 5079, "playerId": 21673, "championPointsUntilNextLevel": 0, "tokensEarned": 0, "championId": 18, "lastPlayTime": 1468992435000}, {"championLevel": 5, "chestGranted": false, "championPoints": 25220, "championPointsSinceLastLevel": 3620, "playerId": 21673, "championPointsUntilNextLevel": 0, "tokensEarned": 0, "championId": 420, "lastPlayTime": 1468287334000}, {"championLevel": 4, "chestGranted": false, "championPoints": 18803, "championPointsSinceLastLevel": 6203, "playerId": 21673, "championPointsUntilNextLevel": 2797, "tokensEarned": 0, "championId": 31, "lastPlayTime": 1468649151000}, {"championLevel": 4, "chestGranted": true, "championPoints": 16924, "championPointsSinceLastLevel": 4324, "playerId": 21673, "championPointsUntilNextLevel": 4676, "tokensEarned": 0, "championId": 105, "lastPlayTime": 1468889519000}, {"championLevel": 4, "chestGranted": true, "championPoints": 15835, "championPointsSinceLastLevel": 3235, "playerId": 21673, "championPointsUntilNextLevel": 5765, "tokensEarned": 0, "championId": 222, "lastPlayTime": 1468912757000}, {"championLevel": 4, "chestGranted": false, "championPoints": 12831, "championPointsSinceLastLevel": 231, "playerId": 21673, "championPointsUntilNextLevel": 8769, "tokensEarned": 0, "championId": 39, "lastPlayTime": 1469074741000}, {"championLevel": 3, "chestGranted": false, "championPoints": 12440, "championPointsSinceLastLevel": 6440, "playerId": 21673, "championPointsUntilNextLevel": 160, "tokensEarned": 0, "championId": 266, "lastPlayTime": 1468960083000}, {"championLevel": 3, "chestGranted": true, "championPoints": 12244, "championPointsSinceLastLevel": 6244, "playerId": 21673, "championPointsUntilNextLevel": 356, "tokensEarned": 0, "championId": 111, "lastPlayTime": 1469160367000}, {"championLevel": 3, "chestGranted": false, "championPoints": 12187, "championPointsSinceLastLevel": 6187, "playerId": 21673, "championPointsUntilNextLevel": 413, "tokensEarned": 0, "championId": 113, "lastPlayTime": 1466097111000}, {"championLevel": 3, "chestGranted": true, "championPoints": 11435, "championPointsSinceLastLevel": 5435, "playerId": 21673, "championPointsUntilNextLevel": 1165, "tokensEarned": 0, "championId": 106, "lastPlayTime": 1468646618000}, {"championLevel": 3, "chestGranted": false, "championPoints": 11069, "championPointsSinceLastLevel": 5069, "playerId": 21673, "championPointsUntilNextLevel": 1531, "tokensEarned": 0, "championId": 48, "lastPlayTime": 1468886034000}, {"championLevel": 3, "chestGranted": true, "championPoints": 11041, "championPointsSinceLastLevel": 5041, "playerId": 21673, "championPointsUntilNextLevel": 1559, "tokensEarned": 0, "championId": 120, "lastPlayTime": 1469163700000}, {"championLevel": 3, "chestGranted": true, "championPoints": 10927, "championPointsSinceLastLevel": 4927, "playerId": 21673, "championPointsUntilNextLevel": 1673, "tokensEarned": 0, "championId": 64, "lastPlayTime": 1466778816000}, {"championLevel": 3, "chestGranted": false, "championPoints": 10589, "championPointsSinceLastLevel": 4589, "playerId": 21673, "championPointsUntilNextLevel": 2011, "tokensEarned": 0, "championId": 74, "lastPlayTime": 1457815640000}, {"championLevel": 3, "chestGranted": true, "championPoints": 10574, "championPointsSinceLastLevel": 4574, "playerId": 21673, "championPointsUntilNextLevel": 2026, "tokensEarned": 0, "championId": 89, "lastPlayTime": 1467777687000}, {"championLevel": 3, "chestGranted": false, "championPoints": 10300, "championPointsSinceLastLevel": 4300, "playerId": 21673, "championPointsUntilNextLevel": 2300, "tokensEarned": 0, "championId": 10, "lastPlayTime": 1465081471000}, {"championLevel": 3, "chestGranted": false, "championPoints": 10049, "championPointsSinceLastLevel": 4049, "playerId": 21673, "championPointsUntilNextLevel": 2551, "tokensEarned": 0, "championId": 19, "lastPlayTime": 1466291106000}, {"championLevel": 3, "chestGranted": true, "championPoints": 8909, "championPointsSinceLastLevel": 2909, "playerId": 21673, "championPointsUntilNextLevel": 3691, "tokensEarned": 0, "championId": 254, "lastPlayTime": 1466101250000}, {"championLevel": 3, "chestGranted": false, "championPoints": 8469, "championPointsSinceLastLevel": 2469, "playerId": 21673, "championPointsUntilNextLevel": 4131, "tokensEarned": 0, "championId": 119, "lastPlayTime": 1468810172000}, {"championLevel": 3, "chestGranted": false, "championPoints": 8450, "championPointsSinceLastLevel": 2450, "playerId": 21673, "championPointsUntilNextLevel": 4150, "tokensEarned": 0, "championId": 122, "lastPlayTime": 1468817433000}, {"championLevel": 3, "chestGranted": true, "championPoints": 8377, "championPointsSinceLastLevel": 2377, "playerId": 21673, "championPointsUntilNextLevel": 4223, "tokensEarned": 0, "championId": 81, "lastPlayTime": 1466469121000}, {"championLevel": 3, "chestGranted": false, "championPoints": 8042, "championPointsSinceLastLevel": 2042, "playerId": 21673, "championPointsUntilNextLevel": 4558, "tokensEarned": 0, "championId": 21, "lastPlayTime": 1465591577000}, {"championLevel": 3, "chestGranted": false, "championPoints": 7838, "championPointsSinceLastLevel": 1838, "playerId": 21673, "championPointsUntilNextLevel": 4762, "tokensEarned": 0, "championId": 114, "lastPlayTime": 1462412734000}, {"championLevel": 3, "chestGranted": true, "championPoints": 7249, "championPointsSinceLastLevel": 1249, "playerId": 21673, "championPointsUntilNextLevel": 5351, "tokensEarned": 0, "championId": 77, "lastPlayTime": 1469081730000}, {"championLevel": 3, "chestGranted": false, "championPoints": 7242, "championPointsSinceLastLevel": 1242, "playerId": 21673, "championPointsUntilNextLevel": 5358, "tokensEarned": 0, "championId": 13, "lastPlayTime": 1464223101000}, {"championLevel": 3, "chestGranted": false, "championPoints": 6609, "championPointsSinceLastLevel": 609, "playerId": 21673, "championPointsUntilNextLevel": 5991, "tokensEarned": 0, "championId": 53, "lastPlayTime": 1468904923000}, {"championLevel": 3, "chestGranted": true, "championPoints": 6298, "championPointsSinceLastLevel": 298, "playerId": 21673, "championPointsUntilNextLevel": 6302, "tokensEarned": 0, "championId": 54, "lastPlayTime": 1467499189000}, {"championLevel": 3, "chestGranted": true, "championPoints": 6012, "championPointsSinceLastLevel": 12, "playerId": 21673, "championPointsUntilNextLevel": 6588, "tokensEarned": 0, "championId": 96, "lastPlayTime": 1465951180000}, {"championLevel": 2, "chestGranted": false, "championPoints": 5293, "championPointsSinceLastLevel": 3493, "playerId": 21673, "championPointsUntilNextLevel": 707, "tokensEarned": 0, "championId": 90, "lastPlayTime": 1469000489000}, {"championLevel": 2, "chestGranted": false, "championPoints": 5254, "championPointsSinceLastLevel": 3454, "playerId": 21673, "championPointsUntilNextLevel": 746, "tokensEarned": 0, "championId": 157, "lastPlayTime": 1467741627000}, {"championLevel": 2, "chestGranted": false, "championPoints": 4995, "championPointsSinceLastLevel": 3195, "playerId": 21673, "championPointsUntilNextLevel": 1005, "tokensEarned": 0, "championId": 22, "lastPlayTime": 1455844195000}, {"championLevel": 2, "chestGranted": false, "championPoints": 4232, "championPointsSinceLastLevel": 2432, "playerId": 21673, "championPointsUntilNextLevel": 1768, "tokensEarned": 0, "championId": 15, "lastPlayTime": 1462327007000}, {"championLevel": 2, "chestGranted": true, "championPoints": 4226, "championPointsSinceLastLevel": 2426, "playerId": 21673, "championPointsUntilNextLevel": 1774, "tokensEarned": 0, "championId": 236, "lastPlayTime": 1467689192000}, {"championLevel": 2, "chestGranted": false, "championPoints": 4194, "championPointsSinceLastLevel": 2394, "playerId": 21673, "championPointsUntilNextLevel": 1806, "tokensEarned": 0, "championId": 24, "lastPlayTime": 1465250774000}, {"championLevel": 2, "chestGranted": false, "championPoints": 3953, "championPointsSinceLastLevel": 2153, "playerId": 21673, "championPointsUntilNextLevel": 2047, "tokensEarned": 0, "championId": 126, "lastPlayTime": 1467651799000}, {"championLevel": 2, "chestGranted": false, "championPoints": 3952, "championPointsSinceLastLevel": 2152, "playerId": 21673, "championPointsUntilNextLevel": 2048, "tokensEarned": 0, "championId": 83, "lastPlayTime": 1467847694000}, {"championLevel": 2, "chestGranted": false, "championPoints": 3865, "championPointsSinceLastLevel": 2065, "playerId": 21673, "championPointsUntilNextLevel": 2135, "tokensEarned": 0, "championId": 133, "lastPlayTime": 1465914908000}, {"championLevel": 2, "chestGranted": false, "championPoints": 3373, "championPointsSinceLastLevel": 1573, "playerId": 21673, "championPointsUntilNextLevel": 2627, "tokensEarned": 0, "championId": 50, "lastPlayTime": 1466435472000}, {"championLevel": 2, "chestGranted": true, "championPoints": 3294, "championPointsSinceLastLevel": 1494, "playerId": 21673, "championPointsUntilNextLevel": 2706, "tokensEarned": 0, "championId": 56, "lastPlayTime": 1467213632000}, {"championLevel": 2, "chestGranted": false, "championPoints": 3229, "championPointsSinceLastLevel": 1429, "playerId": 21673, "championPointsUntilNextLevel": 2771, "tokensEarned": 0, "championId": 51, "lastPlayTime": 1465419691000}, {"championLevel": 2, "chestGranted": false, "championPoints": 3030, "championPointsSinceLastLevel": 1230, "playerId": 21673, "championPointsUntilNextLevel": 2970, "tokensEarned": 0, "championId": 223, "lastPlayTime": 1468908042000}, {"championLevel": 2, "chestGranted": false, "championPoints": 2871, "championPointsSinceLastLevel": 1071, "playerId": 21673, "championPointsUntilNextLevel": 3129, "tokensEarned": 0, "championId": 29, "lastPlayTime": 1468355889000}, {"championLevel": 2, "chestGranted": false, "championPoints": 2843, "championPointsSinceLastLevel": 1043, "playerId": 21673, "championPointsUntilNextLevel": 3157, "tokensEarned": 0, "championId": 32, "lastPlayTime": 1458173481000}, {"championLevel": 2, "chestGranted": false, "championPoints": 2830, "championPointsSinceLastLevel": 1030, "playerId": 21673, "championPointsUntilNextLevel": 3170, "tokensEarned": 0, "championId": 17, "lastPlayTime": 1468643966000}, {"championLevel": 2, "chestGranted": false, "championPoints": 2771, "championPointsSinceLastLevel": 971, "playerId": 21673, "championPointsUntilNextLevel": 3229, "tokensEarned": 0, "championId": 86, "lastPlayTime": 1464479495000}, {"championLevel": 2, "chestGranted": false, "championPoints": 2683, "championPointsSinceLastLevel": 883, "playerId": 21673, "championPointsUntilNextLevel": 3317, "tokensEarned": 0, "championId": 45, "lastPlayTime": 1465231014000}, {"championLevel": 2, "chestGranted": false, "championPoints": 2503, "championPointsSinceLastLevel": 703, "playerId": 21673, "championPointsUntilNextLevel": 3497, "tokensEarned": 0, "championId": 12, "lastPlayTime": 1460998774000}, {"championLevel": 2, "chestGranted": false, "championPoints": 2444, "championPointsSinceLastLevel": 644, "playerId": 21673, "championPointsUntilNextLevel": 3556, "tokensEarned": 0, "championId": 69, "lastPlayTime": 1467335922000}, {"championLevel": 2, "chestGranted": false, "championPoints": 2409, "championPointsSinceLastLevel": 609, "playerId": 21673, "championPointsUntilNextLevel": 3591, "tokensEarned": 0, "championId": 127, "lastPlayTime": 1466538749000}, {"championLevel": 2, "chestGranted": false, "championPoints": 2348, "championPointsSinceLastLevel": 548, "playerId": 21673, "championPointsUntilNextLevel": 3652, "tokensEarned": 0, "championId": 11, "lastPlayTime": 1467141565000}, {"championLevel": 2, "chestGranted": false, "championPoints": 2335, "championPointsSinceLastLevel": 535, "playerId": 21673, "championPointsUntilNextLevel": 3665, "tokensEarned": 0, "championId": 37, "lastPlayTime": 1459468913000}, {"championLevel": 2, "chestGranted": false, "championPoints": 2322, "championPointsSinceLastLevel": 522, "playerId": 21673, "championPointsUntilNextLevel": 3678, "tokensEarned": 0, "championId": 201, "lastPlayTime": 1467691083000}, {"championLevel": 2, "chestGranted": false, "championPoints": 2242, "championPointsSinceLastLevel": 442, "playerId": 21673, "championPointsUntilNextLevel": 3758, "tokensEarned": 0, "championId": 23, "lastPlayTime": 1465252983000}, {"championLevel": 2, "chestGranted": false, "championPoints": 2158, "championPointsSinceLastLevel": 358, "playerId": 21673, "championPointsUntilNextLevel": 3842, "tokensEarned": 0, "championId": 35, "lastPlayTime": 1467643257000}, {"championLevel": 2, "chestGranted": true, "championPoints": 2096, "championPointsSinceLastLevel": 296, "playerId": 21673, "championPointsUntilNextLevel": 3904, "tokensEarned": 0, "championId": 62, "lastPlayTime": 1468257453000}, {"championLevel": 2, "chestGranted": false, "championPoints": 1956, "championPointsSinceLastLevel": 156, "playerId": 21673, "championPointsUntilNextLevel": 4044, "tokensEarned": 0, "championId": 203, "lastPlayTime": 1456958512000}, {"championLevel": 2, "chestGranted": true, "championPoints": 1945, "championPointsSinceLastLevel": 145, "playerId": 21673, "championPointsUntilNextLevel": 4055, "tokensEarned": 0, "championId": 75, "lastPlayTime": 1465575072000}, {"championLevel": 2, "chestGranted": false, "championPoints": 1906, "championPointsSinceLastLevel": 106, "playerId": 21673, "championPointsUntilNextLevel": 4094, "tokensEarned": 0, "championId": 1, "lastPlayTime": 1466477866000}, {"championLevel": 1, "chestGranted": false, "championPoints": 1795, "championPointsSinceLastLevel": 1795, "playerId": 21673, "championPointsUntilNextLevel": 5, "tokensEarned": 0, "championId": 150, "lastPlayTime": 1445603203000}, {"championLevel": 1, "chestGranted": false, "championPoints": 1759, "championPointsSinceLastLevel": 1759, "playerId": 21673, "championPointsUntilNextLevel": 41, "tokensEarned": 0, "championId": 20, "lastPlayTime": 1461174143000}, {"championLevel": 1, "chestGranted": false, "championPoints": 1735, "championPointsSinceLastLevel": 1735, "playerId": 21673, "championPointsUntilNextLevel": 65, "tokensEarned": 0, "championId": 80, "lastPlayTime": 1466018512000}, {"championLevel": 1, "chestGranted": false, "championPoints": 1732, "championPointsSinceLastLevel": 1732, "playerId": 21673, "championPointsUntilNextLevel": 68, "tokensEarned": 0, "championId": 412, "lastPlayTime": 1447167734000}, {"championLevel": 1, "chestGranted": false, "championPoints": 1731, "championPointsSinceLastLevel": 1731, "playerId": 21673, "championPointsUntilNextLevel": 69, "tokensEarned": 0, "championId": 2, "lastPlayTime": 1467957580000}, {"championLevel": 1, "chestGranted": false, "championPoints": 1714, "championPointsSinceLastLevel": 1714, "playerId": 21673, "championPointsUntilNextLevel": 86, "tokensEarned": 0, "championId": 429, "lastPlayTime": 1467746001000}, {"championLevel": 1, "chestGranted": false, "championPoints": 1620, "championPointsSinceLastLevel": 1620, "playerId": 21673, "championPointsUntilNextLevel": 180, "tokensEarned": 0, "championId": 143, "lastPlayTime": 1466702468000}, {"championLevel": 1, "chestGranted": false, "championPoints": 1528, "championPointsSinceLastLevel": 1528, "playerId": 21673, "championPointsUntilNextLevel": 272, "tokensEarned": 0, "championId": 202, "lastPlayTime": 1469078061000}, {"championLevel": 1, "chestGranted": false, "championPoints": 1513, "championPointsSinceLastLevel": 1513, "playerId": 21673, "championPointsUntilNextLevel": 287, "tokensEarned": 0, "championId": 36, "lastPlayTime": 1467751518000}, {"championLevel": 1, "chestGranted": false, "championPoints": 1430, "championPointsSinceLastLevel": 1430, "playerId": 21673, "championPointsUntilNextLevel": 370, "tokensEarned": 0, "championId": 245, "lastPlayTime": 1460908449000}, {"championLevel": 1, "chestGranted": false, "championPoints": 1378, "championPointsSinceLastLevel": 1378, "playerId": 21673, "championPointsUntilNextLevel": 422, "tokensEarned": 0, "championId": 238, "lastPlayTime": 1466443849000}, {"championLevel": 1, "chestGranted": false, "championPoints": 1369, "championPointsSinceLastLevel": 1369, "playerId": 21673, "championPointsUntilNextLevel": 431, "tokensEarned": 0, "championId": 63, "lastPlayTime": 1461714171000}, {"championLevel": 1, "chestGranted": false, "championPoints": 1362, "championPointsSinceLastLevel": 1362, "playerId": 21673, "championPointsUntilNextLevel": 438, "tokensEarned": 0, "championId": 92, "lastPlayTime": 1468377920000}, {"championLevel": 1, "chestGranted": false, "championPoints": 1317, "championPointsSinceLastLevel": 1317, "playerId": 21673, "championPointsUntilNextLevel": 483, "tokensEarned": 0, "championId": 41, "lastPlayTime": 1439855061000}, {"championLevel": 1, "chestGranted": true, "championPoints": 1301, "championPointsSinceLastLevel": 1301, "playerId": 21673, "championPointsUntilNextLevel": 499, "tokensEarned": 0, "championId": 43, "lastPlayTime": 1464147448000}, {"championLevel": 1, "chestGranted": false, "championPoints": 1301, "championPointsSinceLastLevel": 1301, "playerId": 21673, "championPointsUntilNextLevel": 499, "tokensEarned": 0, "championId": 432, "lastPlayTime": 1468964092000}, {"championLevel": 1, "chestGranted": false, "championPoints": 1254, "championPointsSinceLastLevel": 1254, "playerId": 21673, "championPointsUntilNextLevel": 546, "tokensEarned": 0, "championId": 34, "lastPlayTime": 1468277821000}, {"championLevel": 1, "chestGranted": false, "championPoints": 1177, "championPointsSinceLastLevel": 1177, "playerId": 21673, "championPointsUntilNextLevel": 623, "tokensEarned": 0, "championId": 154, "lastPlayTime": 1466471148000}, {"championLevel": 1, "chestGranted": false, "championPoints": 1120, "championPointsSinceLastLevel": 1120, "playerId": 21673, "championPointsUntilNextLevel": 680, "tokensEarned": 0, "championId": 110, "lastPlayTime": 1466715365000}, {"championLevel": 1, "chestGranted": false, "championPoints": 888, "championPointsSinceLastLevel": 888, "playerId": 21673, "championPointsUntilNextLevel": 912, "tokensEarned": 0, "championId": 421, "lastPlayTime": 1469036438000}, {"championLevel": 1, "chestGranted": false, "championPoints": 885, "championPointsSinceLastLevel": 885, "playerId": 21673, "championPointsUntilNextLevel": 915, "tokensEarned": 0, "championId": 85, "lastPlayTime": 1466375387000}, {"championLevel": 1, "chestGranted": false, "championPoints": 703, "championPointsSinceLastLevel": 703, "playerId": 21673, "championPointsUntilNextLevel": 1097, "tokensEarned": 0, "championId": 79, "lastPlayTime": 1467311705000}, {"championLevel": 1, "chestGranted": false, "championPoints": 447, "championPointsSinceLastLevel": 447, "playerId": 21673, "championPointsUntilNextLevel": 1353, "tokensEarned": 0, "championId": 55, "lastPlayTime": 1458685643000}, {"championLevel": 1, "chestGranted": false, "championPoints": 403, "championPointsSinceLastLevel": 403, "playerId": 21673, "championPointsUntilNextLevel": 1397, "tokensEarned": 0, "championId": 60, "lastPlayTime": 1441578590000}, {"championLevel": 1, "chestGranted": false, "championPoints": 328, "championPointsSinceLastLevel": 328, "playerId": 21673, "championPointsUntilNextLevel": 1472, "tokensEarned": 0, "championId": 25, "lastPlayTime": 1459564068000}, {"championLevel": 1, "chestGranted": false, "championPoints": 252, "championPointsSinceLastLevel": 252, "playerId": 21673, "championPointsUntilNextLevel": 1548, "tokensEarned": 0, "championId": 103, "lastPlayTime": 1461803502000}, {"championLevel": 1, "chestGranted": false, "championPoints": 235, "championPointsSinceLastLevel": 235, "playerId": 21673, "championPointsUntilNextLevel": 1565, "tokensEarned": 0, "championId": 16, "lastPlayTime": 1466462847000}, {"championLevel": 1, "chestGranted": false, "championPoints": 214, "championPointsSinceLastLevel": 214, "playerId": 21673, "championPointsUntilNextLevel": 1586, "tokensEarned": 0, "championId": 134, "lastPlayTime": 1443446412000}, {"championLevel": 1, "chestGranted": false, "championPoints": 211, "championPointsSinceLastLevel": 211, "playerId": 21673, "championPointsUntilNextLevel": 1589, "tokensEarned": 0, "championId": 7, "lastPlayTime": 1465589304000}, {"championLevel": 1, "chestGranted": false, "championPoints": 197, "championPointsSinceLastLevel": 197, "playerId": 21673, "championPointsUntilNextLevel": 1603, "tokensEarned": 0, "championId": 102, "lastPlayTime": 1467589174000}, {"championLevel": 1, "chestGranted": false, "championPoints": 166, "championPointsSinceLastLevel": 166, "playerId": 21673, "championPointsUntilNextLevel": 1634, "tokensEarned": 0, "championId": 9, "lastPlayTime": 1463261434000}, {"championLevel": 1, "chestGranted": false, "championPoints": 158, "championPointsSinceLastLevel": 158, "playerId": 21673, "championPointsUntilNextLevel": 1642, "tokensEarned": 0, "championId": 4, "lastPlayTime": 1450063111000}, {"championLevel": 1, "chestGranted": false, "championPoints": 155, "championPointsSinceLastLevel": 155, "playerId": 21673, "championPointsUntilNextLevel": 1645, "tokensEarned": 0, "championId": 33, "lastPlayTime": 1447070424000}, {"championLevel": 1, "chestGranted": false, "championPoints": 154, "championPointsSinceLastLevel": 154, "playerId": 21673, "championPointsUntilNextLevel": 1646, "tokensEarned": 0, "championId": 136, "lastPlayTime": 1458845510000}, {"championLevel": 1, "chestGranted": false, "championPoints": 153, "championPointsSinceLastLevel": 153, "playerId": 21673, "championPointsUntilNextLevel": 1647, "tokensEarned": 0, "championId": 42, "lastPlayTime": 1457647677000}, {"championLevel": 1, "chestGranted": false, "championPoints": 152, "championPointsSinceLastLevel": 152, "playerId": 21673, "championPointsUntilNextLevel": 1648, "tokensEarned": 0, "championId": 58, "lastPlayTime": 1467930971000}, {"championLevel": 1, "chestGranted": false, "championPoints": 152, "championPointsSinceLastLevel": 152, "playerId": 21673, "championPointsUntilNextLevel": 1648, "tokensEarned": 0, "championId": 78, "lastPlayTime": 1452222899000}]