[{"championLevel": 5, "chestGranted": true, "championPoints": 267878, "championPointsSinceLastLevel": 246278, "playerId": 21689, "championPointsUntilNextLevel": 0, "tokensEarned": 2, "championId": 9, "lastPlayTime": 1467918106000}, {"championLevel": 5, "chestGranted": false, "championPoints": 66793, "championPointsSinceLastLevel": 45193, "playerId": 21689, "championPointsUntilNextLevel": 0, "tokensEarned": 0, "championId": 28, "lastPlayTime": 1458845863000}, {"championLevel": 5, "chestGranted": false, "championPoints": 30642, "championPointsSinceLastLevel": 9042, "playerId": 21689, "championPointsUntilNextLevel": 0, "tokensEarned": 0, "championId": 59, "lastPlayTime": 1466015318000}, {"championLevel": 5, "chestGranted": true, "championPoints": 26894, "championPointsSinceLastLevel": 5294, "playerId": 21689, "championPointsUntilNextLevel": 0, "tokensEarned": 1, "championId": 53, "lastPlayTime": 1469035027000}, {"championLevel": 5, "chestGranted": false, "championPoints": 25245, "championPointsSinceLastLevel": 3645, "playerId": 21689, "championPointsUntilNextLevel": 0, "tokensEarned": 0, "championId": 42, "lastPlayTime": 1456808947000}, {"championLevel": 5, "chestGranted": false, "championPoints": 24680, "championPointsSinceLastLevel": 3080, "playerId": 21689, "championPointsUntilNextLevel": 0, "tokensEarned": 0, "championId": 54, "lastPlayTime": 1463436641000}, {"championLevel": 4, "chestGranted": false, "championPoints": 21462, "championPointsSinceLastLevel": 8862, "playerId": 21689, "championPointsUntilNextLevel": 138, "tokensEarned": 0, "championId": 113, "lastPlayTime": 1455632325000}, {"championLevel": 4, "chestGranted": false, "championPoints": 19645, "championPointsSinceLastLevel": 7045, "playerId": 21689, "championPointsUntilNextLevel": 1955, "tokensEarned": 0, "championId": 81, "lastPlayTime": 1457328768000}, {"championLevel": 4, "chestGranted": false, "championPoints": 18647, "championPointsSinceLastLevel": 6047, "playerId": 21689, "championPointsUntilNextLevel": 2953, "tokensEarned": 0, "championId": 30, "lastPlayTime": 1451851148000}, {"championLevel": 4, "chestGranted": false, "championPoints": 17622, "championPointsSinceLastLevel": 5022, "playerId": 21689, "championPointsUntilNextLevel": 3978, "tokensEarned": 0, "championId": 254, "lastPlayTime": 1456266636000}, {"championLevel": 4, "chestGranted": false, "championPoints": 16370, "championPointsSinceLastLevel": 3770, "playerId": 21689, "championPointsUntilNextLevel": 5230, "tokensEarned": 0, "championId": 79, "lastPlayTime": 1463548399000}, {"championLevel": 4, "chestGranted": false, "championPoints": 15974, "championPointsSinceLastLevel": 3374, "playerId": 21689, "championPointsUntilNextLevel": 5626, "tokensEarned": 0, "championId": 80, "lastPlayTime": 1457037019000}, {"championLevel": 4, "chestGranted": true, "championPoints": 15158, "championPointsSinceLastLevel": 2558, "playerId": 21689, "championPointsUntilNextLevel": 6442, "tokensEarned": 0, "championId": 110, "lastPlayTime": 1465158231000}, {"championLevel": 3, "chestGranted": true, "championPoints": 10903, "championPointsSinceLastLevel": 4903, "playerId": 21689, "championPointsUntilNextLevel": 1697, "tokensEarned": 0, "championId": 126, "lastPlayTime": 1463806070000}, {"championLevel": 3, "chestGranted": false, "championPoints": 10797, "championPointsSinceLastLevel": 4797, "playerId": 21689, "championPointsUntilNextLevel": 1803, "tokensEarned": 0, "championId": 127, "lastPlayTime": 1457630357000}, {"championLevel": 3, "chestGranted": false, "championPoints": 10221, "championPointsSinceLastLevel": 4221, "playerId": 21689, "championPointsUntilNextLevel": 2379, "tokensEarned": 0, "championId": 203, "lastPlayTime": 1462390275000}, {"championLevel": 3, "chestGranted": false, "championPoints": 9461, "championPointsSinceLastLevel": 3461, "playerId": 21689, "championPointsUntilNextLevel": 3139, "tokensEarned": 0, "championId": 51, "lastPlayTime": 1467923590000}, {"championLevel": 3, "chestGranted": true, "championPoints": 8296, "championPointsSinceLastLevel": 2296, "playerId": 21689, "championPointsUntilNextLevel": 4304, "tokensEarned": 0, "championId": 74, "lastPlayTime": 1468602953000}, {"championLevel": 3, "chestGranted": false, "championPoints": 8139, "championPointsSinceLastLevel": 2139, "playerId": 21689, "championPointsUntilNextLevel": 4461, "tokensEarned": 0, "championId": 25, "lastPlayTime": 1459013350000}, {"championLevel": 3, "chestGranted": false, "championPoints": 7528, "championPointsSinceLastLevel": 1528, "playerId": 21689, "championPointsUntilNextLevel": 5072, "tokensEarned": 0, "championId": 102, "lastPlayTime": 1446872999000}, {"championLevel": 3, "chestGranted": false, "championPoints": 7506, "championPointsSinceLastLevel": 1506, "playerId": 21689, "championPointsUntilNextLevel": 5094, "tokensEarned": 0, "championId": 67, "lastPlayTime": 1468018484000}, {"championLevel": 3, "chestGranted": false, "championPoints": 6968, "championPointsSinceLastLevel": 968, "playerId": 21689, "championPointsUntilNextLevel": 5632, "tokensEarned": 0, "championId": 68, "lastPlayTime": 1455946876000}, {"championLevel": 3, "chestGranted": true, "championPoints": 6272, "championPointsSinceLastLevel": 272, "playerId": 21689, "championPointsUntilNextLevel": 6328, "tokensEarned": 0, "championId": 76, "lastPlayTime": 1463770737000}, {"championLevel": 3, "chestGranted": false, "championPoints": 6090, "championPointsSinceLastLevel": 90, "playerId": 21689, "championPointsUntilNextLevel": 6510, "tokensEarned": 0, "championId": 90, "lastPlayTime": 1451849275000}, {"championLevel": 2, "chestGranted": false, "championPoints": 5838, "championPointsSinceLastLevel": 4038, "playerId": 21689, "championPointsUntilNextLevel": 162, "tokensEarned": 0, "championId": 89, "lastPlayTime": 1456768236000}, {"championLevel": 2, "chestGranted": true, "championPoints": 5666, "championPointsSinceLastLevel": 3866, "playerId": 21689, "championPointsUntilNextLevel": 334, "tokensEarned": 0, "championId": 72, "lastPlayTime": 1466282738000}, {"championLevel": 2, "chestGranted": true, "championPoints": 5446, "championPointsSinceLastLevel": 3646, "playerId": 21689, "championPointsUntilNextLevel": 554, "tokensEarned": 0, "championId": 21, "lastPlayTime": 1468828206000}, {"championLevel": 2, "chestGranted": true, "championPoints": 5361, "championPointsSinceLastLevel": 3561, "playerId": 21689, "championPointsUntilNextLevel": 639, "tokensEarned": 0, "championId": 222, "lastPlayTime": 1468527989000}, {"championLevel": 2, "chestGranted": false, "championPoints": 4849, "championPointsSinceLastLevel": 3049, "playerId": 21689, "championPointsUntilNextLevel": 1151, "tokensEarned": 0, "championId": 29, "lastPlayTime": 1455777715000}, {"championLevel": 2, "chestGranted": false, "championPoints": 4707, "championPointsSinceLastLevel": 2907, "playerId": 21689, "championPointsUntilNextLevel": 1293, "tokensEarned": 0, "championId": 245, "lastPlayTime": 1435256820000}, {"championLevel": 2, "chestGranted": false, "championPoints": 4696, "championPointsSinceLastLevel": 2896, "playerId": 21689, "championPointsUntilNextLevel": 1304, "tokensEarned": 0, "championId": 22, "lastPlayTime": 1466457132000}, {"championLevel": 2, "chestGranted": false, "championPoints": 4681, "championPointsSinceLastLevel": 2881, "playerId": 21689, "championPointsUntilNextLevel": 1319, "tokensEarned": 0, "championId": 31, "lastPlayTime": 1459571684000}, {"championLevel": 2, "chestGranted": false, "championPoints": 4337, "championPointsSinceLastLevel": 2537, "playerId": 21689, "championPointsUntilNextLevel": 1663, "tokensEarned": 0, "championId": 412, "lastPlayTime": 1455953751000}, {"championLevel": 2, "chestGranted": false, "championPoints": 4032, "championPointsSinceLastLevel": 2232, "playerId": 21689, "championPointsUntilNextLevel": 1968, "tokensEarned": 0, "championId": 37, "lastPlayTime": 1451774120000}, {"championLevel": 2, "chestGranted": true, "championPoints": 3705, "championPointsSinceLastLevel": 1905, "playerId": 21689, "championPointsUntilNextLevel": 2295, "tokensEarned": 0, "championId": 106, "lastPlayTime": 1462392916000}, {"championLevel": 2, "chestGranted": false, "championPoints": 3686, "championPointsSinceLastLevel": 1886, "playerId": 21689, "championPointsUntilNextLevel": 2314, "tokensEarned": 0, "championId": 2, "lastPlayTime": 1446912136000}, {"championLevel": 2, "chestGranted": false, "championPoints": 3605, "championPointsSinceLastLevel": 1805, "playerId": 21689, "championPointsUntilNextLevel": 2395, "tokensEarned": 0, "championId": 17, "lastPlayTime": 1456870806000}, {"championLevel": 2, "chestGranted": false, "championPoints": 3585, "championPointsSinceLastLevel": 1785, "playerId": 21689, "championPointsUntilNextLevel": 2415, "tokensEarned": 0, "championId": 57, "lastPlayTime": 1463027236000}, {"championLevel": 2, "chestGranted": false, "championPoints": 3565, "championPointsSinceLastLevel": 1765, "playerId": 21689, "championPointsUntilNextLevel": 2435, "tokensEarned": 0, "championId": 75, "lastPlayTime": 1466022973000}, {"championLevel": 2, "chestGranted": false, "championPoints": 3139, "championPointsSinceLastLevel": 1339, "playerId": 21689, "championPointsUntilNextLevel": 2861, "tokensEarned": 0, "championId": 20, "lastPlayTime": 1455120727000}, {"championLevel": 2, "chestGranted": false, "championPoints": 2807, "championPointsSinceLastLevel": 1007, "playerId": 21689, "championPointsUntilNextLevel": 3193, "tokensEarned": 0, "championId": 11, "lastPlayTime": 1436114340000}, {"championLevel": 2, "chestGranted": false, "championPoints": 2758, "championPointsSinceLastLevel": 958, "playerId": 21689, "championPointsUntilNextLevel": 3242, "tokensEarned": 0, "championId": 111, "lastPlayTime": 1466137396000}, {"championLevel": 2, "chestGranted": false, "championPoints": 2683, "championPointsSinceLastLevel": 883, "playerId": 21689, "championPointsUntilNextLevel": 3317, "tokensEarned": 0, "championId": 202, "lastPlayTime": 1468009981000}, {"championLevel": 2, "chestGranted": true, "championPoints": 2558, "championPointsSinceLastLevel": 758, "playerId": 21689, "championPointsUntilNextLevel": 3442, "tokensEarned": 0, "championId": 103, "lastPlayTime": 1463807671000}, {"championLevel": 2, "chestGranted": false, "championPoints": 2196, "championPointsSinceLastLevel": 396, "playerId": 21689, "championPointsUntilNextLevel": 3804, "tokensEarned": 0, "championId": 119, "lastPlayTime": 1446847677000}, {"championLevel": 2, "chestGranted": false, "championPoints": 2094, "championPointsSinceLastLevel": 294, "playerId": 21689, "championPointsUntilNextLevel": 3906, "tokensEarned": 0, "championId": 10, "lastPlayTime": 1457366319000}, {"championLevel": 2, "chestGranted": false, "championPoints": 1834, "championPointsSinceLastLevel": 34, "playerId": 21689, "championPointsUntilNextLevel": 4166, "tokensEarned": 0, "championId": 84, "lastPlayTime": 1456386553000}, {"championLevel": 1, "chestGranted": false, "championPoints": 1756, "championPointsSinceLastLevel": 1756, "playerId": 21689, "championPointsUntilNextLevel": 44, "tokensEarned": 0, "championId": 101, "lastPlayTime": 1456160865000}, {"championLevel": 1, "chestGranted": false, "championPoints": 1688, "championPointsSinceLastLevel": 1688, "playerId": 21689, "championPointsUntilNextLevel": 112, "tokensEarned": 0, "championId": 238, "lastPlayTime": 1466371274000}, {"championLevel": 1, "chestGranted": false, "championPoints": 1491, "championPointsSinceLastLevel": 1491, "playerId": 21689, "championPointsUntilNextLevel": 309, "tokensEarned": 0, "championId": 122, "lastPlayTime": 1440091373000}, {"championLevel": 1, "chestGranted": false, "championPoints": 1468, "championPointsSinceLastLevel": 1468, "playerId": 21689, "championPointsUntilNextLevel": 332, "tokensEarned": 0, "championId": 18, "lastPlayTime": 1441088634000}, {"championLevel": 1, "chestGranted": false, "championPoints": 1336, "championPointsSinceLastLevel": 1336, "playerId": 21689, "championPointsUntilNextLevel": 464, "tokensEarned": 0, "championId": 14, "lastPlayTime": 1468097890000}, {"championLevel": 1, "chestGranted": false, "championPoints": 1326, "championPointsSinceLastLevel": 1326, "playerId": 21689, "championPointsUntilNextLevel": 474, "tokensEarned": 0, "championId": 15, "lastPlayTime": 1465156618000}, {"championLevel": 1, "chestGranted": false, "championPoints": 1314, "championPointsSinceLastLevel": 1314, "playerId": 21689, "championPointsUntilNextLevel": 486, "tokensEarned": 0, "championId": 33, "lastPlayTime": 1448058635000}, {"championLevel": 1, "chestGranted": false, "championPoints": 1216, "championPointsSinceLastLevel": 1216, "playerId": 21689, "championPointsUntilNextLevel": 584, "tokensEarned": 0, "championId": 107, "lastPlayTime": 1433373426000}, {"championLevel": 1, "chestGranted": false, "championPoints": 1081, "championPointsSinceLastLevel": 1081, "playerId": 21689, "championPointsUntilNextLevel": 719, "tokensEarned": 0, "championId": 121, "lastPlayTime": 1466373698000}, {"championLevel": 1, "chestGranted": false, "championPoints": 1065, "championPointsSinceLastLevel": 1065, "playerId": 21689, "championPointsUntilNextLevel": 735, "tokensEarned": 0, "championId": 23, "lastPlayTime": 1456433190000}, {"championLevel": 1, "chestGranted": false, "championPoints": 939, "championPointsSinceLastLevel": 939, "playerId": 21689, "championPointsUntilNextLevel": 861, "tokensEarned": 0, "championId": 40, "lastPlayTime": 1455081906000}, {"championLevel": 1, "chestGranted": false, "championPoints": 633, "championPointsSinceLastLevel": 633, "playerId": 21689, "championPointsUntilNextLevel": 1167, "tokensEarned": 0, "championId": 16, "lastPlayTime": 1453669462000}, {"championLevel": 1, "chestGranted": false, "championPoints": 422, "championPointsSinceLastLevel": 422, "playerId": 21689, "championPointsUntilNextLevel": 1378, "tokensEarned": 0, "championId": 27, "lastPlayTime": 1455089040000}, {"championLevel": 1, "chestGranted": false, "championPoints": 353, "championPointsSinceLastLevel": 353, "playerId": 21689, "championPointsUntilNextLevel": 1447, "tokensEarned": 0, "championId": 45, "lastPlayTime": 1463173703000}, {"championLevel": 1, "chestGranted": false, "championPoints": 332, "championPointsSinceLastLevel": 332, "playerId": 21689, "championPointsUntilNextLevel": 1468, "tokensEarned": 0, "championId": 44, "lastPlayTime": 1447784954000}, {"championLevel": 1, "chestGranted": false, "championPoints": 310, "championPointsSinceLastLevel": 310, "playerId": 21689, "championPointsUntilNextLevel": 1490, "tokensEarned": 0, "championId": 432, "lastPlayTime": 1449810193000}, {"championLevel": 1, "chestGranted": false, "championPoints": 297, "championPointsSinceLastLevel": 297, "playerId": 21689, "championPointsUntilNextLevel": 1503, "tokensEarned": 0, "championId": 19, "lastPlayTime": 1448090686000}, {"championLevel": 1, "chestGranted": false, "championPoints": 274, "championPointsSinceLastLevel": 274, "playerId": 21689, "championPointsUntilNextLevel": 1526, "tokensEarned": 0, "championId": 4, "lastPlayTime": 1449124941000}, {"championLevel": 1, "chestGranted": false, "championPoints": 267, "championPointsSinceLastLevel": 267, "playerId": 21689, "championPointsUntilNextLevel": 1533, "tokensEarned": 0, "championId": 420, "lastPlayTime": 1455748356000}, {"championLevel": 1, "chestGranted": false, "championPoints": 256, "championPointsSinceLastLevel": 256, "playerId": 21689, "championPointsUntilNextLevel": 1544, "tokensEarned": 0, "championId": 60, "lastPlayTime": 1435523173000}, {"championLevel": 1, "chestGranted": false, "championPoints": 246, "championPointsSinceLastLevel": 246, "playerId": 21689, "championPointsUntilNextLevel": 1554, "tokensEarned": 0, "championId": 3, "lastPlayTime": 1447451044000}, {"championLevel": 1, "chestGranted": false, "championPoints": 223, "championPointsSinceLastLevel": 223, "playerId": 21689, "championPointsUntilNextLevel": 1577, "tokensEarned": 0, "championId": 41, "lastPlayTime": 1436030787000}, {"championLevel": 1, "chestGranted": false, "championPoints": 212, "championPointsSinceLastLevel": 212, "playerId": 21689, "championPointsUntilNextLevel": 1588, "tokensEarned": 0, "championId": 5, "lastPlayTime": 1448467534000}, {"championLevel": 1, "chestGranted": false, "championPoints": 205, "championPointsSinceLastLevel": 205, "playerId": 21689, "championPointsUntilNextLevel": 1595, "tokensEarned": 0, "championId": 50, "lastPlayTime": 1434630982000}, {"championLevel": 1, "chestGranted": false, "championPoints": 177, "championPointsSinceLastLevel": 177, "playerId": 21689, "championPointsUntilNextLevel": 1623, "tokensEarned": 0, "championId": 421, "lastPlayTime": 1433877148000}, {"championLevel": 1, "chestGranted": false, "championPoints": 171, "championPointsSinceLastLevel": 171, "playerId": 21689, "championPointsUntilNextLevel": 1629, "tokensEarned": 0, "championId": 24, "lastPlayTime": 1448343717000}, {"championLevel": 1, "chestGranted": false, "championPoints": 161, "championPointsSinceLastLevel": 161, "playerId": 21689, "championPointsUntilNextLevel": 1639, "tokensEarned": 0, "championId": 133, "lastPlayTime": 1433528022000}, {"championLevel": 1, "chestGranted": false, "championPoints": 158, "championPointsSinceLastLevel": 158, "playerId": 21689, "championPointsUntilNextLevel": 1642, "tokensEarned": 0, "championId": 36, "lastPlayTime": 1435503551000}, {"championLevel": 1, "chestGranted": false, "championPoints": 157, "championPointsSinceLastLevel": 157, "playerId": 21689, "championPointsUntilNextLevel": 1643, "tokensEarned": 0, "championId": 1, "lastPlayTime": 1435202259000}]