[{"championLevel": 5, "chestGranted": true, "championPoints": 29534, "championPointsSinceLastLevel": 7934, "playerId": 21682, "championPointsUntilNextLevel": 0, "tokensEarned": 0, "championId": 21, "lastPlayTime": 1463030032000}, {"championLevel": 3, "chestGranted": true, "championPoints": 9581, "championPointsSinceLastLevel": 3581, "playerId": 21682, "championPointsUntilNextLevel": 3019, "tokensEarned": 0, "championId": 133, "lastPlayTime": 1460057833000}, {"championLevel": 2, "chestGranted": true, "championPoints": 5823, "championPointsSinceLastLevel": 4023, "playerId": 21682, "championPointsUntilNextLevel": 177, "tokensEarned": 0, "championId": 90, "lastPlayTime": 1462828497000}, {"championLevel": 2, "chestGranted": true, "championPoints": 4004, "championPointsSinceLastLevel": 2204, "playerId": 21682, "championPointsUntilNextLevel": 1996, "tokensEarned": 0, "championId": 53, "lastPlayTime": 1462388946000}, {"championLevel": 2, "chestGranted": false, "championPoints": 2874, "championPointsSinceLastLevel": 1074, "playerId": 21682, "championPointsUntilNextLevel": 3126, "tokensEarned": 0, "championId": 51, "lastPlayTime": 1460055224000}, {"championLevel": 1, "chestGranted": false, "championPoints": 1749, "championPointsSinceLastLevel": 1749, "playerId": 21682, "championPointsUntilNextLevel": 51, "tokensEarned": 0, "championId": 126, "lastPlayTime": 1462306282000}, {"championLevel": 1, "chestGranted": false, "championPoints": 1736, "championPointsSinceLastLevel": 1736, "playerId": 21682, "championPointsUntilNextLevel": 64, "tokensEarned": 0, "championId": 11, "lastPlayTime": 1460566743000}, {"championLevel": 1, "chestGranted": false, "championPoints": 1597, "championPointsSinceLastLevel": 1597, "playerId": 21682, "championPointsUntilNextLevel": 203, "tokensEarned": 0, "championId": 113, "lastPlayTime": 1457583422000}, {"championLevel": 1, "chestGranted": false, "championPoints": 878, "championPointsSinceLastLevel": 878, "playerId": 21682, "championPointsUntilNextLevel": 922, "tokensEarned": 0, "championId": 37, "lastPlayTime": 1459224551000}, {"championLevel": 1, "chestGranted": false, "championPoints": 527, "championPointsSinceLastLevel": 527, "playerId": 21682, "championPointsUntilNextLevel": 1273, "tokensEarned": 0, "championId": 421, "lastPlayTime": 1460402637000}, {"championLevel": 1, "chestGranted": false, "championPoints": 399, "championPointsSinceLastLevel": 399, "playerId": 21682, "championPointsUntilNextLevel": 1401, "tokensEarned": 0, "championId": 18, "lastPlayTime": 1459452853000}, {"championLevel": 1, "chestGranted": false, "championPoints": 368, "championPointsSinceLastLevel": 368, "playerId": 21682, "championPointsUntilNextLevel": 1432, "tokensEarned": 0, "championId": 63, "lastPlayTime": 1462124337000}, {"championLevel": 1, "chestGranted": false, "championPoints": 233, "championPointsSinceLastLevel": 233, "playerId": 21682, "championPointsUntilNextLevel": 1567, "tokensEarned": 0, "championId": 17, "lastPlayTime": 1459363703000}, {"championLevel": 1, "chestGranted": false, "championPoints": 225, "championPointsSinceLastLevel": 225, "playerId": 21682, "championPointsUntilNextLevel": 1575, "tokensEarned": 0, "championId": 29, "lastPlayTime": 1458660903000}, {"championLevel": 1, "chestGranted": false, "championPoints": 204, "championPointsSinceLastLevel": 204, "playerId": 21682, "championPointsUntilNextLevel": 1596, "tokensEarned": 0, "championId": 22, "lastPlayTime": 1457639621000}, {"championLevel": 1, "chestGranted": false, "championPoints": 196, "championPointsSinceLastLevel": 196, "playerId": 21682, "championPointsUntilNextLevel": 1604, "tokensEarned": 0, "championId": 84, "lastPlayTime": 1458408600000}, {"championLevel": 1, "chestGranted": false, "championPoints": 145, "championPointsSinceLastLevel": 145, "playerId": 21682, "championPointsUntilNextLevel": 1655, "tokensEarned": 0, "championId": 15, "lastPlayTime": 1459814893000}, {"championLevel": 1, "chestGranted": false, "championPoints": 142, "championPointsSinceLastLevel": 142, "playerId": 21682, "championPointsUntilNextLevel": 1658, "tokensEarned": 0, "championId": 101, "lastPlayTime": 1462397595000}, {"championLevel": 1, "chestGranted": false, "championPoints": 122, "championPointsSinceLastLevel": 122, "playerId": 21682, "championPointsUntilNextLevel": 1678, "tokensEarned": 0, "championId": 23, "lastPlayTime": 1460412447000}]