[{"championLevel": 3, "chestGranted": false, "championPoints": 9836, "championPointsSinceLastLevel": 3836, "playerId": 21681, "championPointsUntilNextLevel": 2764, "tokensEarned": 0, "championId": 131, "lastPlayTime": 1434674843000}, {"championLevel": 2, "chestGranted": false, "championPoints": 5510, "championPointsSinceLastLevel": 3710, "playerId": 21681, "championPointsUntilNextLevel": 490, "tokensEarned": 0, "championId": 5, "lastPlayTime": 1432866187000}, {"championLevel": 2, "chestGranted": false, "championPoints": 4923, "championPointsSinceLastLevel": 3123, "playerId": 21681, "championPointsUntilNextLevel": 1077, "tokensEarned": 0, "championId": 106, "lastPlayTime": 1433561877000}, {"championLevel": 2, "chestGranted": false, "championPoints": 3866, "championPointsSinceLastLevel": 2066, "playerId": 21681, "championPointsUntilNextLevel": 2134, "tokensEarned": 0, "championId": 64, "lastPlayTime": 1432953066000}, {"championLevel": 1, "chestGranted": false, "championPoints": 728, "championPointsSinceLastLevel": 728, "playerId": 21681, "championPointsUntilNextLevel": 1072, "tokensEarned": 0, "championId": 67, "lastPlayTime": 1430952388000}, {"championLevel": 1, "chestGranted": false, "championPoints": 271, "championPointsSinceLastLevel": 271, "playerId": 21681, "championPointsUntilNextLevel": 1529, "tokensEarned": 0, "championId": 11, "lastPlayTime": 1432524821000}, {"championLevel": 1, "chestGranted": false, "championPoints": 147, "championPointsSinceLastLevel": 147, "playerId": 21681, "championPointsUntilNextLevel": 1653, "tokensEarned": 0, "championId": 99, "lastPlayTime": 1433450075000}, {"championLevel": 1, "chestGranted": false, "championPoints": 144, "championPointsSinceLastLevel": 144, "playerId": 21681, "championPointsUntilNextLevel": 1656, "tokensEarned": 0, "championId": 96, "lastPlayTime": 1433975134000}]