[{"championLevel": 5, "chestGranted": true, "championPoints": 59515, "championPointsSinceLastLevel": 37915, "playerId": 21684, "championPointsUntilNextLevel": 0, "tokensEarned": 2, "championId": 55, "lastPlayTime": 1467591616000}, {"championLevel": 5, "chestGranted": true, "championPoints": 31301, "championPointsSinceLastLevel": 9701, "playerId": 21684, "championPointsUntilNextLevel": 0, "tokensEarned": 0, "championId": 105, "lastPlayTime": 1467586124000}, {"championLevel": 4, "chestGranted": true, "championPoints": 13089, "championPointsSinceLastLevel": 489, "playerId": 21684, "championPointsUntilNextLevel": 8511, "tokensEarned": 0, "championId": 7, "lastPlayTime": 1464820982000}, {"championLevel": 3, "chestGranted": true, "championPoints": 12452, "championPointsSinceLastLevel": 6452, "playerId": 21684, "championPointsUntilNextLevel": 148, "tokensEarned": 0, "championId": 67, "lastPlayTime": 1465352923000}, {"championLevel": 3, "chestGranted": true, "championPoints": 11944, "championPointsSinceLastLevel": 5944, "playerId": 21684, "championPointsUntilNextLevel": 656, "tokensEarned": 0, "championId": 1, "lastPlayTime": 1464292132000}, {"championLevel": 3, "chestGranted": true, "championPoints": 8700, "championPointsSinceLastLevel": 2700, "playerId": 21684, "championPointsUntilNextLevel": 3900, "tokensEarned": 0, "championId": 45, "lastPlayTime": 1466218497000}, {"championLevel": 3, "chestGranted": true, "championPoints": 8606, "championPointsSinceLastLevel": 2606, "playerId": 21684, "championPointsUntilNextLevel": 3994, "tokensEarned": 0, "championId": 38, "lastPlayTime": 1462913742000}, {"championLevel": 2, "chestGranted": true, "championPoints": 5829, "championPointsSinceLastLevel": 4029, "playerId": 21684, "championPointsUntilNextLevel": 171, "tokensEarned": 0, "championId": 81, "lastPlayTime": 1465867226000}, {"championLevel": 2, "chestGranted": true, "championPoints": 5771, "championPointsSinceLastLevel": 3971, "playerId": 21684, "championPointsUntilNextLevel": 229, "tokensEarned": 0, "championId": 8, "lastPlayTime": 1465517974000}, {"championLevel": 2, "chestGranted": true, "championPoints": 5402, "championPointsSinceLastLevel": 3602, "playerId": 21684, "championPointsUntilNextLevel": 598, "tokensEarned": 0, "championId": 18, "lastPlayTime": 1463344404000}, {"championLevel": 2, "chestGranted": false, "championPoints": 5194, "championPointsSinceLastLevel": 3394, "playerId": 21684, "championPointsUntilNextLevel": 806, "tokensEarned": 0, "championId": 75, "lastPlayTime": 1458591625000}, {"championLevel": 2, "chestGranted": false, "championPoints": 4245, "championPointsSinceLastLevel": 2445, "playerId": 21684, "championPointsUntilNextLevel": 1755, "tokensEarned": 0, "championId": 5, "lastPlayTime": 1462064958000}, {"championLevel": 2, "chestGranted": true, "championPoints": 2688, "championPointsSinceLastLevel": 888, "playerId": 21684, "championPointsUntilNextLevel": 3312, "tokensEarned": 0, "championId": 99, "lastPlayTime": 1467588820000}, {"championLevel": 2, "chestGranted": false, "championPoints": 2467, "championPointsSinceLastLevel": 667, "playerId": 21684, "championPointsUntilNextLevel": 3533, "tokensEarned": 0, "championId": 11, "lastPlayTime": 1447024774000}, {"championLevel": 2, "chestGranted": false, "championPoints": 2213, "championPointsSinceLastLevel": 413, "playerId": 21684, "championPointsUntilNextLevel": 3787, "tokensEarned": 0, "championId": 4, "lastPlayTime": 1436034079000}, {"championLevel": 2, "chestGranted": false, "championPoints": 2172, "championPointsSinceLastLevel": 372, "playerId": 21684, "championPointsUntilNextLevel": 3828, "tokensEarned": 0, "championId": 33, "lastPlayTime": 1440029627000}, {"championLevel": 1, "chestGranted": false, "championPoints": 1509, "championPointsSinceLastLevel": 1509, "playerId": 21684, "championPointsUntilNextLevel": 291, "tokensEarned": 0, "championId": 15, "lastPlayTime": 1462598484000}, {"championLevel": 1, "chestGranted": false, "championPoints": 1235, "championPointsSinceLastLevel": 1235, "playerId": 21684, "championPointsUntilNextLevel": 565, "tokensEarned": 0, "championId": 57, "lastPlayTime": 1461883072000}, {"championLevel": 1, "chestGranted": true, "championPoints": 1156, "championPointsSinceLastLevel": 1156, "playerId": 21684, "championPointsUntilNextLevel": 644, "tokensEarned": 0, "championId": 54, "lastPlayTime": 1466119872000}, {"championLevel": 1, "chestGranted": false, "championPoints": 1098, "championPointsSinceLastLevel": 1098, "playerId": 21684, "championPointsUntilNextLevel": 702, "tokensEarned": 0, "championId": 161, "lastPlayTime": 1461806076000}, {"championLevel": 1, "chestGranted": true, "championPoints": 648, "championPointsSinceLastLevel": 648, "playerId": 21684, "championPointsUntilNextLevel": 1152, "tokensEarned": 0, "championId": 10, "lastPlayTime": 1463455581000}, {"championLevel": 1, "chestGranted": false, "championPoints": 565, "championPointsSinceLastLevel": 565, "playerId": 21684, "championPointsUntilNextLevel": 1235, "tokensEarned": 0, "championId": 24, "lastPlayTime": 1466730073000}, {"championLevel": 1, "chestGranted": false, "championPoints": 475, "championPointsSinceLastLevel": 475, "playerId": 21684, "championPointsUntilNextLevel": 1325, "tokensEarned": 0, "championId": 61, "lastPlayTime": 1461722641000}, {"championLevel": 1, "chestGranted": false, "championPoints": 310, "championPointsSinceLastLevel": 310, "playerId": 21684, "championPointsUntilNextLevel": 1490, "tokensEarned": 0, "championId": 412, "lastPlayTime": 1463452739000}, {"championLevel": 1, "chestGranted": false, "championPoints": 259, "championPointsSinceLastLevel": 259, "playerId": 21684, "championPointsUntilNextLevel": 1541, "tokensEarned": 0, "championId": 23, "lastPlayTime": 1439428054000}, {"championLevel": 1, "chestGranted": false, "championPoints": 252, "championPointsSinceLastLevel": 252, "playerId": 21684, "championPointsUntilNextLevel": 1548, "tokensEarned": 0, "championId": 32, "lastPlayTime": 1436151007000}, {"championLevel": 1, "chestGranted": false, "championPoints": 224, "championPointsSinceLastLevel": 224, "playerId": 21684, "championPointsUntilNextLevel": 1576, "tokensEarned": 0, "championId": 69, "lastPlayTime": 1462480659000}, {"championLevel": 1, "chestGranted": false, "championPoints": 204, "championPointsSinceLastLevel": 204, "playerId": 21684, "championPointsUntilNextLevel": 1596, "tokensEarned": 0, "championId": 134, "lastPlayTime": 1462061347000}, {"championLevel": 1, "chestGranted": false, "championPoints": 198, "championPointsSinceLastLevel": 198, "playerId": 21684, "championPointsUntilNextLevel": 1602, "tokensEarned": 0, "championId": 14, "lastPlayTime": 1466221497000}, {"championLevel": 1, "chestGranted": false, "championPoints": 195, "championPointsSinceLastLevel": 195, "playerId": 21684, "championPointsUntilNextLevel": 1605, "tokensEarned": 0, "championId": 35, "lastPlayTime": 1441215054000}, {"championLevel": 1, "chestGranted": false, "championPoints": 187, "championPointsSinceLastLevel": 187, "playerId": 21684, "championPointsUntilNextLevel": 1613, "tokensEarned": 0, "championId": 40, "lastPlayTime": 1438915607000}, {"championLevel": 1, "chestGranted": false, "championPoints": 175, "championPointsSinceLastLevel": 175, "playerId": 21684, "championPointsUntilNextLevel": 1625, "tokensEarned": 0, "championId": 53, "lastPlayTime": 1431893248000}, {"championLevel": 1, "chestGranted": false, "championPoints": 171, "championPointsSinceLastLevel": 171, "playerId": 21684, "championPointsUntilNextLevel": 1629, "tokensEarned": 0, "championId": 98, "lastPlayTime": 1465958582000}, {"championLevel": 1, "chestGranted": false, "championPoints": 153, "championPointsSinceLastLevel": 153, "playerId": 21684, "championPointsUntilNextLevel": 1647, "tokensEarned": 0, "championId": 13, "lastPlayTime": 1449095476000}, {"championLevel": 1, "chestGranted": false, "championPoints": 151, "championPointsSinceLastLevel": 151, "playerId": 21684, "championPointsUntilNextLevel": 1649, "tokensEarned": 0, "championId": 106, "lastPlayTime": 1431848344000}]