[{"championLevel": 1, "chestGranted": false, "championPoints": 1393, "championPointsSinceLastLevel": 1393, "playerId": 21699, "championPointsUntilNextLevel": 407, "tokensEarned": 0, "championId": 89, "lastPlayTime": 1454367660000}, {"championLevel": 1, "chestGranted": false, "championPoints": 1380, "championPointsSinceLastLevel": 1380, "playerId": 21699, "championPointsUntilNextLevel": 420, "tokensEarned": 0, "championId": 98, "lastPlayTime": 1453095627000}, {"championLevel": 1, "chestGranted": false, "championPoints": 381, "championPointsSinceLastLevel": 381, "playerId": 21699, "championPointsUntilNextLevel": 1419, "tokensEarned": 0, "championId": 81, "lastPlayTime": 1454897454000}, {"championLevel": 1, "chestGranted": false, "championPoints": 285, "championPointsSinceLastLevel": 285, "playerId": 21699, "championPointsUntilNextLevel": 1515, "tokensEarned": 0, "championId": 83, "lastPlayTime": 1453523529000}, {"championLevel": 1, "chestGranted": false, "championPoints": 161, "championPointsSinceLastLevel": 161, "playerId": 21699, "championPointsUntilNextLevel": 1639, "tokensEarned": 0, "championId": 412, "lastPlayTime": 1454363708000}]