[{"championLevel": 5, "chestGranted": false, "championPoints": 86789, "championPointsSinceLastLevel": 65189, "playerId": 21692, "championPointsUntilNextLevel": 0, "tokensEarned": 0, "championId": 412, "lastPlayTime": 1451760003000}, {"championLevel": 5, "chestGranted": false, "championPoints": 58954, "championPointsSinceLastLevel": 37354, "playerId": 21692, "championPointsUntilNextLevel": 0, "tokensEarned": 0, "championId": 131, "lastPlayTime": 1451263243000}, {"championLevel": 5, "chestGranted": false, "championPoints": 43019, "championPointsSinceLastLevel": 21419, "playerId": 21692, "championPointsUntilNextLevel": 0, "tokensEarned": 0, "championId": 238, "lastPlayTime": 1449254879000}, {"championLevel": 5, "chestGranted": false, "championPoints": 35278, "championPointsSinceLastLevel": 13678, "playerId": 21692, "championPointsUntilNextLevel": 0, "tokensEarned": 0, "championId": 7, "lastPlayTime": 1451416090000}, {"championLevel": 5, "chestGranted": false, "championPoints": 31450, "championPointsSinceLastLevel": 9850, "playerId": 21692, "championPointsUntilNextLevel": 0, "tokensEarned": 0, "championId": 26, "lastPlayTime": 1451757571000}, {"championLevel": 5, "chestGranted": false, "championPoints": 28597, "championPointsSinceLastLevel": 6997, "playerId": 21692, "championPointsUntilNextLevel": 0, "tokensEarned": 0, "championId": 420, "lastPlayTime": 1449287725000}, {"championLevel": 5, "chestGranted": false, "championPoints": 24685, "championPointsSinceLastLevel": 3085, "playerId": 21692, "championPointsUntilNextLevel": 0, "tokensEarned": 0, "championId": 13, "lastPlayTime": 1447359778000}, {"championLevel": 5, "chestGranted": false, "championPoints": 22452, "championPointsSinceLastLevel": 852, "playerId": 21692, "championPointsUntilNextLevel": 0, "tokensEarned": 0, "championId": 76, "lastPlayTime": 1451165205000}, {"championLevel": 4, "chestGranted": false, "championPoints": 17848, "championPointsSinceLastLevel": 5248, "playerId": 21692, "championPointsUntilNextLevel": 3752, "tokensEarned": 0, "championId": 245, "lastPlayTime": 1449377841000}, {"championLevel": 4, "chestGranted": false, "championPoints": 15580, "championPointsSinceLastLevel": 2980, "playerId": 21692, "championPointsUntilNextLevel": 6020, "tokensEarned": 0, "championId": 99, "lastPlayTime": 1451410507000}, {"championLevel": 4, "chestGranted": false, "championPoints": 15458, "championPointsSinceLastLevel": 2858, "playerId": 21692, "championPointsUntilNextLevel": 6142, "tokensEarned": 0, "championId": 5, "lastPlayTime": 1450727490000}, {"championLevel": 3, "chestGranted": false, "championPoints": 11434, "championPointsSinceLastLevel": 5434, "playerId": 21692, "championPointsUntilNextLevel": 1166, "tokensEarned": 0, "championId": 111, "lastPlayTime": 1449026849000}, {"championLevel": 3, "chestGranted": false, "championPoints": 10685, "championPointsSinceLastLevel": 4685, "playerId": 21692, "championPointsUntilNextLevel": 1915, "tokensEarned": 0, "championId": 223, "lastPlayTime": 1443837918000}, {"championLevel": 3, "chestGranted": false, "championPoints": 10116, "championPointsSinceLastLevel": 4116, "playerId": 21692, "championPointsUntilNextLevel": 2484, "tokensEarned": 0, "championId": 50, "lastPlayTime": 1450979165000}, {"championLevel": 3, "chestGranted": false, "championPoints": 9385, "championPointsSinceLastLevel": 3385, "playerId": 21692, "championPointsUntilNextLevel": 3215, "tokensEarned": 0, "championId": 60, "lastPlayTime": 1447712366000}, {"championLevel": 3, "chestGranted": false, "championPoints": 9107, "championPointsSinceLastLevel": 3107, "playerId": 21692, "championPointsUntilNextLevel": 3493, "tokensEarned": 0, "championId": 64, "lastPlayTime": 1450889008000}, {"championLevel": 3, "chestGranted": false, "championPoints": 8680, "championPointsSinceLastLevel": 2680, "playerId": 21692, "championPointsUntilNextLevel": 3920, "tokensEarned": 0, "championId": 2, "lastPlayTime": 1451412866000}, {"championLevel": 3, "chestGranted": false, "championPoints": 7433, "championPointsSinceLastLevel": 1433, "playerId": 21692, "championPointsUntilNextLevel": 5167, "tokensEarned": 0, "championId": 157, "lastPlayTime": 1449249476000}, {"championLevel": 3, "chestGranted": false, "championPoints": 6925, "championPointsSinceLastLevel": 925, "playerId": 21692, "championPointsUntilNextLevel": 5675, "tokensEarned": 0, "championId": 61, "lastPlayTime": 1449351956000}, {"championLevel": 3, "chestGranted": false, "championPoints": 6604, "championPointsSinceLastLevel": 604, "playerId": 21692, "championPointsUntilNextLevel": 5996, "tokensEarned": 0, "championId": 39, "lastPlayTime": 1448401752000}, {"championLevel": 3, "chestGranted": false, "championPoints": 6459, "championPointsSinceLastLevel": 459, "playerId": 21692, "championPointsUntilNextLevel": 6141, "tokensEarned": 0, "championId": 92, "lastPlayTime": 1449349241000}, {"championLevel": 3, "chestGranted": false, "championPoints": 6205, "championPointsSinceLastLevel": 205, "playerId": 21692, "championPointsUntilNextLevel": 6395, "tokensEarned": 0, "championId": 81, "lastPlayTime": 1448148734000}, {"championLevel": 2, "chestGranted": false, "championPoints": 5620, "championPointsSinceLastLevel": 3820, "playerId": 21692, "championPointsUntilNextLevel": 380, "tokensEarned": 0, "championId": 6, "lastPlayTime": 1447286922000}, {"championLevel": 2, "chestGranted": false, "championPoints": 5577, "championPointsSinceLastLevel": 3777, "playerId": 21692, "championPointsUntilNextLevel": 423, "tokensEarned": 0, "championId": 41, "lastPlayTime": 1447447262000}, {"championLevel": 2, "chestGranted": false, "championPoints": 5475, "championPointsSinceLastLevel": 3675, "playerId": 21692, "championPointsUntilNextLevel": 525, "tokensEarned": 0, "championId": 201, "lastPlayTime": 1448744078000}, {"championLevel": 2, "chestGranted": false, "championPoints": 5201, "championPointsSinceLastLevel": 3401, "playerId": 21692, "championPointsUntilNextLevel": 799, "tokensEarned": 0, "championId": 222, "lastPlayTime": 1450806457000}, {"championLevel": 2, "chestGranted": false, "championPoints": 5190, "championPointsSinceLastLevel": 3390, "playerId": 21692, "championPointsUntilNextLevel": 810, "tokensEarned": 0, "championId": 48, "lastPlayTime": 1451083568000}, {"championLevel": 2, "chestGranted": false, "championPoints": 4942, "championPointsSinceLastLevel": 3142, "playerId": 21692, "championPointsUntilNextLevel": 1058, "tokensEarned": 0, "championId": 24, "lastPlayTime": 1450733018000}, {"championLevel": 2, "chestGranted": false, "championPoints": 4678, "championPointsSinceLastLevel": 2878, "playerId": 21692, "championPointsUntilNextLevel": 1322, "tokensEarned": 0, "championId": 82, "lastPlayTime": 1443744867000}, {"championLevel": 2, "chestGranted": false, "championPoints": 4463, "championPointsSinceLastLevel": 2663, "playerId": 21692, "championPointsUntilNextLevel": 1537, "tokensEarned": 0, "championId": 17, "lastPlayTime": 1448669899000}, {"championLevel": 2, "chestGranted": false, "championPoints": 3787, "championPointsSinceLastLevel": 1987, "playerId": 21692, "championPointsUntilNextLevel": 2213, "tokensEarned": 0, "championId": 134, "lastPlayTime": 1451085500000}, {"championLevel": 2, "chestGranted": false, "championPoints": 3619, "championPointsSinceLastLevel": 1819, "playerId": 21692, "championPointsUntilNextLevel": 2381, "tokensEarned": 0, "championId": 236, "lastPlayTime": 1448775550000}, {"championLevel": 2, "chestGranted": false, "championPoints": 3551, "championPointsSinceLastLevel": 1751, "playerId": 21692, "championPointsUntilNextLevel": 2449, "tokensEarned": 0, "championId": 127, "lastPlayTime": 1451257981000}, {"championLevel": 2, "chestGranted": false, "championPoints": 3296, "championPointsSinceLastLevel": 1496, "playerId": 21692, "championPointsUntilNextLevel": 2704, "tokensEarned": 0, "championId": 105, "lastPlayTime": 1445375170000}, {"championLevel": 2, "chestGranted": false, "championPoints": 3209, "championPointsSinceLastLevel": 1409, "playerId": 21692, "championPointsUntilNextLevel": 2791, "tokensEarned": 0, "championId": 429, "lastPlayTime": 1444160115000}, {"championLevel": 2, "chestGranted": false, "championPoints": 3203, "championPointsSinceLastLevel": 1403, "playerId": 21692, "championPointsUntilNextLevel": 2797, "tokensEarned": 0, "championId": 51, "lastPlayTime": 1447361740000}, {"championLevel": 2, "chestGranted": false, "championPoints": 3150, "championPointsSinceLastLevel": 1350, "playerId": 21692, "championPointsUntilNextLevel": 2850, "tokensEarned": 0, "championId": 268, "lastPlayTime": 1441066146000}, {"championLevel": 2, "chestGranted": false, "championPoints": 3099, "championPointsSinceLastLevel": 1299, "playerId": 21692, "championPointsUntilNextLevel": 2901, "tokensEarned": 0, "championId": 103, "lastPlayTime": 1451170764000}, {"championLevel": 2, "chestGranted": false, "championPoints": 2578, "championPointsSinceLastLevel": 778, "playerId": 21692, "championPointsUntilNextLevel": 3422, "tokensEarned": 0, "championId": 57, "lastPlayTime": 1442792577000}, {"championLevel": 2, "chestGranted": false, "championPoints": 2560, "championPointsSinceLastLevel": 760, "playerId": 21692, "championPointsUntilNextLevel": 3440, "tokensEarned": 0, "championId": 104, "lastPlayTime": 1447270129000}, {"championLevel": 2, "chestGranted": false, "championPoints": 2550, "championPointsSinceLastLevel": 750, "playerId": 21692, "championPointsUntilNextLevel": 3450, "tokensEarned": 0, "championId": 91, "lastPlayTime": 1445461108000}, {"championLevel": 2, "chestGranted": false, "championPoints": 2223, "championPointsSinceLastLevel": 423, "playerId": 21692, "championPointsUntilNextLevel": 3777, "tokensEarned": 0, "championId": 119, "lastPlayTime": 1445305023000}, {"championLevel": 2, "chestGranted": false, "championPoints": 2160, "championPointsSinceLastLevel": 360, "playerId": 21692, "championPointsUntilNextLevel": 3840, "tokensEarned": 0, "championId": 53, "lastPlayTime": 1448740301000}, {"championLevel": 2, "chestGranted": false, "championPoints": 2042, "championPointsSinceLastLevel": 242, "playerId": 21692, "championPointsUntilNextLevel": 3958, "tokensEarned": 0, "championId": 43, "lastPlayTime": 1441417434000}, {"championLevel": 2, "chestGranted": false, "championPoints": 2038, "championPointsSinceLastLevel": 238, "playerId": 21692, "championPointsUntilNextLevel": 3962, "tokensEarned": 0, "championId": 4, "lastPlayTime": 1448847050000}, {"championLevel": 2, "chestGranted": false, "championPoints": 2022, "championPointsSinceLastLevel": 222, "playerId": 21692, "championPointsUntilNextLevel": 3978, "tokensEarned": 0, "championId": 18, "lastPlayTime": 1443832102000}, {"championLevel": 2, "chestGranted": false, "championPoints": 2007, "championPointsSinceLastLevel": 207, "playerId": 21692, "championPointsUntilNextLevel": 3993, "tokensEarned": 0, "championId": 78, "lastPlayTime": 1450729840000}, {"championLevel": 2, "chestGranted": false, "championPoints": 1982, "championPointsSinceLastLevel": 182, "playerId": 21692, "championPointsUntilNextLevel": 4018, "tokensEarned": 0, "championId": 19, "lastPlayTime": 1448391083000}, {"championLevel": 2, "chestGranted": false, "championPoints": 1871, "championPointsSinceLastLevel": 71, "playerId": 21692, "championPointsUntilNextLevel": 4129, "tokensEarned": 0, "championId": 114, "lastPlayTime": 1446413430000}, {"championLevel": 1, "chestGranted": false, "championPoints": 1739, "championPointsSinceLastLevel": 1739, "playerId": 21692, "championPointsUntilNextLevel": 61, "tokensEarned": 0, "championId": 27, "lastPlayTime": 1448756499000}, {"championLevel": 1, "chestGranted": false, "championPoints": 1689, "championPointsSinceLastLevel": 1689, "playerId": 21692, "championPointsUntilNextLevel": 111, "tokensEarned": 0, "championId": 203, "lastPlayTime": 1444853981000}, {"championLevel": 1, "chestGranted": false, "championPoints": 1686, "championPointsSinceLastLevel": 1686, "playerId": 21692, "championPointsUntilNextLevel": 114, "tokensEarned": 0, "championId": 1, "lastPlayTime": 1444086135000}, {"championLevel": 1, "chestGranted": false, "championPoints": 1649, "championPointsSinceLastLevel": 1649, "playerId": 21692, "championPointsUntilNextLevel": 151, "tokensEarned": 0, "championId": 30, "lastPlayTime": 1449251799000}, {"championLevel": 1, "chestGranted": false, "championPoints": 1589, "championPointsSinceLastLevel": 1589, "playerId": 21692, "championPointsUntilNextLevel": 211, "tokensEarned": 0, "championId": 8, "lastPlayTime": 1444437938000}, {"championLevel": 1, "chestGranted": false, "championPoints": 1543, "championPointsSinceLastLevel": 1543, "playerId": 21692, "championPointsUntilNextLevel": 257, "tokensEarned": 0, "championId": 79, "lastPlayTime": 1443577746000}, {"championLevel": 1, "chestGranted": false, "championPoints": 1532, "championPointsSinceLastLevel": 1532, "playerId": 21692, "championPointsUntilNextLevel": 268, "tokensEarned": 0, "championId": 22, "lastPlayTime": 1443835111000}, {"championLevel": 1, "chestGranted": false, "championPoints": 1506, "championPointsSinceLastLevel": 1506, "playerId": 21692, "championPointsUntilNextLevel": 294, "tokensEarned": 0, "championId": 98, "lastPlayTime": 1436916937000}, {"championLevel": 1, "chestGranted": false, "championPoints": 1501, "championPointsSinceLastLevel": 1501, "playerId": 21692, "championPointsUntilNextLevel": 299, "tokensEarned": 0, "championId": 45, "lastPlayTime": 1437694020000}, {"championLevel": 1, "chestGranted": false, "championPoints": 1500, "championPointsSinceLastLevel": 1500, "playerId": 21692, "championPointsUntilNextLevel": 300, "tokensEarned": 0, "championId": 72, "lastPlayTime": 1440985314000}, {"championLevel": 1, "chestGranted": false, "championPoints": 1475, "championPointsSinceLastLevel": 1475, "playerId": 21692, "championPointsUntilNextLevel": 325, "tokensEarned": 0, "championId": 432, "lastPlayTime": 1443829129000}, {"championLevel": 1, "chestGranted": false, "championPoints": 1438, "championPointsSinceLastLevel": 1438, "playerId": 21692, "championPointsUntilNextLevel": 362, "tokensEarned": 0, "championId": 63, "lastPlayTime": 1437937826000}, {"championLevel": 1, "chestGranted": false, "championPoints": 1322, "championPointsSinceLastLevel": 1322, "playerId": 21692, "championPointsUntilNextLevel": 478, "tokensEarned": 0, "championId": 44, "lastPlayTime": 1451525672000}, {"championLevel": 1, "chestGranted": false, "championPoints": 1303, "championPointsSinceLastLevel": 1303, "playerId": 21692, "championPointsUntilNextLevel": 497, "tokensEarned": 0, "championId": 34, "lastPlayTime": 1448121548000}, {"championLevel": 1, "chestGranted": false, "championPoints": 1243, "championPointsSinceLastLevel": 1243, "playerId": 21692, "championPointsUntilNextLevel": 557, "tokensEarned": 0, "championId": 69, "lastPlayTime": 1436212372000}, {"championLevel": 1, "chestGranted": false, "championPoints": 1170, "championPointsSinceLastLevel": 1170, "playerId": 21692, "championPointsUntilNextLevel": 630, "tokensEarned": 0, "championId": 38, "lastPlayTime": 1447814077000}, {"championLevel": 1, "chestGranted": false, "championPoints": 1156, "championPointsSinceLastLevel": 1156, "playerId": 21692, "championPointsUntilNextLevel": 644, "tokensEarned": 0, "championId": 58, "lastPlayTime": 1451859103000}, {"championLevel": 1, "chestGranted": false, "championPoints": 1050, "championPointsSinceLastLevel": 1050, "playerId": 21692, "championPointsUntilNextLevel": 750, "tokensEarned": 0, "championId": 421, "lastPlayTime": 1449118277000}, {"championLevel": 1, "chestGranted": false, "championPoints": 987, "championPointsSinceLastLevel": 987, "playerId": 21692, "championPointsUntilNextLevel": 813, "tokensEarned": 0, "championId": 110, "lastPlayTime": 1444878571000}, {"championLevel": 1, "chestGranted": false, "championPoints": 963, "championPointsSinceLastLevel": 963, "playerId": 21692, "championPointsUntilNextLevel": 837, "tokensEarned": 0, "championId": 80, "lastPlayTime": 1443559440000}, {"championLevel": 1, "chestGranted": false, "championPoints": 957, "championPointsSinceLastLevel": 957, "playerId": 21692, "championPointsUntilNextLevel": 843, "tokensEarned": 0, "championId": 96, "lastPlayTime": 1432840222000}, {"championLevel": 1, "chestGranted": false, "championPoints": 928, "championPointsSinceLastLevel": 928, "playerId": 21692, "championPointsUntilNextLevel": 872, "tokensEarned": 0, "championId": 121, "lastPlayTime": 1431721085000}, {"championLevel": 1, "chestGranted": false, "championPoints": 924, "championPointsSinceLastLevel": 924, "playerId": 21692, "championPointsUntilNextLevel": 876, "tokensEarned": 0, "championId": 107, "lastPlayTime": 1441751220000}, {"championLevel": 1, "chestGranted": false, "championPoints": 910, "championPointsSinceLastLevel": 910, "playerId": 21692, "championPointsUntilNextLevel": 890, "tokensEarned": 0, "championId": 74, "lastPlayTime": 1436210366000}, {"championLevel": 1, "chestGranted": false, "championPoints": 909, "championPointsSinceLastLevel": 909, "playerId": 21692, "championPointsUntilNextLevel": 891, "tokensEarned": 0, "championId": 106, "lastPlayTime": 1431220377000}, {"championLevel": 1, "chestGranted": false, "championPoints": 688, "championPointsSinceLastLevel": 688, "playerId": 21692, "championPointsUntilNextLevel": 1112, "tokensEarned": 0, "championId": 12, "lastPlayTime": 1438722891000}, {"championLevel": 1, "chestGranted": false, "championPoints": 501, "championPointsSinceLastLevel": 501, "playerId": 21692, "championPointsUntilNextLevel": 1299, "tokensEarned": 0, "championId": 112, "lastPlayTime": 1445459364000}, {"championLevel": 1, "chestGranted": false, "championPoints": 497, "championPointsSinceLastLevel": 497, "playerId": 21692, "championPointsUntilNextLevel": 1303, "tokensEarned": 0, "championId": 90, "lastPlayTime": 1443230802000}, {"championLevel": 1, "chestGranted": false, "championPoints": 476, "championPointsSinceLastLevel": 476, "playerId": 21692, "championPointsUntilNextLevel": 1324, "tokensEarned": 0, "championId": 117, "lastPlayTime": 1445283248000}, {"championLevel": 1, "chestGranted": false, "championPoints": 426, "championPointsSinceLastLevel": 426, "playerId": 21692, "championPointsUntilNextLevel": 1374, "tokensEarned": 0, "championId": 84, "lastPlayTime": 1443237594000}, {"championLevel": 1, "chestGranted": false, "championPoints": 419, "championPointsSinceLastLevel": 419, "playerId": 21692, "championPointsUntilNextLevel": 1381, "tokensEarned": 0, "championId": 31, "lastPlayTime": 1448833943000}, {"championLevel": 1, "chestGranted": false, "championPoints": 349, "championPointsSinceLastLevel": 349, "playerId": 21692, "championPointsUntilNextLevel": 1451, "tokensEarned": 0, "championId": 55, "lastPlayTime": 1448842107000}, {"championLevel": 1, "chestGranted": false, "championPoints": 329, "championPointsSinceLastLevel": 329, "playerId": 21692, "championPointsUntilNextLevel": 1471, "tokensEarned": 0, "championId": 67, "lastPlayTime": 1443628053000}, {"championLevel": 1, "chestGranted": false, "championPoints": 304, "championPointsSinceLastLevel": 304, "playerId": 21692, "championPointsUntilNextLevel": 1496, "tokensEarned": 0, "championId": 101, "lastPlayTime": 1447618094000}, {"championLevel": 1, "chestGranted": false, "championPoints": 273, "championPointsSinceLastLevel": 273, "playerId": 21692, "championPointsUntilNextLevel": 1527, "tokensEarned": 0, "championId": 267, "lastPlayTime": 1449267822000}, {"championLevel": 1, "chestGranted": false, "championPoints": 271, "championPointsSinceLastLevel": 271, "playerId": 21692, "championPointsUntilNextLevel": 1529, "tokensEarned": 0, "championId": 36, "lastPlayTime": 1435282583000}, {"championLevel": 1, "chestGranted": false, "championPoints": 231, "championPointsSinceLastLevel": 231, "playerId": 21692, "championPointsUntilNextLevel": 1569, "tokensEarned": 0, "championId": 89, "lastPlayTime": 1444933537000}, {"championLevel": 1, "chestGranted": false, "championPoints": 219, "championPointsSinceLastLevel": 219, "playerId": 21692, "championPointsUntilNextLevel": 1581, "tokensEarned": 0, "championId": 21, "lastPlayTime": 1437751163000}, {"championLevel": 1, "chestGranted": false, "championPoints": 218, "championPointsSinceLastLevel": 218, "playerId": 21692, "championPointsUntilNextLevel": 1582, "tokensEarned": 0, "championId": 25, "lastPlayTime": 1440550958000}, {"championLevel": 1, "chestGranted": false, "championPoints": 212, "championPointsSinceLastLevel": 212, "playerId": 21692, "championPointsUntilNextLevel": 1588, "tokensEarned": 0, "championId": 115, "lastPlayTime": 1433640041000}, {"championLevel": 1, "chestGranted": false, "championPoints": 208, "championPointsSinceLastLevel": 208, "playerId": 21692, "championPointsUntilNextLevel": 1592, "tokensEarned": 0, "championId": 150, "lastPlayTime": 1443726429000}, {"championLevel": 1, "chestGranted": false, "championPoints": 167, "championPointsSinceLastLevel": 167, "playerId": 21692, "championPointsUntilNextLevel": 1633, "tokensEarned": 0, "championId": 10, "lastPlayTime": 1443043093000}, {"championLevel": 1, "chestGranted": false, "championPoints": 159, "championPointsSinceLastLevel": 159, "playerId": 21692, "championPointsUntilNextLevel": 1641, "tokensEarned": 0, "championId": 126, "lastPlayTime": 1436040232000}, {"championLevel": 1, "chestGranted": false, "championPoints": 153, "championPointsSinceLastLevel": 153, "playerId": 21692, "championPointsUntilNextLevel": 1647, "tokensEarned": 0, "championId": 133, "lastPlayTime": 1448224629000}, {"championLevel": 1, "chestGranted": false, "championPoints": 133, "championPointsSinceLastLevel": 133, "playerId": 21692, "championPointsUntilNextLevel": 1667, "tokensEarned": 0, "championId": 85, "lastPlayTime": 1443732108000}, {"championLevel": 1, "chestGranted": false, "championPoints": 119, "championPointsSinceLastLevel": 119, "playerId": 21692, "championPointsUntilNextLevel": 1681, "tokensEarned": 0, "championId": 56, "lastPlayTime": 1442860983000}]