[{"championLevel": 5, "chestGranted": false, "championPoints": 51101, "championPointsSinceLastLevel": 29501, "playerId": 21700, "championPointsUntilNextLevel": 0, "tokensEarned": 0, "championId": 103, "lastPlayTime": 1450828388000}, {"championLevel": 5, "chestGranted": false, "championPoints": 44244, "championPointsSinceLastLevel": 22644, "playerId": 21700, "championPointsUntilNextLevel": 0, "tokensEarned": 0, "championId": 99, "lastPlayTime": 1446423462000}, {"championLevel": 5, "chestGranted": false, "championPoints": 33349, "championPointsSinceLastLevel": 11749, "playerId": 21700, "championPointsUntilNextLevel": 0, "tokensEarned": 0, "championId": 81, "lastPlayTime": 1449160856000}, {"championLevel": 5, "chestGranted": false, "championPoints": 27753, "championPointsSinceLastLevel": 6153, "playerId": 21700, "championPointsUntilNextLevel": 0, "tokensEarned": 0, "championId": 245, "lastPlayTime": 1444261933000}, {"championLevel": 4, "chestGranted": false, "championPoints": 20180, "championPointsSinceLastLevel": 7580, "playerId": 21700, "championPointsUntilNextLevel": 1420, "tokensEarned": 0, "championId": 60, "lastPlayTime": 1449111810000}, {"championLevel": 4, "chestGranted": false, "championPoints": 18260, "championPointsSinceLastLevel": 5660, "playerId": 21700, "championPointsUntilNextLevel": 3340, "tokensEarned": 0, "championId": 72, "lastPlayTime": 1445545968000}, {"championLevel": 4, "chestGranted": false, "championPoints": 15150, "championPointsSinceLastLevel": 2550, "playerId": 21700, "championPointsUntilNextLevel": 6450, "tokensEarned": 0, "championId": 76, "lastPlayTime": 1444268514000}, {"championLevel": 4, "chestGranted": false, "championPoints": 14833, "championPointsSinceLastLevel": 2233, "playerId": 21700, "championPointsUntilNextLevel": 6767, "tokensEarned": 0, "championId": 105, "lastPlayTime": 1444178742000}, {"championLevel": 3, "chestGranted": false, "championPoints": 11043, "championPointsSinceLastLevel": 5043, "playerId": 21700, "championPointsUntilNextLevel": 1557, "tokensEarned": 0, "championId": 59, "lastPlayTime": 1449080758000}, {"championLevel": 3, "chestGranted": false, "championPoints": 10879, "championPointsSinceLastLevel": 4879, "playerId": 21700, "championPointsUntilNextLevel": 1721, "tokensEarned": 0, "championId": 89, "lastPlayTime": 1450276284000}, {"championLevel": 3, "chestGranted": false, "championPoints": 10000, "championPointsSinceLastLevel": 4000, "playerId": 21700, "championPointsUntilNextLevel": 2600, "tokensEarned": 0, "championId": 7, "lastPlayTime": 1449072893000}, {"championLevel": 3, "chestGranted": false, "championPoints": 9106, "championPointsSinceLastLevel": 3106, "playerId": 21700, "championPointsUntilNextLevel": 3494, "tokensEarned": 0, "championId": 117, "lastPlayTime": 1441059511000}, {"championLevel": 3, "chestGranted": false, "championPoints": 8599, "championPointsSinceLastLevel": 2599, "playerId": 21700, "championPointsUntilNextLevel": 4001, "tokensEarned": 0, "championId": 111, "lastPlayTime": 1442273342000}, {"championLevel": 3, "chestGranted": false, "championPoints": 7642, "championPointsSinceLastLevel": 1642, "playerId": 21700, "championPointsUntilNextLevel": 4958, "tokensEarned": 0, "championId": 79, "lastPlayTime": 1444787306000}, {"championLevel": 3, "chestGranted": false, "championPoints": 7593, "championPointsSinceLastLevel": 1593, "playerId": 21700, "championPointsUntilNextLevel": 5007, "tokensEarned": 0, "championId": 115, "lastPlayTime": 1436977551000}, {"championLevel": 3, "chestGranted": false, "championPoints": 7397, "championPointsSinceLastLevel": 1397, "playerId": 21700, "championPointsUntilNextLevel": 5203, "tokensEarned": 0, "championId": 50, "lastPlayTime": 1436813595000}, {"championLevel": 3, "chestGranted": false, "championPoints": 6368, "championPointsSinceLastLevel": 368, "playerId": 21700, "championPointsUntilNextLevel": 6232, "tokensEarned": 0, "championId": 31, "lastPlayTime": 1449085543000}, {"championLevel": 3, "chestGranted": false, "championPoints": 6216, "championPointsSinceLastLevel": 216, "playerId": 21700, "championPointsUntilNextLevel": 6384, "tokensEarned": 0, "championId": 222, "lastPlayTime": 1441767186000}, {"championLevel": 3, "chestGranted": false, "championPoints": 6170, "championPointsSinceLastLevel": 170, "playerId": 21700, "championPointsUntilNextLevel": 6430, "tokensEarned": 0, "championId": 32, "lastPlayTime": 1437242619000}, {"championLevel": 2, "chestGranted": false, "championPoints": 5869, "championPointsSinceLastLevel": 4069, "playerId": 21700, "championPointsUntilNextLevel": 131, "tokensEarned": 0, "championId": 36, "lastPlayTime": 1449109074000}, {"championLevel": 2, "chestGranted": false, "championPoints": 5580, "championPointsSinceLastLevel": 3780, "playerId": 21700, "championPointsUntilNextLevel": 420, "tokensEarned": 0, "championId": 61, "lastPlayTime": 1439957236000}, {"championLevel": 2, "chestGranted": false, "championPoints": 5440, "championPointsSinceLastLevel": 3640, "playerId": 21700, "championPointsUntilNextLevel": 560, "tokensEarned": 0, "championId": 11, "lastPlayTime": 1442511898000}, {"championLevel": 2, "chestGranted": false, "championPoints": 5404, "championPointsSinceLastLevel": 3604, "playerId": 21700, "championPointsUntilNextLevel": 596, "tokensEarned": 0, "championId": 8, "lastPlayTime": 1444693696000}, {"championLevel": 2, "chestGranted": false, "championPoints": 4816, "championPointsSinceLastLevel": 3016, "playerId": 21700, "championPointsUntilNextLevel": 1184, "tokensEarned": 0, "championId": 62, "lastPlayTime": 1445482458000}, {"championLevel": 2, "chestGranted": false, "championPoints": 4473, "championPointsSinceLastLevel": 2673, "playerId": 21700, "championPointsUntilNextLevel": 1527, "tokensEarned": 0, "championId": 102, "lastPlayTime": 1440107798000}, {"championLevel": 2, "chestGranted": false, "championPoints": 4421, "championPointsSinceLastLevel": 2621, "playerId": 21700, "championPointsUntilNextLevel": 1579, "tokensEarned": 0, "championId": 51, "lastPlayTime": 1433868700000}, {"championLevel": 2, "chestGranted": false, "championPoints": 3935, "championPointsSinceLastLevel": 2135, "playerId": 21700, "championPointsUntilNextLevel": 2065, "tokensEarned": 0, "championId": 35, "lastPlayTime": 1441754953000}, {"championLevel": 2, "chestGranted": false, "championPoints": 3733, "championPointsSinceLastLevel": 1933, "playerId": 21700, "championPointsUntilNextLevel": 2267, "tokensEarned": 0, "championId": 45, "lastPlayTime": 1446499284000}, {"championLevel": 2, "chestGranted": false, "championPoints": 3695, "championPointsSinceLastLevel": 1895, "playerId": 21700, "championPointsUntilNextLevel": 2305, "tokensEarned": 0, "championId": 9, "lastPlayTime": 1444067266000}, {"championLevel": 2, "chestGranted": false, "championPoints": 3680, "championPointsSinceLastLevel": 1880, "playerId": 21700, "championPointsUntilNextLevel": 2320, "tokensEarned": 0, "championId": 54, "lastPlayTime": 1444778357000}, {"championLevel": 2, "chestGranted": false, "championPoints": 2975, "championPointsSinceLastLevel": 1175, "playerId": 21700, "championPointsUntilNextLevel": 3025, "tokensEarned": 0, "championId": 13, "lastPlayTime": 1435097884000}, {"championLevel": 2, "chestGranted": false, "championPoints": 2958, "championPointsSinceLastLevel": 1158, "playerId": 21700, "championPointsUntilNextLevel": 3042, "tokensEarned": 0, "championId": 82, "lastPlayTime": 1440468599000}, {"championLevel": 2, "chestGranted": false, "championPoints": 2760, "championPointsSinceLastLevel": 960, "playerId": 21700, "championPointsUntilNextLevel": 3240, "tokensEarned": 0, "championId": 64, "lastPlayTime": 1449169446000}, {"championLevel": 2, "chestGranted": false, "championPoints": 2631, "championPointsSinceLastLevel": 831, "playerId": 21700, "championPointsUntilNextLevel": 3369, "tokensEarned": 0, "championId": 25, "lastPlayTime": 1449077307000}, {"championLevel": 2, "chestGranted": false, "championPoints": 2479, "championPointsSinceLastLevel": 679, "playerId": 21700, "championPointsUntilNextLevel": 3521, "tokensEarned": 0, "championId": 131, "lastPlayTime": 1440729673000}, {"championLevel": 2, "chestGranted": false, "championPoints": 2479, "championPointsSinceLastLevel": 679, "playerId": 21700, "championPointsUntilNextLevel": 3521, "tokensEarned": 0, "championId": 63, "lastPlayTime": 1445904727000}, {"championLevel": 2, "chestGranted": false, "championPoints": 2312, "championPointsSinceLastLevel": 512, "playerId": 21700, "championPointsUntilNextLevel": 3688, "tokensEarned": 0, "championId": 98, "lastPlayTime": 1439229059000}, {"championLevel": 2, "chestGranted": false, "championPoints": 2257, "championPointsSinceLastLevel": 457, "playerId": 21700, "championPointsUntilNextLevel": 3743, "tokensEarned": 0, "championId": 203, "lastPlayTime": 1446496068000}, {"championLevel": 2, "chestGranted": false, "championPoints": 2034, "championPointsSinceLastLevel": 234, "playerId": 21700, "championPointsUntilNextLevel": 3966, "tokensEarned": 0, "championId": 67, "lastPlayTime": 1444867314000}, {"championLevel": 2, "chestGranted": false, "championPoints": 1851, "championPointsSinceLastLevel": 51, "playerId": 21700, "championPointsUntilNextLevel": 4149, "tokensEarned": 0, "championId": 1, "lastPlayTime": 1437146807000}, {"championLevel": 1, "chestGranted": false, "championPoints": 1671, "championPointsSinceLastLevel": 1671, "playerId": 21700, "championPointsUntilNextLevel": 129, "tokensEarned": 0, "championId": 4, "lastPlayTime": 1440608156000}, {"championLevel": 1, "chestGranted": false, "championPoints": 1252, "championPointsSinceLastLevel": 1252, "playerId": 21700, "championPointsUntilNextLevel": 548, "tokensEarned": 0, "championId": 69, "lastPlayTime": 1435717107000}, {"championLevel": 1, "chestGranted": false, "championPoints": 1118, "championPointsSinceLastLevel": 1118, "playerId": 21700, "championPointsUntilNextLevel": 682, "tokensEarned": 0, "championId": 107, "lastPlayTime": 1438879643000}, {"championLevel": 1, "chestGranted": false, "championPoints": 1049, "championPointsSinceLastLevel": 1049, "playerId": 21700, "championPointsUntilNextLevel": 751, "tokensEarned": 0, "championId": 92, "lastPlayTime": 1437785349000}, {"championLevel": 1, "chestGranted": false, "championPoints": 1037, "championPointsSinceLastLevel": 1037, "playerId": 21700, "championPointsUntilNextLevel": 763, "tokensEarned": 0, "championId": 119, "lastPlayTime": 1434591293000}, {"championLevel": 1, "chestGranted": false, "championPoints": 1030, "championPointsSinceLastLevel": 1030, "playerId": 21700, "championPointsUntilNextLevel": 770, "tokensEarned": 0, "championId": 157, "lastPlayTime": 1441762930000}, {"championLevel": 1, "chestGranted": false, "championPoints": 894, "championPointsSinceLastLevel": 894, "playerId": 21700, "championPointsUntilNextLevel": 906, "tokensEarned": 0, "championId": 68, "lastPlayTime": 1437059137000}, {"championLevel": 1, "chestGranted": false, "championPoints": 400, "championPointsSinceLastLevel": 400, "playerId": 21700, "championPointsUntilNextLevel": 1400, "tokensEarned": 0, "championId": 2, "lastPlayTime": 1449009331000}, {"championLevel": 1, "chestGranted": false, "championPoints": 387, "championPointsSinceLastLevel": 387, "playerId": 21700, "championPointsUntilNextLevel": 1413, "tokensEarned": 0, "championId": 238, "lastPlayTime": 1432869022000}, {"championLevel": 1, "chestGranted": false, "championPoints": 350, "championPointsSinceLastLevel": 350, "playerId": 21700, "championPointsUntilNextLevel": 1450, "tokensEarned": 0, "championId": 121, "lastPlayTime": 1436237619000}, {"championLevel": 1, "chestGranted": false, "championPoints": 315, "championPointsSinceLastLevel": 315, "playerId": 21700, "championPointsUntilNextLevel": 1485, "tokensEarned": 0, "championId": 5, "lastPlayTime": 1438181764000}, {"championLevel": 1, "chestGranted": false, "championPoints": 297, "championPointsSinceLastLevel": 297, "playerId": 21700, "championPointsUntilNextLevel": 1503, "tokensEarned": 0, "championId": 254, "lastPlayTime": 1431562392000}, {"championLevel": 1, "chestGranted": false, "championPoints": 263, "championPointsSinceLastLevel": 263, "playerId": 21700, "championPointsUntilNextLevel": 1537, "tokensEarned": 0, "championId": 86, "lastPlayTime": 1444271907000}, {"championLevel": 1, "chestGranted": false, "championPoints": 233, "championPointsSinceLastLevel": 233, "playerId": 21700, "championPointsUntilNextLevel": 1567, "tokensEarned": 0, "championId": 421, "lastPlayTime": 1439421954000}, {"championLevel": 1, "chestGranted": false, "championPoints": 220, "championPointsSinceLastLevel": 220, "playerId": 21700, "championPointsUntilNextLevel": 1580, "tokensEarned": 0, "championId": 110, "lastPlayTime": 1437788344000}, {"championLevel": 1, "chestGranted": false, "championPoints": 212, "championPointsSinceLastLevel": 212, "playerId": 21700, "championPointsUntilNextLevel": 1588, "tokensEarned": 0, "championId": 104, "lastPlayTime": 1444781278000}, {"championLevel": 1, "chestGranted": false, "championPoints": 209, "championPointsSinceLastLevel": 209, "playerId": 21700, "championPointsUntilNextLevel": 1591, "tokensEarned": 0, "championId": 429, "lastPlayTime": 1437064329000}, {"championLevel": 1, "chestGranted": false, "championPoints": 200, "championPointsSinceLastLevel": 200, "playerId": 21700, "championPointsUntilNextLevel": 1600, "tokensEarned": 0, "championId": 236, "lastPlayTime": 1435698090000}, {"championLevel": 1, "chestGranted": false, "championPoints": 197, "championPointsSinceLastLevel": 197, "playerId": 21700, "championPointsUntilNextLevel": 1603, "tokensEarned": 0, "championId": 112, "lastPlayTime": 1437493308000}, {"championLevel": 1, "chestGranted": false, "championPoints": 194, "championPointsSinceLastLevel": 194, "playerId": 21700, "championPointsUntilNextLevel": 1606, "tokensEarned": 0, "championId": 39, "lastPlayTime": 1434659591000}, {"championLevel": 1, "chestGranted": false, "championPoints": 172, "championPointsSinceLastLevel": 172, "playerId": 21700, "championPointsUntilNextLevel": 1628, "tokensEarned": 0, "championId": 412, "lastPlayTime": 1441838028000}, {"championLevel": 1, "chestGranted": false, "championPoints": 157, "championPointsSinceLastLevel": 157, "playerId": 21700, "championPointsUntilNextLevel": 1643, "tokensEarned": 0, "championId": 41, "lastPlayTime": 1446594877000}, {"championLevel": 1, "chestGranted": false, "championPoints": 154, "championPointsSinceLastLevel": 154, "playerId": 21700, "championPointsUntilNextLevel": 1646, "tokensEarned": 0, "championId": 16, "lastPlayTime": 1441157356000}, {"championLevel": 1, "chestGranted": false, "championPoints": 151, "championPointsSinceLastLevel": 151, "playerId": 21700, "championPointsUntilNextLevel": 1649, "tokensEarned": 0, "championId": 18, "lastPlayTime": 1436507121000}, {"championLevel": 1, "chestGranted": false, "championPoints": 149, "championPointsSinceLastLevel": 149, "playerId": 21700, "championPointsUntilNextLevel": 1651, "tokensEarned": 0, "championId": 10, "lastPlayTime": 1437353486000}]