[{"championLevel": 7, "chestGranted": true, "championPoints": 330786, "championPointsSinceLastLevel": 309186, "playerId": 21706, "championPointsUntilNextLevel": 0, "tokensEarned": 0, "championId": 55, "lastPlayTime": 1469156668000}, {"championLevel": 5, "chestGranted": false, "championPoints": 63825, "championPointsSinceLastLevel": 42225, "playerId": 21706, "championPointsUntilNextLevel": 0, "tokensEarned": 0, "championId": 75, "lastPlayTime": 1463979910000}, {"championLevel": 5, "chestGranted": false, "championPoints": 59214, "championPointsSinceLastLevel": 37614, "playerId": 21706, "championPointsUntilNextLevel": 0, "tokensEarned": 0, "championId": 7, "lastPlayTime": 1468882177000}, {"championLevel": 5, "chestGranted": true, "championPoints": 44744, "championPointsSinceLastLevel": 23144, "playerId": 21706, "championPointsUntilNextLevel": 0, "tokensEarned": 1, "championId": 54, "lastPlayTime": 1468802561000}, {"championLevel": 5, "chestGranted": true, "championPoints": 31785, "championPointsSinceLastLevel": 10185, "playerId": 21706, "championPointsUntilNextLevel": 0, "tokensEarned": 0, "championId": 238, "lastPlayTime": 1462323894000}, {"championLevel": 5, "chestGranted": true, "championPoints": 28823, "championPointsSinceLastLevel": 7223, "playerId": 21706, "championPointsUntilNextLevel": 0, "tokensEarned": 0, "championId": 99, "lastPlayTime": 1469075384000}, {"championLevel": 5, "chestGranted": true, "championPoints": 27038, "championPointsSinceLastLevel": 5438, "playerId": 21706, "championPointsUntilNextLevel": 0, "tokensEarned": 1, "championId": 105, "lastPlayTime": 1466548403000}, {"championLevel": 5, "chestGranted": false, "championPoints": 24069, "championPointsSinceLastLevel": 2469, "playerId": 21706, "championPointsUntilNextLevel": 0, "tokensEarned": 0, "championId": 1, "lastPlayTime": 1465184550000}, {"championLevel": 5, "chestGranted": true, "championPoints": 23659, "championPointsSinceLastLevel": 2059, "playerId": 21706, "championPointsUntilNextLevel": 0, "tokensEarned": 0, "championId": 8, "lastPlayTime": 1465766968000}, {"championLevel": 4, "chestGranted": false, "championPoints": 20271, "championPointsSinceLastLevel": 7671, "playerId": 21706, "championPointsUntilNextLevel": 1329, "tokensEarned": 0, "championId": 67, "lastPlayTime": 1465086164000}, {"championLevel": 4, "chestGranted": false, "championPoints": 19695, "championPointsSinceLastLevel": 7095, "playerId": 21706, "championPointsUntilNextLevel": 1905, "tokensEarned": 0, "championId": 157, "lastPlayTime": 1465777704000}, {"championLevel": 4, "chestGranted": false, "championPoints": 18656, "championPointsSinceLastLevel": 6056, "playerId": 21706, "championPointsUntilNextLevel": 2944, "tokensEarned": 0, "championId": 222, "lastPlayTime": 1462910640000}, {"championLevel": 4, "chestGranted": false, "championPoints": 18180, "championPointsSinceLastLevel": 5580, "playerId": 21706, "championPointsUntilNextLevel": 3420, "tokensEarned": 0, "championId": 131, "lastPlayTime": 1469144404000}, {"championLevel": 4, "chestGranted": false, "championPoints": 13222, "championPointsSinceLastLevel": 622, "playerId": 21706, "championPointsUntilNextLevel": 8378, "tokensEarned": 0, "championId": 11, "lastPlayTime": 1461097028000}, {"championLevel": 4, "chestGranted": false, "championPoints": 12762, "championPointsSinceLastLevel": 162, "playerId": 21706, "championPointsUntilNextLevel": 8838, "tokensEarned": 0, "championId": 245, "lastPlayTime": 1466127592000}, {"championLevel": 3, "chestGranted": false, "championPoints": 11299, "championPointsSinceLastLevel": 5299, "playerId": 21706, "championPointsUntilNextLevel": 1301, "tokensEarned": 0, "championId": 98, "lastPlayTime": 1447287780000}, {"championLevel": 3, "chestGranted": false, "championPoints": 11265, "championPointsSinceLastLevel": 5265, "playerId": 21706, "championPointsUntilNextLevel": 1335, "tokensEarned": 0, "championId": 122, "lastPlayTime": 1462067975000}, {"championLevel": 3, "chestGranted": false, "championPoints": 10880, "championPointsSinceLastLevel": 4880, "playerId": 21706, "championPointsUntilNextLevel": 1720, "tokensEarned": 0, "championId": 268, "lastPlayTime": 1464288545000}, {"championLevel": 3, "chestGranted": false, "championPoints": 9863, "championPointsSinceLastLevel": 3863, "playerId": 21706, "championPointsUntilNextLevel": 2737, "tokensEarned": 0, "championId": 81, "lastPlayTime": 1462070689000}, {"championLevel": 3, "chestGranted": false, "championPoints": 9834, "championPointsSinceLastLevel": 3834, "playerId": 21706, "championPointsUntilNextLevel": 2766, "tokensEarned": 0, "championId": 236, "lastPlayTime": 1464223256000}, {"championLevel": 3, "chestGranted": true, "championPoints": 9089, "championPointsSinceLastLevel": 3089, "playerId": 21706, "championPointsUntilNextLevel": 3511, "tokensEarned": 0, "championId": 96, "lastPlayTime": 1460917367000}, {"championLevel": 3, "chestGranted": true, "championPoints": 8848, "championPointsSinceLastLevel": 2848, "playerId": 21706, "championPointsUntilNextLevel": 3752, "tokensEarned": 0, "championId": 36, "lastPlayTime": 1460172625000}, {"championLevel": 3, "chestGranted": false, "championPoints": 8813, "championPointsSinceLastLevel": 2813, "playerId": 21706, "championPointsUntilNextLevel": 3787, "tokensEarned": 0, "championId": 121, "lastPlayTime": 1467253709000}, {"championLevel": 3, "chestGranted": false, "championPoints": 8703, "championPointsSinceLastLevel": 2703, "playerId": 21706, "championPointsUntilNextLevel": 3897, "tokensEarned": 0, "championId": 39, "lastPlayTime": 1467247153000}, {"championLevel": 3, "chestGranted": false, "championPoints": 8332, "championPointsSinceLastLevel": 2332, "playerId": 21706, "championPointsUntilNextLevel": 4268, "tokensEarned": 0, "championId": 38, "lastPlayTime": 1462317231000}, {"championLevel": 3, "chestGranted": true, "championPoints": 8251, "championPointsSinceLastLevel": 2251, "playerId": 21706, "championPointsUntilNextLevel": 4349, "tokensEarned": 0, "championId": 24, "lastPlayTime": 1465272392000}, {"championLevel": 3, "chestGranted": true, "championPoints": 7559, "championPointsSinceLastLevel": 1559, "playerId": 21706, "championPointsUntilNextLevel": 5041, "tokensEarned": 0, "championId": 103, "lastPlayTime": 1460581828000}, {"championLevel": 3, "chestGranted": false, "championPoints": 7454, "championPointsSinceLastLevel": 1454, "playerId": 21706, "championPointsUntilNextLevel": 5146, "tokensEarned": 0, "championId": 16, "lastPlayTime": 1459822050000}, {"championLevel": 3, "chestGranted": false, "championPoints": 7045, "championPointsSinceLastLevel": 1045, "playerId": 21706, "championPointsUntilNextLevel": 5555, "tokensEarned": 0, "championId": 90, "lastPlayTime": 1462761510000}, {"championLevel": 3, "chestGranted": false, "championPoints": 6714, "championPointsSinceLastLevel": 714, "playerId": 21706, "championPointsUntilNextLevel": 5886, "tokensEarned": 0, "championId": 86, "lastPlayTime": 1447557688000}, {"championLevel": 3, "chestGranted": false, "championPoints": 6107, "championPointsSinceLastLevel": 107, "playerId": 21706, "championPointsUntilNextLevel": 6493, "tokensEarned": 0, "championId": 35, "lastPlayTime": 1463950927000}, {"championLevel": 2, "chestGranted": true, "championPoints": 5654, "championPointsSinceLastLevel": 3854, "playerId": 21706, "championPointsUntilNextLevel": 346, "tokensEarned": 0, "championId": 13, "lastPlayTime": 1469072319000}, {"championLevel": 2, "chestGranted": false, "championPoints": 5484, "championPointsSinceLastLevel": 3684, "playerId": 21706, "championPointsUntilNextLevel": 516, "tokensEarned": 0, "championId": 102, "lastPlayTime": 1461281604000}, {"championLevel": 2, "chestGranted": true, "championPoints": 5343, "championPointsSinceLastLevel": 3543, "playerId": 21706, "championPointsUntilNextLevel": 657, "tokensEarned": 0, "championId": 5, "lastPlayTime": 1461561869000}, {"championLevel": 2, "chestGranted": false, "championPoints": 5195, "championPointsSinceLastLevel": 3395, "playerId": 21706, "championPointsUntilNextLevel": 805, "tokensEarned": 0, "championId": 82, "lastPlayTime": 1442801085000}, {"championLevel": 2, "chestGranted": true, "championPoints": 5045, "championPointsSinceLastLevel": 3245, "playerId": 21706, "championPointsUntilNextLevel": 955, "tokensEarned": 0, "championId": 51, "lastPlayTime": 1468891211000}, {"championLevel": 2, "chestGranted": false, "championPoints": 5030, "championPointsSinceLastLevel": 3230, "playerId": 21706, "championPointsUntilNextLevel": 970, "tokensEarned": 0, "championId": 41, "lastPlayTime": 1440462039000}, {"championLevel": 2, "chestGranted": false, "championPoints": 4943, "championPointsSinceLastLevel": 3143, "playerId": 21706, "championPointsUntilNextLevel": 1057, "tokensEarned": 0, "championId": 25, "lastPlayTime": 1468807957000}, {"championLevel": 2, "chestGranted": true, "championPoints": 4723, "championPointsSinceLastLevel": 2923, "playerId": 21706, "championPointsUntilNextLevel": 1277, "tokensEarned": 0, "championId": 31, "lastPlayTime": 1466466305000}, {"championLevel": 2, "chestGranted": false, "championPoints": 4456, "championPointsSinceLastLevel": 2656, "playerId": 21706, "championPointsUntilNextLevel": 1544, "tokensEarned": 0, "championId": 23, "lastPlayTime": 1465963275000}, {"championLevel": 2, "chestGranted": false, "championPoints": 4259, "championPointsSinceLastLevel": 2459, "playerId": 21706, "championPointsUntilNextLevel": 1741, "tokensEarned": 0, "championId": 111, "lastPlayTime": 1458604353000}, {"championLevel": 2, "chestGranted": false, "championPoints": 4093, "championPointsSinceLastLevel": 2293, "playerId": 21706, "championPointsUntilNextLevel": 1907, "tokensEarned": 0, "championId": 58, "lastPlayTime": 1466484053000}, {"championLevel": 2, "chestGranted": false, "championPoints": 4062, "championPointsSinceLastLevel": 2262, "playerId": 21706, "championPointsUntilNextLevel": 1938, "tokensEarned": 0, "championId": 64, "lastPlayTime": 1463531480000}, {"championLevel": 2, "chestGranted": false, "championPoints": 4060, "championPointsSinceLastLevel": 2260, "playerId": 21706, "championPointsUntilNextLevel": 1940, "tokensEarned": 0, "championId": 45, "lastPlayTime": 1461465589000}, {"championLevel": 2, "chestGranted": false, "championPoints": 4051, "championPointsSinceLastLevel": 2251, "playerId": 21706, "championPointsUntilNextLevel": 1949, "tokensEarned": 0, "championId": 120, "lastPlayTime": 1463976835000}, {"championLevel": 2, "chestGranted": false, "championPoints": 4041, "championPointsSinceLastLevel": 2241, "playerId": 21706, "championPointsUntilNextLevel": 1959, "tokensEarned": 0, "championId": 59, "lastPlayTime": 1460082642000}, {"championLevel": 2, "chestGranted": false, "championPoints": 3689, "championPointsSinceLastLevel": 1889, "playerId": 21706, "championPointsUntilNextLevel": 2311, "tokensEarned": 0, "championId": 115, "lastPlayTime": 1468893495000}, {"championLevel": 2, "chestGranted": false, "championPoints": 3590, "championPointsSinceLastLevel": 1790, "playerId": 21706, "championPointsUntilNextLevel": 2410, "tokensEarned": 0, "championId": 76, "lastPlayTime": 1460954375000}, {"championLevel": 2, "chestGranted": false, "championPoints": 3504, "championPointsSinceLastLevel": 1704, "playerId": 21706, "championPointsUntilNextLevel": 2496, "tokensEarned": 0, "championId": 114, "lastPlayTime": 1463981703000}, {"championLevel": 2, "chestGranted": true, "championPoints": 3350, "championPointsSinceLastLevel": 1550, "playerId": 21706, "championPointsUntilNextLevel": 2650, "tokensEarned": 0, "championId": 48, "lastPlayTime": 1467171511000}, {"championLevel": 2, "chestGranted": false, "championPoints": 3296, "championPointsSinceLastLevel": 1496, "playerId": 21706, "championPointsUntilNextLevel": 2704, "tokensEarned": 0, "championId": 53, "lastPlayTime": 1462591854000}, {"championLevel": 2, "chestGranted": false, "championPoints": 3192, "championPointsSinceLastLevel": 1392, "playerId": 21706, "championPointsUntilNextLevel": 2808, "tokensEarned": 0, "championId": 68, "lastPlayTime": 1434330228000}, {"championLevel": 2, "chestGranted": true, "championPoints": 2987, "championPointsSinceLastLevel": 1187, "playerId": 21706, "championPointsUntilNextLevel": 3013, "tokensEarned": 0, "championId": 420, "lastPlayTime": 1466226364000}, {"championLevel": 2, "chestGranted": true, "championPoints": 2750, "championPointsSinceLastLevel": 950, "playerId": 21706, "championPointsUntilNextLevel": 3250, "tokensEarned": 0, "championId": 161, "lastPlayTime": 1462403859000}, {"championLevel": 2, "chestGranted": false, "championPoints": 2719, "championPointsSinceLastLevel": 919, "playerId": 21706, "championPointsUntilNextLevel": 3281, "tokensEarned": 0, "championId": 91, "lastPlayTime": 1464835254000}, {"championLevel": 2, "chestGranted": true, "championPoints": 2624, "championPointsSinceLastLevel": 824, "playerId": 21706, "championPointsUntilNextLevel": 3376, "tokensEarned": 0, "championId": 50, "lastPlayTime": 1465955281000}, {"championLevel": 2, "chestGranted": false, "championPoints": 2616, "championPointsSinceLastLevel": 816, "playerId": 21706, "championPointsUntilNextLevel": 3384, "tokensEarned": 0, "championId": 10, "lastPlayTime": 1459812267000}, {"championLevel": 2, "chestGranted": false, "championPoints": 2462, "championPointsSinceLastLevel": 662, "playerId": 21706, "championPointsUntilNextLevel": 3538, "tokensEarned": 0, "championId": 63, "lastPlayTime": 1466359563000}, {"championLevel": 2, "chestGranted": false, "championPoints": 2424, "championPointsSinceLastLevel": 624, "playerId": 21706, "championPointsUntilNextLevel": 3576, "tokensEarned": 0, "championId": 20, "lastPlayTime": 1459814883000}, {"championLevel": 2, "chestGranted": false, "championPoints": 2421, "championPointsSinceLastLevel": 621, "playerId": 21706, "championPointsUntilNextLevel": 3579, "tokensEarned": 0, "championId": 37, "lastPlayTime": 1454292868000}, {"championLevel": 2, "chestGranted": false, "championPoints": 2416, "championPointsSinceLastLevel": 616, "playerId": 21706, "championPointsUntilNextLevel": 3584, "tokensEarned": 0, "championId": 33, "lastPlayTime": 1452223524000}, {"championLevel": 2, "chestGranted": false, "championPoints": 2310, "championPointsSinceLastLevel": 510, "playerId": 21706, "championPointsUntilNextLevel": 3690, "tokensEarned": 0, "championId": 72, "lastPlayTime": 1440393760000}, {"championLevel": 2, "chestGranted": false, "championPoints": 2228, "championPointsSinceLastLevel": 428, "playerId": 21706, "championPointsUntilNextLevel": 3772, "tokensEarned": 0, "championId": 92, "lastPlayTime": 1463955906000}, {"championLevel": 2, "chestGranted": false, "championPoints": 2160, "championPointsSinceLastLevel": 360, "playerId": 21706, "championPointsUntilNextLevel": 3840, "tokensEarned": 0, "championId": 61, "lastPlayTime": 1466559443000}, {"championLevel": 2, "chestGranted": false, "championPoints": 2114, "championPointsSinceLastLevel": 314, "playerId": 21706, "championPointsUntilNextLevel": 3886, "tokensEarned": 0, "championId": 69, "lastPlayTime": 1431734968000}, {"championLevel": 2, "chestGranted": false, "championPoints": 2087, "championPointsSinceLastLevel": 287, "playerId": 21706, "championPointsUntilNextLevel": 3913, "tokensEarned": 0, "championId": 202, "lastPlayTime": 1460934209000}, {"championLevel": 2, "chestGranted": false, "championPoints": 2082, "championPointsSinceLastLevel": 282, "playerId": 21706, "championPointsUntilNextLevel": 3918, "tokensEarned": 0, "championId": 107, "lastPlayTime": 1461267901000}, {"championLevel": 2, "chestGranted": false, "championPoints": 2022, "championPointsSinceLastLevel": 222, "playerId": 21706, "championPointsUntilNextLevel": 3978, "tokensEarned": 0, "championId": 74, "lastPlayTime": 1468821929000}, {"championLevel": 2, "chestGranted": false, "championPoints": 1992, "championPointsSinceLastLevel": 192, "playerId": 21706, "championPointsUntilNextLevel": 4008, "tokensEarned": 0, "championId": 104, "lastPlayTime": 1459719059000}, {"championLevel": 2, "chestGranted": false, "championPoints": 1881, "championPointsSinceLastLevel": 81, "playerId": 21706, "championPointsUntilNextLevel": 4119, "tokensEarned": 0, "championId": 78, "lastPlayTime": 1459357839000}, {"championLevel": 2, "chestGranted": false, "championPoints": 1846, "championPointsSinceLastLevel": 46, "playerId": 21706, "championPointsUntilNextLevel": 4154, "tokensEarned": 0, "championId": 84, "lastPlayTime": 1439096162000}, {"championLevel": 1, "chestGranted": false, "championPoints": 1743, "championPointsSinceLastLevel": 1743, "playerId": 21706, "championPointsUntilNextLevel": 57, "tokensEarned": 0, "championId": 412, "lastPlayTime": 1450833066000}, {"championLevel": 1, "chestGranted": false, "championPoints": 1678, "championPointsSinceLastLevel": 1678, "playerId": 21706, "championPointsUntilNextLevel": 122, "tokensEarned": 0, "championId": 17, "lastPlayTime": 1456543694000}, {"championLevel": 1, "chestGranted": false, "championPoints": 1533, "championPointsSinceLastLevel": 1533, "playerId": 21706, "championPointsUntilNextLevel": 267, "tokensEarned": 0, "championId": 62, "lastPlayTime": 1461460228000}, {"championLevel": 1, "chestGranted": false, "championPoints": 1513, "championPointsSinceLastLevel": 1513, "playerId": 21706, "championPointsUntilNextLevel": 287, "tokensEarned": 0, "championId": 143, "lastPlayTime": 1462586672000}, {"championLevel": 1, "chestGranted": false, "championPoints": 1478, "championPointsSinceLastLevel": 1478, "playerId": 21706, "championPointsUntilNextLevel": 322, "tokensEarned": 0, "championId": 117, "lastPlayTime": 1443917217000}, {"championLevel": 1, "chestGranted": false, "championPoints": 1408, "championPointsSinceLastLevel": 1408, "playerId": 21706, "championPointsUntilNextLevel": 392, "tokensEarned": 0, "championId": 4, "lastPlayTime": 1466469144000}, {"championLevel": 1, "chestGranted": false, "championPoints": 1366, "championPointsSinceLastLevel": 1366, "playerId": 21706, "championPointsUntilNextLevel": 434, "tokensEarned": 0, "championId": 32, "lastPlayTime": 1450055492000}, {"championLevel": 1, "chestGranted": false, "championPoints": 1366, "championPointsSinceLastLevel": 1366, "playerId": 21706, "championPointsUntilNextLevel": 434, "tokensEarned": 0, "championId": 421, "lastPlayTime": 1442196852000}, {"championLevel": 1, "chestGranted": false, "championPoints": 1272, "championPointsSinceLastLevel": 1272, "playerId": 21706, "championPointsUntilNextLevel": 528, "tokensEarned": 0, "championId": 110, "lastPlayTime": 1460956205000}, {"championLevel": 1, "chestGranted": false, "championPoints": 1238, "championPointsSinceLastLevel": 1238, "playerId": 21706, "championPointsUntilNextLevel": 562, "tokensEarned": 0, "championId": 119, "lastPlayTime": 1461023099000}, {"championLevel": 1, "chestGranted": false, "championPoints": 1233, "championPointsSinceLastLevel": 1233, "playerId": 21706, "championPointsUntilNextLevel": 567, "tokensEarned": 0, "championId": 80, "lastPlayTime": 1468988965000}, {"championLevel": 1, "chestGranted": false, "championPoints": 1127, "championPointsSinceLastLevel": 1127, "playerId": 21706, "championPointsUntilNextLevel": 673, "tokensEarned": 0, "championId": 77, "lastPlayTime": 1444672061000}, {"championLevel": 1, "chestGranted": false, "championPoints": 1094, "championPointsSinceLastLevel": 1094, "playerId": 21706, "championPointsUntilNextLevel": 706, "tokensEarned": 0, "championId": 79, "lastPlayTime": 1461808933000}, {"championLevel": 1, "chestGranted": false, "championPoints": 1047, "championPointsSinceLastLevel": 1047, "playerId": 21706, "championPointsUntilNextLevel": 753, "tokensEarned": 0, "championId": 254, "lastPlayTime": 1438366091000}, {"championLevel": 1, "chestGranted": false, "championPoints": 1027, "championPointsSinceLastLevel": 1027, "playerId": 21706, "championPointsUntilNextLevel": 773, "tokensEarned": 0, "championId": 126, "lastPlayTime": 1466472590000}, {"championLevel": 1, "chestGranted": false, "championPoints": 651, "championPointsSinceLastLevel": 651, "playerId": 21706, "championPointsUntilNextLevel": 1149, "tokensEarned": 0, "championId": 223, "lastPlayTime": 1461791208000}, {"championLevel": 1, "chestGranted": false, "championPoints": 511, "championPointsSinceLastLevel": 511, "playerId": 21706, "championPointsUntilNextLevel": 1289, "tokensEarned": 0, "championId": 127, "lastPlayTime": 1459045232000}, {"championLevel": 1, "chestGranted": false, "championPoints": 445, "championPointsSinceLastLevel": 445, "playerId": 21706, "championPointsUntilNextLevel": 1355, "tokensEarned": 0, "championId": 113, "lastPlayTime": 1442455398000}, {"championLevel": 1, "chestGranted": false, "championPoints": 445, "championPointsSinceLastLevel": 445, "playerId": 21706, "championPointsUntilNextLevel": 1355, "tokensEarned": 0, "championId": 429, "lastPlayTime": 1459919394000}, {"championLevel": 1, "chestGranted": false, "championPoints": 409, "championPointsSinceLastLevel": 409, "playerId": 21706, "championPointsUntilNextLevel": 1391, "tokensEarned": 0, "championId": 89, "lastPlayTime": 1447209271000}, {"championLevel": 1, "chestGranted": false, "championPoints": 407, "championPointsSinceLastLevel": 407, "playerId": 21706, "championPointsUntilNextLevel": 1393, "tokensEarned": 0, "championId": 101, "lastPlayTime": 1442446631000}, {"championLevel": 1, "chestGranted": false, "championPoints": 403, "championPointsSinceLastLevel": 403, "playerId": 21706, "championPointsUntilNextLevel": 1397, "tokensEarned": 0, "championId": 150, "lastPlayTime": 1432697965000}, {"championLevel": 1, "chestGranted": false, "championPoints": 395, "championPointsSinceLastLevel": 395, "playerId": 21706, "championPointsUntilNextLevel": 1405, "tokensEarned": 0, "championId": 2, "lastPlayTime": 1458594289000}, {"championLevel": 1, "chestGranted": false, "championPoints": 336, "championPointsSinceLastLevel": 336, "playerId": 21706, "championPointsUntilNextLevel": 1464, "tokensEarned": 0, "championId": 57, "lastPlayTime": 1461121657000}, {"championLevel": 1, "chestGranted": false, "championPoints": 320, "championPointsSinceLastLevel": 320, "playerId": 21706, "championPointsUntilNextLevel": 1480, "tokensEarned": 0, "championId": 136, "lastPlayTime": 1459792905000}, {"championLevel": 1, "chestGranted": false, "championPoints": 305, "championPointsSinceLastLevel": 305, "playerId": 21706, "championPointsUntilNextLevel": 1495, "tokensEarned": 0, "championId": 133, "lastPlayTime": 1459204103000}, {"championLevel": 1, "chestGranted": false, "championPoints": 268, "championPointsSinceLastLevel": 268, "playerId": 21706, "championPointsUntilNextLevel": 1532, "tokensEarned": 0, "championId": 22, "lastPlayTime": 1431887520000}, {"championLevel": 1, "chestGranted": false, "championPoints": 247, "championPointsSinceLastLevel": 247, "playerId": 21706, "championPointsUntilNextLevel": 1553, "tokensEarned": 0, "championId": 154, "lastPlayTime": 1461009327000}, {"championLevel": 1, "chestGranted": false, "championPoints": 211, "championPointsSinceLastLevel": 211, "playerId": 21706, "championPointsUntilNextLevel": 1589, "tokensEarned": 0, "championId": 30, "lastPlayTime": 1434769495000}, {"championLevel": 1, "chestGranted": false, "championPoints": 209, "championPointsSinceLastLevel": 209, "playerId": 21706, "championPointsUntilNextLevel": 1591, "tokensEarned": 0, "championId": 18, "lastPlayTime": 1440458755000}, {"championLevel": 1, "chestGranted": false, "championPoints": 208, "championPointsSinceLastLevel": 208, "playerId": 21706, "championPointsUntilNextLevel": 1592, "tokensEarned": 0, "championId": 34, "lastPlayTime": 1436325396000}, {"championLevel": 1, "chestGranted": false, "championPoints": 206, "championPointsSinceLastLevel": 206, "playerId": 21706, "championPointsUntilNextLevel": 1594, "tokensEarned": 0, "championId": 203, "lastPlayTime": 1449537809000}, {"championLevel": 1, "chestGranted": false, "championPoints": 198, "championPointsSinceLastLevel": 198, "playerId": 21706, "championPointsUntilNextLevel": 1602, "tokensEarned": 0, "championId": 267, "lastPlayTime": 1458844224000}, {"championLevel": 1, "chestGranted": false, "championPoints": 183, "championPointsSinceLastLevel": 183, "playerId": 21706, "championPointsUntilNextLevel": 1617, "tokensEarned": 0, "championId": 112, "lastPlayTime": 1439180251000}, {"championLevel": 1, "chestGranted": false, "championPoints": 171, "championPointsSinceLastLevel": 171, "playerId": 21706, "championPointsUntilNextLevel": 1629, "tokensEarned": 0, "championId": 432, "lastPlayTime": 1442448436000}, {"championLevel": 1, "chestGranted": false, "championPoints": 167, "championPointsSinceLastLevel": 167, "playerId": 21706, "championPointsUntilNextLevel": 1633, "tokensEarned": 0, "championId": 28, "lastPlayTime": 1461461634000}, {"championLevel": 1, "chestGranted": false, "championPoints": 166, "championPointsSinceLastLevel": 166, "playerId": 21706, "championPointsUntilNextLevel": 1634, "tokensEarned": 0, "championId": 12, "lastPlayTime": 1463978459000}, {"championLevel": 1, "chestGranted": false, "championPoints": 157, "championPointsSinceLastLevel": 157, "playerId": 21706, "championPointsUntilNextLevel": 1643, "tokensEarned": 0, "championId": 6, "lastPlayTime": 1461532304000}]