[{"championLevel": 5, "chestGranted": true, "championPoints": 135246, "championPointsSinceLastLevel": 113646, "playerId": 21705, "championPointsUntilNextLevel": 0, "tokensEarned": 2, "championId": 67, "lastPlayTime": 1468124583000}, {"championLevel": 5, "chestGranted": true, "championPoints": 47304, "championPointsSinceLastLevel": 25704, "playerId": 21705, "championPointsUntilNextLevel": 0, "tokensEarned": 2, "championId": 21, "lastPlayTime": 1469163683000}, {"championLevel": 7, "chestGranted": true, "championPoints": 40269, "championPointsSinceLastLevel": 18669, "playerId": 21705, "championPointsUntilNextLevel": 0, "tokensEarned": 0, "championId": 1, "lastPlayTime": 1468473861000}, {"championLevel": 5, "chestGranted": false, "championPoints": 37770, "championPointsSinceLastLevel": 16170, "playerId": 21705, "championPointsUntilNextLevel": 0, "tokensEarned": 1, "championId": 92, "lastPlayTime": 1463861094000}, {"championLevel": 5, "chestGranted": false, "championPoints": 25681, "championPointsSinceLastLevel": 4081, "playerId": 21705, "championPointsUntilNextLevel": 0, "tokensEarned": 0, "championId": 222, "lastPlayTime": 1466477723000}, {"championLevel": 5, "chestGranted": false, "championPoints": 24809, "championPointsSinceLastLevel": 3209, "playerId": 21705, "championPointsUntilNextLevel": 0, "tokensEarned": 0, "championId": 238, "lastPlayTime": 1462903859000}, {"championLevel": 5, "chestGranted": true, "championPoints": 23928, "championPointsSinceLastLevel": 2328, "playerId": 21705, "championPointsUntilNextLevel": 0, "tokensEarned": 1, "championId": 99, "lastPlayTime": 1466529362000}, {"championLevel": 4, "chestGranted": false, "championPoints": 21448, "championPointsSinceLastLevel": 8848, "playerId": 21705, "championPointsUntilNextLevel": 152, "tokensEarned": 0, "championId": 7, "lastPlayTime": 1463887510000}, {"championLevel": 4, "chestGranted": false, "championPoints": 20280, "championPointsSinceLastLevel": 7680, "playerId": 21705, "championPointsUntilNextLevel": 1320, "tokensEarned": 0, "championId": 254, "lastPlayTime": 1468285092000}, {"championLevel": 4, "chestGranted": false, "championPoints": 19904, "championPointsSinceLastLevel": 7304, "playerId": 21705, "championPointsUntilNextLevel": 1696, "tokensEarned": 0, "championId": 104, "lastPlayTime": 1448137868000}, {"championLevel": 4, "chestGranted": false, "championPoints": 17973, "championPointsSinceLastLevel": 5373, "playerId": 21705, "championPointsUntilNextLevel": 3627, "tokensEarned": 0, "championId": 11, "lastPlayTime": 1452739330000}, {"championLevel": 4, "chestGranted": false, "championPoints": 16130, "championPointsSinceLastLevel": 3530, "playerId": 21705, "championPointsUntilNextLevel": 5470, "tokensEarned": 0, "championId": 103, "lastPlayTime": 1464129257000}, {"championLevel": 4, "chestGranted": true, "championPoints": 15360, "championPointsSinceLastLevel": 2760, "playerId": 21705, "championPointsUntilNextLevel": 6240, "tokensEarned": 0, "championId": 51, "lastPlayTime": 1467082379000}, {"championLevel": 4, "chestGranted": false, "championPoints": 14824, "championPointsSinceLastLevel": 2224, "playerId": 21705, "championPointsUntilNextLevel": 6776, "tokensEarned": 0, "championId": 157, "lastPlayTime": 1467600878000}, {"championLevel": 4, "chestGranted": true, "championPoints": 14045, "championPointsSinceLastLevel": 1445, "playerId": 21705, "championPointsUntilNextLevel": 7555, "tokensEarned": 0, "championId": 17, "lastPlayTime": 1467598613000}, {"championLevel": 3, "chestGranted": false, "championPoints": 12588, "championPointsSinceLastLevel": 6588, "playerId": 21705, "championPointsUntilNextLevel": 12, "tokensEarned": 0, "championId": 23, "lastPlayTime": 1445577406000}, {"championLevel": 3, "chestGranted": false, "championPoints": 12304, "championPointsSinceLastLevel": 6304, "playerId": 21705, "championPointsUntilNextLevel": 296, "tokensEarned": 0, "championId": 236, "lastPlayTime": 1448824277000}, {"championLevel": 3, "chestGranted": true, "championPoints": 11102, "championPointsSinceLastLevel": 5102, "playerId": 21705, "championPointsUntilNextLevel": 1498, "tokensEarned": 0, "championId": 133, "lastPlayTime": 1469156580000}, {"championLevel": 3, "chestGranted": false, "championPoints": 9662, "championPointsSinceLastLevel": 3662, "playerId": 21705, "championPointsUntilNextLevel": 2938, "tokensEarned": 0, "championId": 55, "lastPlayTime": 1442982093000}, {"championLevel": 3, "chestGranted": false, "championPoints": 9519, "championPointsSinceLastLevel": 3519, "playerId": 21705, "championPointsUntilNextLevel": 3081, "tokensEarned": 0, "championId": 14, "lastPlayTime": 1437101394000}, {"championLevel": 3, "chestGranted": true, "championPoints": 9356, "championPointsSinceLastLevel": 3356, "playerId": 21705, "championPointsUntilNextLevel": 3244, "tokensEarned": 0, "championId": 25, "lastPlayTime": 1466094983000}, {"championLevel": 3, "chestGranted": false, "championPoints": 9300, "championPointsSinceLastLevel": 3300, "playerId": 21705, "championPointsUntilNextLevel": 3300, "tokensEarned": 0, "championId": 81, "lastPlayTime": 1468818435000}, {"championLevel": 3, "chestGranted": true, "championPoints": 9224, "championPointsSinceLastLevel": 3224, "playerId": 21705, "championPointsUntilNextLevel": 3376, "tokensEarned": 0, "championId": 106, "lastPlayTime": 1468730733000}, {"championLevel": 3, "chestGranted": true, "championPoints": 8923, "championPointsSinceLastLevel": 2923, "playerId": 21705, "championPointsUntilNextLevel": 3677, "tokensEarned": 0, "championId": 22, "lastPlayTime": 1466398731000}, {"championLevel": 3, "chestGranted": true, "championPoints": 8129, "championPointsSinceLastLevel": 2129, "playerId": 21705, "championPointsUntilNextLevel": 4471, "tokensEarned": 0, "championId": 53, "lastPlayTime": 1468722933000}, {"championLevel": 3, "chestGranted": false, "championPoints": 8006, "championPointsSinceLastLevel": 2006, "playerId": 21705, "championPointsUntilNextLevel": 4594, "tokensEarned": 0, "championId": 101, "lastPlayTime": 1453172662000}, {"championLevel": 3, "chestGranted": false, "championPoints": 7403, "championPointsSinceLastLevel": 1403, "playerId": 21705, "championPointsUntilNextLevel": 5197, "tokensEarned": 0, "championId": 64, "lastPlayTime": 1468283532000}, {"championLevel": 3, "chestGranted": false, "championPoints": 7023, "championPointsSinceLastLevel": 1023, "playerId": 21705, "championPointsUntilNextLevel": 5577, "tokensEarned": 0, "championId": 105, "lastPlayTime": 1464566336000}, {"championLevel": 3, "chestGranted": false, "championPoints": 6971, "championPointsSinceLastLevel": 971, "playerId": 21705, "championPointsUntilNextLevel": 5629, "tokensEarned": 0, "championId": 76, "lastPlayTime": 1461543965000}, {"championLevel": 3, "chestGranted": false, "championPoints": 6705, "championPointsSinceLastLevel": 705, "playerId": 21705, "championPointsUntilNextLevel": 5895, "tokensEarned": 0, "championId": 107, "lastPlayTime": 1464127189000}, {"championLevel": 3, "chestGranted": false, "championPoints": 6336, "championPointsSinceLastLevel": 336, "playerId": 21705, "championPointsUntilNextLevel": 6264, "tokensEarned": 0, "championId": 10, "lastPlayTime": 1442358170000}, {"championLevel": 3, "chestGranted": false, "championPoints": 6268, "championPointsSinceLastLevel": 268, "playerId": 21705, "championPointsUntilNextLevel": 6332, "tokensEarned": 0, "championId": 63, "lastPlayTime": 1464761931000}, {"championLevel": 2, "chestGranted": false, "championPoints": 5778, "championPointsSinceLastLevel": 3978, "playerId": 21705, "championPointsUntilNextLevel": 222, "tokensEarned": 0, "championId": 41, "lastPlayTime": 1437875332000}, {"championLevel": 2, "chestGranted": false, "championPoints": 5502, "championPointsSinceLastLevel": 3702, "playerId": 21705, "championPointsUntilNextLevel": 498, "tokensEarned": 0, "championId": 202, "lastPlayTime": 1460496184000}, {"championLevel": 2, "chestGranted": false, "championPoints": 5246, "championPointsSinceLastLevel": 3446, "playerId": 21705, "championPointsUntilNextLevel": 754, "tokensEarned": 0, "championId": 37, "lastPlayTime": 1464132451000}, {"championLevel": 2, "chestGranted": false, "championPoints": 4452, "championPointsSinceLastLevel": 2652, "playerId": 21705, "championPointsUntilNextLevel": 1548, "tokensEarned": 0, "championId": 114, "lastPlayTime": 1442712545000}, {"championLevel": 2, "chestGranted": false, "championPoints": 4180, "championPointsSinceLastLevel": 2380, "playerId": 21705, "championPointsUntilNextLevel": 1820, "tokensEarned": 0, "championId": 161, "lastPlayTime": 1433369290000}, {"championLevel": 2, "chestGranted": false, "championPoints": 4042, "championPointsSinceLastLevel": 2242, "playerId": 21705, "championPointsUntilNextLevel": 1958, "tokensEarned": 0, "championId": 12, "lastPlayTime": 1463863777000}, {"championLevel": 2, "chestGranted": false, "championPoints": 3763, "championPointsSinceLastLevel": 1963, "playerId": 21705, "championPointsUntilNextLevel": 2237, "tokensEarned": 0, "championId": 58, "lastPlayTime": 1437324990000}, {"championLevel": 2, "chestGranted": false, "championPoints": 3353, "championPointsSinceLastLevel": 1553, "playerId": 21705, "championPointsUntilNextLevel": 2647, "tokensEarned": 0, "championId": 266, "lastPlayTime": 1452733875000}, {"championLevel": 2, "chestGranted": false, "championPoints": 3114, "championPointsSinceLastLevel": 1314, "playerId": 21705, "championPointsUntilNextLevel": 2886, "tokensEarned": 0, "championId": 245, "lastPlayTime": 1453914163000}, {"championLevel": 2, "chestGranted": true, "championPoints": 3078, "championPointsSinceLastLevel": 1278, "playerId": 21705, "championPointsUntilNextLevel": 2922, "tokensEarned": 0, "championId": 119, "lastPlayTime": 1461274532000}, {"championLevel": 2, "chestGranted": false, "championPoints": 3025, "championPointsSinceLastLevel": 1225, "playerId": 21705, "championPointsUntilNextLevel": 2975, "tokensEarned": 0, "championId": 86, "lastPlayTime": 1468288509000}, {"championLevel": 2, "chestGranted": false, "championPoints": 2907, "championPointsSinceLastLevel": 1107, "playerId": 21705, "championPointsUntilNextLevel": 3093, "tokensEarned": 0, "championId": 28, "lastPlayTime": 1438131353000}, {"championLevel": 2, "chestGranted": false, "championPoints": 2800, "championPointsSinceLastLevel": 1000, "playerId": 21705, "championPointsUntilNextLevel": 3200, "tokensEarned": 0, "championId": 20, "lastPlayTime": 1453506229000}, {"championLevel": 2, "chestGranted": true, "championPoints": 2693, "championPointsSinceLastLevel": 893, "playerId": 21705, "championPointsUntilNextLevel": 3307, "tokensEarned": 0, "championId": 78, "lastPlayTime": 1461005269000}, {"championLevel": 2, "chestGranted": false, "championPoints": 2637, "championPointsSinceLastLevel": 837, "playerId": 21705, "championPointsUntilNextLevel": 3363, "tokensEarned": 0, "championId": 136, "lastPlayTime": 1463882816000}, {"championLevel": 2, "chestGranted": false, "championPoints": 2598, "championPointsSinceLastLevel": 798, "playerId": 21705, "championPointsUntilNextLevel": 3402, "tokensEarned": 0, "championId": 268, "lastPlayTime": 1433609463000}, {"championLevel": 2, "chestGranted": false, "championPoints": 2592, "championPointsSinceLastLevel": 792, "playerId": 21705, "championPointsUntilNextLevel": 3408, "tokensEarned": 0, "championId": 18, "lastPlayTime": 1454036557000}, {"championLevel": 2, "chestGranted": false, "championPoints": 2332, "championPointsSinceLastLevel": 532, "playerId": 21705, "championPointsUntilNextLevel": 3668, "tokensEarned": 0, "championId": 19, "lastPlayTime": 1436589972000}, {"championLevel": 2, "chestGranted": false, "championPoints": 1916, "championPointsSinceLastLevel": 116, "playerId": 21705, "championPointsUntilNextLevel": 4084, "tokensEarned": 0, "championId": 3, "lastPlayTime": 1436470391000}, {"championLevel": 2, "chestGranted": false, "championPoints": 1909, "championPointsSinceLastLevel": 109, "playerId": 21705, "championPointsUntilNextLevel": 4091, "tokensEarned": 0, "championId": 91, "lastPlayTime": 1451096078000}, {"championLevel": 2, "chestGranted": false, "championPoints": 1831, "championPointsSinceLastLevel": 31, "playerId": 21705, "championPointsUntilNextLevel": 4169, "tokensEarned": 0, "championId": 120, "lastPlayTime": 1468286472000}, {"championLevel": 1, "chestGranted": false, "championPoints": 1747, "championPointsSinceLastLevel": 1747, "playerId": 21705, "championPointsUntilNextLevel": 53, "tokensEarned": 0, "championId": 45, "lastPlayTime": 1443048865000}, {"championLevel": 1, "chestGranted": false, "championPoints": 1731, "championPointsSinceLastLevel": 1731, "playerId": 21705, "championPointsUntilNextLevel": 69, "tokensEarned": 0, "championId": 59, "lastPlayTime": 1436834052000}, {"championLevel": 1, "chestGranted": false, "championPoints": 1699, "championPointsSinceLastLevel": 1699, "playerId": 21705, "championPointsUntilNextLevel": 101, "tokensEarned": 0, "championId": 13, "lastPlayTime": 1435463506000}, {"championLevel": 1, "chestGranted": false, "championPoints": 1602, "championPointsSinceLastLevel": 1602, "playerId": 21705, "championPointsUntilNextLevel": 198, "tokensEarned": 0, "championId": 27, "lastPlayTime": 1464569914000}, {"championLevel": 1, "chestGranted": false, "championPoints": 1570, "championPointsSinceLastLevel": 1570, "playerId": 21705, "championPointsUntilNextLevel": 230, "tokensEarned": 0, "championId": 16, "lastPlayTime": 1432162889000}, {"championLevel": 1, "chestGranted": false, "championPoints": 1561, "championPointsSinceLastLevel": 1561, "playerId": 21705, "championPointsUntilNextLevel": 239, "tokensEarned": 0, "championId": 79, "lastPlayTime": 1451699456000}, {"championLevel": 1, "chestGranted": false, "championPoints": 1556, "championPointsSinceLastLevel": 1556, "playerId": 21705, "championPointsUntilNextLevel": 244, "tokensEarned": 0, "championId": 80, "lastPlayTime": 1463885673000}, {"championLevel": 1, "chestGranted": false, "championPoints": 1554, "championPointsSinceLastLevel": 1554, "playerId": 21705, "championPointsUntilNextLevel": 246, "tokensEarned": 0, "championId": 203, "lastPlayTime": 1446066227000}, {"championLevel": 1, "chestGranted": false, "championPoints": 1549, "championPointsSinceLastLevel": 1549, "playerId": 21705, "championPointsUntilNextLevel": 251, "tokensEarned": 0, "championId": 32, "lastPlayTime": 1435538788000}, {"championLevel": 1, "chestGranted": false, "championPoints": 1544, "championPointsSinceLastLevel": 1544, "playerId": 21705, "championPointsUntilNextLevel": 256, "tokensEarned": 0, "championId": 2, "lastPlayTime": 1432067743000}, {"championLevel": 1, "chestGranted": false, "championPoints": 1400, "championPointsSinceLastLevel": 1400, "playerId": 21705, "championPointsUntilNextLevel": 400, "tokensEarned": 0, "championId": 90, "lastPlayTime": 1432874856000}, {"championLevel": 1, "chestGranted": false, "championPoints": 1247, "championPointsSinceLastLevel": 1247, "playerId": 21705, "championPointsUntilNextLevel": 553, "tokensEarned": 0, "championId": 429, "lastPlayTime": 1435706654000}, {"championLevel": 1, "chestGranted": false, "championPoints": 1199, "championPointsSinceLastLevel": 1199, "playerId": 21705, "championPointsUntilNextLevel": 601, "tokensEarned": 0, "championId": 5, "lastPlayTime": 1438486299000}, {"championLevel": 1, "chestGranted": false, "championPoints": 1184, "championPointsSinceLastLevel": 1184, "playerId": 21705, "championPointsUntilNextLevel": 616, "tokensEarned": 0, "championId": 35, "lastPlayTime": 1463807181000}, {"championLevel": 1, "chestGranted": false, "championPoints": 1179, "championPointsSinceLastLevel": 1179, "playerId": 21705, "championPointsUntilNextLevel": 621, "tokensEarned": 0, "championId": 15, "lastPlayTime": 1435698033000}, {"championLevel": 1, "chestGranted": false, "championPoints": 1151, "championPointsSinceLastLevel": 1151, "playerId": 21705, "championPointsUntilNextLevel": 649, "tokensEarned": 0, "championId": 57, "lastPlayTime": 1433132118000}, {"championLevel": 1, "chestGranted": false, "championPoints": 1082, "championPointsSinceLastLevel": 1082, "playerId": 21705, "championPointsUntilNextLevel": 718, "tokensEarned": 0, "championId": 62, "lastPlayTime": 1436240547000}, {"championLevel": 1, "chestGranted": false, "championPoints": 946, "championPointsSinceLastLevel": 946, "playerId": 21705, "championPointsUntilNextLevel": 854, "tokensEarned": 0, "championId": 102, "lastPlayTime": 1467078812000}, {"championLevel": 1, "chestGranted": false, "championPoints": 909, "championPointsSinceLastLevel": 909, "playerId": 21705, "championPointsUntilNextLevel": 891, "tokensEarned": 0, "championId": 201, "lastPlayTime": 1436746502000}, {"championLevel": 1, "chestGranted": false, "championPoints": 755, "championPointsSinceLastLevel": 755, "playerId": 21705, "championPointsUntilNextLevel": 1045, "tokensEarned": 0, "championId": 31, "lastPlayTime": 1436383165000}, {"championLevel": 1, "chestGranted": false, "championPoints": 518, "championPointsSinceLastLevel": 518, "playerId": 21705, "championPointsUntilNextLevel": 1282, "tokensEarned": 0, "championId": 74, "lastPlayTime": 1451446427000}, {"championLevel": 1, "chestGranted": false, "championPoints": 418, "championPointsSinceLastLevel": 418, "playerId": 21705, "championPointsUntilNextLevel": 1382, "tokensEarned": 0, "championId": 42, "lastPlayTime": 1466573377000}, {"championLevel": 1, "chestGranted": false, "championPoints": 417, "championPointsSinceLastLevel": 417, "playerId": 21705, "championPointsUntilNextLevel": 1383, "tokensEarned": 0, "championId": 48, "lastPlayTime": 1436219673000}, {"championLevel": 1, "chestGranted": false, "championPoints": 411, "championPointsSinceLastLevel": 411, "playerId": 21705, "championPointsUntilNextLevel": 1389, "tokensEarned": 0, "championId": 39, "lastPlayTime": 1438206428000}, {"championLevel": 1, "chestGranted": false, "championPoints": 394, "championPointsSinceLastLevel": 394, "playerId": 21705, "championPointsUntilNextLevel": 1406, "tokensEarned": 0, "championId": 89, "lastPlayTime": 1434660043000}, {"championLevel": 1, "chestGranted": false, "championPoints": 363, "championPointsSinceLastLevel": 363, "playerId": 21705, "championPointsUntilNextLevel": 1437, "tokensEarned": 0, "championId": 267, "lastPlayTime": 1431548180000}, {"championLevel": 1, "chestGranted": false, "championPoints": 289, "championPointsSinceLastLevel": 289, "playerId": 21705, "championPointsUntilNextLevel": 1511, "tokensEarned": 0, "championId": 54, "lastPlayTime": 1436298391000}, {"championLevel": 1, "chestGranted": false, "championPoints": 218, "championPointsSinceLastLevel": 218, "playerId": 21705, "championPointsUntilNextLevel": 1582, "tokensEarned": 0, "championId": 127, "lastPlayTime": 1431297947000}, {"championLevel": 1, "chestGranted": false, "championPoints": 215, "championPointsSinceLastLevel": 215, "playerId": 21705, "championPointsUntilNextLevel": 1585, "tokensEarned": 0, "championId": 24, "lastPlayTime": 1431571774000}, {"championLevel": 1, "chestGranted": false, "championPoints": 206, "championPointsSinceLastLevel": 206, "playerId": 21705, "championPointsUntilNextLevel": 1594, "tokensEarned": 0, "championId": 61, "lastPlayTime": 1431918801000}, {"championLevel": 1, "chestGranted": false, "championPoints": 196, "championPointsSinceLastLevel": 196, "playerId": 21705, "championPointsUntilNextLevel": 1604, "tokensEarned": 0, "championId": 412, "lastPlayTime": 1436129893000}, {"championLevel": 1, "chestGranted": false, "championPoints": 193, "championPointsSinceLastLevel": 193, "playerId": 21705, "championPointsUntilNextLevel": 1607, "tokensEarned": 0, "championId": 134, "lastPlayTime": 1433107257000}, {"championLevel": 1, "chestGranted": false, "championPoints": 185, "championPointsSinceLastLevel": 185, "playerId": 21705, "championPointsUntilNextLevel": 1615, "tokensEarned": 0, "championId": 113, "lastPlayTime": 1453943837000}, {"championLevel": 1, "chestGranted": false, "championPoints": 181, "championPointsSinceLastLevel": 181, "playerId": 21705, "championPointsUntilNextLevel": 1619, "tokensEarned": 0, "championId": 84, "lastPlayTime": 1433293119000}, {"championLevel": 1, "chestGranted": false, "championPoints": 174, "championPointsSinceLastLevel": 174, "playerId": 21705, "championPointsUntilNextLevel": 1626, "tokensEarned": 0, "championId": 115, "lastPlayTime": 1452913799000}, {"championLevel": 1, "chestGranted": false, "championPoints": 160, "championPointsSinceLastLevel": 160, "playerId": 21705, "championPointsUntilNextLevel": 1640, "tokensEarned": 0, "championId": 75, "lastPlayTime": 1467595435000}, {"championLevel": 1, "chestGranted": false, "championPoints": 155, "championPointsSinceLastLevel": 155, "playerId": 21705, "championPointsUntilNextLevel": 1645, "tokensEarned": 0, "championId": 421, "lastPlayTime": 1453998229000}, {"championLevel": 1, "chestGranted": false, "championPoints": 149, "championPointsSinceLastLevel": 149, "playerId": 21705, "championPointsUntilNextLevel": 1651, "tokensEarned": 0, "championId": 38, "lastPlayTime": 1431744746000}, {"championLevel": 1, "chestGranted": false, "championPoints": 143, "championPointsSinceLastLevel": 143, "playerId": 21705, "championPointsUntilNextLevel": 1657, "tokensEarned": 0, "championId": 110, "lastPlayTime": 1446348354000}, {"championLevel": 1, "chestGranted": false, "championPoints": 126, "championPointsSinceLastLevel": 126, "playerId": 21705, "championPointsUntilNextLevel": 1674, "tokensEarned": 0, "championId": 420, "lastPlayTime": 1448501756000}]