[{"championLevel": 5, "chestGranted": true, "championPoints": 24538, "championPointsSinceLastLevel": 2938, "playerId": 21718, "championPointsUntilNextLevel": 0, "tokensEarned": 0, "championId": 92, "lastPlayTime": 1463281330000}, {"championLevel": 3, "chestGranted": true, "championPoints": 9861, "championPointsSinceLastLevel": 3861, "playerId": 21718, "championPointsUntilNextLevel": 2739, "tokensEarned": 0, "championId": 67, "lastPlayTime": 1463200215000}, {"championLevel": 3, "chestGranted": true, "championPoints": 7683, "championPointsSinceLastLevel": 1683, "playerId": 21718, "championPointsUntilNextLevel": 4917, "tokensEarned": 0, "championId": 80, "lastPlayTime": 1463335151000}, {"championLevel": 3, "chestGranted": false, "championPoints": 7542, "championPointsSinceLastLevel": 1542, "playerId": 21718, "championPointsUntilNextLevel": 5058, "tokensEarned": 0, "championId": 51, "lastPlayTime": 1449948551000}, {"championLevel": 3, "chestGranted": false, "championPoints": 7004, "championPointsSinceLastLevel": 1004, "playerId": 21718, "championPointsUntilNextLevel": 5596, "tokensEarned": 0, "championId": 64, "lastPlayTime": 1456350222000}, {"championLevel": 3, "chestGranted": false, "championPoints": 6317, "championPointsSinceLastLevel": 317, "playerId": 21718, "championPointsUntilNextLevel": 6283, "tokensEarned": 0, "championId": 104, "lastPlayTime": 1447089546000}, {"championLevel": 2, "chestGranted": false, "championPoints": 5902, "championPointsSinceLastLevel": 4102, "playerId": 21718, "championPointsUntilNextLevel": 98, "tokensEarned": 0, "championId": 268, "lastPlayTime": 1468807451000}, {"championLevel": 2, "chestGranted": false, "championPoints": 4881, "championPointsSinceLastLevel": 3081, "playerId": 21718, "championPointsUntilNextLevel": 1119, "tokensEarned": 0, "championId": 238, "lastPlayTime": 1463352595000}, {"championLevel": 2, "chestGranted": true, "championPoints": 4661, "championPointsSinceLastLevel": 2861, "playerId": 21718, "championPointsUntilNextLevel": 1339, "tokensEarned": 0, "championId": 105, "lastPlayTime": 1458875807000}, {"championLevel": 2, "chestGranted": true, "championPoints": 3738, "championPointsSinceLastLevel": 1938, "playerId": 21718, "championPointsUntilNextLevel": 2262, "tokensEarned": 0, "championId": 35, "lastPlayTime": 1458884238000}, {"championLevel": 1, "chestGranted": false, "championPoints": 1292, "championPointsSinceLastLevel": 1292, "playerId": 21718, "championPointsUntilNextLevel": 508, "tokensEarned": 0, "championId": 412, "lastPlayTime": 1456888810000}, {"championLevel": 1, "chestGranted": false, "championPoints": 1271, "championPointsSinceLastLevel": 1271, "playerId": 21718, "championPointsUntilNextLevel": 529, "tokensEarned": 0, "championId": 99, "lastPlayTime": 1433651063000}, {"championLevel": 1, "chestGranted": false, "championPoints": 1236, "championPointsSinceLastLevel": 1236, "playerId": 21718, "championPointsUntilNextLevel": 564, "tokensEarned": 0, "championId": 115, "lastPlayTime": 1447048884000}, {"championLevel": 1, "chestGranted": true, "championPoints": 889, "championPointsSinceLastLevel": 889, "playerId": 21718, "championPointsUntilNextLevel": 911, "tokensEarned": 0, "championId": 78, "lastPlayTime": 1458880789000}, {"championLevel": 1, "chestGranted": false, "championPoints": 369, "championPointsSinceLastLevel": 369, "playerId": 21718, "championPointsUntilNextLevel": 1431, "tokensEarned": 0, "championId": 7, "lastPlayTime": 1458895966000}, {"championLevel": 1, "chestGranted": false, "championPoints": 332, "championPointsSinceLastLevel": 332, "playerId": 21718, "championPointsUntilNextLevel": 1468, "tokensEarned": 0, "championId": 24, "lastPlayTime": 1463197104000}, {"championLevel": 1, "chestGranted": false, "championPoints": 326, "championPointsSinceLastLevel": 326, "playerId": 21718, "championPointsUntilNextLevel": 1474, "tokensEarned": 0, "championId": 119, "lastPlayTime": 1447118844000}, {"championLevel": 1, "chestGranted": false, "championPoints": 254, "championPointsSinceLastLevel": 254, "playerId": 21718, "championPointsUntilNextLevel": 1546, "tokensEarned": 0, "championId": 55, "lastPlayTime": 1447043257000}, {"championLevel": 1, "chestGranted": false, "championPoints": 233, "championPointsSinceLastLevel": 233, "playerId": 21718, "championPointsUntilNextLevel": 1567, "tokensEarned": 0, "championId": 1, "lastPlayTime": 1433657857000}]