[{"championLevel": 6, "chestGranted": true, "championPoints": 66807, "championPointsSinceLastLevel": 45207, "playerId": 21720, "championPointsUntilNextLevel": 0, "tokensEarned": 0, "championId": 8, "lastPlayTime": 1467407458000}, {"championLevel": 7, "chestGranted": true, "championPoints": 39961, "championPointsSinceLastLevel": 18361, "playerId": 21720, "championPointsUntilNextLevel": 0, "tokensEarned": 0, "championId": 1, "lastPlayTime": 1467489866000}, {"championLevel": 5, "chestGranted": false, "championPoints": 37563, "championPointsSinceLastLevel": 15963, "playerId": 21720, "championPointsUntilNextLevel": 0, "tokensEarned": 0, "championId": 64, "lastPlayTime": 1466803765000}, {"championLevel": 6, "chestGranted": true, "championPoints": 33255, "championPointsSinceLastLevel": 11655, "playerId": 21720, "championPointsUntilNextLevel": 0, "tokensEarned": 1, "championId": 12, "lastPlayTime": 1467481345000}, {"championLevel": 5, "chestGranted": false, "championPoints": 21979, "championPointsSinceLastLevel": 379, "playerId": 21720, "championPointsUntilNextLevel": 0, "tokensEarned": 0, "championId": 157, "lastPlayTime": 1467261455000}, {"championLevel": 4, "chestGranted": true, "championPoints": 16822, "championPointsSinceLastLevel": 4222, "playerId": 21720, "championPointsUntilNextLevel": 4778, "tokensEarned": 0, "championId": 131, "lastPlayTime": 1467498140000}, {"championLevel": 4, "chestGranted": true, "championPoints": 16154, "championPointsSinceLastLevel": 3554, "playerId": 21720, "championPointsUntilNextLevel": 5446, "tokensEarned": 0, "championId": 267, "lastPlayTime": 1467248312000}, {"championLevel": 4, "chestGranted": true, "championPoints": 15945, "championPointsSinceLastLevel": 3345, "playerId": 21720, "championPointsUntilNextLevel": 5655, "tokensEarned": 0, "championId": 105, "lastPlayTime": 1467495703000}, {"championLevel": 4, "chestGranted": true, "championPoints": 15879, "championPointsSinceLastLevel": 3279, "playerId": 21720, "championPointsUntilNextLevel": 5721, "tokensEarned": 0, "championId": 236, "lastPlayTime": 1467402187000}, {"championLevel": 4, "chestGranted": true, "championPoints": 15638, "championPointsSinceLastLevel": 3038, "playerId": 21720, "championPointsUntilNextLevel": 5962, "tokensEarned": 0, "championId": 81, "lastPlayTime": 1467582190000}, {"championLevel": 4, "chestGranted": false, "championPoints": 14871, "championPointsSinceLastLevel": 2271, "playerId": 21720, "championPointsUntilNextLevel": 6729, "tokensEarned": 0, "championId": 102, "lastPlayTime": 1467506730000}, {"championLevel": 4, "chestGranted": false, "championPoints": 14729, "championPointsSinceLastLevel": 2129, "playerId": 21720, "championPointsUntilNextLevel": 6871, "tokensEarned": 0, "championId": 51, "lastPlayTime": 1467437312000}, {"championLevel": 4, "chestGranted": false, "championPoints": 13998, "championPointsSinceLastLevel": 1398, "playerId": 21720, "championPointsUntilNextLevel": 7602, "tokensEarned": 0, "championId": 40, "lastPlayTime": 1466412721000}, {"championLevel": 3, "chestGranted": false, "championPoints": 12581, "championPointsSinceLastLevel": 6581, "playerId": 21720, "championPointsUntilNextLevel": 19, "tokensEarned": 0, "championId": 24, "lastPlayTime": 1466108448000}, {"championLevel": 3, "chestGranted": false, "championPoints": 12016, "championPointsSinceLastLevel": 6016, "playerId": 21720, "championPointsUntilNextLevel": 584, "tokensEarned": 0, "championId": 39, "lastPlayTime": 1467510424000}, {"championLevel": 3, "chestGranted": false, "championPoints": 11846, "championPointsSinceLastLevel": 5846, "playerId": 21720, "championPointsUntilNextLevel": 754, "tokensEarned": 0, "championId": 15, "lastPlayTime": 1467275392000}, {"championLevel": 3, "chestGranted": false, "championPoints": 11823, "championPointsSinceLastLevel": 5823, "playerId": 21720, "championPointsUntilNextLevel": 777, "tokensEarned": 0, "championId": 126, "lastPlayTime": 1444616855000}, {"championLevel": 3, "chestGranted": false, "championPoints": 11518, "championPointsSinceLastLevel": 5518, "playerId": 21720, "championPointsUntilNextLevel": 1082, "tokensEarned": 0, "championId": 62, "lastPlayTime": 1467430254000}, {"championLevel": 3, "chestGranted": false, "championPoints": 11145, "championPointsSinceLastLevel": 5145, "playerId": 21720, "championPointsUntilNextLevel": 1455, "tokensEarned": 0, "championId": 103, "lastPlayTime": 1462758190000}, {"championLevel": 3, "chestGranted": false, "championPoints": 10458, "championPointsSinceLastLevel": 4458, "playerId": 21720, "championPointsUntilNextLevel": 2142, "tokensEarned": 0, "championId": 48, "lastPlayTime": 1466819383000}, {"championLevel": 3, "chestGranted": false, "championPoints": 10226, "championPointsSinceLastLevel": 4226, "playerId": 21720, "championPointsUntilNextLevel": 2374, "tokensEarned": 0, "championId": 412, "lastPlayTime": 1467268847000}, {"championLevel": 3, "chestGranted": false, "championPoints": 9802, "championPointsSinceLastLevel": 3802, "playerId": 21720, "championPointsUntilNextLevel": 2798, "tokensEarned": 0, "championId": 268, "lastPlayTime": 1463872180000}, {"championLevel": 3, "chestGranted": false, "championPoints": 9726, "championPointsSinceLastLevel": 3726, "playerId": 21720, "championPointsUntilNextLevel": 2874, "tokensEarned": 0, "championId": 110, "lastPlayTime": 1465547721000}, {"championLevel": 3, "chestGranted": false, "championPoints": 9438, "championPointsSinceLastLevel": 3438, "playerId": 21720, "championPointsUntilNextLevel": 3162, "tokensEarned": 0, "championId": 104, "lastPlayTime": 1466741501000}, {"championLevel": 3, "chestGranted": false, "championPoints": 9397, "championPointsSinceLastLevel": 3397, "playerId": 21720, "championPointsUntilNextLevel": 3203, "tokensEarned": 0, "championId": 76, "lastPlayTime": 1467195995000}, {"championLevel": 3, "chestGranted": false, "championPoints": 8936, "championPointsSinceLastLevel": 2936, "playerId": 21720, "championPointsUntilNextLevel": 3664, "tokensEarned": 0, "championId": 53, "lastPlayTime": 1463700718000}, {"championLevel": 3, "chestGranted": false, "championPoints": 8793, "championPointsSinceLastLevel": 2793, "playerId": 21720, "championPointsUntilNextLevel": 3807, "tokensEarned": 0, "championId": 429, "lastPlayTime": 1445971992000}, {"championLevel": 3, "chestGranted": true, "championPoints": 8687, "championPointsSinceLastLevel": 2687, "playerId": 21720, "championPointsUntilNextLevel": 3913, "tokensEarned": 0, "championId": 90, "lastPlayTime": 1466833529000}, {"championLevel": 3, "chestGranted": false, "championPoints": 8429, "championPointsSinceLastLevel": 2429, "playerId": 21720, "championPointsUntilNextLevel": 4171, "tokensEarned": 0, "championId": 245, "lastPlayTime": 1462843733000}, {"championLevel": 3, "chestGranted": false, "championPoints": 8407, "championPointsSinceLastLevel": 2407, "playerId": 21720, "championPointsUntilNextLevel": 4193, "tokensEarned": 0, "championId": 57, "lastPlayTime": 1466813331000}, {"championLevel": 3, "chestGranted": true, "championPoints": 8103, "championPointsSinceLastLevel": 2103, "playerId": 21720, "championPointsUntilNextLevel": 4497, "tokensEarned": 0, "championId": 45, "lastPlayTime": 1465710939000}, {"championLevel": 3, "chestGranted": false, "championPoints": 7901, "championPointsSinceLastLevel": 1901, "playerId": 21720, "championPointsUntilNextLevel": 4699, "tokensEarned": 0, "championId": 28, "lastPlayTime": 1466051537000}, {"championLevel": 3, "chestGranted": false, "championPoints": 7588, "championPointsSinceLastLevel": 1588, "playerId": 21720, "championPointsUntilNextLevel": 5012, "tokensEarned": 0, "championId": 92, "lastPlayTime": 1453175916000}, {"championLevel": 3, "chestGranted": false, "championPoints": 7367, "championPointsSinceLastLevel": 1367, "playerId": 21720, "championPointsUntilNextLevel": 5233, "tokensEarned": 0, "championId": 106, "lastPlayTime": 1467348240000}, {"championLevel": 3, "chestGranted": false, "championPoints": 7279, "championPointsSinceLastLevel": 1279, "playerId": 21720, "championPointsUntilNextLevel": 5321, "tokensEarned": 0, "championId": 29, "lastPlayTime": 1467198107000}, {"championLevel": 3, "chestGranted": false, "championPoints": 7096, "championPointsSinceLastLevel": 1096, "playerId": 21720, "championPointsUntilNextLevel": 5504, "tokensEarned": 0, "championId": 99, "lastPlayTime": 1467404258000}, {"championLevel": 3, "chestGranted": false, "championPoints": 6603, "championPointsSinceLastLevel": 603, "playerId": 21720, "championPointsUntilNextLevel": 5997, "tokensEarned": 0, "championId": 37, "lastPlayTime": 1467526111000}, {"championLevel": 3, "chestGranted": false, "championPoints": 6569, "championPointsSinceLastLevel": 569, "playerId": 21720, "championPointsUntilNextLevel": 6031, "tokensEarned": 0, "championId": 89, "lastPlayTime": 1466902060000}, {"championLevel": 3, "chestGranted": false, "championPoints": 6415, "championPointsSinceLastLevel": 415, "playerId": 21720, "championPointsUntilNextLevel": 6185, "tokensEarned": 0, "championId": 122, "lastPlayTime": 1466835231000}, {"championLevel": 3, "chestGranted": false, "championPoints": 6400, "championPointsSinceLastLevel": 400, "playerId": 21720, "championPointsUntilNextLevel": 6200, "tokensEarned": 0, "championId": 20, "lastPlayTime": 1466805653000}, {"championLevel": 3, "chestGranted": false, "championPoints": 6398, "championPointsSinceLastLevel": 398, "playerId": 21720, "championPointsUntilNextLevel": 6202, "tokensEarned": 0, "championId": 67, "lastPlayTime": 1465754556000}, {"championLevel": 3, "chestGranted": false, "championPoints": 6332, "championPointsSinceLastLevel": 332, "playerId": 21720, "championPointsUntilNextLevel": 6268, "tokensEarned": 0, "championId": 238, "lastPlayTime": 1466688610000}, {"championLevel": 3, "chestGranted": false, "championPoints": 6312, "championPointsSinceLastLevel": 312, "playerId": 21720, "championPointsUntilNextLevel": 6288, "tokensEarned": 0, "championId": 23, "lastPlayTime": 1466459384000}, {"championLevel": 3, "chestGranted": false, "championPoints": 6056, "championPointsSinceLastLevel": 56, "playerId": 21720, "championPointsUntilNextLevel": 6544, "tokensEarned": 0, "championId": 111, "lastPlayTime": 1466745054000}, {"championLevel": 2, "chestGranted": false, "championPoints": 5999, "championPointsSinceLastLevel": 4199, "playerId": 21720, "championPointsUntilNextLevel": 1, "tokensEarned": 0, "championId": 420, "lastPlayTime": 1465192545000}, {"championLevel": 2, "chestGranted": true, "championPoints": 5591, "championPointsSinceLastLevel": 3791, "playerId": 21720, "championPointsUntilNextLevel": 409, "tokensEarned": 0, "championId": 107, "lastPlayTime": 1467171987000}, {"championLevel": 2, "chestGranted": false, "championPoints": 5506, "championPointsSinceLastLevel": 3706, "playerId": 21720, "championPointsUntilNextLevel": 494, "tokensEarned": 0, "championId": 35, "lastPlayTime": 1463808622000}, {"championLevel": 2, "chestGranted": false, "championPoints": 5384, "championPointsSinceLastLevel": 3584, "playerId": 21720, "championPointsUntilNextLevel": 616, "tokensEarned": 0, "championId": 22, "lastPlayTime": 1466110437000}, {"championLevel": 2, "chestGranted": false, "championPoints": 5259, "championPointsSinceLastLevel": 3459, "playerId": 21720, "championPointsUntilNextLevel": 741, "tokensEarned": 0, "championId": 113, "lastPlayTime": 1466836965000}, {"championLevel": 2, "chestGranted": false, "championPoints": 5226, "championPointsSinceLastLevel": 3426, "playerId": 21720, "championPointsUntilNextLevel": 774, "tokensEarned": 0, "championId": 63, "lastPlayTime": 1464073976000}, {"championLevel": 2, "chestGranted": false, "championPoints": 5077, "championPointsSinceLastLevel": 3277, "playerId": 21720, "championPointsUntilNextLevel": 923, "tokensEarned": 0, "championId": 7, "lastPlayTime": 1467266187000}, {"championLevel": 2, "chestGranted": false, "championPoints": 5028, "championPointsSinceLastLevel": 3228, "playerId": 21720, "championPointsUntilNextLevel": 972, "tokensEarned": 0, "championId": 75, "lastPlayTime": 1466569717000}, {"championLevel": 2, "chestGranted": false, "championPoints": 4733, "championPointsSinceLastLevel": 2933, "playerId": 21720, "championPointsUntilNextLevel": 1267, "tokensEarned": 0, "championId": 222, "lastPlayTime": 1463973152000}, {"championLevel": 2, "chestGranted": false, "championPoints": 4511, "championPointsSinceLastLevel": 2711, "playerId": 21720, "championPointsUntilNextLevel": 1489, "tokensEarned": 0, "championId": 421, "lastPlayTime": 1464586669000}, {"championLevel": 2, "chestGranted": false, "championPoints": 4392, "championPointsSinceLastLevel": 2592, "playerId": 21720, "championPointsUntilNextLevel": 1608, "tokensEarned": 0, "championId": 117, "lastPlayTime": 1445630920000}, {"championLevel": 2, "chestGranted": false, "championPoints": 4034, "championPointsSinceLastLevel": 2234, "playerId": 21720, "championPointsUntilNextLevel": 1966, "tokensEarned": 0, "championId": 25, "lastPlayTime": 1446713817000}, {"championLevel": 2, "chestGranted": false, "championPoints": 3807, "championPointsSinceLastLevel": 2007, "playerId": 21720, "championPointsUntilNextLevel": 2193, "tokensEarned": 0, "championId": 18, "lastPlayTime": 1465167901000}, {"championLevel": 2, "chestGranted": false, "championPoints": 3610, "championPointsSinceLastLevel": 1810, "playerId": 21720, "championPointsUntilNextLevel": 2390, "tokensEarned": 0, "championId": 432, "lastPlayTime": 1467004468000}, {"championLevel": 2, "chestGranted": false, "championPoints": 3596, "championPointsSinceLastLevel": 1796, "playerId": 21720, "championPointsUntilNextLevel": 2404, "tokensEarned": 0, "championId": 201, "lastPlayTime": 1466719128000}, {"championLevel": 2, "chestGranted": false, "championPoints": 3564, "championPointsSinceLastLevel": 1764, "playerId": 21720, "championPointsUntilNextLevel": 2436, "tokensEarned": 0, "championId": 43, "lastPlayTime": 1467250640000}, {"championLevel": 2, "chestGranted": false, "championPoints": 3534, "championPointsSinceLastLevel": 1734, "playerId": 21720, "championPointsUntilNextLevel": 2466, "tokensEarned": 0, "championId": 143, "lastPlayTime": 1466655936000}, {"championLevel": 2, "chestGranted": false, "championPoints": 3533, "championPointsSinceLastLevel": 1733, "playerId": 21720, "championPointsUntilNextLevel": 2467, "tokensEarned": 0, "championId": 86, "lastPlayTime": 1466192155000}, {"championLevel": 2, "chestGranted": false, "championPoints": 3409, "championPointsSinceLastLevel": 1609, "playerId": 21720, "championPointsUntilNextLevel": 2591, "tokensEarned": 0, "championId": 21, "lastPlayTime": 1467193652000}, {"championLevel": 2, "chestGranted": false, "championPoints": 3344, "championPointsSinceLastLevel": 1544, "playerId": 21720, "championPointsUntilNextLevel": 2656, "tokensEarned": 0, "championId": 13, "lastPlayTime": 1437781315000}, {"championLevel": 2, "chestGranted": false, "championPoints": 3236, "championPointsSinceLastLevel": 1436, "playerId": 21720, "championPointsUntilNextLevel": 2764, "tokensEarned": 0, "championId": 72, "lastPlayTime": 1467579464000}, {"championLevel": 2, "chestGranted": false, "championPoints": 3181, "championPointsSinceLastLevel": 1381, "playerId": 21720, "championPointsUntilNextLevel": 2819, "tokensEarned": 0, "championId": 50, "lastPlayTime": 1466658375000}, {"championLevel": 2, "chestGranted": false, "championPoints": 3104, "championPointsSinceLastLevel": 1304, "playerId": 21720, "championPointsUntilNextLevel": 2896, "tokensEarned": 0, "championId": 54, "lastPlayTime": 1467520896000}, {"championLevel": 2, "chestGranted": false, "championPoints": 3051, "championPointsSinceLastLevel": 1251, "playerId": 21720, "championPointsUntilNextLevel": 2949, "tokensEarned": 0, "championId": 32, "lastPlayTime": 1464579359000}, {"championLevel": 2, "chestGranted": false, "championPoints": 2836, "championPointsSinceLastLevel": 1036, "playerId": 21720, "championPointsUntilNextLevel": 3164, "tokensEarned": 0, "championId": 120, "lastPlayTime": 1467358602000}, {"championLevel": 2, "chestGranted": false, "championPoints": 2811, "championPointsSinceLastLevel": 1011, "playerId": 21720, "championPointsUntilNextLevel": 3189, "tokensEarned": 0, "championId": 84, "lastPlayTime": 1466918074000}, {"championLevel": 2, "chestGranted": false, "championPoints": 2685, "championPointsSinceLastLevel": 885, "playerId": 21720, "championPointsUntilNextLevel": 3315, "tokensEarned": 0, "championId": 119, "lastPlayTime": 1455340199000}, {"championLevel": 2, "chestGranted": false, "championPoints": 2137, "championPointsSinceLastLevel": 337, "playerId": 21720, "championPointsUntilNextLevel": 3863, "tokensEarned": 0, "championId": 11, "lastPlayTime": 1463538146000}, {"championLevel": 2, "chestGranted": false, "championPoints": 2014, "championPointsSinceLastLevel": 214, "playerId": 21720, "championPointsUntilNextLevel": 3986, "tokensEarned": 0, "championId": 98, "lastPlayTime": 1466628075000}, {"championLevel": 2, "chestGranted": false, "championPoints": 1952, "championPointsSinceLastLevel": 152, "playerId": 21720, "championPointsUntilNextLevel": 4048, "tokensEarned": 0, "championId": 17, "lastPlayTime": 1467002798000}, {"championLevel": 2, "chestGranted": false, "championPoints": 1945, "championPointsSinceLastLevel": 145, "playerId": 21720, "championPointsUntilNextLevel": 4055, "tokensEarned": 0, "championId": 9, "lastPlayTime": 1466544404000}, {"championLevel": 2, "chestGranted": false, "championPoints": 1895, "championPointsSinceLastLevel": 95, "playerId": 21720, "championPointsUntilNextLevel": 4105, "tokensEarned": 0, "championId": 112, "lastPlayTime": 1462143219000}, {"championLevel": 2, "chestGranted": false, "championPoints": 1891, "championPointsSinceLastLevel": 91, "playerId": 21720, "championPointsUntilNextLevel": 4109, "tokensEarned": 0, "championId": 266, "lastPlayTime": 1465693695000}, {"championLevel": 2, "chestGranted": false, "championPoints": 1878, "championPointsSinceLastLevel": 78, "playerId": 21720, "championPointsUntilNextLevel": 4122, "tokensEarned": 0, "championId": 114, "lastPlayTime": 1467328132000}, {"championLevel": 2, "chestGranted": false, "championPoints": 1862, "championPointsSinceLastLevel": 62, "playerId": 21720, "championPointsUntilNextLevel": 4138, "tokensEarned": 0, "championId": 203, "lastPlayTime": 1466496798000}, {"championLevel": 1, "chestGranted": false, "championPoints": 1745, "championPointsSinceLastLevel": 1745, "playerId": 21720, "championPointsUntilNextLevel": 55, "tokensEarned": 0, "championId": 254, "lastPlayTime": 1462650243000}, {"championLevel": 1, "chestGranted": false, "championPoints": 1631, "championPointsSinceLastLevel": 1631, "playerId": 21720, "championPointsUntilNextLevel": 169, "tokensEarned": 0, "championId": 134, "lastPlayTime": 1466754218000}, {"championLevel": 1, "chestGranted": false, "championPoints": 1603, "championPointsSinceLastLevel": 1603, "playerId": 21720, "championPointsUntilNextLevel": 197, "tokensEarned": 0, "championId": 5, "lastPlayTime": 1466190563000}, {"championLevel": 1, "chestGranted": false, "championPoints": 1562, "championPointsSinceLastLevel": 1562, "playerId": 21720, "championPointsUntilNextLevel": 238, "tokensEarned": 0, "championId": 121, "lastPlayTime": 1466652636000}, {"championLevel": 1, "chestGranted": false, "championPoints": 1557, "championPointsSinceLastLevel": 1557, "playerId": 21720, "championPointsUntilNextLevel": 243, "tokensEarned": 0, "championId": 61, "lastPlayTime": 1432147424000}, {"championLevel": 1, "chestGranted": false, "championPoints": 1442, "championPointsSinceLastLevel": 1442, "playerId": 21720, "championPointsUntilNextLevel": 358, "tokensEarned": 0, "championId": 31, "lastPlayTime": 1451251254000}, {"championLevel": 1, "chestGranted": false, "championPoints": 1440, "championPointsSinceLastLevel": 1440, "playerId": 21720, "championPointsUntilNextLevel": 360, "tokensEarned": 0, "championId": 2, "lastPlayTime": 1466574289000}, {"championLevel": 1, "chestGranted": false, "championPoints": 1421, "championPointsSinceLastLevel": 1421, "playerId": 21720, "championPointsUntilNextLevel": 379, "tokensEarned": 0, "championId": 79, "lastPlayTime": 1467008913000}, {"championLevel": 1, "chestGranted": true, "championPoints": 1381, "championPointsSinceLastLevel": 1381, "playerId": 21720, "championPointsUntilNextLevel": 419, "tokensEarned": 0, "championId": 10, "lastPlayTime": 1467523495000}, {"championLevel": 1, "chestGranted": false, "championPoints": 1370, "championPointsSinceLastLevel": 1370, "playerId": 21720, "championPointsUntilNextLevel": 430, "tokensEarned": 0, "championId": 14, "lastPlayTime": 1466673446000}, {"championLevel": 1, "chestGranted": false, "championPoints": 1354, "championPointsSinceLastLevel": 1354, "playerId": 21720, "championPointsUntilNextLevel": 446, "tokensEarned": 0, "championId": 30, "lastPlayTime": 1466661359000}, {"championLevel": 1, "chestGranted": false, "championPoints": 1323, "championPointsSinceLastLevel": 1323, "playerId": 21720, "championPointsUntilNextLevel": 477, "tokensEarned": 0, "championId": 19, "lastPlayTime": 1467584789000}, {"championLevel": 1, "chestGranted": false, "championPoints": 1321, "championPointsSinceLastLevel": 1321, "playerId": 21720, "championPointsUntilNextLevel": 479, "tokensEarned": 0, "championId": 4, "lastPlayTime": 1466453550000}, {"championLevel": 1, "chestGranted": false, "championPoints": 1251, "championPointsSinceLastLevel": 1251, "playerId": 21720, "championPointsUntilNextLevel": 549, "tokensEarned": 0, "championId": 3, "lastPlayTime": 1466829282000}, {"championLevel": 1, "chestGranted": false, "championPoints": 1126, "championPointsSinceLastLevel": 1126, "playerId": 21720, "championPointsUntilNextLevel": 674, "tokensEarned": 0, "championId": 78, "lastPlayTime": 1462406515000}, {"championLevel": 1, "chestGranted": false, "championPoints": 1098, "championPointsSinceLastLevel": 1098, "playerId": 21720, "championPointsUntilNextLevel": 702, "tokensEarned": 0, "championId": 101, "lastPlayTime": 1466235545000}, {"championLevel": 1, "chestGranted": false, "championPoints": 1064, "championPointsSinceLastLevel": 1064, "playerId": 21720, "championPointsUntilNextLevel": 736, "tokensEarned": 0, "championId": 133, "lastPlayTime": 1467438936000}, {"championLevel": 1, "chestGranted": false, "championPoints": 1014, "championPointsSinceLastLevel": 1014, "playerId": 21720, "championPointsUntilNextLevel": 786, "tokensEarned": 0, "championId": 33, "lastPlayTime": 1465619015000}, {"championLevel": 1, "chestGranted": false, "championPoints": 983, "championPointsSinceLastLevel": 983, "playerId": 21720, "championPointsUntilNextLevel": 817, "tokensEarned": 0, "championId": 150, "lastPlayTime": 1466488869000}, {"championLevel": 1, "chestGranted": false, "championPoints": 961, "championPointsSinceLastLevel": 961, "playerId": 21720, "championPointsUntilNextLevel": 839, "tokensEarned": 0, "championId": 41, "lastPlayTime": 1467350429000}, {"championLevel": 1, "chestGranted": false, "championPoints": 921, "championPointsSinceLastLevel": 921, "playerId": 21720, "championPointsUntilNextLevel": 879, "tokensEarned": 0, "championId": 42, "lastPlayTime": 1467517904000}, {"championLevel": 1, "chestGranted": false, "championPoints": 912, "championPointsSinceLastLevel": 912, "playerId": 21720, "championPointsUntilNextLevel": 888, "tokensEarned": 0, "championId": 80, "lastPlayTime": 1461470543000}, {"championLevel": 1, "chestGranted": false, "championPoints": 842, "championPointsSinceLastLevel": 842, "playerId": 21720, "championPointsUntilNextLevel": 958, "tokensEarned": 0, "championId": 68, "lastPlayTime": 1466654293000}, {"championLevel": 1, "chestGranted": false, "championPoints": 835, "championPointsSinceLastLevel": 835, "playerId": 21720, "championPointsUntilNextLevel": 965, "tokensEarned": 0, "championId": 55, "lastPlayTime": 1465117509000}, {"championLevel": 1, "chestGranted": false, "championPoints": 823, "championPointsSinceLastLevel": 823, "playerId": 21720, "championPointsUntilNextLevel": 977, "tokensEarned": 0, "championId": 85, "lastPlayTime": 1465157682000}, {"championLevel": 1, "chestGranted": false, "championPoints": 794, "championPointsSinceLastLevel": 794, "playerId": 21720, "championPointsUntilNextLevel": 1006, "tokensEarned": 0, "championId": 59, "lastPlayTime": 1466455870000}, {"championLevel": 1, "chestGranted": false, "championPoints": 711, "championPointsSinceLastLevel": 711, "playerId": 21720, "championPointsUntilNextLevel": 1089, "tokensEarned": 0, "championId": 161, "lastPlayTime": 1465668922000}, {"championLevel": 1, "chestGranted": false, "championPoints": 652, "championPointsSinceLastLevel": 652, "playerId": 21720, "championPointsUntilNextLevel": 1148, "tokensEarned": 0, "championId": 154, "lastPlayTime": 1466238412000}, {"championLevel": 1, "chestGranted": false, "championPoints": 488, "championPointsSinceLastLevel": 488, "playerId": 21720, "championPointsUntilNextLevel": 1312, "tokensEarned": 0, "championId": 74, "lastPlayTime": 1462763123000}, {"championLevel": 1, "chestGranted": false, "championPoints": 467, "championPointsSinceLastLevel": 467, "playerId": 21720, "championPointsUntilNextLevel": 1333, "tokensEarned": 0, "championId": 44, "lastPlayTime": 1466728082000}, {"championLevel": 1, "chestGranted": false, "championPoints": 434, "championPointsSinceLastLevel": 434, "playerId": 21720, "championPointsUntilNextLevel": 1366, "tokensEarned": 0, "championId": 38, "lastPlayTime": 1463807091000}, {"championLevel": 1, "chestGranted": false, "championPoints": 391, "championPointsSinceLastLevel": 391, "playerId": 21720, "championPointsUntilNextLevel": 1409, "tokensEarned": 0, "championId": 91, "lastPlayTime": 1466680966000}, {"championLevel": 1, "chestGranted": false, "championPoints": 334, "championPointsSinceLastLevel": 334, "playerId": 21720, "championPointsUntilNextLevel": 1466, "tokensEarned": 0, "championId": 115, "lastPlayTime": 1467434370000}, {"championLevel": 1, "chestGranted": false, "championPoints": 322, "championPointsSinceLastLevel": 322, "playerId": 21720, "championPointsUntilNextLevel": 1478, "tokensEarned": 0, "championId": 56, "lastPlayTime": 1467162169000}, {"championLevel": 1, "chestGranted": false, "championPoints": 309, "championPointsSinceLastLevel": 309, "playerId": 21720, "championPointsUntilNextLevel": 1491, "tokensEarned": 0, "championId": 127, "lastPlayTime": 1466999213000}, {"championLevel": 1, "chestGranted": false, "championPoints": 252, "championPointsSinceLastLevel": 252, "playerId": 21720, "championPointsUntilNextLevel": 1548, "tokensEarned": 0, "championId": 223, "lastPlayTime": 1462600439000}, {"championLevel": 1, "chestGranted": false, "championPoints": 224, "championPointsSinceLastLevel": 224, "playerId": 21720, "championPointsUntilNextLevel": 1576, "tokensEarned": 0, "championId": 77, "lastPlayTime": 1452210247000}, {"championLevel": 1, "chestGranted": false, "championPoints": 165, "championPointsSinceLastLevel": 165, "playerId": 21720, "championPointsUntilNextLevel": 1635, "tokensEarned": 0, "championId": 96, "lastPlayTime": 1467503374000}, {"championLevel": 1, "chestGranted": false, "championPoints": 164, "championPointsSinceLastLevel": 164, "playerId": 21720, "championPointsUntilNextLevel": 1636, "tokensEarned": 0, "championId": 34, "lastPlayTime": 1451716064000}, {"championLevel": 1, "chestGranted": false, "championPoints": 107, "championPointsSinceLastLevel": 107, "playerId": 21720, "championPointsUntilNextLevel": 1693, "tokensEarned": 0, "championId": 27, "lastPlayTime": 1467007683000}, {"championLevel": 1, "chestGranted": false, "championPoints": 106, "championPointsSinceLastLevel": 106, "playerId": 21720, "championPointsUntilNextLevel": 1694, "tokensEarned": 0, "championId": 69, "lastPlayTime": 1466793378000}]