[{"championLevel": 4, "chestGranted": false, "championPoints": 21195, "championPointsSinceLastLevel": 8595, "playerId": 21721, "championPointsUntilNextLevel": 405, "tokensEarned": 0, "championId": 55, "lastPlayTime": 1454644001000}, {"championLevel": 4, "chestGranted": true, "championPoints": 20306, "championPointsSinceLastLevel": 7706, "playerId": 21721, "championPointsUntilNextLevel": 1294, "tokensEarned": 0, "championId": 67, "lastPlayTime": 1462922191000}, {"championLevel": 3, "chestGranted": true, "championPoints": 12465, "championPointsSinceLastLevel": 6465, "playerId": 21721, "championPointsUntilNextLevel": 135, "tokensEarned": 0, "championId": 85, "lastPlayTime": 1466545882000}, {"championLevel": 3, "chestGranted": false, "championPoints": 8194, "championPointsSinceLastLevel": 2194, "playerId": 21721, "championPointsUntilNextLevel": 4406, "tokensEarned": 0, "championId": 74, "lastPlayTime": 1454475684000}, {"championLevel": 3, "chestGranted": false, "championPoints": 7352, "championPointsSinceLastLevel": 1352, "playerId": 21721, "championPointsUntilNextLevel": 5248, "tokensEarned": 0, "championId": 77, "lastPlayTime": 1456085399000}, {"championLevel": 2, "chestGranted": true, "championPoints": 4123, "championPointsSinceLastLevel": 2323, "playerId": 21721, "championPointsUntilNextLevel": 1877, "tokensEarned": 0, "championId": 29, "lastPlayTime": 1464541790000}, {"championLevel": 2, "chestGranted": false, "championPoints": 3502, "championPointsSinceLastLevel": 1702, "playerId": 21721, "championPointsUntilNextLevel": 2498, "tokensEarned": 0, "championId": 90, "lastPlayTime": 1464544903000}, {"championLevel": 2, "chestGranted": true, "championPoints": 2786, "championPointsSinceLastLevel": 986, "playerId": 21721, "championPointsUntilNextLevel": 3214, "tokensEarned": 0, "championId": 119, "lastPlayTime": 1462081331000}, {"championLevel": 2, "chestGranted": false, "championPoints": 2737, "championPointsSinceLastLevel": 937, "playerId": 21721, "championPointsUntilNextLevel": 3263, "tokensEarned": 0, "championId": 103, "lastPlayTime": 1452319114000}, {"championLevel": 2, "chestGranted": false, "championPoints": 2613, "championPointsSinceLastLevel": 813, "playerId": 21721, "championPointsUntilNextLevel": 3387, "tokensEarned": 0, "championId": 236, "lastPlayTime": 1455425297000}, {"championLevel": 2, "chestGranted": true, "championPoints": 2100, "championPointsSinceLastLevel": 300, "playerId": 21721, "championPointsUntilNextLevel": 3900, "tokensEarned": 0, "championId": 106, "lastPlayTime": 1469156167000}, {"championLevel": 2, "chestGranted": true, "championPoints": 1923, "championPointsSinceLastLevel": 123, "playerId": 21721, "championPointsUntilNextLevel": 4077, "tokensEarned": 0, "championId": 53, "lastPlayTime": 1464564204000}, {"championLevel": 1, "chestGranted": false, "championPoints": 1772, "championPointsSinceLastLevel": 1772, "playerId": 21721, "championPointsUntilNextLevel": 28, "tokensEarned": 0, "championId": 126, "lastPlayTime": 1433965176000}, {"championLevel": 1, "chestGranted": false, "championPoints": 1554, "championPointsSinceLastLevel": 1554, "playerId": 21721, "championPointsUntilNextLevel": 246, "tokensEarned": 0, "championId": 42, "lastPlayTime": 1454712200000}, {"championLevel": 1, "chestGranted": false, "championPoints": 1533, "championPointsSinceLastLevel": 1533, "playerId": 21721, "championPointsUntilNextLevel": 267, "tokensEarned": 0, "championId": 7, "lastPlayTime": 1452467184000}, {"championLevel": 1, "chestGranted": false, "championPoints": 1526, "championPointsSinceLastLevel": 1526, "playerId": 21721, "championPointsUntilNextLevel": 274, "tokensEarned": 0, "championId": 64, "lastPlayTime": 1462078304000}, {"championLevel": 1, "chestGranted": false, "championPoints": 1515, "championPointsSinceLastLevel": 1515, "playerId": 21721, "championPointsUntilNextLevel": 285, "tokensEarned": 0, "championId": 21, "lastPlayTime": 1454308144000}, {"championLevel": 1, "chestGranted": false, "championPoints": 1390, "championPointsSinceLastLevel": 1390, "playerId": 21721, "championPointsUntilNextLevel": 410, "tokensEarned": 0, "championId": 18, "lastPlayTime": 1454541537000}, {"championLevel": 1, "chestGranted": false, "championPoints": 1366, "championPointsSinceLastLevel": 1366, "playerId": 21721, "championPointsUntilNextLevel": 434, "tokensEarned": 0, "championId": 80, "lastPlayTime": 1453764609000}, {"championLevel": 1, "chestGranted": false, "championPoints": 1339, "championPointsSinceLastLevel": 1339, "playerId": 21721, "championPointsUntilNextLevel": 461, "tokensEarned": 0, "championId": 99, "lastPlayTime": 1452736246000}, {"championLevel": 1, "chestGranted": false, "championPoints": 1204, "championPointsSinceLastLevel": 1204, "playerId": 21721, "championPointsUntilNextLevel": 596, "tokensEarned": 0, "championId": 17, "lastPlayTime": 1454122195000}, {"championLevel": 1, "chestGranted": false, "championPoints": 1142, "championPointsSinceLastLevel": 1142, "playerId": 21721, "championPointsUntilNextLevel": 658, "tokensEarned": 0, "championId": 267, "lastPlayTime": 1454912324000}, {"championLevel": 1, "chestGranted": false, "championPoints": 1122, "championPointsSinceLastLevel": 1122, "playerId": 21721, "championPointsUntilNextLevel": 678, "tokensEarned": 0, "championId": 15, "lastPlayTime": 1454280938000}, {"championLevel": 1, "chestGranted": false, "championPoints": 1101, "championPointsSinceLastLevel": 1101, "playerId": 21721, "championPointsUntilNextLevel": 699, "tokensEarned": 0, "championId": 37, "lastPlayTime": 1448484720000}, {"championLevel": 1, "chestGranted": false, "championPoints": 938, "championPointsSinceLastLevel": 938, "playerId": 21721, "championPointsUntilNextLevel": 862, "tokensEarned": 0, "championId": 11, "lastPlayTime": 1455428285000}, {"championLevel": 1, "chestGranted": false, "championPoints": 632, "championPointsSinceLastLevel": 632, "playerId": 21721, "championPointsUntilNextLevel": 1168, "tokensEarned": 0, "championId": 117, "lastPlayTime": 1454915040000}, {"championLevel": 1, "chestGranted": false, "championPoints": 511, "championPointsSinceLastLevel": 511, "playerId": 21721, "championPointsUntilNextLevel": 1289, "tokensEarned": 0, "championId": 45, "lastPlayTime": 1464543709000}, {"championLevel": 1, "chestGranted": false, "championPoints": 378, "championPointsSinceLastLevel": 378, "playerId": 21721, "championPointsUntilNextLevel": 1422, "tokensEarned": 0, "championId": 35, "lastPlayTime": 1455421979000}, {"championLevel": 1, "chestGranted": false, "championPoints": 275, "championPointsSinceLastLevel": 275, "playerId": 21721, "championPointsUntilNextLevel": 1525, "tokensEarned": 0, "championId": 131, "lastPlayTime": 1454372500000}, {"championLevel": 1, "chestGranted": false, "championPoints": 273, "championPointsSinceLastLevel": 273, "playerId": 21721, "championPointsUntilNextLevel": 1527, "tokensEarned": 0, "championId": 34, "lastPlayTime": 1436993064000}, {"championLevel": 1, "chestGranted": false, "championPoints": 254, "championPointsSinceLastLevel": 254, "playerId": 21721, "championPointsUntilNextLevel": 1546, "tokensEarned": 0, "championId": 412, "lastPlayTime": 1452558561000}, {"championLevel": 1, "chestGranted": false, "championPoints": 250, "championPointsSinceLastLevel": 250, "playerId": 21721, "championPointsUntilNextLevel": 1550, "tokensEarned": 0, "championId": 76, "lastPlayTime": 1451968896000}, {"championLevel": 1, "chestGranted": false, "championPoints": 242, "championPointsSinceLastLevel": 242, "playerId": 21721, "championPointsUntilNextLevel": 1558, "tokensEarned": 0, "championId": 31, "lastPlayTime": 1436989661000}, {"championLevel": 1, "chestGranted": false, "championPoints": 237, "championPointsSinceLastLevel": 237, "playerId": 21721, "championPointsUntilNextLevel": 1563, "tokensEarned": 0, "championId": 6, "lastPlayTime": 1454116919000}, {"championLevel": 1, "chestGranted": false, "championPoints": 228, "championPointsSinceLastLevel": 228, "playerId": 21721, "championPointsUntilNextLevel": 1572, "tokensEarned": 0, "championId": 201, "lastPlayTime": 1448482523000}, {"championLevel": 1, "chestGranted": false, "championPoints": 227, "championPointsSinceLastLevel": 227, "playerId": 21721, "championPointsUntilNextLevel": 1573, "tokensEarned": 0, "championId": 1, "lastPlayTime": 1453772282000}, {"championLevel": 1, "chestGranted": false, "championPoints": 215, "championPointsSinceLastLevel": 215, "playerId": 21721, "championPointsUntilNextLevel": 1585, "tokensEarned": 0, "championId": 25, "lastPlayTime": 1455133570000}, {"championLevel": 1, "chestGranted": false, "championPoints": 210, "championPointsSinceLastLevel": 210, "playerId": 21721, "championPointsUntilNextLevel": 1590, "tokensEarned": 0, "championId": 22, "lastPlayTime": 1454186686000}, {"championLevel": 1, "chestGranted": false, "championPoints": 192, "championPointsSinceLastLevel": 192, "playerId": 21721, "championPointsUntilNextLevel": 1608, "tokensEarned": 0, "championId": 2, "lastPlayTime": 1452469827000}, {"championLevel": 1, "chestGranted": false, "championPoints": 170, "championPointsSinceLastLevel": 170, "playerId": 21721, "championPointsUntilNextLevel": 1630, "tokensEarned": 0, "championId": 84, "lastPlayTime": 1456082456000}, {"championLevel": 1, "chestGranted": true, "championPoints": 162, "championPointsSinceLastLevel": 162, "playerId": 21721, "championPointsUntilNextLevel": 1638, "tokensEarned": 0, "championId": 28, "lastPlayTime": 1464547153000}, {"championLevel": 1, "chestGranted": false, "championPoints": 157, "championPointsSinceLastLevel": 157, "playerId": 21721, "championPointsUntilNextLevel": 1643, "tokensEarned": 0, "championId": 89, "lastPlayTime": 1448479473000}, {"championLevel": 1, "chestGranted": false, "championPoints": 152, "championPointsSinceLastLevel": 152, "playerId": 21721, "championPointsUntilNextLevel": 1648, "tokensEarned": 0, "championId": 268, "lastPlayTime": 1453427574000}, {"championLevel": 1, "chestGranted": false, "championPoints": 147, "championPointsSinceLastLevel": 147, "playerId": 21721, "championPointsUntilNextLevel": 1653, "tokensEarned": 0, "championId": 10, "lastPlayTime": 1452380363000}, {"championLevel": 1, "chestGranted": false, "championPoints": 145, "championPointsSinceLastLevel": 145, "playerId": 21721, "championPointsUntilNextLevel": 1655, "tokensEarned": 0, "championId": 14, "lastPlayTime": 1451965070000}]