[{"championLevel": 5, "chestGranted": true, "championPoints": 39933, "championPointsSinceLastLevel": 18333, "playerId": 21723, "championPointsUntilNextLevel": 0, "tokensEarned": 0, "championId": 17, "lastPlayTime": 1469076619000}, {"championLevel": 5, "chestGranted": true, "championPoints": 39490, "championPointsSinceLastLevel": 17890, "playerId": 21723, "championPointsUntilNextLevel": 0, "tokensEarned": 1, "championId": 74, "lastPlayTime": 1469154512000}, {"championLevel": 5, "chestGranted": false, "championPoints": 29082, "championPointsSinceLastLevel": 7482, "playerId": 21723, "championPointsUntilNextLevel": 0, "tokensEarned": 0, "championId": 16, "lastPlayTime": 1467771619000}, {"championLevel": 5, "chestGranted": true, "championPoints": 22013, "championPointsSinceLastLevel": 413, "playerId": 21723, "championPointsUntilNextLevel": 0, "tokensEarned": 0, "championId": 86, "lastPlayTime": 1468903227000}, {"championLevel": 3, "chestGranted": false, "championPoints": 9307, "championPointsSinceLastLevel": 3307, "playerId": 21723, "championPointsUntilNextLevel": 3293, "tokensEarned": 0, "championId": 22, "lastPlayTime": 1468534025000}, {"championLevel": 2, "chestGranted": false, "championPoints": 3057, "championPointsSinceLastLevel": 1257, "playerId": 21723, "championPointsUntilNextLevel": 2943, "tokensEarned": 0, "championId": 4, "lastPlayTime": 1468714998000}, {"championLevel": 2, "chestGranted": true, "championPoints": 2708, "championPointsSinceLastLevel": 908, "playerId": 21723, "championPointsUntilNextLevel": 3292, "tokensEarned": 0, "championId": 266, "lastPlayTime": 1466224909000}, {"championLevel": 2, "chestGranted": false, "championPoints": 2371, "championPointsSinceLastLevel": 571, "playerId": 21723, "championPointsUntilNextLevel": 3629, "tokensEarned": 0, "championId": 43, "lastPlayTime": 1443330758000}, {"championLevel": 2, "chestGranted": false, "championPoints": 1898, "championPointsSinceLastLevel": 98, "playerId": 21723, "championPointsUntilNextLevel": 4102, "tokensEarned": 0, "championId": 11, "lastPlayTime": 1454820515000}, {"championLevel": 2, "chestGranted": true, "championPoints": 1800, "championPointsSinceLastLevel": 0, "playerId": 21723, "championPointsUntilNextLevel": 4200, "tokensEarned": 0, "championId": 122, "lastPlayTime": 1467165266000}, {"championLevel": 1, "chestGranted": false, "championPoints": 1618, "championPointsSinceLastLevel": 1618, "playerId": 21723, "championPointsUntilNextLevel": 182, "tokensEarned": 0, "championId": 34, "lastPlayTime": 1467700233000}, {"championLevel": 1, "chestGranted": false, "championPoints": 1292, "championPointsSinceLastLevel": 1292, "playerId": 21723, "championPointsUntilNextLevel": 508, "tokensEarned": 0, "championId": 13, "lastPlayTime": 1446517405000}, {"championLevel": 1, "chestGranted": false, "championPoints": 1165, "championPointsSinceLastLevel": 1165, "playerId": 21723, "championPointsUntilNextLevel": 635, "tokensEarned": 0, "championId": 25, "lastPlayTime": 1439430702000}, {"championLevel": 1, "chestGranted": false, "championPoints": 1061, "championPointsSinceLastLevel": 1061, "playerId": 21723, "championPointsUntilNextLevel": 739, "tokensEarned": 0, "championId": 127, "lastPlayTime": 1466229640000}, {"championLevel": 1, "chestGranted": false, "championPoints": 478, "championPointsSinceLastLevel": 478, "playerId": 21723, "championPointsUntilNextLevel": 1322, "tokensEarned": 0, "championId": 80, "lastPlayTime": 1445125665000}, {"championLevel": 1, "chestGranted": false, "championPoints": 238, "championPointsSinceLastLevel": 238, "playerId": 21723, "championPointsUntilNextLevel": 1562, "tokensEarned": 0, "championId": 157, "lastPlayTime": 1452540817000}, {"championLevel": 1, "chestGranted": true, "championPoints": 199, "championPointsSinceLastLevel": 199, "playerId": 21723, "championPointsUntilNextLevel": 1601, "tokensEarned": 0, "championId": 32, "lastPlayTime": 1468448275000}, {"championLevel": 1, "chestGranted": false, "championPoints": 157, "championPointsSinceLastLevel": 157, "playerId": 21723, "championPointsUntilNextLevel": 1643, "tokensEarned": 0, "championId": 24, "lastPlayTime": 1447533765000}]