[{"championLevel": 3, "chestGranted": false, "championPoints": 9267, "championPointsSinceLastLevel": 3267, "playerId": 21738, "championPointsUntilNextLevel": 3333, "tokensEarned": 0, "championId": 81, "lastPlayTime": 1451243230000}, {"championLevel": 2, "chestGranted": false, "championPoints": 3489, "championPointsSinceLastLevel": 1689, "playerId": 21738, "championPointsUntilNextLevel": 2511, "tokensEarned": 0, "championId": 36, "lastPlayTime": 1455855556000}, {"championLevel": 2, "chestGranted": false, "championPoints": 2535, "championPointsSinceLastLevel": 735, "playerId": 21738, "championPointsUntilNextLevel": 3465, "tokensEarned": 0, "championId": 13, "lastPlayTime": 1454977913000}, {"championLevel": 2, "chestGranted": false, "championPoints": 2517, "championPointsSinceLastLevel": 717, "playerId": 21738, "championPointsUntilNextLevel": 3483, "tokensEarned": 0, "championId": 40, "lastPlayTime": 1451239799000}, {"championLevel": 2, "chestGranted": false, "championPoints": 2314, "championPointsSinceLastLevel": 514, "playerId": 21738, "championPointsUntilNextLevel": 3686, "tokensEarned": 0, "championId": 25, "lastPlayTime": 1451245888000}, {"championLevel": 2, "chestGranted": false, "championPoints": 2254, "championPointsSinceLastLevel": 454, "playerId": 21738, "championPointsUntilNextLevel": 3746, "tokensEarned": 0, "championId": 120, "lastPlayTime": 1451237397000}, {"championLevel": 1, "chestGranted": false, "championPoints": 1551, "championPointsSinceLastLevel": 1551, "playerId": 21738, "championPointsUntilNextLevel": 249, "tokensEarned": 0, "championId": 4, "lastPlayTime": 1443648583000}, {"championLevel": 1, "chestGranted": false, "championPoints": 1312, "championPointsSinceLastLevel": 1312, "playerId": 21738, "championPointsUntilNextLevel": 488, "tokensEarned": 0, "championId": 64, "lastPlayTime": 1435963437000}, {"championLevel": 1, "chestGranted": false, "championPoints": 1270, "championPointsSinceLastLevel": 1270, "playerId": 21738, "championPointsUntilNextLevel": 530, "tokensEarned": 0, "championId": 27, "lastPlayTime": 1444770540000}, {"championLevel": 1, "chestGranted": false, "championPoints": 1245, "championPointsSinceLastLevel": 1245, "playerId": 21738, "championPointsUntilNextLevel": 555, "tokensEarned": 0, "championId": 1, "lastPlayTime": 1443645852000}, {"championLevel": 1, "chestGranted": false, "championPoints": 1244, "championPointsSinceLastLevel": 1244, "playerId": 21738, "championPointsUntilNextLevel": 556, "tokensEarned": 0, "championId": 22, "lastPlayTime": 1450847955000}, {"championLevel": 1, "chestGranted": false, "championPoints": 1009, "championPointsSinceLastLevel": 1009, "playerId": 21738, "championPointsUntilNextLevel": 791, "tokensEarned": 0, "championId": 31, "lastPlayTime": 1443642923000}, {"championLevel": 1, "chestGranted": false, "championPoints": 236, "championPointsSinceLastLevel": 236, "playerId": 21738, "championPointsUntilNextLevel": 1564, "tokensEarned": 0, "championId": 29, "lastPlayTime": 1444790392000}, {"championLevel": 1, "chestGranted": false, "championPoints": 179, "championPointsSinceLastLevel": 179, "playerId": 21738, "championPointsUntilNextLevel": 1621, "tokensEarned": 0, "championId": 76, "lastPlayTime": 1449175492000}]