[{"championLevel": 5, "chestGranted": true, "championPoints": 25078, "championPointsSinceLastLevel": 3478, "playerId": 21734, "championPointsUntilNextLevel": 0, "tokensEarned": 1, "championId": 64, "lastPlayTime": 1468784770000}, {"championLevel": 6, "chestGranted": true, "championPoints": 24244, "championPointsSinceLastLevel": 2644, "playerId": 21734, "championPointsUntilNextLevel": 0, "tokensEarned": 0, "championId": 13, "lastPlayTime": 1469164382000}, {"championLevel": 5, "chestGranted": true, "championPoints": 22436, "championPointsSinceLastLevel": 836, "playerId": 21734, "championPointsUntilNextLevel": 0, "tokensEarned": 0, "championId": 28, "lastPlayTime": 1468645384000}, {"championLevel": 5, "chestGranted": false, "championPoints": 21795, "championPointsSinceLastLevel": 195, "playerId": 21734, "championPointsUntilNextLevel": 0, "tokensEarned": 0, "championId": 36, "lastPlayTime": 1454548523000}, {"championLevel": 5, "chestGranted": false, "championPoints": 21751, "championPointsSinceLastLevel": 151, "playerId": 21734, "championPointsUntilNextLevel": 0, "tokensEarned": 0, "championId": 60, "lastPlayTime": 1468085693000}, {"championLevel": 4, "chestGranted": false, "championPoints": 16766, "championPointsSinceLastLevel": 4166, "playerId": 21734, "championPointsUntilNextLevel": 4834, "tokensEarned": 0, "championId": 81, "lastPlayTime": 1464501918000}, {"championLevel": 4, "chestGranted": false, "championPoints": 16254, "championPointsSinceLastLevel": 3654, "playerId": 21734, "championPointsUntilNextLevel": 5346, "tokensEarned": 0, "championId": 43, "lastPlayTime": 1466474654000}, {"championLevel": 4, "chestGranted": true, "championPoints": 15995, "championPointsSinceLastLevel": 3395, "playerId": 21734, "championPointsUntilNextLevel": 5605, "tokensEarned": 0, "championId": 7, "lastPlayTime": 1467529340000}, {"championLevel": 4, "chestGranted": false, "championPoints": 15570, "championPointsSinceLastLevel": 2970, "playerId": 21734, "championPointsUntilNextLevel": 6030, "tokensEarned": 0, "championId": 245, "lastPlayTime": 1468822767000}, {"championLevel": 4, "chestGranted": false, "championPoints": 14420, "championPointsSinceLastLevel": 1820, "playerId": 21734, "championPointsUntilNextLevel": 7180, "tokensEarned": 0, "championId": 420, "lastPlayTime": 1468821550000}, {"championLevel": 4, "chestGranted": false, "championPoints": 13905, "championPointsSinceLastLevel": 1305, "playerId": 21734, "championPointsUntilNextLevel": 7695, "tokensEarned": 0, "championId": 203, "lastPlayTime": 1459037123000}, {"championLevel": 4, "chestGranted": true, "championPoints": 13782, "championPointsSinceLastLevel": 1182, "playerId": 21734, "championPointsUntilNextLevel": 7818, "tokensEarned": 0, "championId": 104, "lastPlayTime": 1467604387000}, {"championLevel": 4, "chestGranted": false, "championPoints": 13690, "championPointsSinceLastLevel": 1090, "playerId": 21734, "championPointsUntilNextLevel": 7910, "tokensEarned": 0, "championId": 74, "lastPlayTime": 1467068446000}, {"championLevel": 4, "chestGranted": true, "championPoints": 13665, "championPointsSinceLastLevel": 1065, "playerId": 21734, "championPointsUntilNextLevel": 7935, "tokensEarned": 0, "championId": 44, "lastPlayTime": 1464410198000}, {"championLevel": 4, "chestGranted": false, "championPoints": 12686, "championPointsSinceLastLevel": 86, "playerId": 21734, "championPointsUntilNextLevel": 8914, "tokensEarned": 0, "championId": 31, "lastPlayTime": 1451097770000}, {"championLevel": 3, "chestGranted": true, "championPoints": 12152, "championPointsSinceLastLevel": 6152, "playerId": 21734, "championPointsUntilNextLevel": 448, "tokensEarned": 0, "championId": 432, "lastPlayTime": 1467517933000}, {"championLevel": 3, "chestGranted": true, "championPoints": 11357, "championPointsSinceLastLevel": 5357, "playerId": 21734, "championPointsUntilNextLevel": 1243, "tokensEarned": 0, "championId": 57, "lastPlayTime": 1463866331000}, {"championLevel": 3, "chestGranted": false, "championPoints": 11189, "championPointsSinceLastLevel": 5189, "playerId": 21734, "championPointsUntilNextLevel": 1411, "tokensEarned": 0, "championId": 59, "lastPlayTime": 1463816813000}, {"championLevel": 3, "chestGranted": false, "championPoints": 11041, "championPointsSinceLastLevel": 5041, "playerId": 21734, "championPointsUntilNextLevel": 1559, "tokensEarned": 0, "championId": 79, "lastPlayTime": 1468692183000}, {"championLevel": 3, "chestGranted": false, "championPoints": 10112, "championPointsSinceLastLevel": 4112, "playerId": 21734, "championPointsUntilNextLevel": 2488, "tokensEarned": 0, "championId": 154, "lastPlayTime": 1469080074000}, {"championLevel": 3, "chestGranted": false, "championPoints": 8941, "championPointsSinceLastLevel": 2941, "playerId": 21734, "championPointsUntilNextLevel": 3659, "tokensEarned": 0, "championId": 102, "lastPlayTime": 1453782811000}, {"championLevel": 3, "chestGranted": false, "championPoints": 8941, "championPointsSinceLastLevel": 2941, "playerId": 21734, "championPointsUntilNextLevel": 3659, "tokensEarned": 0, "championId": 98, "lastPlayTime": 1463467595000}, {"championLevel": 3, "chestGranted": true, "championPoints": 8913, "championPointsSinceLastLevel": 2913, "playerId": 21734, "championPointsUntilNextLevel": 3687, "tokensEarned": 0, "championId": 122, "lastPlayTime": 1461821822000}, {"championLevel": 3, "chestGranted": false, "championPoints": 8859, "championPointsSinceLastLevel": 2859, "playerId": 21734, "championPointsUntilNextLevel": 3741, "tokensEarned": 0, "championId": 201, "lastPlayTime": 1459390195000}, {"championLevel": 3, "chestGranted": false, "championPoints": 8386, "championPointsSinceLastLevel": 2386, "playerId": 21734, "championPointsUntilNextLevel": 4214, "tokensEarned": 0, "championId": 26, "lastPlayTime": 1465505867000}, {"championLevel": 3, "chestGranted": false, "championPoints": 8197, "championPointsSinceLastLevel": 2197, "playerId": 21734, "championPointsUntilNextLevel": 4403, "tokensEarned": 0, "championId": 14, "lastPlayTime": 1464503152000}, {"championLevel": 3, "chestGranted": false, "championPoints": 8098, "championPointsSinceLastLevel": 2098, "playerId": 21734, "championPointsUntilNextLevel": 4502, "tokensEarned": 0, "championId": 20, "lastPlayTime": 1454522266000}, {"championLevel": 3, "chestGranted": false, "championPoints": 7753, "championPointsSinceLastLevel": 1753, "playerId": 21734, "championPointsUntilNextLevel": 4847, "tokensEarned": 0, "championId": 202, "lastPlayTime": 1466057726000}, {"championLevel": 3, "chestGranted": true, "championPoints": 7746, "championPointsSinceLastLevel": 1746, "playerId": 21734, "championPointsUntilNextLevel": 4854, "tokensEarned": 0, "championId": 412, "lastPlayTime": 1466728091000}, {"championLevel": 3, "chestGranted": false, "championPoints": 7653, "championPointsSinceLastLevel": 1653, "playerId": 21734, "championPointsUntilNextLevel": 4947, "tokensEarned": 0, "championId": 121, "lastPlayTime": 1452926555000}, {"championLevel": 3, "chestGranted": false, "championPoints": 7512, "championPointsSinceLastLevel": 1512, "playerId": 21734, "championPointsUntilNextLevel": 5088, "tokensEarned": 0, "championId": 9, "lastPlayTime": 1467525435000}, {"championLevel": 3, "chestGranted": true, "championPoints": 7422, "championPointsSinceLastLevel": 1422, "playerId": 21734, "championPointsUntilNextLevel": 5178, "tokensEarned": 0, "championId": 134, "lastPlayTime": 1464377514000}, {"championLevel": 3, "chestGranted": false, "championPoints": 6952, "championPointsSinceLastLevel": 952, "playerId": 21734, "championPointsUntilNextLevel": 5648, "tokensEarned": 0, "championId": 133, "lastPlayTime": 1449281822000}, {"championLevel": 3, "chestGranted": false, "championPoints": 6855, "championPointsSinceLastLevel": 855, "playerId": 21734, "championPointsUntilNextLevel": 5745, "tokensEarned": 0, "championId": 53, "lastPlayTime": 1465868767000}, {"championLevel": 3, "chestGranted": false, "championPoints": 6512, "championPointsSinceLastLevel": 512, "playerId": 21734, "championPointsUntilNextLevel": 6088, "tokensEarned": 0, "championId": 161, "lastPlayTime": 1465249542000}, {"championLevel": 3, "chestGranted": false, "championPoints": 6332, "championPointsSinceLastLevel": 332, "playerId": 21734, "championPointsUntilNextLevel": 6268, "tokensEarned": 0, "championId": 56, "lastPlayTime": 1466136698000}, {"championLevel": 3, "chestGranted": true, "championPoints": 6282, "championPointsSinceLastLevel": 282, "playerId": 21734, "championPointsUntilNextLevel": 6318, "tokensEarned": 0, "championId": 18, "lastPlayTime": 1462132292000}, {"championLevel": 2, "chestGranted": false, "championPoints": 5699, "championPointsSinceLastLevel": 3899, "playerId": 21734, "championPointsUntilNextLevel": 301, "tokensEarned": 0, "championId": 45, "lastPlayTime": 1463282027000}, {"championLevel": 2, "chestGranted": false, "championPoints": 5606, "championPointsSinceLastLevel": 3806, "playerId": 21734, "championPointsUntilNextLevel": 394, "tokensEarned": 0, "championId": 29, "lastPlayTime": 1453046785000}, {"championLevel": 2, "chestGranted": false, "championPoints": 5600, "championPointsSinceLastLevel": 3800, "playerId": 21734, "championPointsUntilNextLevel": 400, "tokensEarned": 0, "championId": 48, "lastPlayTime": 1464763556000}, {"championLevel": 2, "chestGranted": true, "championPoints": 5563, "championPointsSinceLastLevel": 3763, "playerId": 21734, "championPointsUntilNextLevel": 437, "tokensEarned": 0, "championId": 136, "lastPlayTime": 1459132210000}, {"championLevel": 2, "chestGranted": false, "championPoints": 5064, "championPointsSinceLastLevel": 3264, "playerId": 21734, "championPointsUntilNextLevel": 936, "tokensEarned": 0, "championId": 19, "lastPlayTime": 1466064342000}, {"championLevel": 2, "chestGranted": false, "championPoints": 4985, "championPointsSinceLastLevel": 3185, "playerId": 21734, "championPointsUntilNextLevel": 1015, "tokensEarned": 0, "championId": 76, "lastPlayTime": 1462642394000}, {"championLevel": 2, "chestGranted": true, "championPoints": 4969, "championPointsSinceLastLevel": 3169, "playerId": 21734, "championPointsUntilNextLevel": 1031, "tokensEarned": 0, "championId": 21, "lastPlayTime": 1469166759000}, {"championLevel": 2, "chestGranted": false, "championPoints": 4929, "championPointsSinceLastLevel": 3129, "playerId": 21734, "championPointsUntilNextLevel": 1071, "tokensEarned": 0, "championId": 78, "lastPlayTime": 1453342419000}, {"championLevel": 2, "chestGranted": true, "championPoints": 4740, "championPointsSinceLastLevel": 2940, "playerId": 21734, "championPointsUntilNextLevel": 1260, "tokensEarned": 0, "championId": 75, "lastPlayTime": 1466905609000}, {"championLevel": 2, "chestGranted": false, "championPoints": 4691, "championPointsSinceLastLevel": 2891, "playerId": 21734, "championPointsUntilNextLevel": 1309, "tokensEarned": 0, "championId": 82, "lastPlayTime": 1468819756000}, {"championLevel": 2, "chestGranted": false, "championPoints": 4608, "championPointsSinceLastLevel": 2808, "playerId": 21734, "championPointsUntilNextLevel": 1392, "tokensEarned": 0, "championId": 113, "lastPlayTime": 1459141171000}, {"championLevel": 2, "chestGranted": false, "championPoints": 4483, "championPointsSinceLastLevel": 2683, "playerId": 21734, "championPointsUntilNextLevel": 1517, "tokensEarned": 0, "championId": 38, "lastPlayTime": 1465779750000}, {"championLevel": 2, "chestGranted": false, "championPoints": 4462, "championPointsSinceLastLevel": 2662, "playerId": 21734, "championPointsUntilNextLevel": 1538, "tokensEarned": 0, "championId": 223, "lastPlayTime": 1461273863000}, {"championLevel": 2, "chestGranted": false, "championPoints": 4241, "championPointsSinceLastLevel": 2441, "playerId": 21734, "championPointsUntilNextLevel": 1759, "tokensEarned": 0, "championId": 10, "lastPlayTime": 1466050160000}, {"championLevel": 2, "chestGranted": false, "championPoints": 4130, "championPointsSinceLastLevel": 2330, "playerId": 21734, "championPointsUntilNextLevel": 1870, "tokensEarned": 0, "championId": 41, "lastPlayTime": 1460234518000}, {"championLevel": 2, "chestGranted": false, "championPoints": 4101, "championPointsSinceLastLevel": 2301, "playerId": 21734, "championPointsUntilNextLevel": 1899, "tokensEarned": 0, "championId": 72, "lastPlayTime": 1467606544000}, {"championLevel": 2, "chestGranted": false, "championPoints": 4100, "championPointsSinceLastLevel": 2300, "playerId": 21734, "championPointsUntilNextLevel": 1900, "tokensEarned": 0, "championId": 268, "lastPlayTime": 1458880703000}, {"championLevel": 2, "chestGranted": false, "championPoints": 4042, "championPointsSinceLastLevel": 2242, "playerId": 21734, "championPointsUntilNextLevel": 1958, "tokensEarned": 0, "championId": 131, "lastPlayTime": 1462747513000}, {"championLevel": 2, "chestGranted": false, "championPoints": 3934, "championPointsSinceLastLevel": 2134, "playerId": 21734, "championPointsUntilNextLevel": 2066, "tokensEarned": 0, "championId": 5, "lastPlayTime": 1455666378000}, {"championLevel": 2, "chestGranted": false, "championPoints": 3815, "championPointsSinceLastLevel": 2015, "playerId": 21734, "championPointsUntilNextLevel": 2185, "tokensEarned": 0, "championId": 34, "lastPlayTime": 1459033482000}, {"championLevel": 2, "chestGranted": false, "championPoints": 3794, "championPointsSinceLastLevel": 1994, "playerId": 21734, "championPointsUntilNextLevel": 2206, "tokensEarned": 0, "championId": 16, "lastPlayTime": 1453402371000}, {"championLevel": 2, "chestGranted": false, "championPoints": 3724, "championPointsSinceLastLevel": 1924, "playerId": 21734, "championPointsUntilNextLevel": 2276, "tokensEarned": 0, "championId": 62, "lastPlayTime": 1466059745000}, {"championLevel": 2, "chestGranted": false, "championPoints": 3711, "championPointsSinceLastLevel": 1911, "playerId": 21734, "championPointsUntilNextLevel": 2289, "tokensEarned": 0, "championId": 32, "lastPlayTime": 1458692518000}, {"championLevel": 2, "chestGranted": false, "championPoints": 3708, "championPointsSinceLastLevel": 1908, "playerId": 21734, "championPointsUntilNextLevel": 2292, "tokensEarned": 0, "championId": 40, "lastPlayTime": 1465963633000}, {"championLevel": 2, "chestGranted": true, "championPoints": 3675, "championPointsSinceLastLevel": 1875, "playerId": 21734, "championPointsUntilNextLevel": 2325, "tokensEarned": 0, "championId": 106, "lastPlayTime": 1466836453000}, {"championLevel": 2, "chestGranted": true, "championPoints": 3633, "championPointsSinceLastLevel": 1833, "playerId": 21734, "championPointsUntilNextLevel": 2367, "tokensEarned": 0, "championId": 22, "lastPlayTime": 1466224135000}, {"championLevel": 2, "chestGranted": false, "championPoints": 3610, "championPointsSinceLastLevel": 1810, "playerId": 21734, "championPointsUntilNextLevel": 2390, "tokensEarned": 0, "championId": 33, "lastPlayTime": 1458333486000}, {"championLevel": 2, "chestGranted": false, "championPoints": 3497, "championPointsSinceLastLevel": 1697, "playerId": 21734, "championPointsUntilNextLevel": 2503, "tokensEarned": 0, "championId": 143, "lastPlayTime": 1465246559000}, {"championLevel": 2, "chestGranted": false, "championPoints": 3423, "championPointsSinceLastLevel": 1623, "playerId": 21734, "championPointsUntilNextLevel": 2577, "tokensEarned": 0, "championId": 114, "lastPlayTime": 1439423639000}, {"championLevel": 2, "chestGranted": false, "championPoints": 3407, "championPointsSinceLastLevel": 1607, "playerId": 21734, "championPointsUntilNextLevel": 2593, "tokensEarned": 0, "championId": 15, "lastPlayTime": 1457066197000}, {"championLevel": 2, "chestGranted": true, "championPoints": 3376, "championPointsSinceLastLevel": 1576, "playerId": 21734, "championPointsUntilNextLevel": 2624, "tokensEarned": 0, "championId": 163, "lastPlayTime": 1467527658000}, {"championLevel": 2, "chestGranted": false, "championPoints": 3346, "championPointsSinceLastLevel": 1546, "playerId": 21734, "championPointsUntilNextLevel": 2654, "tokensEarned": 0, "championId": 89, "lastPlayTime": 1464556776000}, {"championLevel": 2, "chestGranted": false, "championPoints": 3257, "championPointsSinceLastLevel": 1457, "playerId": 21734, "championPointsUntilNextLevel": 2743, "tokensEarned": 0, "championId": 421, "lastPlayTime": 1467591430000}, {"championLevel": 2, "chestGranted": false, "championPoints": 3204, "championPointsSinceLastLevel": 1404, "playerId": 21734, "championPointsUntilNextLevel": 2796, "tokensEarned": 0, "championId": 17, "lastPlayTime": 1465189971000}, {"championLevel": 2, "chestGranted": false, "championPoints": 3175, "championPointsSinceLastLevel": 1375, "playerId": 21734, "championPointsUntilNextLevel": 2825, "tokensEarned": 0, "championId": 254, "lastPlayTime": 1465791299000}, {"championLevel": 2, "chestGranted": false, "championPoints": 2853, "championPointsSinceLastLevel": 1053, "playerId": 21734, "championPointsUntilNextLevel": 3147, "tokensEarned": 0, "championId": 30, "lastPlayTime": 1460323776000}, {"championLevel": 2, "chestGranted": true, "championPoints": 2764, "championPointsSinceLastLevel": 964, "playerId": 21734, "championPointsUntilNextLevel": 3236, "tokensEarned": 0, "championId": 1, "lastPlayTime": 1463527901000}, {"championLevel": 2, "chestGranted": false, "championPoints": 2715, "championPointsSinceLastLevel": 915, "playerId": 21734, "championPointsUntilNextLevel": 3285, "tokensEarned": 0, "championId": 96, "lastPlayTime": 1466916719000}, {"championLevel": 2, "chestGranted": false, "championPoints": 2633, "championPointsSinceLastLevel": 833, "playerId": 21734, "championPointsUntilNextLevel": 3367, "tokensEarned": 0, "championId": 266, "lastPlayTime": 1447811545000}, {"championLevel": 2, "chestGranted": false, "championPoints": 2614, "championPointsSinceLastLevel": 814, "playerId": 21734, "championPointsUntilNextLevel": 3386, "tokensEarned": 0, "championId": 119, "lastPlayTime": 1458404450000}, {"championLevel": 2, "chestGranted": false, "championPoints": 2535, "championPointsSinceLastLevel": 735, "playerId": 21734, "championPointsUntilNextLevel": 3465, "tokensEarned": 0, "championId": 27, "lastPlayTime": 1464413857000}, {"championLevel": 2, "chestGranted": false, "championPoints": 2419, "championPointsSinceLastLevel": 619, "playerId": 21734, "championPointsUntilNextLevel": 3581, "tokensEarned": 0, "championId": 24, "lastPlayTime": 1459698993000}, {"championLevel": 2, "chestGranted": false, "championPoints": 2347, "championPointsSinceLastLevel": 547, "playerId": 21734, "championPointsUntilNextLevel": 3653, "tokensEarned": 0, "championId": 58, "lastPlayTime": 1453165391000}, {"championLevel": 2, "chestGranted": false, "championPoints": 2210, "championPointsSinceLastLevel": 410, "playerId": 21734, "championPointsUntilNextLevel": 3790, "tokensEarned": 0, "championId": 99, "lastPlayTime": 1453909123000}, {"championLevel": 2, "chestGranted": true, "championPoints": 2085, "championPointsSinceLastLevel": 285, "playerId": 21734, "championPointsUntilNextLevel": 3915, "tokensEarned": 0, "championId": 4, "lastPlayTime": 1468806371000}, {"championLevel": 2, "chestGranted": false, "championPoints": 2082, "championPointsSinceLastLevel": 282, "playerId": 21734, "championPointsUntilNextLevel": 3918, "tokensEarned": 0, "championId": 50, "lastPlayTime": 1468818089000}, {"championLevel": 2, "chestGranted": false, "championPoints": 1852, "championPointsSinceLastLevel": 52, "playerId": 21734, "championPointsUntilNextLevel": 4148, "tokensEarned": 0, "championId": 54, "lastPlayTime": 1455232517000}, {"championLevel": 2, "chestGranted": false, "championPoints": 1838, "championPointsSinceLastLevel": 38, "playerId": 21734, "championPointsUntilNextLevel": 4162, "tokensEarned": 0, "championId": 105, "lastPlayTime": 1464500770000}, {"championLevel": 1, "chestGranted": false, "championPoints": 1793, "championPointsSinceLastLevel": 1793, "playerId": 21734, "championPointsUntilNextLevel": 7, "tokensEarned": 0, "championId": 115, "lastPlayTime": 1447528815000}, {"championLevel": 1, "chestGranted": false, "championPoints": 1726, "championPointsSinceLastLevel": 1726, "playerId": 21734, "championPointsUntilNextLevel": 74, "tokensEarned": 0, "championId": 80, "lastPlayTime": 1451204578000}, {"championLevel": 1, "chestGranted": false, "championPoints": 1692, "championPointsSinceLastLevel": 1692, "playerId": 21734, "championPointsUntilNextLevel": 108, "tokensEarned": 0, "championId": 222, "lastPlayTime": 1462211778000}, {"championLevel": 1, "chestGranted": false, "championPoints": 1618, "championPointsSinceLastLevel": 1618, "playerId": 21734, "championPointsUntilNextLevel": 182, "tokensEarned": 0, "championId": 150, "lastPlayTime": 1434742262000}, {"championLevel": 1, "chestGranted": false, "championPoints": 1614, "championPointsSinceLastLevel": 1614, "playerId": 21734, "championPointsUntilNextLevel": 186, "tokensEarned": 0, "championId": 51, "lastPlayTime": 1451455459000}, {"championLevel": 1, "chestGranted": false, "championPoints": 1462, "championPointsSinceLastLevel": 1462, "playerId": 21734, "championPointsUntilNextLevel": 338, "tokensEarned": 0, "championId": 236, "lastPlayTime": 1444677512000}, {"championLevel": 1, "chestGranted": false, "championPoints": 1395, "championPointsSinceLastLevel": 1395, "playerId": 21734, "championPointsUntilNextLevel": 405, "tokensEarned": 0, "championId": 42, "lastPlayTime": 1452551048000}, {"championLevel": 1, "chestGranted": false, "championPoints": 1289, "championPointsSinceLastLevel": 1289, "playerId": 21734, "championPointsUntilNextLevel": 511, "tokensEarned": 0, "championId": 23, "lastPlayTime": 1451458520000}, {"championLevel": 1, "chestGranted": false, "championPoints": 1286, "championPointsSinceLastLevel": 1286, "playerId": 21734, "championPointsUntilNextLevel": 514, "tokensEarned": 0, "championId": 39, "lastPlayTime": 1462745524000}, {"championLevel": 1, "chestGranted": false, "championPoints": 1261, "championPointsSinceLastLevel": 1261, "playerId": 21734, "championPointsUntilNextLevel": 539, "tokensEarned": 0, "championId": 77, "lastPlayTime": 1458537318000}, {"championLevel": 1, "chestGranted": false, "championPoints": 1224, "championPointsSinceLastLevel": 1224, "playerId": 21734, "championPointsUntilNextLevel": 576, "tokensEarned": 0, "championId": 117, "lastPlayTime": 1464757238000}, {"championLevel": 1, "chestGranted": true, "championPoints": 1206, "championPointsSinceLastLevel": 1206, "playerId": 21734, "championPointsUntilNextLevel": 594, "tokensEarned": 0, "championId": 267, "lastPlayTime": 1466139200000}, {"championLevel": 1, "chestGranted": false, "championPoints": 1180, "championPointsSinceLastLevel": 1180, "playerId": 21734, "championPointsUntilNextLevel": 620, "tokensEarned": 0, "championId": 101, "lastPlayTime": 1450992348000}, {"championLevel": 1, "chestGranted": false, "championPoints": 1036, "championPointsSinceLastLevel": 1036, "playerId": 21734, "championPointsUntilNextLevel": 764, "tokensEarned": 0, "championId": 35, "lastPlayTime": 1459111473000}, {"championLevel": 1, "chestGranted": false, "championPoints": 968, "championPointsSinceLastLevel": 968, "playerId": 21734, "championPointsUntilNextLevel": 832, "tokensEarned": 0, "championId": 110, "lastPlayTime": 1450557535000}, {"championLevel": 1, "chestGranted": false, "championPoints": 904, "championPointsSinceLastLevel": 904, "playerId": 21734, "championPointsUntilNextLevel": 896, "tokensEarned": 0, "championId": 84, "lastPlayTime": 1467515612000}, {"championLevel": 1, "chestGranted": false, "championPoints": 669, "championPointsSinceLastLevel": 669, "playerId": 21734, "championPointsUntilNextLevel": 1131, "tokensEarned": 0, "championId": 112, "lastPlayTime": 1453598812000}, {"championLevel": 1, "chestGranted": false, "championPoints": 582, "championPointsSinceLastLevel": 582, "playerId": 21734, "championPointsUntilNextLevel": 1218, "tokensEarned": 0, "championId": 11, "lastPlayTime": 1454042372000}, {"championLevel": 1, "chestGranted": false, "championPoints": 525, "championPointsSinceLastLevel": 525, "playerId": 21734, "championPointsUntilNextLevel": 1275, "tokensEarned": 0, "championId": 127, "lastPlayTime": 1462750165000}, {"championLevel": 1, "chestGranted": false, "championPoints": 472, "championPointsSinceLastLevel": 472, "playerId": 21734, "championPointsUntilNextLevel": 1328, "tokensEarned": 0, "championId": 429, "lastPlayTime": 1446410498000}, {"championLevel": 1, "chestGranted": false, "championPoints": 386, "championPointsSinceLastLevel": 386, "playerId": 21734, "championPointsUntilNextLevel": 1414, "tokensEarned": 0, "championId": 111, "lastPlayTime": 1447987924000}, {"championLevel": 1, "chestGranted": false, "championPoints": 386, "championPointsSinceLastLevel": 386, "playerId": 21734, "championPointsUntilNextLevel": 1414, "tokensEarned": 0, "championId": 103, "lastPlayTime": 1449857536000}, {"championLevel": 1, "chestGranted": false, "championPoints": 310, "championPointsSinceLastLevel": 310, "playerId": 21734, "championPointsUntilNextLevel": 1490, "tokensEarned": 0, "championId": 107, "lastPlayTime": 1446325208000}, {"championLevel": 1, "chestGranted": false, "championPoints": 232, "championPointsSinceLastLevel": 232, "playerId": 21734, "championPointsUntilNextLevel": 1568, "tokensEarned": 0, "championId": 12, "lastPlayTime": 1453345161000}, {"championLevel": 1, "chestGranted": false, "championPoints": 213, "championPointsSinceLastLevel": 213, "playerId": 21734, "championPointsUntilNextLevel": 1587, "tokensEarned": 0, "championId": 67, "lastPlayTime": 1449457007000}, {"championLevel": 1, "chestGranted": false, "championPoints": 199, "championPointsSinceLastLevel": 199, "playerId": 21734, "championPointsUntilNextLevel": 1601, "tokensEarned": 0, "championId": 2, "lastPlayTime": 1468733234000}, {"championLevel": 1, "chestGranted": false, "championPoints": 199, "championPointsSinceLastLevel": 199, "playerId": 21734, "championPointsUntilNextLevel": 1601, "tokensEarned": 0, "championId": 91, "lastPlayTime": 1454434622000}, {"championLevel": 1, "chestGranted": false, "championPoints": 186, "championPointsSinceLastLevel": 186, "playerId": 21734, "championPointsUntilNextLevel": 1614, "tokensEarned": 0, "championId": 25, "lastPlayTime": 1445645817000}, {"championLevel": 1, "chestGranted": false, "championPoints": 176, "championPointsSinceLastLevel": 176, "playerId": 21734, "championPointsUntilNextLevel": 1624, "tokensEarned": 0, "championId": 83, "lastPlayTime": 1452292252000}, {"championLevel": 1, "chestGranted": false, "championPoints": 171, "championPointsSinceLastLevel": 171, "playerId": 21734, "championPointsUntilNextLevel": 1629, "tokensEarned": 0, "championId": 126, "lastPlayTime": 1458953527000}, {"championLevel": 1, "chestGranted": false, "championPoints": 170, "championPointsSinceLastLevel": 170, "playerId": 21734, "championPointsUntilNextLevel": 1630, "tokensEarned": 0, "championId": 69, "lastPlayTime": 1462680619000}, {"championLevel": 1, "chestGranted": false, "championPoints": 166, "championPointsSinceLastLevel": 166, "playerId": 21734, "championPointsUntilNextLevel": 1634, "tokensEarned": 0, "championId": 37, "lastPlayTime": 1448823618000}]