[{"championLevel": 5, "chestGranted": true, "championPoints": 45394, "championPointsSinceLastLevel": 23794, "playerId": 21736, "championPointsUntilNextLevel": 0, "tokensEarned": 0, "championId": 22, "lastPlayTime": 1463445889000}, {"championLevel": 5, "chestGranted": true, "championPoints": 39995, "championPointsSinceLastLevel": 18395, "playerId": 21736, "championPointsUntilNextLevel": 0, "tokensEarned": 1, "championId": 67, "lastPlayTime": 1468641710000}, {"championLevel": 4, "chestGranted": true, "championPoints": 15450, "championPointsSinceLastLevel": 2850, "playerId": 21736, "championPointsUntilNextLevel": 6150, "tokensEarned": 0, "championId": 54, "lastPlayTime": 1463199396000}, {"championLevel": 4, "chestGranted": false, "championPoints": 12975, "championPointsSinceLastLevel": 375, "playerId": 21736, "championPointsUntilNextLevel": 8625, "tokensEarned": 0, "championId": 81, "lastPlayTime": 1468889791000}, {"championLevel": 3, "chestGranted": false, "championPoints": 11455, "championPointsSinceLastLevel": 5455, "playerId": 21736, "championPointsUntilNextLevel": 1145, "tokensEarned": 0, "championId": 18, "lastPlayTime": 1462502005000}, {"championLevel": 3, "chestGranted": false, "championPoints": 10588, "championPointsSinceLastLevel": 4588, "playerId": 21736, "championPointsUntilNextLevel": 2012, "tokensEarned": 0, "championId": 43, "lastPlayTime": 1462847253000}, {"championLevel": 3, "chestGranted": false, "championPoints": 9922, "championPointsSinceLastLevel": 3922, "playerId": 21736, "championPointsUntilNextLevel": 2678, "tokensEarned": 0, "championId": 429, "lastPlayTime": 1462920345000}, {"championLevel": 3, "chestGranted": false, "championPoints": 9402, "championPointsSinceLastLevel": 3402, "playerId": 21736, "championPointsUntilNextLevel": 3198, "tokensEarned": 0, "championId": 51, "lastPlayTime": 1462939220000}, {"championLevel": 3, "chestGranted": true, "championPoints": 9268, "championPointsSinceLastLevel": 3268, "playerId": 21736, "championPointsUntilNextLevel": 3332, "tokensEarned": 0, "championId": 21, "lastPlayTime": 1463532084000}, {"championLevel": 3, "chestGranted": false, "championPoints": 7516, "championPointsSinceLastLevel": 1516, "playerId": 21736, "championPointsUntilNextLevel": 5084, "tokensEarned": 0, "championId": 14, "lastPlayTime": 1463899004000}, {"championLevel": 3, "chestGranted": false, "championPoints": 7184, "championPointsSinceLastLevel": 1184, "playerId": 21736, "championPointsUntilNextLevel": 5416, "tokensEarned": 0, "championId": 110, "lastPlayTime": 1463242413000}, {"championLevel": 2, "chestGranted": false, "championPoints": 5676, "championPointsSinceLastLevel": 3876, "playerId": 21736, "championPointsUntilNextLevel": 324, "tokensEarned": 0, "championId": 111, "lastPlayTime": 1453227415000}, {"championLevel": 2, "chestGranted": false, "championPoints": 5600, "championPointsSinceLastLevel": 3800, "playerId": 21736, "championPointsUntilNextLevel": 400, "tokensEarned": 0, "championId": 15, "lastPlayTime": 1462492682000}, {"championLevel": 2, "chestGranted": true, "championPoints": 5126, "championPointsSinceLastLevel": 3326, "playerId": 21736, "championPointsUntilNextLevel": 874, "tokensEarned": 0, "championId": 126, "lastPlayTime": 1463711900000}, {"championLevel": 2, "chestGranted": false, "championPoints": 4965, "championPointsSinceLastLevel": 3165, "playerId": 21736, "championPointsUntilNextLevel": 1035, "tokensEarned": 0, "championId": 222, "lastPlayTime": 1463781572000}, {"championLevel": 2, "chestGranted": false, "championPoints": 4523, "championPointsSinceLastLevel": 2723, "playerId": 21736, "championPointsUntilNextLevel": 1477, "tokensEarned": 0, "championId": 104, "lastPlayTime": 1447443738000}, {"championLevel": 2, "chestGranted": true, "championPoints": 4140, "championPointsSinceLastLevel": 2340, "playerId": 21736, "championPointsUntilNextLevel": 1860, "tokensEarned": 0, "championId": 24, "lastPlayTime": 1463951938000}, {"championLevel": 2, "chestGranted": false, "championPoints": 3981, "championPointsSinceLastLevel": 2181, "playerId": 21736, "championPointsUntilNextLevel": 2019, "tokensEarned": 0, "championId": 4, "lastPlayTime": 1463201366000}, {"championLevel": 2, "chestGranted": false, "championPoints": 3490, "championPointsSinceLastLevel": 1690, "playerId": 21736, "championPointsUntilNextLevel": 2510, "tokensEarned": 0, "championId": 2, "lastPlayTime": 1462605456000}, {"championLevel": 2, "chestGranted": false, "championPoints": 3099, "championPointsSinceLastLevel": 1299, "playerId": 21736, "championPointsUntilNextLevel": 2901, "tokensEarned": 0, "championId": 96, "lastPlayTime": 1459122926000}, {"championLevel": 2, "chestGranted": false, "championPoints": 2854, "championPointsSinceLastLevel": 1054, "playerId": 21736, "championPointsUntilNextLevel": 3146, "tokensEarned": 0, "championId": 103, "lastPlayTime": 1452105446000}, {"championLevel": 2, "chestGranted": false, "championPoints": 2819, "championPointsSinceLastLevel": 1019, "playerId": 21736, "championPointsUntilNextLevel": 3181, "tokensEarned": 0, "championId": 117, "lastPlayTime": 1464319775000}, {"championLevel": 2, "chestGranted": true, "championPoints": 2795, "championPointsSinceLastLevel": 995, "playerId": 21736, "championPointsUntilNextLevel": 3205, "tokensEarned": 0, "championId": 266, "lastPlayTime": 1462677262000}, {"championLevel": 2, "chestGranted": false, "championPoints": 2703, "championPointsSinceLastLevel": 903, "playerId": 21736, "championPointsUntilNextLevel": 3297, "tokensEarned": 0, "championId": 236, "lastPlayTime": 1463783640000}, {"championLevel": 2, "chestGranted": false, "championPoints": 2583, "championPointsSinceLastLevel": 783, "playerId": 21736, "championPointsUntilNextLevel": 3417, "tokensEarned": 0, "championId": 17, "lastPlayTime": 1462943876000}, {"championLevel": 2, "chestGranted": false, "championPoints": 2575, "championPointsSinceLastLevel": 775, "playerId": 21736, "championPointsUntilNextLevel": 3425, "tokensEarned": 0, "championId": 122, "lastPlayTime": 1463524326000}, {"championLevel": 2, "chestGranted": false, "championPoints": 2479, "championPointsSinceLastLevel": 679, "playerId": 21736, "championPointsUntilNextLevel": 3521, "tokensEarned": 0, "championId": 10, "lastPlayTime": 1462929695000}, {"championLevel": 2, "chestGranted": false, "championPoints": 2395, "championPointsSinceLastLevel": 595, "playerId": 21736, "championPointsUntilNextLevel": 3605, "tokensEarned": 0, "championId": 119, "lastPlayTime": 1464409128000}, {"championLevel": 2, "chestGranted": false, "championPoints": 1886, "championPointsSinceLastLevel": 86, "playerId": 21736, "championPointsUntilNextLevel": 4114, "tokensEarned": 0, "championId": 55, "lastPlayTime": 1440464320000}, {"championLevel": 2, "chestGranted": false, "championPoints": 1881, "championPointsSinceLastLevel": 81, "playerId": 21736, "championPointsUntilNextLevel": 4119, "tokensEarned": 0, "championId": 1, "lastPlayTime": 1443402886000}, {"championLevel": 1, "chestGranted": false, "championPoints": 1766, "championPointsSinceLastLevel": 1766, "playerId": 21736, "championPointsUntilNextLevel": 34, "tokensEarned": 0, "championId": 29, "lastPlayTime": 1462555928000}, {"championLevel": 1, "chestGranted": false, "championPoints": 1700, "championPointsSinceLastLevel": 1700, "playerId": 21736, "championPointsUntilNextLevel": 100, "tokensEarned": 0, "championId": 133, "lastPlayTime": 1452837409000}, {"championLevel": 1, "chestGranted": false, "championPoints": 1640, "championPointsSinceLastLevel": 1640, "playerId": 21736, "championPointsUntilNextLevel": 160, "tokensEarned": 0, "championId": 150, "lastPlayTime": 1452297682000}, {"championLevel": 1, "chestGranted": false, "championPoints": 1520, "championPointsSinceLastLevel": 1520, "playerId": 21736, "championPointsUntilNextLevel": 280, "tokensEarned": 0, "championId": 254, "lastPlayTime": 1436823029000}, {"championLevel": 1, "chestGranted": false, "championPoints": 1472, "championPointsSinceLastLevel": 1472, "playerId": 21736, "championPointsUntilNextLevel": 328, "tokensEarned": 0, "championId": 40, "lastPlayTime": 1439583800000}, {"championLevel": 1, "chestGranted": false, "championPoints": 1273, "championPointsSinceLastLevel": 1273, "playerId": 21736, "championPointsUntilNextLevel": 527, "tokensEarned": 0, "championId": 134, "lastPlayTime": 1462932841000}, {"championLevel": 1, "chestGranted": false, "championPoints": 1216, "championPointsSinceLastLevel": 1216, "playerId": 21736, "championPointsUntilNextLevel": 584, "tokensEarned": 0, "championId": 84, "lastPlayTime": 1439523170000}, {"championLevel": 1, "chestGranted": false, "championPoints": 1198, "championPointsSinceLastLevel": 1198, "playerId": 21736, "championPointsUntilNextLevel": 602, "tokensEarned": 0, "championId": 57, "lastPlayTime": 1438565510000}, {"championLevel": 1, "chestGranted": false, "championPoints": 1183, "championPointsSinceLastLevel": 1183, "playerId": 21736, "championPointsUntilNextLevel": 617, "tokensEarned": 0, "championId": 60, "lastPlayTime": 1438541307000}, {"championLevel": 1, "chestGranted": false, "championPoints": 1117, "championPointsSinceLastLevel": 1117, "playerId": 21736, "championPointsUntilNextLevel": 683, "tokensEarned": 0, "championId": 25, "lastPlayTime": 1438901721000}, {"championLevel": 1, "chestGranted": false, "championPoints": 1086, "championPointsSinceLastLevel": 1086, "playerId": 21736, "championPointsUntilNextLevel": 714, "tokensEarned": 0, "championId": 77, "lastPlayTime": 1436763212000}, {"championLevel": 1, "chestGranted": false, "championPoints": 1070, "championPointsSinceLastLevel": 1070, "playerId": 21736, "championPointsUntilNextLevel": 730, "tokensEarned": 0, "championId": 420, "lastPlayTime": 1452831643000}, {"championLevel": 1, "chestGranted": false, "championPoints": 1037, "championPointsSinceLastLevel": 1037, "playerId": 21736, "championPointsUntilNextLevel": 763, "tokensEarned": 0, "championId": 16, "lastPlayTime": 1447087647000}, {"championLevel": 1, "chestGranted": false, "championPoints": 979, "championPointsSinceLastLevel": 979, "playerId": 21736, "championPointsUntilNextLevel": 821, "tokensEarned": 0, "championId": 56, "lastPlayTime": 1437534515000}, {"championLevel": 1, "chestGranted": false, "championPoints": 915, "championPointsSinceLastLevel": 915, "playerId": 21736, "championPointsUntilNextLevel": 885, "tokensEarned": 0, "championId": 267, "lastPlayTime": 1464316871000}, {"championLevel": 1, "chestGranted": false, "championPoints": 333, "championPointsSinceLastLevel": 333, "playerId": 21736, "championPointsUntilNextLevel": 1467, "tokensEarned": 0, "championId": 42, "lastPlayTime": 1463529515000}, {"championLevel": 1, "chestGranted": false, "championPoints": 319, "championPointsSinceLastLevel": 319, "playerId": 21736, "championPointsUntilNextLevel": 1481, "tokensEarned": 0, "championId": 113, "lastPlayTime": 1436573389000}, {"championLevel": 1, "chestGranted": false, "championPoints": 304, "championPointsSinceLastLevel": 304, "playerId": 21736, "championPointsUntilNextLevel": 1496, "tokensEarned": 0, "championId": 143, "lastPlayTime": 1462325769000}, {"championLevel": 1, "chestGranted": false, "championPoints": 233, "championPointsSinceLastLevel": 233, "playerId": 21736, "championPointsUntilNextLevel": 1567, "tokensEarned": 0, "championId": 34, "lastPlayTime": 1460935845000}, {"championLevel": 1, "chestGranted": false, "championPoints": 224, "championPointsSinceLastLevel": 224, "playerId": 21736, "championPointsUntilNextLevel": 1576, "tokensEarned": 0, "championId": 7, "lastPlayTime": 1437370693000}, {"championLevel": 1, "chestGranted": false, "championPoints": 201, "championPointsSinceLastLevel": 201, "playerId": 21736, "championPointsUntilNextLevel": 1599, "tokensEarned": 0, "championId": 37, "lastPlayTime": 1439586555000}, {"championLevel": 1, "chestGranted": false, "championPoints": 193, "championPointsSinceLastLevel": 193, "playerId": 21736, "championPointsUntilNextLevel": 1607, "tokensEarned": 0, "championId": 5, "lastPlayTime": 1447288605000}, {"championLevel": 1, "chestGranted": false, "championPoints": 183, "championPointsSinceLastLevel": 183, "playerId": 21736, "championPointsUntilNextLevel": 1617, "tokensEarned": 0, "championId": 238, "lastPlayTime": 1441042748000}, {"championLevel": 1, "chestGranted": false, "championPoints": 169, "championPointsSinceLastLevel": 169, "playerId": 21736, "championPointsUntilNextLevel": 1631, "tokensEarned": 0, "championId": 107, "lastPlayTime": 1443039245000}, {"championLevel": 1, "chestGranted": false, "championPoints": 161, "championPointsSinceLastLevel": 161, "playerId": 21736, "championPointsUntilNextLevel": 1639, "tokensEarned": 0, "championId": 58, "lastPlayTime": 1436156796000}, {"championLevel": 1, "chestGranted": false, "championPoints": 155, "championPointsSinceLastLevel": 155, "playerId": 21736, "championPointsUntilNextLevel": 1645, "tokensEarned": 0, "championId": 76, "lastPlayTime": 1443578059000}, {"championLevel": 1, "chestGranted": false, "championPoints": 154, "championPointsSinceLastLevel": 154, "playerId": 21736, "championPointsUntilNextLevel": 1646, "tokensEarned": 0, "championId": 28, "lastPlayTime": 1442515353000}, {"championLevel": 1, "chestGranted": false, "championPoints": 151, "championPointsSinceLastLevel": 151, "playerId": 21736, "championPointsUntilNextLevel": 1649, "tokensEarned": 0, "championId": 92, "lastPlayTime": 1436070017000}]