[{"championLevel": 5, "chestGranted": false, "championPoints": 30022, "championPointsSinceLastLevel": 8422, "playerId": 21732, "championPointsUntilNextLevel": 0, "tokensEarned": 0, "championId": 5, "lastPlayTime": 1459470548000}, {"championLevel": 2, "chestGranted": false, "championPoints": 5557, "championPointsSinceLastLevel": 3757, "playerId": 21732, "championPointsUntilNextLevel": 443, "tokensEarned": 0, "championId": 54, "lastPlayTime": 1458757170000}, {"championLevel": 2, "chestGranted": false, "championPoints": 4103, "championPointsSinceLastLevel": 2303, "playerId": 21732, "championPointsUntilNextLevel": 1897, "tokensEarned": 0, "championId": 23, "lastPlayTime": 1459272913000}, {"championLevel": 2, "chestGranted": false, "championPoints": 2151, "championPointsSinceLastLevel": 351, "playerId": 21732, "championPointsUntilNextLevel": 3849, "tokensEarned": 0, "championId": 53, "lastPlayTime": 1458838884000}, {"championLevel": 1, "chestGranted": false, "championPoints": 1312, "championPointsSinceLastLevel": 1312, "playerId": 21732, "championPointsUntilNextLevel": 488, "tokensEarned": 0, "championId": 119, "lastPlayTime": 1434666128000}, {"championLevel": 1, "chestGranted": false, "championPoints": 1257, "championPointsSinceLastLevel": 1257, "playerId": 21732, "championPointsUntilNextLevel": 543, "tokensEarned": 0, "championId": 91, "lastPlayTime": 1435784154000}, {"championLevel": 1, "chestGranted": false, "championPoints": 1211, "championPointsSinceLastLevel": 1211, "playerId": 21732, "championPointsUntilNextLevel": 589, "tokensEarned": 0, "championId": 67, "lastPlayTime": 1442277092000}, {"championLevel": 1, "chestGranted": false, "championPoints": 1202, "championPointsSinceLastLevel": 1202, "playerId": 21732, "championPointsUntilNextLevel": 598, "tokensEarned": 0, "championId": 6, "lastPlayTime": 1431998559000}, {"championLevel": 1, "chestGranted": false, "championPoints": 1151, "championPointsSinceLastLevel": 1151, "playerId": 21732, "championPointsUntilNextLevel": 649, "tokensEarned": 0, "championId": 86, "lastPlayTime": 1459281875000}, {"championLevel": 1, "chestGranted": false, "championPoints": 1093, "championPointsSinceLastLevel": 1093, "playerId": 21732, "championPointsUntilNextLevel": 707, "tokensEarned": 0, "championId": 11, "lastPlayTime": 1463609783000}, {"championLevel": 1, "chestGranted": false, "championPoints": 1026, "championPointsSinceLastLevel": 1026, "playerId": 21732, "championPointsUntilNextLevel": 774, "tokensEarned": 0, "championId": 222, "lastPlayTime": 1431995803000}, {"championLevel": 1, "chestGranted": false, "championPoints": 323, "championPointsSinceLastLevel": 323, "playerId": 21732, "championPointsUntilNextLevel": 1477, "tokensEarned": 0, "championId": 19, "lastPlayTime": 1459017368000}, {"championLevel": 1, "chestGranted": false, "championPoints": 226, "championPointsSinceLastLevel": 226, "playerId": 21732, "championPointsUntilNextLevel": 1574, "tokensEarned": 0, "championId": 266, "lastPlayTime": 1432001376000}, {"championLevel": 1, "chestGranted": false, "championPoints": 180, "championPointsSinceLastLevel": 180, "playerId": 21732, "championPointsUntilNextLevel": 1620, "tokensEarned": 0, "championId": 22, "lastPlayTime": 1451596613000}, {"championLevel": 1, "chestGranted": false, "championPoints": 159, "championPointsSinceLastLevel": 159, "playerId": 21732, "championPointsUntilNextLevel": 1641, "tokensEarned": 0, "championId": 157, "lastPlayTime": 1442274153000}, {"championLevel": 1, "chestGranted": false, "championPoints": 151, "championPointsSinceLastLevel": 151, "playerId": 21732, "championPointsUntilNextLevel": 1649, "tokensEarned": 0, "championId": 15, "lastPlayTime": 1442279604000}, {"championLevel": 1, "chestGranted": false, "championPoints": 122, "championPointsSinceLastLevel": 122, "playerId": 21732, "championPointsUntilNextLevel": 1678, "tokensEarned": 0, "championId": 35, "lastPlayTime": 1435866205000}]