[{"championLevel": 4, "chestGranted": false, "championPoints": 13630, "championPointsSinceLastLevel": 1030, "playerId": 21733, "championPointsUntilNextLevel": 7970, "tokensEarned": 0, "championId": 236, "lastPlayTime": 1460236291000}, {"championLevel": 3, "chestGranted": false, "championPoints": 6710, "championPointsSinceLastLevel": 710, "playerId": 21733, "championPointsUntilNextLevel": 5890, "tokensEarned": 0, "championId": 61, "lastPlayTime": 1468042852000}, {"championLevel": 3, "chestGranted": false, "championPoints": 6114, "championPointsSinceLastLevel": 114, "playerId": 21733, "championPointsUntilNextLevel": 6486, "tokensEarned": 0, "championId": 222, "lastPlayTime": 1457990439000}, {"championLevel": 2, "chestGranted": true, "championPoints": 5722, "championPointsSinceLastLevel": 3922, "playerId": 21733, "championPointsUntilNextLevel": 278, "tokensEarned": 0, "championId": 254, "lastPlayTime": 1465771547000}, {"championLevel": 2, "chestGranted": true, "championPoints": 4108, "championPointsSinceLastLevel": 2308, "playerId": 21733, "championPointsUntilNextLevel": 1892, "tokensEarned": 0, "championId": 15, "lastPlayTime": 1468218193000}, {"championLevel": 2, "chestGranted": false, "championPoints": 3563, "championPointsSinceLastLevel": 1763, "playerId": 21733, "championPointsUntilNextLevel": 2437, "tokensEarned": 0, "championId": 223, "lastPlayTime": 1460935986000}, {"championLevel": 2, "chestGranted": false, "championPoints": 3198, "championPointsSinceLastLevel": 1398, "playerId": 21733, "championPointsUntilNextLevel": 2802, "tokensEarned": 0, "championId": 51, "lastPlayTime": 1468686616000}, {"championLevel": 2, "chestGranted": false, "championPoints": 3123, "championPointsSinceLastLevel": 1323, "playerId": 21733, "championPointsUntilNextLevel": 2877, "tokensEarned": 0, "championId": 104, "lastPlayTime": 1463364552000}, {"championLevel": 2, "chestGranted": true, "championPoints": 3043, "championPointsSinceLastLevel": 1243, "playerId": 21733, "championPointsUntilNextLevel": 2957, "tokensEarned": 0, "championId": 64, "lastPlayTime": 1468616723000}, {"championLevel": 2, "chestGranted": false, "championPoints": 3043, "championPointsSinceLastLevel": 1243, "playerId": 21733, "championPointsUntilNextLevel": 2957, "tokensEarned": 0, "championId": 2, "lastPlayTime": 1467935039000}, {"championLevel": 2, "chestGranted": false, "championPoints": 2573, "championPointsSinceLastLevel": 773, "playerId": 21733, "championPointsUntilNextLevel": 3427, "tokensEarned": 0, "championId": 29, "lastPlayTime": 1468482178000}, {"championLevel": 2, "chestGranted": false, "championPoints": 2421, "championPointsSinceLastLevel": 621, "playerId": 21733, "championPointsUntilNextLevel": 3579, "tokensEarned": 0, "championId": 122, "lastPlayTime": 1464558479000}, {"championLevel": 2, "chestGranted": false, "championPoints": 2081, "championPointsSinceLastLevel": 281, "playerId": 21733, "championPointsUntilNextLevel": 3919, "tokensEarned": 0, "championId": 59, "lastPlayTime": 1461539097000}, {"championLevel": 2, "chestGranted": false, "championPoints": 2081, "championPointsSinceLastLevel": 281, "playerId": 21733, "championPointsUntilNextLevel": 3919, "tokensEarned": 0, "championId": 12, "lastPlayTime": 1463362229000}, {"championLevel": 2, "chestGranted": true, "championPoints": 1994, "championPointsSinceLastLevel": 194, "playerId": 21733, "championPointsUntilNextLevel": 4006, "tokensEarned": 0, "championId": 79, "lastPlayTime": 1468466478000}, {"championLevel": 2, "chestGranted": false, "championPoints": 1982, "championPointsSinceLastLevel": 182, "playerId": 21733, "championPointsUntilNextLevel": 4018, "tokensEarned": 0, "championId": 238, "lastPlayTime": 1468530158000}, {"championLevel": 2, "chestGranted": false, "championPoints": 1946, "championPointsSinceLastLevel": 146, "playerId": 21733, "championPointsUntilNextLevel": 4054, "tokensEarned": 0, "championId": 55, "lastPlayTime": 1468265765000}, {"championLevel": 1, "chestGranted": false, "championPoints": 1707, "championPointsSinceLastLevel": 1707, "playerId": 21733, "championPointsUntilNextLevel": 93, "tokensEarned": 0, "championId": 201, "lastPlayTime": 1465691666000}, {"championLevel": 1, "chestGranted": false, "championPoints": 1664, "championPointsSinceLastLevel": 1664, "playerId": 21733, "championPointsUntilNextLevel": 136, "tokensEarned": 0, "championId": 92, "lastPlayTime": 1468708128000}, {"championLevel": 1, "chestGranted": false, "championPoints": 1621, "championPointsSinceLastLevel": 1621, "playerId": 21733, "championPointsUntilNextLevel": 179, "tokensEarned": 0, "championId": 96, "lastPlayTime": 1468221796000}, {"championLevel": 1, "chestGranted": true, "championPoints": 1538, "championPointsSinceLastLevel": 1538, "playerId": 21733, "championPointsUntilNextLevel": 262, "tokensEarned": 0, "championId": 21, "lastPlayTime": 1468701897000}, {"championLevel": 1, "chestGranted": false, "championPoints": 1392, "championPointsSinceLastLevel": 1392, "playerId": 21733, "championPointsUntilNextLevel": 408, "tokensEarned": 0, "championId": 99, "lastPlayTime": 1468264213000}, {"championLevel": 1, "chestGranted": false, "championPoints": 1340, "championPointsSinceLastLevel": 1340, "playerId": 21733, "championPointsUntilNextLevel": 460, "tokensEarned": 0, "championId": 134, "lastPlayTime": 1454986746000}, {"championLevel": 1, "chestGranted": true, "championPoints": 1292, "championPointsSinceLastLevel": 1292, "playerId": 21733, "championPointsUntilNextLevel": 508, "tokensEarned": 0, "championId": 14, "lastPlayTime": 1468195913000}, {"championLevel": 1, "chestGranted": false, "championPoints": 1237, "championPointsSinceLastLevel": 1237, "playerId": 21733, "championPointsUntilNextLevel": 563, "tokensEarned": 0, "championId": 13, "lastPlayTime": 1467937877000}, {"championLevel": 1, "chestGranted": false, "championPoints": 1234, "championPointsSinceLastLevel": 1234, "playerId": 21733, "championPointsUntilNextLevel": 566, "tokensEarned": 0, "championId": 18, "lastPlayTime": 1445906977000}, {"championLevel": 1, "chestGranted": false, "championPoints": 1188, "championPointsSinceLastLevel": 1188, "playerId": 21733, "championPointsUntilNextLevel": 612, "tokensEarned": 0, "championId": 102, "lastPlayTime": 1468485934000}, {"championLevel": 1, "chestGranted": false, "championPoints": 1181, "championPointsSinceLastLevel": 1181, "playerId": 21733, "championPointsUntilNextLevel": 619, "tokensEarned": 0, "championId": 25, "lastPlayTime": 1467939915000}, {"championLevel": 1, "chestGranted": false, "championPoints": 1157, "championPointsSinceLastLevel": 1157, "playerId": 21733, "championPointsUntilNextLevel": 643, "tokensEarned": 0, "championId": 74, "lastPlayTime": 1468287623000}, {"championLevel": 1, "chestGranted": false, "championPoints": 1146, "championPointsSinceLastLevel": 1146, "playerId": 21733, "championPointsUntilNextLevel": 654, "tokensEarned": 0, "championId": 81, "lastPlayTime": 1465688568000}, {"championLevel": 1, "chestGranted": false, "championPoints": 1141, "championPointsSinceLastLevel": 1141, "playerId": 21733, "championPointsUntilNextLevel": 659, "tokensEarned": 0, "championId": 4, "lastPlayTime": 1457368876000}, {"championLevel": 1, "chestGranted": false, "championPoints": 1090, "championPointsSinceLastLevel": 1090, "playerId": 21733, "championPointsUntilNextLevel": 710, "tokensEarned": 0, "championId": 77, "lastPlayTime": 1466356801000}, {"championLevel": 1, "chestGranted": false, "championPoints": 1085, "championPointsSinceLastLevel": 1085, "playerId": 21733, "championPointsUntilNextLevel": 715, "tokensEarned": 0, "championId": 22, "lastPlayTime": 1458440340000}, {"championLevel": 1, "chestGranted": false, "championPoints": 1032, "championPointsSinceLastLevel": 1032, "playerId": 21733, "championPointsUntilNextLevel": 768, "tokensEarned": 0, "championId": 412, "lastPlayTime": 1465959210000}, {"championLevel": 1, "chestGranted": true, "championPoints": 910, "championPointsSinceLastLevel": 910, "playerId": 21733, "championPointsUntilNextLevel": 890, "tokensEarned": 0, "championId": 80, "lastPlayTime": 1464560009000}, {"championLevel": 1, "chestGranted": false, "championPoints": 881, "championPointsSinceLastLevel": 881, "playerId": 21733, "championPointsUntilNextLevel": 919, "tokensEarned": 0, "championId": 24, "lastPlayTime": 1468522165000}, {"championLevel": 1, "chestGranted": false, "championPoints": 874, "championPointsSinceLastLevel": 874, "playerId": 21733, "championPointsUntilNextLevel": 926, "tokensEarned": 0, "championId": 67, "lastPlayTime": 1465805200000}, {"championLevel": 1, "chestGranted": false, "championPoints": 627, "championPointsSinceLastLevel": 627, "playerId": 21733, "championPointsUntilNextLevel": 1173, "tokensEarned": 0, "championId": 53, "lastPlayTime": 1468356912000}, {"championLevel": 1, "chestGranted": false, "championPoints": 608, "championPointsSinceLastLevel": 608, "playerId": 21733, "championPointsUntilNextLevel": 1192, "tokensEarned": 0, "championId": 111, "lastPlayTime": 1468121306000}, {"championLevel": 1, "chestGranted": false, "championPoints": 463, "championPointsSinceLastLevel": 463, "playerId": 21733, "championPointsUntilNextLevel": 1337, "tokensEarned": 0, "championId": 429, "lastPlayTime": 1468704974000}, {"championLevel": 1, "chestGranted": false, "championPoints": 425, "championPointsSinceLastLevel": 425, "playerId": 21733, "championPointsUntilNextLevel": 1375, "tokensEarned": 0, "championId": 202, "lastPlayTime": 1462050365000}, {"championLevel": 1, "chestGranted": false, "championPoints": 423, "championPointsSinceLastLevel": 423, "playerId": 21733, "championPointsUntilNextLevel": 1377, "tokensEarned": 0, "championId": 117, "lastPlayTime": 1468646587000}, {"championLevel": 1, "chestGranted": false, "championPoints": 418, "championPointsSinceLastLevel": 418, "playerId": 21733, "championPointsUntilNextLevel": 1382, "tokensEarned": 0, "championId": 154, "lastPlayTime": 1468275124000}, {"championLevel": 1, "chestGranted": false, "championPoints": 388, "championPointsSinceLastLevel": 388, "playerId": 21733, "championPointsUntilNextLevel": 1412, "tokensEarned": 0, "championId": 43, "lastPlayTime": 1468227248000}, {"championLevel": 1, "chestGranted": false, "championPoints": 380, "championPointsSinceLastLevel": 380, "playerId": 21733, "championPointsUntilNextLevel": 1420, "tokensEarned": 0, "championId": 127, "lastPlayTime": 1466284315000}, {"championLevel": 1, "chestGranted": false, "championPoints": 269, "championPointsSinceLastLevel": 269, "playerId": 21733, "championPointsUntilNextLevel": 1531, "tokensEarned": 0, "championId": 119, "lastPlayTime": 1467551822000}, {"championLevel": 1, "chestGranted": false, "championPoints": 235, "championPointsSinceLastLevel": 235, "playerId": 21733, "championPointsUntilNextLevel": 1565, "tokensEarned": 0, "championId": 121, "lastPlayTime": 1465715208000}, {"championLevel": 1, "chestGranted": false, "championPoints": 231, "championPointsSinceLastLevel": 231, "playerId": 21733, "championPointsUntilNextLevel": 1569, "tokensEarned": 0, "championId": 34, "lastPlayTime": 1468212177000}, {"championLevel": 1, "chestGranted": false, "championPoints": 217, "championPointsSinceLastLevel": 217, "playerId": 21733, "championPointsUntilNextLevel": 1583, "tokensEarned": 0, "championId": 143, "lastPlayTime": 1467509993000}, {"championLevel": 1, "chestGranted": false, "championPoints": 198, "championPointsSinceLastLevel": 198, "playerId": 21733, "championPointsUntilNextLevel": 1602, "tokensEarned": 0, "championId": 48, "lastPlayTime": 1468525540000}, {"championLevel": 1, "chestGranted": false, "championPoints": 196, "championPointsSinceLastLevel": 196, "playerId": 21733, "championPointsUntilNextLevel": 1604, "tokensEarned": 0, "championId": 54, "lastPlayTime": 1444534732000}, {"championLevel": 1, "chestGranted": false, "championPoints": 191, "championPointsSinceLastLevel": 191, "playerId": 21733, "championPointsUntilNextLevel": 1609, "tokensEarned": 0, "championId": 103, "lastPlayTime": 1468532330000}, {"championLevel": 1, "chestGranted": false, "championPoints": 180, "championPointsSinceLastLevel": 180, "playerId": 21733, "championPointsUntilNextLevel": 1620, "tokensEarned": 0, "championId": 89, "lastPlayTime": 1468185452000}, {"championLevel": 1, "chestGranted": false, "championPoints": 168, "championPointsSinceLastLevel": 168, "playerId": 21733, "championPointsUntilNextLevel": 1632, "tokensEarned": 0, "championId": 84, "lastPlayTime": 1468716817000}, {"championLevel": 1, "chestGranted": false, "championPoints": 167, "championPointsSinceLastLevel": 167, "playerId": 21733, "championPointsUntilNextLevel": 1633, "tokensEarned": 0, "championId": 62, "lastPlayTime": 1468535409000}, {"championLevel": 1, "chestGranted": false, "championPoints": 163, "championPointsSinceLastLevel": 163, "playerId": 21733, "championPointsUntilNextLevel": 1637, "tokensEarned": 0, "championId": 107, "lastPlayTime": 1468537435000}, {"championLevel": 1, "chestGranted": false, "championPoints": 157, "championPointsSinceLastLevel": 157, "playerId": 21733, "championPointsUntilNextLevel": 1643, "tokensEarned": 0, "championId": 3, "lastPlayTime": 1468198233000}, {"championLevel": 1, "chestGranted": false, "championPoints": 155, "championPointsSinceLastLevel": 155, "playerId": 21733, "championPointsUntilNextLevel": 1645, "tokensEarned": 0, "championId": 266, "lastPlayTime": 1446169552000}, {"championLevel": 1, "chestGranted": false, "championPoints": 149, "championPointsSinceLastLevel": 149, "playerId": 21733, "championPointsUntilNextLevel": 1651, "tokensEarned": 0, "championId": 150, "lastPlayTime": 1446405714000}, {"championLevel": 1, "chestGranted": false, "championPoints": 127, "championPointsSinceLastLevel": 127, "playerId": 21733, "championPointsUntilNextLevel": 1673, "tokensEarned": 0, "championId": 20, "lastPlayTime": 1460259658000}, {"championLevel": 1, "chestGranted": false, "championPoints": 126, "championPointsSinceLastLevel": 126, "playerId": 21733, "championPointsUntilNextLevel": 1674, "tokensEarned": 0, "championId": 157, "lastPlayTime": 1465764023000}, {"championLevel": 1, "chestGranted": false, "championPoints": 118, "championPointsSinceLastLevel": 118, "playerId": 21733, "championPointsUntilNextLevel": 1682, "tokensEarned": 0, "championId": 98, "lastPlayTime": 1468122670000}]