[{"championLevel": 6, "chestGranted": true, "championPoints": 151198, "championPointsSinceLastLevel": 129598, "playerId": 21749, "championPointsUntilNextLevel": 0, "tokensEarned": 1, "championId": 28, "lastPlayTime": 1469108996000}, {"championLevel": 5, "chestGranted": true, "championPoints": 25770, "championPointsSinceLastLevel": 4170, "playerId": 21749, "championPointsUntilNextLevel": 0, "tokensEarned": 1, "championId": 1, "lastPlayTime": 1469052370000}, {"championLevel": 5, "chestGranted": true, "championPoints": 23973, "championPointsSinceLastLevel": 2373, "playerId": 21749, "championPointsUntilNextLevel": 0, "tokensEarned": 0, "championId": 102, "lastPlayTime": 1467672681000}, {"championLevel": 5, "chestGranted": true, "championPoints": 23615, "championPointsSinceLastLevel": 2015, "playerId": 21749, "championPointsUntilNextLevel": 0, "tokensEarned": 0, "championId": 268, "lastPlayTime": 1468822124000}, {"championLevel": 5, "chestGranted": true, "championPoints": 22442, "championPointsSinceLastLevel": 842, "playerId": 21749, "championPointsUntilNextLevel": 0, "tokensEarned": 0, "championId": 7, "lastPlayTime": 1462653347000}, {"championLevel": 4, "chestGranted": true, "championPoints": 20094, "championPointsSinceLastLevel": 7494, "playerId": 21749, "championPointsUntilNextLevel": 1506, "tokensEarned": 0, "championId": 32, "lastPlayTime": 1469103305000}, {"championLevel": 4, "chestGranted": true, "championPoints": 19891, "championPointsSinceLastLevel": 7291, "playerId": 21749, "championPointsUntilNextLevel": 1709, "tokensEarned": 0, "championId": 60, "lastPlayTime": 1468898344000}, {"championLevel": 4, "chestGranted": false, "championPoints": 19666, "championPointsSinceLastLevel": 7066, "playerId": 21749, "championPointsUntilNextLevel": 1934, "tokensEarned": 0, "championId": 22, "lastPlayTime": 1468991753000}, {"championLevel": 4, "chestGranted": true, "championPoints": 18939, "championPointsSinceLastLevel": 6339, "playerId": 21749, "championPointsUntilNextLevel": 2661, "tokensEarned": 0, "championId": 11, "lastPlayTime": 1465434401000}, {"championLevel": 4, "chestGranted": true, "championPoints": 13471, "championPointsSinceLastLevel": 871, "playerId": 21749, "championPointsUntilNextLevel": 8129, "tokensEarned": 0, "championId": 99, "lastPlayTime": 1467850394000}, {"championLevel": 4, "chestGranted": true, "championPoints": 13225, "championPointsSinceLastLevel": 625, "playerId": 21749, "championPointsUntilNextLevel": 8375, "tokensEarned": 0, "championId": 62, "lastPlayTime": 1460334364000}, {"championLevel": 3, "chestGranted": false, "championPoints": 10732, "championPointsSinceLastLevel": 4732, "playerId": 21749, "championPointsUntilNextLevel": 1868, "tokensEarned": 0, "championId": 50, "lastPlayTime": 1460931292000}, {"championLevel": 3, "chestGranted": true, "championPoints": 10600, "championPointsSinceLastLevel": 4600, "playerId": 21749, "championPointsUntilNextLevel": 2000, "tokensEarned": 0, "championId": 24, "lastPlayTime": 1461209152000}, {"championLevel": 3, "chestGranted": false, "championPoints": 9814, "championPointsSinceLastLevel": 3814, "playerId": 21749, "championPointsUntilNextLevel": 2786, "tokensEarned": 0, "championId": 67, "lastPlayTime": 1468878413000}, {"championLevel": 3, "chestGranted": false, "championPoints": 9197, "championPointsSinceLastLevel": 3197, "playerId": 21749, "championPointsUntilNextLevel": 3403, "tokensEarned": 0, "championId": 75, "lastPlayTime": 1468729082000}, {"championLevel": 3, "chestGranted": true, "championPoints": 7225, "championPointsSinceLastLevel": 1225, "playerId": 21749, "championPointsUntilNextLevel": 5375, "tokensEarned": 0, "championId": 30, "lastPlayTime": 1468793490000}, {"championLevel": 3, "chestGranted": false, "championPoints": 6968, "championPointsSinceLastLevel": 968, "playerId": 21749, "championPointsUntilNextLevel": 5632, "tokensEarned": 0, "championId": 15, "lastPlayTime": 1467764104000}, {"championLevel": 3, "chestGranted": false, "championPoints": 6034, "championPointsSinceLastLevel": 34, "playerId": 21749, "championPointsUntilNextLevel": 6566, "tokensEarned": 0, "championId": 31, "lastPlayTime": 1468987874000}, {"championLevel": 2, "chestGranted": true, "championPoints": 5372, "championPointsSinceLastLevel": 3572, "playerId": 21749, "championPointsUntilNextLevel": 628, "tokensEarned": 0, "championId": 157, "lastPlayTime": 1468817272000}, {"championLevel": 2, "chestGranted": true, "championPoints": 5321, "championPointsSinceLastLevel": 3521, "playerId": 21749, "championPointsUntilNextLevel": 679, "tokensEarned": 0, "championId": 37, "lastPlayTime": 1468837658000}, {"championLevel": 2, "chestGranted": false, "championPoints": 5133, "championPointsSinceLastLevel": 3333, "playerId": 21749, "championPointsUntilNextLevel": 867, "tokensEarned": 0, "championId": 55, "lastPlayTime": 1468736357000}, {"championLevel": 2, "chestGranted": true, "championPoints": 5100, "championPointsSinceLastLevel": 3300, "playerId": 21749, "championPointsUntilNextLevel": 900, "tokensEarned": 0, "championId": 203, "lastPlayTime": 1468195294000}, {"championLevel": 2, "chestGranted": true, "championPoints": 4903, "championPointsSinceLastLevel": 3103, "playerId": 21749, "championPointsUntilNextLevel": 1097, "tokensEarned": 0, "championId": 134, "lastPlayTime": 1468939272000}, {"championLevel": 2, "chestGranted": true, "championPoints": 4764, "championPointsSinceLastLevel": 2964, "playerId": 21749, "championPointsUntilNextLevel": 1236, "tokensEarned": 0, "championId": 64, "lastPlayTime": 1468037170000}, {"championLevel": 2, "chestGranted": false, "championPoints": 4578, "championPointsSinceLastLevel": 2778, "playerId": 21749, "championPointsUntilNextLevel": 1422, "tokensEarned": 0, "championId": 236, "lastPlayTime": 1468032362000}, {"championLevel": 2, "chestGranted": true, "championPoints": 4356, "championPointsSinceLastLevel": 2556, "playerId": 21749, "championPointsUntilNextLevel": 1644, "tokensEarned": 0, "championId": 23, "lastPlayTime": 1469060796000}, {"championLevel": 2, "chestGranted": false, "championPoints": 2977, "championPointsSinceLastLevel": 1177, "playerId": 21749, "championPointsUntilNextLevel": 3023, "tokensEarned": 0, "championId": 10, "lastPlayTime": 1468977858000}, {"championLevel": 2, "chestGranted": false, "championPoints": 2570, "championPointsSinceLastLevel": 770, "playerId": 21749, "championPointsUntilNextLevel": 3430, "tokensEarned": 0, "championId": 412, "lastPlayTime": 1469001959000}, {"championLevel": 2, "chestGranted": false, "championPoints": 2544, "championPointsSinceLastLevel": 744, "playerId": 21749, "championPointsUntilNextLevel": 3456, "tokensEarned": 0, "championId": 25, "lastPlayTime": 1431896753000}, {"championLevel": 2, "chestGranted": false, "championPoints": 2480, "championPointsSinceLastLevel": 680, "playerId": 21749, "championPointsUntilNextLevel": 3520, "tokensEarned": 0, "championId": 98, "lastPlayTime": 1469058205000}, {"championLevel": 2, "chestGranted": false, "championPoints": 2330, "championPointsSinceLastLevel": 530, "playerId": 21749, "championPointsUntilNextLevel": 3670, "tokensEarned": 0, "championId": 103, "lastPlayTime": 1468985084000}, {"championLevel": 2, "chestGranted": false, "championPoints": 2295, "championPointsSinceLastLevel": 495, "playerId": 21749, "championPointsUntilNextLevel": 3705, "tokensEarned": 0, "championId": 122, "lastPlayTime": 1459738464000}, {"championLevel": 2, "chestGranted": false, "championPoints": 2171, "championPointsSinceLastLevel": 371, "playerId": 21749, "championPointsUntilNextLevel": 3829, "tokensEarned": 0, "championId": 33, "lastPlayTime": 1462195608000}, {"championLevel": 2, "chestGranted": false, "championPoints": 2140, "championPointsSinceLastLevel": 340, "playerId": 21749, "championPointsUntilNextLevel": 3860, "tokensEarned": 0, "championId": 12, "lastPlayTime": 1468983881000}, {"championLevel": 2, "chestGranted": false, "championPoints": 2115, "championPointsSinceLastLevel": 315, "playerId": 21749, "championPointsUntilNextLevel": 3885, "tokensEarned": 0, "championId": 238, "lastPlayTime": 1459206121000}, {"championLevel": 2, "chestGranted": false, "championPoints": 2036, "championPointsSinceLastLevel": 236, "playerId": 21749, "championPointsUntilNextLevel": 3964, "tokensEarned": 0, "championId": 17, "lastPlayTime": 1468796340000}, {"championLevel": 2, "chestGranted": false, "championPoints": 2033, "championPointsSinceLastLevel": 233, "playerId": 21749, "championPointsUntilNextLevel": 3967, "tokensEarned": 0, "championId": 81, "lastPlayTime": 1469137569000}, {"championLevel": 1, "chestGranted": false, "championPoints": 1719, "championPointsSinceLastLevel": 1719, "playerId": 21749, "championPointsUntilNextLevel": 81, "tokensEarned": 0, "championId": 421, "lastPlayTime": 1458699609000}, {"championLevel": 1, "chestGranted": false, "championPoints": 1532, "championPointsSinceLastLevel": 1532, "playerId": 21749, "championPointsUntilNextLevel": 268, "tokensEarned": 0, "championId": 4, "lastPlayTime": 1468812903000}, {"championLevel": 1, "chestGranted": false, "championPoints": 1413, "championPointsSinceLastLevel": 1413, "playerId": 21749, "championPointsUntilNextLevel": 387, "tokensEarned": 0, "championId": 58, "lastPlayTime": 1431948381000}, {"championLevel": 1, "chestGranted": false, "championPoints": 1368, "championPointsSinceLastLevel": 1368, "playerId": 21749, "championPointsUntilNextLevel": 432, "tokensEarned": 0, "championId": 104, "lastPlayTime": 1459213572000}, {"championLevel": 1, "chestGranted": false, "championPoints": 1345, "championPointsSinceLastLevel": 1345, "playerId": 21749, "championPointsUntilNextLevel": 455, "tokensEarned": 0, "championId": 245, "lastPlayTime": 1466638526000}, {"championLevel": 1, "chestGranted": false, "championPoints": 1284, "championPointsSinceLastLevel": 1284, "playerId": 21749, "championPointsUntilNextLevel": 516, "tokensEarned": 0, "championId": 18, "lastPlayTime": 1457853358000}, {"championLevel": 1, "chestGranted": false, "championPoints": 1273, "championPointsSinceLastLevel": 1273, "playerId": 21749, "championPointsUntilNextLevel": 527, "tokensEarned": 0, "championId": 51, "lastPlayTime": 1462066756000}, {"championLevel": 1, "chestGranted": false, "championPoints": 1248, "championPointsSinceLastLevel": 1248, "playerId": 21749, "championPointsUntilNextLevel": 552, "tokensEarned": 0, "championId": 106, "lastPlayTime": 1461033892000}, {"championLevel": 1, "chestGranted": false, "championPoints": 1230, "championPointsSinceLastLevel": 1230, "playerId": 21749, "championPointsUntilNextLevel": 570, "tokensEarned": 0, "championId": 76, "lastPlayTime": 1461026054000}, {"championLevel": 1, "chestGranted": false, "championPoints": 1184, "championPointsSinceLastLevel": 1184, "playerId": 21749, "championPointsUntilNextLevel": 616, "tokensEarned": 0, "championId": 59, "lastPlayTime": 1459389602000}, {"championLevel": 1, "chestGranted": false, "championPoints": 1120, "championPointsSinceLastLevel": 1120, "playerId": 21749, "championPointsUntilNextLevel": 680, "tokensEarned": 0, "championId": 5, "lastPlayTime": 1459619947000}, {"championLevel": 1, "chestGranted": false, "championPoints": 853, "championPointsSinceLastLevel": 853, "playerId": 21749, "championPointsUntilNextLevel": 947, "tokensEarned": 0, "championId": 84, "lastPlayTime": 1457705751000}, {"championLevel": 1, "chestGranted": false, "championPoints": 758, "championPointsSinceLastLevel": 758, "playerId": 21749, "championPointsUntilNextLevel": 1042, "tokensEarned": 0, "championId": 13, "lastPlayTime": 1468988669000}, {"championLevel": 1, "chestGranted": false, "championPoints": 651, "championPointsSinceLastLevel": 651, "playerId": 21749, "championPointsUntilNextLevel": 1149, "tokensEarned": 0, "championId": 77, "lastPlayTime": 1468955364000}, {"championLevel": 1, "chestGranted": false, "championPoints": 580, "championPointsSinceLastLevel": 580, "playerId": 21749, "championPointsUntilNextLevel": 1220, "tokensEarned": 0, "championId": 267, "lastPlayTime": 1459820784000}, {"championLevel": 1, "chestGranted": false, "championPoints": 532, "championPointsSinceLastLevel": 532, "playerId": 21749, "championPointsUntilNextLevel": 1268, "tokensEarned": 0, "championId": 222, "lastPlayTime": 1468881962000}, {"championLevel": 1, "chestGranted": false, "championPoints": 451, "championPointsSinceLastLevel": 451, "playerId": 21749, "championPointsUntilNextLevel": 1349, "tokensEarned": 0, "championId": 120, "lastPlayTime": 1468285873000}, {"championLevel": 1, "chestGranted": false, "championPoints": 399, "championPointsSinceLastLevel": 399, "playerId": 21749, "championPointsUntilNextLevel": 1401, "tokensEarned": 0, "championId": 121, "lastPlayTime": 1459555317000}, {"championLevel": 1, "chestGranted": false, "championPoints": 371, "championPointsSinceLastLevel": 371, "playerId": 21749, "championPointsUntilNextLevel": 1429, "tokensEarned": 0, "championId": 91, "lastPlayTime": 1455493887000}, {"championLevel": 1, "chestGranted": false, "championPoints": 307, "championPointsSinceLastLevel": 307, "playerId": 21749, "championPointsUntilNextLevel": 1493, "tokensEarned": 0, "championId": 9, "lastPlayTime": 1467940147000}, {"championLevel": 1, "chestGranted": false, "championPoints": 209, "championPointsSinceLastLevel": 209, "playerId": 21749, "championPointsUntilNextLevel": 1591, "tokensEarned": 0, "championId": 41, "lastPlayTime": 1434914125000}, {"championLevel": 1, "chestGranted": false, "championPoints": 186, "championPointsSinceLastLevel": 186, "playerId": 21749, "championPointsUntilNextLevel": 1614, "tokensEarned": 0, "championId": 127, "lastPlayTime": 1457289024000}, {"championLevel": 1, "chestGranted": false, "championPoints": 174, "championPointsSinceLastLevel": 174, "playerId": 21749, "championPointsUntilNextLevel": 1626, "tokensEarned": 0, "championId": 92, "lastPlayTime": 1446464642000}, {"championLevel": 1, "chestGranted": false, "championPoints": 172, "championPointsSinceLastLevel": 172, "playerId": 21749, "championPointsUntilNextLevel": 1628, "tokensEarned": 0, "championId": 21, "lastPlayTime": 1468994087000}, {"championLevel": 1, "chestGranted": false, "championPoints": 168, "championPointsSinceLastLevel": 168, "playerId": 21749, "championPointsUntilNextLevel": 1632, "tokensEarned": 0, "championId": 79, "lastPlayTime": 1437250373000}, {"championLevel": 1, "chestGranted": false, "championPoints": 162, "championPointsSinceLastLevel": 162, "playerId": 21749, "championPointsUntilNextLevel": 1638, "tokensEarned": 0, "championId": 254, "lastPlayTime": 1433431501000}, {"championLevel": 1, "chestGranted": false, "championPoints": 158, "championPointsSinceLastLevel": 158, "playerId": 21749, "championPointsUntilNextLevel": 1642, "tokensEarned": 0, "championId": 114, "lastPlayTime": 1435375629000}, {"championLevel": 1, "chestGranted": false, "championPoints": 155, "championPointsSinceLastLevel": 155, "playerId": 21749, "championPointsUntilNextLevel": 1645, "tokensEarned": 0, "championId": 68, "lastPlayTime": 1437203336000}, {"championLevel": 1, "chestGranted": false, "championPoints": 71, "championPointsSinceLastLevel": 71, "playerId": 21749, "championPointsUntilNextLevel": 1729, "tokensEarned": 0, "championId": 20, "lastPlayTime": 1468989959000}]