[{"championLevel": 5, "chestGranted": true, "championPoints": 35709, "championPointsSinceLastLevel": 14109, "playerId": 21747, "championPointsUntilNextLevel": 0, "tokensEarned": 1, "championId": 105, "lastPlayTime": 1468282083000}, {"championLevel": 5, "chestGranted": false, "championPoints": 25947, "championPointsSinceLastLevel": 4347, "playerId": 21747, "championPointsUntilNextLevel": 0, "tokensEarned": 0, "championId": 8, "lastPlayTime": 1464398653000}, {"championLevel": 4, "chestGranted": true, "championPoints": 17460, "championPointsSinceLastLevel": 4860, "playerId": 21747, "championPointsUntilNextLevel": 4140, "tokensEarned": 0, "championId": 81, "lastPlayTime": 1462578891000}, {"championLevel": 4, "chestGranted": true, "championPoints": 17195, "championPointsSinceLastLevel": 4595, "playerId": 21747, "championPointsUntilNextLevel": 4405, "tokensEarned": 0, "championId": 19, "lastPlayTime": 1465179069000}, {"championLevel": 4, "chestGranted": true, "championPoints": 16428, "championPointsSinceLastLevel": 3828, "playerId": 21747, "championPointsUntilNextLevel": 5172, "tokensEarned": 0, "championId": 201, "lastPlayTime": 1461705484000}, {"championLevel": 4, "chestGranted": false, "championPoints": 16310, "championPointsSinceLastLevel": 3710, "playerId": 21747, "championPointsUntilNextLevel": 5290, "tokensEarned": 0, "championId": 131, "lastPlayTime": 1464567533000}, {"championLevel": 4, "chestGranted": false, "championPoints": 15699, "championPointsSinceLastLevel": 3099, "playerId": 21747, "championPointsUntilNextLevel": 5901, "tokensEarned": 0, "championId": 412, "lastPlayTime": 1459909688000}, {"championLevel": 4, "chestGranted": true, "championPoints": 15161, "championPointsSinceLastLevel": 2561, "playerId": 21747, "championPointsUntilNextLevel": 6439, "tokensEarned": 0, "championId": 36, "lastPlayTime": 1468644183000}, {"championLevel": 4, "chestGranted": false, "championPoints": 13599, "championPointsSinceLastLevel": 999, "playerId": 21747, "championPointsUntilNextLevel": 8001, "tokensEarned": 0, "championId": 98, "lastPlayTime": 1451428762000}, {"championLevel": 4, "chestGranted": false, "championPoints": 12654, "championPointsSinceLastLevel": 54, "playerId": 21747, "championPointsUntilNextLevel": 8946, "tokensEarned": 0, "championId": 106, "lastPlayTime": 1467479532000}, {"championLevel": 3, "chestGranted": false, "championPoints": 11667, "championPointsSinceLastLevel": 5667, "playerId": 21747, "championPointsUntilNextLevel": 933, "tokensEarned": 0, "championId": 12, "lastPlayTime": 1459037242000}, {"championLevel": 3, "chestGranted": false, "championPoints": 8445, "championPointsSinceLastLevel": 2445, "playerId": 21747, "championPointsUntilNextLevel": 4155, "tokensEarned": 0, "championId": 25, "lastPlayTime": 1448483261000}, {"championLevel": 3, "chestGranted": false, "championPoints": 8058, "championPointsSinceLastLevel": 2058, "playerId": 21747, "championPointsUntilNextLevel": 4542, "tokensEarned": 0, "championId": 69, "lastPlayTime": 1468547385000}, {"championLevel": 3, "chestGranted": false, "championPoints": 7373, "championPointsSinceLastLevel": 1373, "playerId": 21747, "championPointsUntilNextLevel": 5227, "tokensEarned": 0, "championId": 79, "lastPlayTime": 1439252566000}, {"championLevel": 3, "chestGranted": false, "championPoints": 7330, "championPointsSinceLastLevel": 1330, "playerId": 21747, "championPointsUntilNextLevel": 5270, "tokensEarned": 0, "championId": 112, "lastPlayTime": 1446003504000}, {"championLevel": 3, "chestGranted": false, "championPoints": 7252, "championPointsSinceLastLevel": 1252, "playerId": 21747, "championPointsUntilNextLevel": 5348, "tokensEarned": 0, "championId": 31, "lastPlayTime": 1462591345000}, {"championLevel": 3, "chestGranted": false, "championPoints": 7191, "championPointsSinceLastLevel": 1191, "playerId": 21747, "championPointsUntilNextLevel": 5409, "tokensEarned": 0, "championId": 11, "lastPlayTime": 1439003549000}, {"championLevel": 3, "chestGranted": false, "championPoints": 6967, "championPointsSinceLastLevel": 967, "playerId": 21747, "championPointsUntilNextLevel": 5633, "tokensEarned": 0, "championId": 121, "lastPlayTime": 1468457454000}, {"championLevel": 3, "chestGranted": true, "championPoints": 6778, "championPointsSinceLastLevel": 778, "playerId": 21747, "championPointsUntilNextLevel": 5822, "tokensEarned": 0, "championId": 2, "lastPlayTime": 1468203627000}, {"championLevel": 3, "chestGranted": false, "championPoints": 6493, "championPointsSinceLastLevel": 493, "playerId": 21747, "championPointsUntilNextLevel": 6107, "tokensEarned": 0, "championId": 42, "lastPlayTime": 1461441687000}, {"championLevel": 3, "chestGranted": false, "championPoints": 6286, "championPointsSinceLastLevel": 286, "playerId": 21747, "championPointsUntilNextLevel": 6314, "tokensEarned": 0, "championId": 76, "lastPlayTime": 1440375255000}, {"championLevel": 3, "chestGranted": false, "championPoints": 6027, "championPointsSinceLastLevel": 27, "playerId": 21747, "championPointsUntilNextLevel": 6573, "tokensEarned": 0, "championId": 22, "lastPlayTime": 1461454657000}, {"championLevel": 2, "chestGranted": false, "championPoints": 5823, "championPointsSinceLastLevel": 4023, "playerId": 21747, "championPointsUntilNextLevel": 177, "tokensEarned": 0, "championId": 117, "lastPlayTime": 1468107778000}, {"championLevel": 2, "chestGranted": false, "championPoints": 5602, "championPointsSinceLastLevel": 3802, "playerId": 21747, "championPointsUntilNextLevel": 398, "tokensEarned": 0, "championId": 103, "lastPlayTime": 1444342890000}, {"championLevel": 2, "chestGranted": false, "championPoints": 5580, "championPointsSinceLastLevel": 3780, "playerId": 21747, "championPointsUntilNextLevel": 420, "tokensEarned": 0, "championId": 110, "lastPlayTime": 1465184408000}, {"championLevel": 2, "chestGranted": false, "championPoints": 5545, "championPointsSinceLastLevel": 3745, "playerId": 21747, "championPointsUntilNextLevel": 455, "tokensEarned": 0, "championId": 126, "lastPlayTime": 1468286290000}, {"championLevel": 2, "chestGranted": true, "championPoints": 5510, "championPointsSinceLastLevel": 3710, "playerId": 21747, "championPointsUntilNextLevel": 490, "tokensEarned": 0, "championId": 3, "lastPlayTime": 1468459989000}, {"championLevel": 2, "chestGranted": false, "championPoints": 5389, "championPointsSinceLastLevel": 3589, "playerId": 21747, "championPointsUntilNextLevel": 611, "tokensEarned": 0, "championId": 104, "lastPlayTime": 1459013605000}, {"championLevel": 2, "chestGranted": false, "championPoints": 5364, "championPointsSinceLastLevel": 3564, "playerId": 21747, "championPointsUntilNextLevel": 636, "tokensEarned": 0, "championId": 89, "lastPlayTime": 1459977583000}, {"championLevel": 2, "chestGranted": false, "championPoints": 5081, "championPointsSinceLastLevel": 3281, "playerId": 21747, "championPointsUntilNextLevel": 919, "tokensEarned": 0, "championId": 40, "lastPlayTime": 1461435822000}, {"championLevel": 2, "chestGranted": false, "championPoints": 4701, "championPointsSinceLastLevel": 2901, "playerId": 21747, "championPointsUntilNextLevel": 1299, "tokensEarned": 0, "championId": 24, "lastPlayTime": 1450140288000}, {"championLevel": 2, "chestGranted": false, "championPoints": 4661, "championPointsSinceLastLevel": 2861, "playerId": 21747, "championPointsUntilNextLevel": 1339, "tokensEarned": 0, "championId": 7, "lastPlayTime": 1458506293000}, {"championLevel": 2, "chestGranted": false, "championPoints": 4596, "championPointsSinceLastLevel": 2796, "playerId": 21747, "championPointsUntilNextLevel": 1404, "tokensEarned": 0, "championId": 54, "lastPlayTime": 1444536477000}, {"championLevel": 2, "chestGranted": false, "championPoints": 4300, "championPointsSinceLastLevel": 2500, "playerId": 21747, "championPointsUntilNextLevel": 1700, "tokensEarned": 0, "championId": 86, "lastPlayTime": 1450267730000}, {"championLevel": 2, "chestGranted": false, "championPoints": 3893, "championPointsSinceLastLevel": 2093, "playerId": 21747, "championPointsUntilNextLevel": 2107, "tokensEarned": 0, "championId": 238, "lastPlayTime": 1450768593000}, {"championLevel": 2, "chestGranted": false, "championPoints": 3863, "championPointsSinceLastLevel": 2063, "playerId": 21747, "championPointsUntilNextLevel": 2137, "tokensEarned": 0, "championId": 51, "lastPlayTime": 1458924340000}, {"championLevel": 2, "chestGranted": false, "championPoints": 3808, "championPointsSinceLastLevel": 2008, "playerId": 21747, "championPointsUntilNextLevel": 2192, "tokensEarned": 0, "championId": 56, "lastPlayTime": 1466123172000}, {"championLevel": 2, "chestGranted": false, "championPoints": 3768, "championPointsSinceLastLevel": 1968, "playerId": 21747, "championPointsUntilNextLevel": 2232, "tokensEarned": 0, "championId": 85, "lastPlayTime": 1445566259000}, {"championLevel": 2, "chestGranted": false, "championPoints": 3744, "championPointsSinceLastLevel": 1944, "playerId": 21747, "championPointsUntilNextLevel": 2256, "tokensEarned": 0, "championId": 61, "lastPlayTime": 1447465803000}, {"championLevel": 2, "chestGranted": false, "championPoints": 3680, "championPointsSinceLastLevel": 1880, "playerId": 21747, "championPointsUntilNextLevel": 2320, "tokensEarned": 0, "championId": 113, "lastPlayTime": 1443234238000}, {"championLevel": 2, "chestGranted": false, "championPoints": 3459, "championPointsSinceLastLevel": 1659, "playerId": 21747, "championPointsUntilNextLevel": 2541, "tokensEarned": 0, "championId": 114, "lastPlayTime": 1448536688000}, {"championLevel": 2, "chestGranted": false, "championPoints": 3387, "championPointsSinceLastLevel": 1587, "playerId": 21747, "championPointsUntilNextLevel": 2613, "tokensEarned": 0, "championId": 96, "lastPlayTime": 1447352477000}, {"championLevel": 2, "chestGranted": false, "championPoints": 3201, "championPointsSinceLastLevel": 1401, "playerId": 21747, "championPointsUntilNextLevel": 2799, "tokensEarned": 0, "championId": 17, "lastPlayTime": 1438827016000}, {"championLevel": 2, "chestGranted": false, "championPoints": 3148, "championPointsSinceLastLevel": 1348, "playerId": 21747, "championPointsUntilNextLevel": 2852, "tokensEarned": 0, "championId": 35, "lastPlayTime": 1467339643000}, {"championLevel": 2, "chestGranted": false, "championPoints": 3079, "championPointsSinceLastLevel": 1279, "playerId": 21747, "championPointsUntilNextLevel": 2921, "tokensEarned": 0, "championId": 18, "lastPlayTime": 1441071136000}, {"championLevel": 2, "chestGranted": false, "championPoints": 3031, "championPointsSinceLastLevel": 1231, "playerId": 21747, "championPointsUntilNextLevel": 2969, "tokensEarned": 0, "championId": 37, "lastPlayTime": 1462289014000}, {"championLevel": 2, "chestGranted": false, "championPoints": 2936, "championPointsSinceLastLevel": 1136, "playerId": 21747, "championPointsUntilNextLevel": 3064, "tokensEarned": 0, "championId": 6, "lastPlayTime": 1434866236000}, {"championLevel": 2, "chestGranted": false, "championPoints": 2867, "championPointsSinceLastLevel": 1067, "playerId": 21747, "championPointsUntilNextLevel": 3133, "tokensEarned": 0, "championId": 34, "lastPlayTime": 1445564059000}, {"championLevel": 2, "chestGranted": false, "championPoints": 2838, "championPointsSinceLastLevel": 1038, "playerId": 21747, "championPointsUntilNextLevel": 3162, "tokensEarned": 0, "championId": 30, "lastPlayTime": 1445577123000}, {"championLevel": 2, "chestGranted": false, "championPoints": 2773, "championPointsSinceLastLevel": 973, "playerId": 21747, "championPointsUntilNextLevel": 3227, "tokensEarned": 0, "championId": 92, "lastPlayTime": 1439874957000}, {"championLevel": 2, "chestGranted": false, "championPoints": 2728, "championPointsSinceLastLevel": 928, "playerId": 21747, "championPointsUntilNextLevel": 3272, "tokensEarned": 0, "championId": 102, "lastPlayTime": 1437810387000}, {"championLevel": 2, "chestGranted": false, "championPoints": 2562, "championPointsSinceLastLevel": 762, "playerId": 21747, "championPointsUntilNextLevel": 3438, "tokensEarned": 0, "championId": 63, "lastPlayTime": 1467483989000}, {"championLevel": 2, "chestGranted": false, "championPoints": 2495, "championPointsSinceLastLevel": 695, "playerId": 21747, "championPointsUntilNextLevel": 3505, "tokensEarned": 0, "championId": 33, "lastPlayTime": 1461446696000}, {"championLevel": 2, "chestGranted": false, "championPoints": 2297, "championPointsSinceLastLevel": 497, "playerId": 21747, "championPointsUntilNextLevel": 3703, "tokensEarned": 0, "championId": 68, "lastPlayTime": 1444178395000}, {"championLevel": 2, "chestGranted": false, "championPoints": 2167, "championPointsSinceLastLevel": 367, "playerId": 21747, "championPointsUntilNextLevel": 3833, "tokensEarned": 0, "championId": 254, "lastPlayTime": 1437696916000}, {"championLevel": 1, "chestGranted": false, "championPoints": 1754, "championPointsSinceLastLevel": 1754, "playerId": 21747, "championPointsUntilNextLevel": 46, "tokensEarned": 0, "championId": 58, "lastPlayTime": 1431669989000}, {"championLevel": 1, "chestGranted": false, "championPoints": 1503, "championPointsSinceLastLevel": 1503, "playerId": 21747, "championPointsUntilNextLevel": 297, "tokensEarned": 0, "championId": 267, "lastPlayTime": 1447296642000}, {"championLevel": 1, "chestGranted": false, "championPoints": 1497, "championPointsSinceLastLevel": 1497, "playerId": 21747, "championPointsUntilNextLevel": 303, "tokensEarned": 0, "championId": 83, "lastPlayTime": 1463962158000}, {"championLevel": 1, "chestGranted": false, "championPoints": 1460, "championPointsSinceLastLevel": 1460, "playerId": 21747, "championPointsUntilNextLevel": 340, "tokensEarned": 0, "championId": 48, "lastPlayTime": 1439518833000}, {"championLevel": 1, "chestGranted": false, "championPoints": 1453, "championPointsSinceLastLevel": 1453, "playerId": 21747, "championPointsUntilNextLevel": 347, "tokensEarned": 0, "championId": 67, "lastPlayTime": 1447694832000}, {"championLevel": 1, "chestGranted": false, "championPoints": 1445, "championPointsSinceLastLevel": 1445, "playerId": 21747, "championPointsUntilNextLevel": 355, "tokensEarned": 0, "championId": 157, "lastPlayTime": 1435206322000}, {"championLevel": 1, "chestGranted": false, "championPoints": 1437, "championPointsSinceLastLevel": 1437, "playerId": 21747, "championPointsUntilNextLevel": 363, "tokensEarned": 0, "championId": 57, "lastPlayTime": 1441424298000}, {"championLevel": 1, "chestGranted": false, "championPoints": 1357, "championPointsSinceLastLevel": 1357, "playerId": 21747, "championPointsUntilNextLevel": 443, "tokensEarned": 0, "championId": 50, "lastPlayTime": 1468105661000}, {"championLevel": 1, "chestGranted": false, "championPoints": 1199, "championPointsSinceLastLevel": 1199, "playerId": 21747, "championPointsUntilNextLevel": 601, "tokensEarned": 0, "championId": 80, "lastPlayTime": 1447540249000}, {"championLevel": 1, "chestGranted": false, "championPoints": 1161, "championPointsSinceLastLevel": 1161, "playerId": 21747, "championPointsUntilNextLevel": 639, "tokensEarned": 0, "championId": 203, "lastPlayTime": 1461702420000}, {"championLevel": 1, "chestGranted": false, "championPoints": 927, "championPointsSinceLastLevel": 927, "playerId": 21747, "championPointsUntilNextLevel": 873, "tokensEarned": 0, "championId": 41, "lastPlayTime": 1437605540000}, {"championLevel": 1, "chestGranted": true, "championPoints": 517, "championPointsSinceLastLevel": 517, "playerId": 21747, "championPointsUntilNextLevel": 1283, "tokensEarned": 0, "championId": 44, "lastPlayTime": 1462582952000}, {"championLevel": 1, "chestGranted": false, "championPoints": 478, "championPointsSinceLastLevel": 478, "playerId": 21747, "championPointsUntilNextLevel": 1322, "tokensEarned": 0, "championId": 82, "lastPlayTime": 1440520282000}, {"championLevel": 1, "chestGranted": false, "championPoints": 311, "championPointsSinceLastLevel": 311, "playerId": 21747, "championPointsUntilNextLevel": 1489, "tokensEarned": 0, "championId": 13, "lastPlayTime": 1434872565000}, {"championLevel": 1, "chestGranted": false, "championPoints": 291, "championPointsSinceLastLevel": 291, "playerId": 21747, "championPointsUntilNextLevel": 1509, "tokensEarned": 0, "championId": 15, "lastPlayTime": 1434470369000}, {"championLevel": 1, "chestGranted": false, "championPoints": 258, "championPointsSinceLastLevel": 258, "playerId": 21747, "championPointsUntilNextLevel": 1542, "tokensEarned": 0, "championId": 78, "lastPlayTime": 1450143484000}, {"championLevel": 1, "chestGranted": false, "championPoints": 252, "championPointsSinceLastLevel": 252, "playerId": 21747, "championPointsUntilNextLevel": 1548, "tokensEarned": 0, "championId": 20, "lastPlayTime": 1450126560000}, {"championLevel": 1, "chestGranted": false, "championPoints": 247, "championPointsSinceLastLevel": 247, "playerId": 21747, "championPointsUntilNextLevel": 1553, "tokensEarned": 0, "championId": 9, "lastPlayTime": 1466301928000}, {"championLevel": 1, "chestGranted": false, "championPoints": 237, "championPointsSinceLastLevel": 237, "playerId": 21747, "championPointsUntilNextLevel": 1563, "tokensEarned": 0, "championId": 27, "lastPlayTime": 1433571588000}, {"championLevel": 1, "chestGranted": false, "championPoints": 216, "championPointsSinceLastLevel": 216, "playerId": 21747, "championPointsUntilNextLevel": 1584, "tokensEarned": 0, "championId": 38, "lastPlayTime": 1435212208000}, {"championLevel": 1, "chestGranted": false, "championPoints": 179, "championPointsSinceLastLevel": 179, "playerId": 21747, "championPointsUntilNextLevel": 1621, "tokensEarned": 0, "championId": 1, "lastPlayTime": 1437234465000}, {"championLevel": 1, "chestGranted": false, "championPoints": 126, "championPointsSinceLastLevel": 126, "playerId": 21747, "championPointsUntilNextLevel": 1674, "tokensEarned": 0, "championId": 432, "lastPlayTime": 1452902268000}, {"championLevel": 1, "chestGranted": false, "championPoints": 119, "championPointsSinceLastLevel": 119, "playerId": 21747, "championPointsUntilNextLevel": 1681, "tokensEarned": 0, "championId": 133, "lastPlayTime": 1449244270000}]