[{"championLevel": 5, "chestGranted": false, "championPoints": 22336, "championPointsSinceLastLevel": 736, "playerId": 21745, "championPointsUntilNextLevel": 0, "tokensEarned": 0, "championId": 267, "lastPlayTime": 1433011199000}, {"championLevel": 3, "chestGranted": false, "championPoints": 9102, "championPointsSinceLastLevel": 3102, "playerId": 21745, "championPointsUntilNextLevel": 3498, "tokensEarned": 0, "championId": 89, "lastPlayTime": 1463867772000}, {"championLevel": 1, "chestGranted": false, "championPoints": 1713, "championPointsSinceLastLevel": 1713, "playerId": 21745, "championPointsUntilNextLevel": 87, "tokensEarned": 0, "championId": 40, "lastPlayTime": 1432684242000}, {"championLevel": 1, "chestGranted": false, "championPoints": 288, "championPointsSinceLastLevel": 288, "playerId": 21745, "championPointsUntilNextLevel": 1512, "tokensEarned": 0, "championId": 20, "lastPlayTime": 1439868006000}, {"championLevel": 1, "chestGranted": false, "championPoints": 166, "championPointsSinceLastLevel": 166, "playerId": 21745, "championPointsUntilNextLevel": 1634, "tokensEarned": 0, "championId": 99, "lastPlayTime": 1463904585000}]