[{"championLevel": 5, "chestGranted": true, "championPoints": 24055, "championPointsSinceLastLevel": 2455, "playerId": 21741, "championPointsUntilNextLevel": 0, "tokensEarned": 1, "championId": 92, "lastPlayTime": 1463902744000}, {"championLevel": 4, "chestGranted": true, "championPoints": 15197, "championPointsSinceLastLevel": 2597, "playerId": 21741, "championPointsUntilNextLevel": 6403, "tokensEarned": 0, "championId": 105, "lastPlayTime": 1468641845000}, {"championLevel": 3, "chestGranted": false, "championPoints": 6116, "championPointsSinceLastLevel": 116, "playerId": 21741, "championPointsUntilNextLevel": 6484, "tokensEarned": 0, "championId": 64, "lastPlayTime": 1467167815000}, {"championLevel": 2, "chestGranted": true, "championPoints": 4296, "championPointsSinceLastLevel": 2496, "playerId": 21741, "championPointsUntilNextLevel": 1704, "tokensEarned": 0, "championId": 157, "lastPlayTime": 1464145521000}, {"championLevel": 2, "chestGranted": true, "championPoints": 4109, "championPointsSinceLastLevel": 2309, "playerId": 21741, "championPointsUntilNextLevel": 1891, "tokensEarned": 0, "championId": 58, "lastPlayTime": 1468561324000}, {"championLevel": 2, "chestGranted": true, "championPoints": 3846, "championPointsSinceLastLevel": 2046, "playerId": 21741, "championPointsUntilNextLevel": 2154, "tokensEarned": 0, "championId": 120, "lastPlayTime": 1467059996000}, {"championLevel": 2, "chestGranted": false, "championPoints": 3615, "championPointsSinceLastLevel": 1815, "playerId": 21741, "championPointsUntilNextLevel": 2385, "tokensEarned": 0, "championId": 39, "lastPlayTime": 1467257217000}, {"championLevel": 2, "chestGranted": false, "championPoints": 2437, "championPointsSinceLastLevel": 637, "playerId": 21741, "championPointsUntilNextLevel": 3563, "tokensEarned": 0, "championId": 67, "lastPlayTime": 1451369959000}, {"championLevel": 2, "chestGranted": true, "championPoints": 2270, "championPointsSinceLastLevel": 470, "playerId": 21741, "championPointsUntilNextLevel": 3730, "tokensEarned": 0, "championId": 24, "lastPlayTime": 1464315557000}, {"championLevel": 2, "chestGranted": false, "championPoints": 1868, "championPointsSinceLastLevel": 68, "playerId": 21741, "championPointsUntilNextLevel": 4132, "tokensEarned": 0, "championId": 121, "lastPlayTime": 1463111359000}, {"championLevel": 1, "chestGranted": false, "championPoints": 1666, "championPointsSinceLastLevel": 1666, "playerId": 21741, "championPointsUntilNextLevel": 134, "tokensEarned": 0, "championId": 103, "lastPlayTime": 1449553161000}, {"championLevel": 1, "chestGranted": false, "championPoints": 1162, "championPointsSinceLastLevel": 1162, "playerId": 21741, "championPointsUntilNextLevel": 638, "tokensEarned": 0, "championId": 412, "lastPlayTime": 1445746150000}, {"championLevel": 1, "chestGranted": false, "championPoints": 1135, "championPointsSinceLastLevel": 1135, "playerId": 21741, "championPointsUntilNextLevel": 665, "tokensEarned": 0, "championId": 107, "lastPlayTime": 1445809203000}, {"championLevel": 1, "chestGranted": false, "championPoints": 1056, "championPointsSinceLastLevel": 1056, "playerId": 21741, "championPointsUntilNextLevel": 744, "tokensEarned": 0, "championId": 11, "lastPlayTime": 1463897146000}, {"championLevel": 1, "chestGranted": true, "championPoints": 1018, "championPointsSinceLastLevel": 1018, "playerId": 21741, "championPointsUntilNextLevel": 782, "tokensEarned": 0, "championId": 131, "lastPlayTime": 1462139274000}, {"championLevel": 1, "chestGranted": false, "championPoints": 1012, "championPointsSinceLastLevel": 1012, "playerId": 21741, "championPointsUntilNextLevel": 788, "tokensEarned": 0, "championId": 79, "lastPlayTime": 1437167742000}, {"championLevel": 1, "chestGranted": false, "championPoints": 951, "championPointsSinceLastLevel": 951, "playerId": 21741, "championPointsUntilNextLevel": 849, "tokensEarned": 0, "championId": 266, "lastPlayTime": 1448081663000}, {"championLevel": 1, "chestGranted": false, "championPoints": 855, "championPointsSinceLastLevel": 855, "playerId": 21741, "championPointsUntilNextLevel": 945, "tokensEarned": 0, "championId": 29, "lastPlayTime": 1468786839000}, {"championLevel": 1, "chestGranted": false, "championPoints": 652, "championPointsSinceLastLevel": 652, "playerId": 21741, "championPointsUntilNextLevel": 1148, "tokensEarned": 0, "championId": 99, "lastPlayTime": 1467873586000}, {"championLevel": 1, "chestGranted": false, "championPoints": 634, "championPointsSinceLastLevel": 634, "playerId": 21741, "championPointsUntilNextLevel": 1166, "tokensEarned": 0, "championId": 238, "lastPlayTime": 1449387538000}, {"championLevel": 1, "chestGranted": false, "championPoints": 356, "championPointsSinceLastLevel": 356, "playerId": 21741, "championPointsUntilNextLevel": 1444, "tokensEarned": 0, "championId": 51, "lastPlayTime": 1466856681000}, {"championLevel": 1, "chestGranted": false, "championPoints": 222, "championPointsSinceLastLevel": 222, "playerId": 21741, "championPointsUntilNextLevel": 1578, "tokensEarned": 0, "championId": 59, "lastPlayTime": 1447619892000}, {"championLevel": 1, "chestGranted": false, "championPoints": 187, "championPointsSinceLastLevel": 187, "playerId": 21741, "championPointsUntilNextLevel": 1613, "tokensEarned": 0, "championId": 16, "lastPlayTime": 1464147906000}, {"championLevel": 1, "chestGranted": false, "championPoints": 165, "championPointsSinceLastLevel": 165, "playerId": 21741, "championPointsUntilNextLevel": 1635, "tokensEarned": 0, "championId": 10, "lastPlayTime": 1463898917000}, {"championLevel": 1, "chestGranted": false, "championPoints": 162, "championPointsSinceLastLevel": 162, "playerId": 21741, "championPointsUntilNextLevel": 1638, "tokensEarned": 0, "championId": 17, "lastPlayTime": 1467116855000}, {"championLevel": 1, "chestGranted": false, "championPoints": 157, "championPointsSinceLastLevel": 157, "playerId": 21741, "championPointsUntilNextLevel": 1643, "tokensEarned": 0, "championId": 62, "lastPlayTime": 1463349529000}]