[{"championLevel": 5, "chestGranted": true, "championPoints": 56216, "championPointsSinceLastLevel": 34616, "playerId": 21758, "championPointsUntilNextLevel": 0, "tokensEarned": 0, "championId": 40, "lastPlayTime": 1467245212000}, {"championLevel": 5, "chestGranted": true, "championPoints": 37135, "championPointsSinceLastLevel": 15535, "playerId": 21758, "championPointsUntilNextLevel": 0, "tokensEarned": 1, "championId": 412, "lastPlayTime": 1465608979000}, {"championLevel": 5, "chestGranted": false, "championPoints": 36068, "championPointsSinceLastLevel": 14468, "playerId": 21758, "championPointsUntilNextLevel": 0, "tokensEarned": 0, "championId": 25, "lastPlayTime": 1459488012000}, {"championLevel": 5, "chestGranted": true, "championPoints": 26003, "championPointsSinceLastLevel": 4403, "playerId": 21758, "championPointsUntilNextLevel": 0, "tokensEarned": 0, "championId": 111, "lastPlayTime": 1460009592000}, {"championLevel": 4, "chestGranted": true, "championPoints": 20857, "championPointsSinceLastLevel": 8257, "playerId": 21758, "championPointsUntilNextLevel": 743, "tokensEarned": 0, "championId": 201, "lastPlayTime": 1459623602000}, {"championLevel": 4, "chestGranted": true, "championPoints": 18889, "championPointsSinceLastLevel": 6289, "playerId": 21758, "championPointsUntilNextLevel": 2711, "tokensEarned": 0, "championId": 117, "lastPlayTime": 1468649273000}, {"championLevel": 4, "chestGranted": true, "championPoints": 13263, "championPointsSinceLastLevel": 663, "playerId": 21758, "championPointsUntilNextLevel": 8337, "tokensEarned": 0, "championId": 58, "lastPlayTime": 1468920456000}, {"championLevel": 3, "chestGranted": false, "championPoints": 11040, "championPointsSinceLastLevel": 5040, "playerId": 21758, "championPointsUntilNextLevel": 1560, "tokensEarned": 0, "championId": 37, "lastPlayTime": 1462342207000}, {"championLevel": 3, "chestGranted": false, "championPoints": 9478, "championPointsSinceLastLevel": 3478, "playerId": 21758, "championPointsUntilNextLevel": 3122, "tokensEarned": 0, "championId": 12, "lastPlayTime": 1456476450000}, {"championLevel": 3, "chestGranted": false, "championPoints": 8951, "championPointsSinceLastLevel": 2951, "playerId": 21758, "championPointsUntilNextLevel": 3649, "tokensEarned": 0, "championId": 267, "lastPlayTime": 1460611160000}, {"championLevel": 3, "chestGranted": true, "championPoints": 7630, "championPointsSinceLastLevel": 1630, "playerId": 21758, "championPointsUntilNextLevel": 4970, "tokensEarned": 0, "championId": 53, "lastPlayTime": 1467533242000}, {"championLevel": 3, "chestGranted": false, "championPoints": 6312, "championPointsSinceLastLevel": 312, "playerId": 21758, "championPointsUntilNextLevel": 6288, "tokensEarned": 0, "championId": 10, "lastPlayTime": 1457905129000}, {"championLevel": 2, "chestGranted": false, "championPoints": 4215, "championPointsSinceLastLevel": 2415, "playerId": 21758, "championPointsUntilNextLevel": 1785, "tokensEarned": 0, "championId": 33, "lastPlayTime": 1451872152000}, {"championLevel": 2, "chestGranted": false, "championPoints": 3655, "championPointsSinceLastLevel": 1855, "playerId": 21758, "championPointsUntilNextLevel": 2345, "tokensEarned": 0, "championId": 18, "lastPlayTime": 1455155532000}, {"championLevel": 2, "chestGranted": false, "championPoints": 3470, "championPointsSinceLastLevel": 1670, "playerId": 21758, "championPointsUntilNextLevel": 2530, "tokensEarned": 0, "championId": 79, "lastPlayTime": 1460272405000}, {"championLevel": 2, "chestGranted": false, "championPoints": 2994, "championPointsSinceLastLevel": 1194, "playerId": 21758, "championPointsUntilNextLevel": 3006, "tokensEarned": 0, "championId": 223, "lastPlayTime": 1448178414000}, {"championLevel": 2, "chestGranted": false, "championPoints": 2679, "championPointsSinceLastLevel": 879, "playerId": 21758, "championPointsUntilNextLevel": 3321, "tokensEarned": 0, "championId": 44, "lastPlayTime": 1460089066000}, {"championLevel": 2, "chestGranted": true, "championPoints": 2613, "championPointsSinceLastLevel": 813, "playerId": 21758, "championPointsUntilNextLevel": 3387, "tokensEarned": 0, "championId": 16, "lastPlayTime": 1463030481000}, {"championLevel": 2, "chestGranted": false, "championPoints": 2210, "championPointsSinceLastLevel": 410, "playerId": 21758, "championPointsUntilNextLevel": 3790, "tokensEarned": 0, "championId": 150, "lastPlayTime": 1450653531000}, {"championLevel": 2, "chestGranted": false, "championPoints": 1956, "championPointsSinceLastLevel": 156, "playerId": 21758, "championPointsUntilNextLevel": 4044, "tokensEarned": 0, "championId": 432, "lastPlayTime": 1460045055000}, {"championLevel": 1, "chestGranted": false, "championPoints": 1784, "championPointsSinceLastLevel": 1784, "playerId": 21758, "championPointsUntilNextLevel": 16, "tokensEarned": 0, "championId": 92, "lastPlayTime": 1433386857000}, {"championLevel": 1, "chestGranted": false, "championPoints": 1680, "championPointsSinceLastLevel": 1680, "playerId": 21758, "championPointsUntilNextLevel": 120, "tokensEarned": 0, "championId": 1, "lastPlayTime": 1450644618000}, {"championLevel": 1, "chestGranted": false, "championPoints": 1488, "championPointsSinceLastLevel": 1488, "playerId": 21758, "championPointsUntilNextLevel": 312, "tokensEarned": 0, "championId": 238, "lastPlayTime": 1446961890000}, {"championLevel": 1, "chestGranted": true, "championPoints": 1418, "championPointsSinceLastLevel": 1418, "playerId": 21758, "championPointsUntilNextLevel": 382, "tokensEarned": 0, "championId": 43, "lastPlayTime": 1463028292000}, {"championLevel": 1, "chestGranted": false, "championPoints": 1220, "championPointsSinceLastLevel": 1220, "playerId": 21758, "championPointsUntilNextLevel": 580, "tokensEarned": 0, "championId": 103, "lastPlayTime": 1438743815000}, {"championLevel": 1, "chestGranted": false, "championPoints": 1207, "championPointsSinceLastLevel": 1207, "playerId": 21758, "championPointsUntilNextLevel": 593, "tokensEarned": 0, "championId": 32, "lastPlayTime": 1431824650000}, {"championLevel": 1, "chestGranted": false, "championPoints": 1176, "championPointsSinceLastLevel": 1176, "playerId": 21758, "championPointsUntilNextLevel": 624, "tokensEarned": 0, "championId": 9, "lastPlayTime": 1458855911000}, {"championLevel": 1, "chestGranted": false, "championPoints": 1158, "championPointsSinceLastLevel": 1158, "playerId": 21758, "championPointsUntilNextLevel": 642, "tokensEarned": 0, "championId": 89, "lastPlayTime": 1436753315000}, {"championLevel": 1, "chestGranted": true, "championPoints": 950, "championPointsSinceLastLevel": 950, "playerId": 21758, "championPointsUntilNextLevel": 850, "tokensEarned": 0, "championId": 7, "lastPlayTime": 1465628891000}, {"championLevel": 1, "chestGranted": true, "championPoints": 735, "championPointsSinceLastLevel": 735, "playerId": 21758, "championPointsUntilNextLevel": 1065, "tokensEarned": 0, "championId": 13, "lastPlayTime": 1459493337000}, {"championLevel": 1, "chestGranted": false, "championPoints": 530, "championPointsSinceLastLevel": 530, "playerId": 21758, "championPointsUntilNextLevel": 1270, "tokensEarned": 0, "championId": 42, "lastPlayTime": 1456808185000}, {"championLevel": 1, "chestGranted": false, "championPoints": 283, "championPointsSinceLastLevel": 283, "playerId": 21758, "championPointsUntilNextLevel": 1517, "tokensEarned": 0, "championId": 26, "lastPlayTime": 1434580142000}, {"championLevel": 1, "chestGranted": false, "championPoints": 211, "championPointsSinceLastLevel": 211, "playerId": 21758, "championPointsUntilNextLevel": 1589, "tokensEarned": 0, "championId": 51, "lastPlayTime": 1450667146000}, {"championLevel": 1, "chestGranted": false, "championPoints": 186, "championPointsSinceLastLevel": 186, "playerId": 21758, "championPointsUntilNextLevel": 1614, "tokensEarned": 0, "championId": 54, "lastPlayTime": 1459631327000}, {"championLevel": 1, "chestGranted": false, "championPoints": 160, "championPointsSinceLastLevel": 160, "playerId": 21758, "championPointsUntilNextLevel": 1640, "tokensEarned": 0, "championId": 99, "lastPlayTime": 1458852667000}, {"championLevel": 1, "chestGranted": false, "championPoints": 146, "championPointsSinceLastLevel": 146, "playerId": 21758, "championPointsUntilNextLevel": 1654, "tokensEarned": 0, "championId": 77, "lastPlayTime": 1460273995000}]