[{"championLevel": 2, "chestGranted": true, "championPoints": 4969, "championPointsSinceLastLevel": 3169, "playerId": 21750, "championPointsUntilNextLevel": 1031, "tokensEarned": 0, "championId": 236, "lastPlayTime": 1465526774000}, {"championLevel": 2, "chestGranted": false, "championPoints": 4345, "championPointsSinceLastLevel": 2545, "playerId": 21750, "championPointsUntilNextLevel": 1655, "tokensEarned": 0, "championId": 202, "lastPlayTime": 1461430120000}, {"championLevel": 2, "chestGranted": false, "championPoints": 2856, "championPointsSinceLastLevel": 1056, "playerId": 21750, "championPointsUntilNextLevel": 3144, "tokensEarned": 0, "championId": 105, "lastPlayTime": 1467437952000}, {"championLevel": 2, "chestGranted": false, "championPoints": 2314, "championPointsSinceLastLevel": 514, "playerId": 21750, "championPointsUntilNextLevel": 3686, "tokensEarned": 0, "championId": 51, "lastPlayTime": 1460862620000}, {"championLevel": 2, "chestGranted": false, "championPoints": 1831, "championPointsSinceLastLevel": 31, "playerId": 21750, "championPointsUntilNextLevel": 4169, "tokensEarned": 0, "championId": 120, "lastPlayTime": 1461433124000}, {"championLevel": 1, "chestGranted": true, "championPoints": 1794, "championPointsSinceLastLevel": 1794, "playerId": 21750, "championPointsUntilNextLevel": 6, "tokensEarned": 0, "championId": 42, "lastPlayTime": 1461016186000}, {"championLevel": 1, "chestGranted": false, "championPoints": 1763, "championPointsSinceLastLevel": 1763, "playerId": 21750, "championPointsUntilNextLevel": 37, "tokensEarned": 0, "championId": 67, "lastPlayTime": 1459218711000}, {"championLevel": 1, "chestGranted": true, "championPoints": 1031, "championPointsSinceLastLevel": 1031, "playerId": 21750, "championPointsUntilNextLevel": 769, "tokensEarned": 0, "championId": 53, "lastPlayTime": 1459192150000}, {"championLevel": 1, "chestGranted": false, "championPoints": 974, "championPointsSinceLastLevel": 974, "playerId": 21750, "championPointsUntilNextLevel": 826, "tokensEarned": 0, "championId": 429, "lastPlayTime": 1459194379000}, {"championLevel": 1, "chestGranted": false, "championPoints": 760, "championPointsSinceLastLevel": 760, "playerId": 21750, "championPointsUntilNextLevel": 1040, "tokensEarned": 0, "championId": 92, "lastPlayTime": 1460753530000}, {"championLevel": 1, "chestGranted": false, "championPoints": 425, "championPointsSinceLastLevel": 425, "playerId": 21750, "championPointsUntilNextLevel": 1375, "tokensEarned": 0, "championId": 43, "lastPlayTime": 1460752115000}, {"championLevel": 1, "chestGranted": false, "championPoints": 421, "championPointsSinceLastLevel": 421, "playerId": 21750, "championPointsUntilNextLevel": 1379, "tokensEarned": 0, "championId": 21, "lastPlayTime": 1450553309000}, {"championLevel": 1, "chestGranted": false, "championPoints": 235, "championPointsSinceLastLevel": 235, "playerId": 21750, "championPointsUntilNextLevel": 1565, "tokensEarned": 0, "championId": 55, "lastPlayTime": 1458315640000}, {"championLevel": 1, "chestGranted": false, "championPoints": 205, "championPointsSinceLastLevel": 205, "playerId": 21750, "championPointsUntilNextLevel": 1595, "tokensEarned": 0, "championId": 25, "lastPlayTime": 1459388637000}, {"championLevel": 1, "chestGranted": false, "championPoints": 153, "championPointsSinceLastLevel": 153, "playerId": 21750, "championPointsUntilNextLevel": 1647, "tokensEarned": 0, "championId": 64, "lastPlayTime": 1460322862000}, {"championLevel": 1, "chestGranted": false, "championPoints": 145, "championPointsSinceLastLevel": 145, "playerId": 21750, "championPointsUntilNextLevel": 1655, "tokensEarned": 0, "championId": 7, "lastPlayTime": 1460352389000}, {"championLevel": 1, "chestGranted": false, "championPoints": 124, "championPointsSinceLastLevel": 124, "playerId": 21750, "championPointsUntilNextLevel": 1676, "tokensEarned": 0, "championId": 39, "lastPlayTime": 1460324279000}]