[{"championLevel": 5, "chestGranted": true, "championPoints": 53187, "championPointsSinceLastLevel": 31587, "playerId": 21757, "championPointsUntilNextLevel": 0, "tokensEarned": 1, "championId": 63, "lastPlayTime": 1467505024000}, {"championLevel": 5, "chestGranted": false, "championPoints": 41020, "championPointsSinceLastLevel": 19420, "playerId": 21757, "championPointsUntilNextLevel": 0, "tokensEarned": 0, "championId": 98, "lastPlayTime": 1463518924000}, {"championLevel": 5, "chestGranted": true, "championPoints": 37093, "championPointsSinceLastLevel": 15493, "playerId": 21757, "championPointsUntilNextLevel": 0, "tokensEarned": 1, "championId": 32, "lastPlayTime": 1465265017000}, {"championLevel": 5, "chestGranted": true, "championPoints": 35872, "championPointsSinceLastLevel": 14272, "playerId": 21757, "championPointsUntilNextLevel": 0, "tokensEarned": 0, "championId": 99, "lastPlayTime": 1464036870000}, {"championLevel": 5, "chestGranted": false, "championPoints": 31691, "championPointsSinceLastLevel": 10091, "playerId": 21757, "championPointsUntilNextLevel": 0, "tokensEarned": 0, "championId": 126, "lastPlayTime": 1462252897000}, {"championLevel": 5, "chestGranted": true, "championPoints": 24338, "championPointsSinceLastLevel": 2738, "playerId": 21757, "championPointsUntilNextLevel": 0, "tokensEarned": 0, "championId": 36, "lastPlayTime": 1464049935000}, {"championLevel": 4, "chestGranted": false, "championPoints": 20703, "championPointsSinceLastLevel": 8103, "playerId": 21757, "championPointsUntilNextLevel": 897, "tokensEarned": 0, "championId": 412, "lastPlayTime": 1464205351000}, {"championLevel": 4, "chestGranted": true, "championPoints": 18071, "championPointsSinceLastLevel": 5471, "playerId": 21757, "championPointsUntilNextLevel": 3529, "tokensEarned": 0, "championId": 79, "lastPlayTime": 1464040142000}, {"championLevel": 4, "chestGranted": true, "championPoints": 16666, "championPointsSinceLastLevel": 4066, "playerId": 21757, "championPointsUntilNextLevel": 4934, "tokensEarned": 0, "championId": 18, "lastPlayTime": 1462829635000}, {"championLevel": 4, "chestGranted": false, "championPoints": 16602, "championPointsSinceLastLevel": 4002, "playerId": 21757, "championPointsUntilNextLevel": 4998, "tokensEarned": 0, "championId": 102, "lastPlayTime": 1457307000000}, {"championLevel": 4, "chestGranted": true, "championPoints": 15952, "championPointsSinceLastLevel": 3352, "playerId": 21757, "championPointsUntilNextLevel": 5648, "tokensEarned": 0, "championId": 81, "lastPlayTime": 1464831018000}, {"championLevel": 4, "chestGranted": true, "championPoints": 15346, "championPointsSinceLastLevel": 2746, "playerId": 21757, "championPointsUntilNextLevel": 6254, "tokensEarned": 0, "championId": 154, "lastPlayTime": 1464200832000}, {"championLevel": 4, "chestGranted": false, "championPoints": 14816, "championPointsSinceLastLevel": 2216, "playerId": 21757, "championPointsUntilNextLevel": 6784, "tokensEarned": 0, "championId": 86, "lastPlayTime": 1465258961000}, {"championLevel": 4, "chestGranted": true, "championPoints": 14309, "championPointsSinceLastLevel": 1709, "playerId": 21757, "championPointsUntilNextLevel": 7291, "tokensEarned": 0, "championId": 54, "lastPlayTime": 1467807029000}, {"championLevel": 4, "chestGranted": false, "championPoints": 14240, "championPointsSinceLastLevel": 1640, "playerId": 21757, "championPointsUntilNextLevel": 7360, "tokensEarned": 0, "championId": 222, "lastPlayTime": 1463515012000}, {"championLevel": 4, "chestGranted": true, "championPoints": 14081, "championPointsSinceLastLevel": 1481, "playerId": 21757, "championPointsUntilNextLevel": 7519, "tokensEarned": 0, "championId": 24, "lastPlayTime": 1464925295000}, {"championLevel": 4, "chestGranted": true, "championPoints": 14069, "championPointsSinceLastLevel": 1469, "playerId": 21757, "championPointsUntilNextLevel": 7531, "tokensEarned": 0, "championId": 53, "lastPlayTime": 1467412191000}, {"championLevel": 4, "chestGranted": false, "championPoints": 13634, "championPointsSinceLastLevel": 1034, "playerId": 21757, "championPointsUntilNextLevel": 7966, "tokensEarned": 0, "championId": 5, "lastPlayTime": 1461806451000}, {"championLevel": 4, "chestGranted": false, "championPoints": 13256, "championPointsSinceLastLevel": 656, "playerId": 21757, "championPointsUntilNextLevel": 8344, "tokensEarned": 0, "championId": 1, "lastPlayTime": 1464057284000}, {"championLevel": 3, "chestGranted": false, "championPoints": 11799, "championPointsSinceLastLevel": 5799, "playerId": 21757, "championPointsUntilNextLevel": 801, "tokensEarned": 0, "championId": 76, "lastPlayTime": 1464481480000}, {"championLevel": 3, "chestGranted": false, "championPoints": 11794, "championPointsSinceLastLevel": 5794, "playerId": 21757, "championPointsUntilNextLevel": 806, "tokensEarned": 0, "championId": 105, "lastPlayTime": 1464833761000}, {"championLevel": 3, "chestGranted": true, "championPoints": 11665, "championPointsSinceLastLevel": 5665, "playerId": 21757, "championPointsUntilNextLevel": 935, "tokensEarned": 0, "championId": 85, "lastPlayTime": 1464328256000}, {"championLevel": 3, "chestGranted": false, "championPoints": 11597, "championPointsSinceLastLevel": 5597, "playerId": 21757, "championPointsUntilNextLevel": 1003, "tokensEarned": 0, "championId": 254, "lastPlayTime": 1466195782000}, {"championLevel": 3, "chestGranted": false, "championPoints": 11524, "championPointsSinceLastLevel": 5524, "playerId": 21757, "championPointsUntilNextLevel": 1076, "tokensEarned": 0, "championId": 64, "lastPlayTime": 1464892751000}, {"championLevel": 3, "chestGranted": false, "championPoints": 11202, "championPointsSinceLastLevel": 5202, "playerId": 21757, "championPointsUntilNextLevel": 1398, "tokensEarned": 0, "championId": 51, "lastPlayTime": 1464940305000}, {"championLevel": 3, "chestGranted": false, "championPoints": 11041, "championPointsSinceLastLevel": 5041, "playerId": 21757, "championPointsUntilNextLevel": 1559, "tokensEarned": 0, "championId": 55, "lastPlayTime": 1465267447000}, {"championLevel": 3, "chestGranted": false, "championPoints": 10916, "championPointsSinceLastLevel": 4916, "playerId": 21757, "championPointsUntilNextLevel": 1684, "tokensEarned": 0, "championId": 245, "lastPlayTime": 1464724116000}, {"championLevel": 3, "chestGranted": false, "championPoints": 10470, "championPointsSinceLastLevel": 4470, "playerId": 21757, "championPointsUntilNextLevel": 2130, "tokensEarned": 0, "championId": 110, "lastPlayTime": 1464722370000}, {"championLevel": 3, "chestGranted": false, "championPoints": 9223, "championPointsSinceLastLevel": 3223, "playerId": 21757, "championPointsUntilNextLevel": 3377, "tokensEarned": 0, "championId": 15, "lastPlayTime": 1464659148000}, {"championLevel": 3, "chestGranted": false, "championPoints": 8940, "championPointsSinceLastLevel": 2940, "playerId": 21757, "championPointsUntilNextLevel": 3660, "tokensEarned": 0, "championId": 236, "lastPlayTime": 1464020755000}, {"championLevel": 3, "chestGranted": false, "championPoints": 8802, "championPointsSinceLastLevel": 2802, "playerId": 21757, "championPointsUntilNextLevel": 3798, "tokensEarned": 0, "championId": 34, "lastPlayTime": 1464802485000}, {"championLevel": 3, "chestGranted": false, "championPoints": 8558, "championPointsSinceLastLevel": 2558, "playerId": 21757, "championPointsUntilNextLevel": 4042, "tokensEarned": 0, "championId": 223, "lastPlayTime": 1464653388000}, {"championLevel": 3, "chestGranted": true, "championPoints": 8334, "championPointsSinceLastLevel": 2334, "playerId": 21757, "championPointsUntilNextLevel": 4266, "tokensEarned": 0, "championId": 80, "lastPlayTime": 1467508084000}, {"championLevel": 3, "chestGranted": false, "championPoints": 6893, "championPointsSinceLastLevel": 893, "playerId": 21757, "championPointsUntilNextLevel": 5707, "tokensEarned": 0, "championId": 62, "lastPlayTime": 1463106311000}, {"championLevel": 3, "chestGranted": false, "championPoints": 6682, "championPointsSinceLastLevel": 682, "playerId": 21757, "championPointsUntilNextLevel": 5918, "tokensEarned": 0, "championId": 157, "lastPlayTime": 1453501497000}, {"championLevel": 3, "chestGranted": false, "championPoints": 6120, "championPointsSinceLastLevel": 120, "playerId": 21757, "championPointsUntilNextLevel": 6480, "tokensEarned": 0, "championId": 59, "lastPlayTime": 1462238239000}, {"championLevel": 2, "chestGranted": false, "championPoints": 5794, "championPointsSinceLastLevel": 3994, "playerId": 21757, "championPointsUntilNextLevel": 206, "tokensEarned": 0, "championId": 40, "lastPlayTime": 1464055042000}, {"championLevel": 2, "chestGranted": true, "championPoints": 5450, "championPointsSinceLastLevel": 3650, "playerId": 21757, "championPointsUntilNextLevel": 550, "tokensEarned": 0, "championId": 113, "lastPlayTime": 1463447352000}, {"championLevel": 2, "chestGranted": false, "championPoints": 5302, "championPointsSinceLastLevel": 3502, "playerId": 21757, "championPointsUntilNextLevel": 698, "tokensEarned": 0, "championId": 58, "lastPlayTime": 1462093938000}, {"championLevel": 2, "chestGranted": false, "championPoints": 5276, "championPointsSinceLastLevel": 3476, "playerId": 21757, "championPointsUntilNextLevel": 724, "tokensEarned": 0, "championId": 67, "lastPlayTime": 1463509231000}, {"championLevel": 2, "chestGranted": false, "championPoints": 4874, "championPointsSinceLastLevel": 3074, "playerId": 21757, "championPointsUntilNextLevel": 1126, "tokensEarned": 0, "championId": 48, "lastPlayTime": 1453682377000}, {"championLevel": 2, "chestGranted": false, "championPoints": 4704, "championPointsSinceLastLevel": 2904, "playerId": 21757, "championPointsUntilNextLevel": 1296, "tokensEarned": 0, "championId": 21, "lastPlayTime": 1463502723000}, {"championLevel": 2, "chestGranted": false, "championPoints": 4177, "championPointsSinceLastLevel": 2377, "playerId": 21757, "championPointsUntilNextLevel": 1823, "tokensEarned": 0, "championId": 101, "lastPlayTime": 1467842433000}, {"championLevel": 2, "chestGranted": false, "championPoints": 4031, "championPointsSinceLastLevel": 2231, "playerId": 21757, "championPointsUntilNextLevel": 1969, "tokensEarned": 0, "championId": 238, "lastPlayTime": 1466628053000}, {"championLevel": 2, "chestGranted": false, "championPoints": 3816, "championPointsSinceLastLevel": 2016, "playerId": 21757, "championPointsUntilNextLevel": 2184, "tokensEarned": 0, "championId": 131, "lastPlayTime": 1453335225000}, {"championLevel": 2, "chestGranted": false, "championPoints": 3795, "championPointsSinceLastLevel": 1995, "playerId": 21757, "championPointsUntilNextLevel": 2205, "tokensEarned": 0, "championId": 37, "lastPlayTime": 1453108794000}, {"championLevel": 2, "chestGranted": false, "championPoints": 3526, "championPointsSinceLastLevel": 1726, "playerId": 21757, "championPointsUntilNextLevel": 2474, "tokensEarned": 0, "championId": 420, "lastPlayTime": 1465333331000}, {"championLevel": 2, "chestGranted": false, "championPoints": 3522, "championPointsSinceLastLevel": 1722, "playerId": 21757, "championPointsUntilNextLevel": 2478, "tokensEarned": 0, "championId": 150, "lastPlayTime": 1450553397000}, {"championLevel": 2, "chestGranted": false, "championPoints": 3249, "championPointsSinceLastLevel": 1449, "playerId": 21757, "championPointsUntilNextLevel": 2751, "tokensEarned": 0, "championId": 120, "lastPlayTime": 1464112057000}, {"championLevel": 2, "chestGranted": false, "championPoints": 3014, "championPointsSinceLastLevel": 1214, "playerId": 21757, "championPointsUntilNextLevel": 2986, "tokensEarned": 0, "championId": 89, "lastPlayTime": 1455152757000}, {"championLevel": 2, "chestGranted": true, "championPoints": 2730, "championPointsSinceLastLevel": 930, "playerId": 21757, "championPointsUntilNextLevel": 3270, "tokensEarned": 0, "championId": 75, "lastPlayTime": 1466201581000}, {"championLevel": 2, "chestGranted": false, "championPoints": 2495, "championPointsSinceLastLevel": 695, "playerId": 21757, "championPointsUntilNextLevel": 3505, "tokensEarned": 0, "championId": 22, "lastPlayTime": 1463853211000}, {"championLevel": 2, "chestGranted": false, "championPoints": 2477, "championPointsSinceLastLevel": 677, "playerId": 21757, "championPointsUntilNextLevel": 3523, "tokensEarned": 0, "championId": 92, "lastPlayTime": 1447720763000}, {"championLevel": 2, "chestGranted": false, "championPoints": 2402, "championPointsSinceLastLevel": 602, "playerId": 21757, "championPointsUntilNextLevel": 3598, "tokensEarned": 0, "championId": 122, "lastPlayTime": 1463020506000}, {"championLevel": 2, "chestGranted": false, "championPoints": 2350, "championPointsSinceLastLevel": 550, "playerId": 21757, "championPointsUntilNextLevel": 3650, "tokensEarned": 0, "championId": 12, "lastPlayTime": 1451863844000}, {"championLevel": 2, "chestGranted": false, "championPoints": 2179, "championPointsSinceLastLevel": 379, "playerId": 21757, "championPointsUntilNextLevel": 3821, "tokensEarned": 0, "championId": 25, "lastPlayTime": 1460946473000}, {"championLevel": 2, "chestGranted": false, "championPoints": 2147, "championPointsSinceLastLevel": 347, "playerId": 21757, "championPointsUntilNextLevel": 3853, "tokensEarned": 0, "championId": 114, "lastPlayTime": 1446661912000}, {"championLevel": 2, "chestGranted": false, "championPoints": 2123, "championPointsSinceLastLevel": 323, "playerId": 21757, "championPointsUntilNextLevel": 3877, "tokensEarned": 0, "championId": 111, "lastPlayTime": 1458410272000}, {"championLevel": 2, "chestGranted": false, "championPoints": 1975, "championPointsSinceLastLevel": 175, "playerId": 21757, "championPointsUntilNextLevel": 4025, "tokensEarned": 0, "championId": 134, "lastPlayTime": 1465930902000}, {"championLevel": 2, "chestGranted": false, "championPoints": 1867, "championPointsSinceLastLevel": 67, "playerId": 21757, "championPointsUntilNextLevel": 4133, "tokensEarned": 0, "championId": 23, "lastPlayTime": 1454608806000}, {"championLevel": 2, "chestGranted": false, "championPoints": 1818, "championPointsSinceLastLevel": 18, "playerId": 21757, "championPointsUntilNextLevel": 4182, "tokensEarned": 0, "championId": 11, "lastPlayTime": 1455221159000}, {"championLevel": 1, "chestGranted": false, "championPoints": 1746, "championPointsSinceLastLevel": 1746, "playerId": 21757, "championPointsUntilNextLevel": 54, "tokensEarned": 0, "championId": 33, "lastPlayTime": 1458941199000}, {"championLevel": 1, "chestGranted": false, "championPoints": 1683, "championPointsSinceLastLevel": 1683, "playerId": 21757, "championPointsUntilNextLevel": 117, "tokensEarned": 0, "championId": 31, "lastPlayTime": 1450911854000}, {"championLevel": 1, "chestGranted": false, "championPoints": 1530, "championPointsSinceLastLevel": 1530, "playerId": 21757, "championPointsUntilNextLevel": 270, "tokensEarned": 0, "championId": 106, "lastPlayTime": 1464239080000}, {"championLevel": 1, "chestGranted": false, "championPoints": 1527, "championPointsSinceLastLevel": 1527, "playerId": 21757, "championPointsUntilNextLevel": 273, "tokensEarned": 0, "championId": 10, "lastPlayTime": 1464246885000}, {"championLevel": 1, "chestGranted": false, "championPoints": 1523, "championPointsSinceLastLevel": 1523, "playerId": 21757, "championPointsUntilNextLevel": 277, "tokensEarned": 0, "championId": 104, "lastPlayTime": 1454196532000}, {"championLevel": 1, "chestGranted": false, "championPoints": 1367, "championPointsSinceLastLevel": 1367, "playerId": 21757, "championPointsUntilNextLevel": 433, "tokensEarned": 0, "championId": 7, "lastPlayTime": 1455590069000}, {"championLevel": 1, "chestGranted": false, "championPoints": 1272, "championPointsSinceLastLevel": 1272, "playerId": 21757, "championPointsUntilNextLevel": 528, "tokensEarned": 0, "championId": 16, "lastPlayTime": 1448434135000}, {"championLevel": 1, "chestGranted": false, "championPoints": 1263, "championPointsSinceLastLevel": 1263, "playerId": 21757, "championPointsUntilNextLevel": 537, "tokensEarned": 0, "championId": 115, "lastPlayTime": 1462648062000}, {"championLevel": 1, "chestGranted": false, "championPoints": 1044, "championPointsSinceLastLevel": 1044, "playerId": 21757, "championPointsUntilNextLevel": 756, "tokensEarned": 0, "championId": 45, "lastPlayTime": 1449271162000}, {"championLevel": 1, "chestGranted": false, "championPoints": 1021, "championPointsSinceLastLevel": 1021, "playerId": 21757, "championPointsUntilNextLevel": 779, "tokensEarned": 0, "championId": 421, "lastPlayTime": 1461816961000}, {"championLevel": 1, "chestGranted": true, "championPoints": 928, "championPointsSinceLastLevel": 928, "playerId": 21757, "championPointsUntilNextLevel": 872, "tokensEarned": 0, "championId": 19, "lastPlayTime": 1466198392000}, {"championLevel": 1, "chestGranted": false, "championPoints": 919, "championPointsSinceLastLevel": 919, "playerId": 21757, "championPointsUntilNextLevel": 881, "tokensEarned": 0, "championId": 112, "lastPlayTime": 1438478987000}, {"championLevel": 1, "chestGranted": false, "championPoints": 910, "championPointsSinceLastLevel": 910, "playerId": 21757, "championPointsUntilNextLevel": 890, "tokensEarned": 0, "championId": 4, "lastPlayTime": 1462759357000}, {"championLevel": 1, "chestGranted": false, "championPoints": 680, "championPointsSinceLastLevel": 680, "playerId": 21757, "championPointsUntilNextLevel": 1120, "tokensEarned": 0, "championId": 68, "lastPlayTime": 1463015527000}, {"championLevel": 1, "chestGranted": false, "championPoints": 645, "championPointsSinceLastLevel": 645, "playerId": 21757, "championPointsUntilNextLevel": 1155, "tokensEarned": 0, "championId": 107, "lastPlayTime": 1465117173000}, {"championLevel": 1, "chestGranted": false, "championPoints": 448, "championPointsSinceLastLevel": 448, "playerId": 21757, "championPointsUntilNextLevel": 1352, "tokensEarned": 0, "championId": 91, "lastPlayTime": 1463490658000}, {"championLevel": 1, "chestGranted": false, "championPoints": 253, "championPointsSinceLastLevel": 253, "playerId": 21757, "championPointsUntilNextLevel": 1547, "tokensEarned": 0, "championId": 201, "lastPlayTime": 1448395091000}, {"championLevel": 1, "chestGranted": false, "championPoints": 182, "championPointsSinceLastLevel": 182, "playerId": 21757, "championPointsUntilNextLevel": 1618, "tokensEarned": 0, "championId": 96, "lastPlayTime": 1463609472000}, {"championLevel": 1, "chestGranted": false, "championPoints": 179, "championPointsSinceLastLevel": 179, "playerId": 21757, "championPointsUntilNextLevel": 1621, "tokensEarned": 0, "championId": 30, "lastPlayTime": 1463912281000}, {"championLevel": 1, "chestGranted": false, "championPoints": 165, "championPointsSinceLastLevel": 165, "playerId": 21757, "championPointsUntilNextLevel": 1635, "tokensEarned": 0, "championId": 38, "lastPlayTime": 1465235867000}, {"championLevel": 1, "chestGranted": false, "championPoints": 163, "championPointsSinceLastLevel": 163, "playerId": 21757, "championPointsUntilNextLevel": 1637, "tokensEarned": 0, "championId": 50, "lastPlayTime": 1451701503000}]