[{"championLevel": 4, "chestGranted": false, "championPoints": 19092, "championPointsSinceLastLevel": 6492, "playerId": 21752, "championPointsUntilNextLevel": 2508, "tokensEarned": 0, "championId": 122, "lastPlayTime": 1467834245000}, {"championLevel": 3, "chestGranted": false, "championPoints": 11031, "championPointsSinceLastLevel": 5031, "playerId": 21752, "championPointsUntilNextLevel": 1569, "tokensEarned": 0, "championId": 64, "lastPlayTime": 1458681692000}, {"championLevel": 3, "chestGranted": false, "championPoints": 10651, "championPointsSinceLastLevel": 4651, "playerId": 21752, "championPointsUntilNextLevel": 1949, "tokensEarned": 0, "championId": 236, "lastPlayTime": 1468443398000}, {"championLevel": 3, "chestGranted": false, "championPoints": 9718, "championPointsSinceLastLevel": 3718, "playerId": 21752, "championPointsUntilNextLevel": 2882, "tokensEarned": 0, "championId": 81, "lastPlayTime": 1450369256000}, {"championLevel": 3, "chestGranted": false, "championPoints": 9569, "championPointsSinceLastLevel": 3569, "playerId": 21752, "championPointsUntilNextLevel": 3031, "tokensEarned": 0, "championId": 99, "lastPlayTime": 1467831193000}, {"championLevel": 3, "chestGranted": false, "championPoints": 9470, "championPointsSinceLastLevel": 3470, "playerId": 21752, "championPointsUntilNextLevel": 3130, "tokensEarned": 0, "championId": 157, "lastPlayTime": 1449280574000}, {"championLevel": 3, "chestGranted": false, "championPoints": 9234, "championPointsSinceLastLevel": 3234, "playerId": 21752, "championPointsUntilNextLevel": 3366, "tokensEarned": 0, "championId": 238, "lastPlayTime": 1450397320000}, {"championLevel": 3, "chestGranted": false, "championPoints": 8484, "championPointsSinceLastLevel": 2484, "playerId": 21752, "championPointsUntilNextLevel": 4116, "tokensEarned": 0, "championId": 92, "lastPlayTime": 1448159449000}, {"championLevel": 3, "chestGranted": false, "championPoints": 7568, "championPointsSinceLastLevel": 1568, "playerId": 21752, "championPointsUntilNextLevel": 5032, "tokensEarned": 0, "championId": 35, "lastPlayTime": 1454621748000}, {"championLevel": 3, "chestGranted": false, "championPoints": 6921, "championPointsSinceLastLevel": 921, "playerId": 21752, "championPointsUntilNextLevel": 5679, "tokensEarned": 0, "championId": 222, "lastPlayTime": 1455594266000}, {"championLevel": 3, "chestGranted": false, "championPoints": 6742, "championPointsSinceLastLevel": 742, "playerId": 21752, "championPointsUntilNextLevel": 5858, "tokensEarned": 0, "championId": 150, "lastPlayTime": 1442992529000}, {"championLevel": 2, "chestGranted": false, "championPoints": 4710, "championPointsSinceLastLevel": 2910, "playerId": 21752, "championPointsUntilNextLevel": 1290, "tokensEarned": 0, "championId": 266, "lastPlayTime": 1448144606000}, {"championLevel": 2, "chestGranted": false, "championPoints": 4571, "championPointsSinceLastLevel": 2771, "playerId": 21752, "championPointsUntilNextLevel": 1429, "tokensEarned": 0, "championId": 55, "lastPlayTime": 1456859828000}, {"championLevel": 2, "chestGranted": false, "championPoints": 4248, "championPointsSinceLastLevel": 2448, "playerId": 21752, "championPointsUntilNextLevel": 1752, "tokensEarned": 0, "championId": 86, "lastPlayTime": 1448429056000}, {"championLevel": 2, "chestGranted": false, "championPoints": 4186, "championPointsSinceLastLevel": 2386, "playerId": 21752, "championPointsUntilNextLevel": 1814, "tokensEarned": 0, "championId": 67, "lastPlayTime": 1454880020000}, {"championLevel": 2, "chestGranted": false, "championPoints": 3901, "championPointsSinceLastLevel": 2101, "playerId": 21752, "championPointsUntilNextLevel": 2099, "tokensEarned": 0, "championId": 131, "lastPlayTime": 1450449115000}, {"championLevel": 2, "chestGranted": false, "championPoints": 3708, "championPointsSinceLastLevel": 1908, "playerId": 21752, "championPointsUntilNextLevel": 2292, "tokensEarned": 0, "championId": 121, "lastPlayTime": 1444617826000}, {"championLevel": 2, "chestGranted": false, "championPoints": 3612, "championPointsSinceLastLevel": 1812, "playerId": 21752, "championPointsUntilNextLevel": 2388, "tokensEarned": 0, "championId": 31, "lastPlayTime": 1446606452000}, {"championLevel": 2, "chestGranted": false, "championPoints": 3456, "championPointsSinceLastLevel": 1656, "playerId": 21752, "championPointsUntilNextLevel": 2544, "tokensEarned": 0, "championId": 89, "lastPlayTime": 1456812064000}, {"championLevel": 2, "chestGranted": false, "championPoints": 3218, "championPointsSinceLastLevel": 1418, "playerId": 21752, "championPointsUntilNextLevel": 2782, "tokensEarned": 0, "championId": 104, "lastPlayTime": 1447126432000}, {"championLevel": 2, "chestGranted": false, "championPoints": 2440, "championPointsSinceLastLevel": 640, "playerId": 21752, "championPointsUntilNextLevel": 3560, "tokensEarned": 0, "championId": 412, "lastPlayTime": 1455589090000}, {"championLevel": 2, "chestGranted": false, "championPoints": 2434, "championPointsSinceLastLevel": 634, "playerId": 21752, "championPointsUntilNextLevel": 3566, "tokensEarned": 0, "championId": 5, "lastPlayTime": 1467127992000}, {"championLevel": 2, "chestGranted": false, "championPoints": 2320, "championPointsSinceLastLevel": 520, "playerId": 21752, "championPointsUntilNextLevel": 3680, "tokensEarned": 0, "championId": 91, "lastPlayTime": 1443498785000}, {"championLevel": 2, "chestGranted": false, "championPoints": 2288, "championPointsSinceLastLevel": 488, "playerId": 21752, "championPointsUntilNextLevel": 3712, "tokensEarned": 0, "championId": 107, "lastPlayTime": 1450676645000}, {"championLevel": 2, "chestGranted": false, "championPoints": 2279, "championPointsSinceLastLevel": 479, "playerId": 21752, "championPointsUntilNextLevel": 3721, "tokensEarned": 0, "championId": 7, "lastPlayTime": 1450755673000}, {"championLevel": 2, "chestGranted": false, "championPoints": 2236, "championPointsSinceLastLevel": 436, "playerId": 21752, "championPointsUntilNextLevel": 3764, "tokensEarned": 0, "championId": 18, "lastPlayTime": 1447123702000}, {"championLevel": 2, "chestGranted": false, "championPoints": 2206, "championPointsSinceLastLevel": 406, "playerId": 21752, "championPointsUntilNextLevel": 3794, "tokensEarned": 0, "championId": 17, "lastPlayTime": 1445563315000}, {"championLevel": 2, "chestGranted": false, "championPoints": 2152, "championPointsSinceLastLevel": 352, "playerId": 21752, "championPointsUntilNextLevel": 3848, "tokensEarned": 0, "championId": 111, "lastPlayTime": 1448511895000}, {"championLevel": 2, "chestGranted": false, "championPoints": 1994, "championPointsSinceLastLevel": 194, "playerId": 21752, "championPointsUntilNextLevel": 4006, "tokensEarned": 0, "championId": 201, "lastPlayTime": 1448431393000}, {"championLevel": 2, "chestGranted": false, "championPoints": 1961, "championPointsSinceLastLevel": 161, "playerId": 21752, "championPointsUntilNextLevel": 4039, "tokensEarned": 0, "championId": 103, "lastPlayTime": 1450107911000}, {"championLevel": 2, "chestGranted": false, "championPoints": 1831, "championPointsSinceLastLevel": 31, "playerId": 21752, "championPointsUntilNextLevel": 4169, "tokensEarned": 0, "championId": 51, "lastPlayTime": 1439779948000}, {"championLevel": 1, "chestGranted": false, "championPoints": 1711, "championPointsSinceLastLevel": 1711, "playerId": 21752, "championPointsUntilNextLevel": 89, "tokensEarned": 0, "championId": 268, "lastPlayTime": 1444090215000}, {"championLevel": 1, "chestGranted": false, "championPoints": 1619, "championPointsSinceLastLevel": 1619, "playerId": 21752, "championPointsUntilNextLevel": 181, "tokensEarned": 0, "championId": 119, "lastPlayTime": 1443057063000}, {"championLevel": 1, "chestGranted": false, "championPoints": 1531, "championPointsSinceLastLevel": 1531, "playerId": 21752, "championPointsUntilNextLevel": 269, "tokensEarned": 0, "championId": 22, "lastPlayTime": 1435805805000}, {"championLevel": 1, "chestGranted": false, "championPoints": 1515, "championPointsSinceLastLevel": 1515, "playerId": 21752, "championPointsUntilNextLevel": 285, "tokensEarned": 0, "championId": 53, "lastPlayTime": 1448507564000}, {"championLevel": 1, "chestGranted": false, "championPoints": 1494, "championPointsSinceLastLevel": 1494, "playerId": 21752, "championPointsUntilNextLevel": 306, "tokensEarned": 0, "championId": 23, "lastPlayTime": 1450681190000}, {"championLevel": 1, "chestGranted": false, "championPoints": 1456, "championPointsSinceLastLevel": 1456, "playerId": 21752, "championPointsUntilNextLevel": 344, "tokensEarned": 0, "championId": 203, "lastPlayTime": 1446007184000}, {"championLevel": 1, "chestGranted": false, "championPoints": 1455, "championPointsSinceLastLevel": 1455, "playerId": 21752, "championPointsUntilNextLevel": 345, "tokensEarned": 0, "championId": 68, "lastPlayTime": 1449463673000}, {"championLevel": 1, "chestGranted": false, "championPoints": 1419, "championPointsSinceLastLevel": 1419, "playerId": 21752, "championPointsUntilNextLevel": 381, "tokensEarned": 0, "championId": 43, "lastPlayTime": 1449199711000}, {"championLevel": 1, "chestGranted": false, "championPoints": 1411, "championPointsSinceLastLevel": 1411, "playerId": 21752, "championPointsUntilNextLevel": 389, "tokensEarned": 0, "championId": 63, "lastPlayTime": 1450791216000}, {"championLevel": 1, "chestGranted": false, "championPoints": 1387, "championPointsSinceLastLevel": 1387, "playerId": 21752, "championPointsUntilNextLevel": 413, "tokensEarned": 0, "championId": 24, "lastPlayTime": 1448863784000}, {"championLevel": 1, "chestGranted": false, "championPoints": 1387, "championPointsSinceLastLevel": 1387, "playerId": 21752, "championPointsUntilNextLevel": 413, "tokensEarned": 0, "championId": 245, "lastPlayTime": 1435892898000}, {"championLevel": 1, "chestGranted": false, "championPoints": 1361, "championPointsSinceLastLevel": 1361, "playerId": 21752, "championPointsUntilNextLevel": 439, "tokensEarned": 0, "championId": 62, "lastPlayTime": 1436494928000}, {"championLevel": 1, "chestGranted": false, "championPoints": 1357, "championPointsSinceLastLevel": 1357, "playerId": 21752, "championPointsUntilNextLevel": 443, "tokensEarned": 0, "championId": 61, "lastPlayTime": 1454874254000}, {"championLevel": 1, "chestGranted": false, "championPoints": 1265, "championPointsSinceLastLevel": 1265, "playerId": 21752, "championPointsUntilNextLevel": 535, "tokensEarned": 0, "championId": 4, "lastPlayTime": 1435026854000}, {"championLevel": 1, "chestGranted": false, "championPoints": 1240, "championPointsSinceLastLevel": 1240, "playerId": 21752, "championPointsUntilNextLevel": 560, "tokensEarned": 0, "championId": 143, "lastPlayTime": 1444978562000}, {"championLevel": 1, "chestGranted": false, "championPoints": 1204, "championPointsSinceLastLevel": 1204, "playerId": 21752, "championPointsUntilNextLevel": 596, "tokensEarned": 0, "championId": 106, "lastPlayTime": 1448906900000}, {"championLevel": 1, "chestGranted": false, "championPoints": 1186, "championPointsSinceLastLevel": 1186, "playerId": 21752, "championPointsUntilNextLevel": 614, "tokensEarned": 0, "championId": 58, "lastPlayTime": 1431569528000}, {"championLevel": 1, "chestGranted": false, "championPoints": 1177, "championPointsSinceLastLevel": 1177, "playerId": 21752, "championPointsUntilNextLevel": 623, "tokensEarned": 0, "championId": 25, "lastPlayTime": 1443001517000}, {"championLevel": 1, "chestGranted": false, "championPoints": 1176, "championPointsSinceLastLevel": 1176, "playerId": 21752, "championPointsUntilNextLevel": 624, "tokensEarned": 0, "championId": 48, "lastPlayTime": 1435802444000}, {"championLevel": 1, "chestGranted": false, "championPoints": 1111, "championPointsSinceLastLevel": 1111, "playerId": 21752, "championPointsUntilNextLevel": 689, "tokensEarned": 0, "championId": 98, "lastPlayTime": 1447911374000}, {"championLevel": 1, "chestGranted": false, "championPoints": 1104, "championPointsSinceLastLevel": 1104, "playerId": 21752, "championPointsUntilNextLevel": 696, "tokensEarned": 0, "championId": 75, "lastPlayTime": 1449460810000}, {"championLevel": 1, "chestGranted": false, "championPoints": 1097, "championPointsSinceLastLevel": 1097, "playerId": 21752, "championPointsUntilNextLevel": 703, "tokensEarned": 0, "championId": 6, "lastPlayTime": 1431788788000}, {"championLevel": 1, "chestGranted": false, "championPoints": 1082, "championPointsSinceLastLevel": 1082, "playerId": 21752, "championPointsUntilNextLevel": 718, "tokensEarned": 0, "championId": 429, "lastPlayTime": 1440143513000}, {"championLevel": 1, "chestGranted": false, "championPoints": 1077, "championPointsSinceLastLevel": 1077, "playerId": 21752, "championPointsUntilNextLevel": 723, "tokensEarned": 0, "championId": 21, "lastPlayTime": 1451953594000}, {"championLevel": 1, "chestGranted": false, "championPoints": 1073, "championPointsSinceLastLevel": 1073, "playerId": 21752, "championPointsUntilNextLevel": 727, "tokensEarned": 0, "championId": 12, "lastPlayTime": 1436677282000}, {"championLevel": 1, "chestGranted": false, "championPoints": 1073, "championPointsSinceLastLevel": 1073, "playerId": 21752, "championPointsUntilNextLevel": 727, "tokensEarned": 0, "championId": 54, "lastPlayTime": 1444385308000}, {"championLevel": 1, "chestGranted": false, "championPoints": 989, "championPointsSinceLastLevel": 989, "playerId": 21752, "championPointsUntilNextLevel": 811, "tokensEarned": 0, "championId": 110, "lastPlayTime": 1445558488000}, {"championLevel": 1, "chestGranted": false, "championPoints": 797, "championPointsSinceLastLevel": 797, "playerId": 21752, "championPointsUntilNextLevel": 1003, "tokensEarned": 0, "championId": 15, "lastPlayTime": 1441662402000}, {"championLevel": 1, "chestGranted": false, "championPoints": 586, "championPointsSinceLastLevel": 586, "playerId": 21752, "championPointsUntilNextLevel": 1214, "tokensEarned": 0, "championId": 105, "lastPlayTime": 1455659562000}, {"championLevel": 1, "chestGranted": false, "championPoints": 406, "championPointsSinceLastLevel": 406, "playerId": 21752, "championPointsUntilNextLevel": 1394, "tokensEarned": 0, "championId": 76, "lastPlayTime": 1467134057000}, {"championLevel": 1, "chestGranted": false, "championPoints": 384, "championPointsSinceLastLevel": 384, "playerId": 21752, "championPointsUntilNextLevel": 1416, "tokensEarned": 0, "championId": 420, "lastPlayTime": 1450293635000}, {"championLevel": 1, "chestGranted": false, "championPoints": 308, "championPointsSinceLastLevel": 308, "playerId": 21752, "championPointsUntilNextLevel": 1492, "tokensEarned": 0, "championId": 69, "lastPlayTime": 1432489254000}, {"championLevel": 1, "chestGranted": false, "championPoints": 307, "championPointsSinceLastLevel": 307, "playerId": 21752, "championPointsUntilNextLevel": 1493, "tokensEarned": 0, "championId": 11, "lastPlayTime": 1444379381000}, {"championLevel": 1, "chestGranted": false, "championPoints": 269, "championPointsSinceLastLevel": 269, "playerId": 21752, "championPointsUntilNextLevel": 1531, "tokensEarned": 0, "championId": 60, "lastPlayTime": 1435888647000}, {"championLevel": 1, "chestGranted": false, "championPoints": 242, "championPointsSinceLastLevel": 242, "playerId": 21752, "championPointsUntilNextLevel": 1558, "tokensEarned": 0, "championId": 2, "lastPlayTime": 1449288497000}, {"championLevel": 1, "chestGranted": false, "championPoints": 238, "championPointsSinceLastLevel": 238, "playerId": 21752, "championPointsUntilNextLevel": 1562, "tokensEarned": 0, "championId": 85, "lastPlayTime": 1443769511000}, {"championLevel": 1, "chestGranted": false, "championPoints": 228, "championPointsSinceLastLevel": 228, "playerId": 21752, "championPointsUntilNextLevel": 1572, "tokensEarned": 0, "championId": 39, "lastPlayTime": 1434852437000}, {"championLevel": 1, "chestGranted": false, "championPoints": 218, "championPointsSinceLastLevel": 218, "playerId": 21752, "championPointsUntilNextLevel": 1582, "tokensEarned": 0, "championId": 117, "lastPlayTime": 1444117553000}, {"championLevel": 1, "chestGranted": false, "championPoints": 200, "championPointsSinceLastLevel": 200, "playerId": 21752, "championPointsUntilNextLevel": 1600, "tokensEarned": 0, "championId": 20, "lastPlayTime": 1435816200000}, {"championLevel": 1, "chestGranted": false, "championPoints": 196, "championPointsSinceLastLevel": 196, "playerId": 21752, "championPointsUntilNextLevel": 1604, "tokensEarned": 0, "championId": 78, "lastPlayTime": 1451885782000}, {"championLevel": 1, "chestGranted": false, "championPoints": 181, "championPointsSinceLastLevel": 181, "playerId": 21752, "championPointsUntilNextLevel": 1619, "tokensEarned": 0, "championId": 80, "lastPlayTime": 1448173132000}, {"championLevel": 1, "chestGranted": false, "championPoints": 170, "championPointsSinceLastLevel": 170, "playerId": 21752, "championPointsUntilNextLevel": 1630, "tokensEarned": 0, "championId": 120, "lastPlayTime": 1445566259000}, {"championLevel": 1, "chestGranted": false, "championPoints": 151, "championPointsSinceLastLevel": 151, "playerId": 21752, "championPointsUntilNextLevel": 1649, "tokensEarned": 0, "championId": 41, "lastPlayTime": 1445400426000}]