[{"championLevel": 5, "chestGranted": false, "championPoints": 30986, "championPointsSinceLastLevel": 9386, "playerId": 21762, "championPointsUntilNextLevel": 0, "tokensEarned": 0, "championId": 58, "lastPlayTime": 1455171455000}, {"championLevel": 5, "chestGranted": false, "championPoints": 27884, "championPointsSinceLastLevel": 6284, "playerId": 21762, "championPointsUntilNextLevel": 0, "tokensEarned": 0, "championId": 81, "lastPlayTime": 1456520047000}, {"championLevel": 4, "chestGranted": true, "championPoints": 19593, "championPointsSinceLastLevel": 6993, "playerId": 21762, "championPointsUntilNextLevel": 2007, "tokensEarned": 0, "championId": 92, "lastPlayTime": 1464932514000}, {"championLevel": 4, "chestGranted": false, "championPoints": 16801, "championPointsSinceLastLevel": 4201, "playerId": 21762, "championPointsUntilNextLevel": 4799, "tokensEarned": 0, "championId": 236, "lastPlayTime": 1454473499000}, {"championLevel": 4, "chestGranted": false, "championPoints": 14943, "championPointsSinceLastLevel": 2343, "playerId": 21762, "championPointsUntilNextLevel": 6657, "tokensEarned": 0, "championId": 420, "lastPlayTime": 1456889091000}, {"championLevel": 3, "chestGranted": false, "championPoints": 12467, "championPointsSinceLastLevel": 6467, "playerId": 21762, "championPointsUntilNextLevel": 133, "tokensEarned": 0, "championId": 67, "lastPlayTime": 1456875183000}, {"championLevel": 3, "chestGranted": false, "championPoints": 11014, "championPointsSinceLastLevel": 5014, "playerId": 21762, "championPointsUntilNextLevel": 1586, "tokensEarned": 0, "championId": 150, "lastPlayTime": 1455054712000}, {"championLevel": 3, "chestGranted": false, "championPoints": 10630, "championPointsSinceLastLevel": 4630, "playerId": 21762, "championPointsUntilNextLevel": 1970, "tokensEarned": 0, "championId": 29, "lastPlayTime": 1450927650000}, {"championLevel": 3, "chestGranted": false, "championPoints": 10610, "championPointsSinceLastLevel": 4610, "playerId": 21762, "championPointsUntilNextLevel": 1990, "tokensEarned": 0, "championId": 412, "lastPlayTime": 1452835613000}, {"championLevel": 3, "chestGranted": true, "championPoints": 9380, "championPointsSinceLastLevel": 3380, "playerId": 21762, "championPointsUntilNextLevel": 3220, "tokensEarned": 0, "championId": 122, "lastPlayTime": 1468211003000}, {"championLevel": 3, "chestGranted": false, "championPoints": 9086, "championPointsSinceLastLevel": 3086, "playerId": 21762, "championPointsUntilNextLevel": 3514, "tokensEarned": 0, "championId": 21, "lastPlayTime": 1454475851000}, {"championLevel": 3, "chestGranted": false, "championPoints": 8496, "championPointsSinceLastLevel": 2496, "playerId": 21762, "championPointsUntilNextLevel": 4104, "tokensEarned": 0, "championId": 51, "lastPlayTime": 1452141761000}, {"championLevel": 3, "chestGranted": false, "championPoints": 8435, "championPointsSinceLastLevel": 2435, "playerId": 21762, "championPointsUntilNextLevel": 4165, "tokensEarned": 0, "championId": 245, "lastPlayTime": 1451183476000}, {"championLevel": 3, "chestGranted": false, "championPoints": 8412, "championPointsSinceLastLevel": 2412, "playerId": 21762, "championPointsUntilNextLevel": 4188, "tokensEarned": 0, "championId": 429, "lastPlayTime": 1445913454000}, {"championLevel": 3, "chestGranted": false, "championPoints": 7683, "championPointsSinceLastLevel": 1683, "playerId": 21762, "championPointsUntilNextLevel": 4917, "tokensEarned": 0, "championId": 157, "lastPlayTime": 1451707649000}, {"championLevel": 3, "chestGranted": false, "championPoints": 6489, "championPointsSinceLastLevel": 489, "playerId": 21762, "championPointsUntilNextLevel": 6111, "tokensEarned": 0, "championId": 222, "lastPlayTime": 1452573528000}, {"championLevel": 3, "chestGranted": false, "championPoints": 6391, "championPointsSinceLastLevel": 391, "playerId": 21762, "championPointsUntilNextLevel": 6209, "tokensEarned": 0, "championId": 203, "lastPlayTime": 1453775413000}, {"championLevel": 2, "chestGranted": false, "championPoints": 5646, "championPointsSinceLastLevel": 3846, "playerId": 21762, "championPointsUntilNextLevel": 354, "tokensEarned": 0, "championId": 104, "lastPlayTime": 1448775108000}, {"championLevel": 2, "chestGranted": false, "championPoints": 5046, "championPointsSinceLastLevel": 3246, "playerId": 21762, "championPointsUntilNextLevel": 954, "tokensEarned": 0, "championId": 75, "lastPlayTime": 1435727345000}, {"championLevel": 2, "chestGranted": false, "championPoints": 4745, "championPointsSinceLastLevel": 2945, "playerId": 21762, "championPointsUntilNextLevel": 1255, "tokensEarned": 0, "championId": 55, "lastPlayTime": 1452838992000}, {"championLevel": 2, "chestGranted": false, "championPoints": 4708, "championPointsSinceLastLevel": 2908, "playerId": 21762, "championPointsUntilNextLevel": 1292, "tokensEarned": 0, "championId": 103, "lastPlayTime": 1453587357000}, {"championLevel": 2, "chestGranted": true, "championPoints": 4242, "championPointsSinceLastLevel": 2442, "playerId": 21762, "championPointsUntilNextLevel": 1758, "tokensEarned": 0, "championId": 119, "lastPlayTime": 1464927275000}, {"championLevel": 2, "chestGranted": false, "championPoints": 4128, "championPointsSinceLastLevel": 2328, "playerId": 21762, "championPointsUntilNextLevel": 1872, "tokensEarned": 0, "championId": 18, "lastPlayTime": 1450500997000}, {"championLevel": 2, "chestGranted": false, "championPoints": 4095, "championPointsSinceLastLevel": 2295, "playerId": 21762, "championPointsUntilNextLevel": 1905, "tokensEarned": 0, "championId": 42, "lastPlayTime": 1436919572000}, {"championLevel": 2, "chestGranted": false, "championPoints": 4004, "championPointsSinceLastLevel": 2204, "playerId": 21762, "championPointsUntilNextLevel": 1996, "tokensEarned": 0, "championId": 41, "lastPlayTime": 1464929471000}, {"championLevel": 2, "chestGranted": false, "championPoints": 3965, "championPointsSinceLastLevel": 2165, "playerId": 21762, "championPointsUntilNextLevel": 2035, "tokensEarned": 0, "championId": 13, "lastPlayTime": 1452204411000}, {"championLevel": 2, "chestGranted": false, "championPoints": 3910, "championPointsSinceLastLevel": 2110, "playerId": 21762, "championPointsUntilNextLevel": 2090, "tokensEarned": 0, "championId": 238, "lastPlayTime": 1452195057000}, {"championLevel": 2, "chestGranted": false, "championPoints": 3707, "championPointsSinceLastLevel": 1907, "playerId": 21762, "championPointsUntilNextLevel": 2293, "tokensEarned": 0, "championId": 223, "lastPlayTime": 1455057782000}, {"championLevel": 2, "chestGranted": false, "championPoints": 3023, "championPointsSinceLastLevel": 1223, "playerId": 21762, "championPointsUntilNextLevel": 2977, "tokensEarned": 0, "championId": 114, "lastPlayTime": 1463881630000}, {"championLevel": 2, "chestGranted": false, "championPoints": 2858, "championPointsSinceLastLevel": 1058, "playerId": 21762, "championPointsUntilNextLevel": 3142, "tokensEarned": 0, "championId": 89, "lastPlayTime": 1436230138000}, {"championLevel": 2, "chestGranted": false, "championPoints": 2448, "championPointsSinceLastLevel": 648, "playerId": 21762, "championPointsUntilNextLevel": 3552, "tokensEarned": 0, "championId": 126, "lastPlayTime": 1438146558000}, {"championLevel": 2, "chestGranted": false, "championPoints": 2418, "championPointsSinceLastLevel": 618, "playerId": 21762, "championPointsUntilNextLevel": 3582, "tokensEarned": 0, "championId": 267, "lastPlayTime": 1456893765000}, {"championLevel": 2, "chestGranted": false, "championPoints": 2400, "championPointsSinceLastLevel": 600, "playerId": 21762, "championPointsUntilNextLevel": 3600, "tokensEarned": 0, "championId": 45, "lastPlayTime": 1452107351000}, {"championLevel": 2, "chestGranted": false, "championPoints": 2262, "championPointsSinceLastLevel": 462, "playerId": 21762, "championPointsUntilNextLevel": 3738, "tokensEarned": 0, "championId": 82, "lastPlayTime": 1440125580000}, {"championLevel": 2, "chestGranted": false, "championPoints": 2181, "championPointsSinceLastLevel": 381, "playerId": 21762, "championPointsUntilNextLevel": 3819, "tokensEarned": 0, "championId": 421, "lastPlayTime": 1435449171000}, {"championLevel": 2, "chestGranted": false, "championPoints": 2169, "championPointsSinceLastLevel": 369, "playerId": 21762, "championPointsUntilNextLevel": 3831, "tokensEarned": 0, "championId": 268, "lastPlayTime": 1452976526000}, {"championLevel": 2, "chestGranted": false, "championPoints": 2109, "championPointsSinceLastLevel": 309, "playerId": 21762, "championPointsUntilNextLevel": 3891, "tokensEarned": 0, "championId": 91, "lastPlayTime": 1432268398000}, {"championLevel": 2, "chestGranted": false, "championPoints": 2041, "championPointsSinceLastLevel": 241, "playerId": 21762, "championPointsUntilNextLevel": 3959, "tokensEarned": 0, "championId": 115, "lastPlayTime": 1455309824000}, {"championLevel": 2, "chestGranted": false, "championPoints": 1960, "championPointsSinceLastLevel": 160, "playerId": 21762, "championPointsUntilNextLevel": 4040, "tokensEarned": 0, "championId": 102, "lastPlayTime": 1456460466000}, {"championLevel": 2, "chestGranted": false, "championPoints": 1855, "championPointsSinceLastLevel": 55, "playerId": 21762, "championPointsUntilNextLevel": 4145, "tokensEarned": 0, "championId": 86, "lastPlayTime": 1440982529000}, {"championLevel": 1, "chestGranted": false, "championPoints": 1756, "championPointsSinceLastLevel": 1756, "playerId": 21762, "championPointsUntilNextLevel": 44, "tokensEarned": 0, "championId": 56, "lastPlayTime": 1436507531000}, {"championLevel": 1, "chestGranted": true, "championPoints": 1751, "championPointsSinceLastLevel": 1751, "playerId": 21762, "championPointsUntilNextLevel": 49, "tokensEarned": 0, "championId": 54, "lastPlayTime": 1467961053000}, {"championLevel": 1, "chestGranted": false, "championPoints": 1700, "championPointsSinceLastLevel": 1700, "playerId": 21762, "championPointsUntilNextLevel": 100, "tokensEarned": 0, "championId": 106, "lastPlayTime": 1467016830000}, {"championLevel": 1, "chestGranted": false, "championPoints": 1690, "championPointsSinceLastLevel": 1690, "playerId": 21762, "championPointsUntilNextLevel": 110, "tokensEarned": 0, "championId": 107, "lastPlayTime": 1435620447000}, {"championLevel": 1, "chestGranted": false, "championPoints": 1670, "championPointsSinceLastLevel": 1670, "playerId": 21762, "championPointsUntilNextLevel": 130, "tokensEarned": 0, "championId": 64, "lastPlayTime": 1451532878000}, {"championLevel": 1, "chestGranted": false, "championPoints": 1641, "championPointsSinceLastLevel": 1641, "playerId": 21762, "championPointsUntilNextLevel": 159, "tokensEarned": 0, "championId": 80, "lastPlayTime": 1456981301000}, {"championLevel": 1, "chestGranted": false, "championPoints": 1619, "championPointsSinceLastLevel": 1619, "playerId": 21762, "championPointsUntilNextLevel": 181, "tokensEarned": 0, "championId": 110, "lastPlayTime": 1450497685000}, {"championLevel": 1, "chestGranted": false, "championPoints": 1571, "championPointsSinceLastLevel": 1571, "playerId": 21762, "championPointsUntilNextLevel": 229, "tokensEarned": 0, "championId": 63, "lastPlayTime": 1435466558000}, {"championLevel": 1, "chestGranted": false, "championPoints": 1566, "championPointsSinceLastLevel": 1566, "playerId": 21762, "championPointsUntilNextLevel": 234, "tokensEarned": 0, "championId": 133, "lastPlayTime": 1442624098000}, {"championLevel": 1, "chestGranted": false, "championPoints": 1555, "championPointsSinceLastLevel": 1555, "playerId": 21762, "championPointsUntilNextLevel": 245, "tokensEarned": 0, "championId": 10, "lastPlayTime": 1436929531000}, {"championLevel": 1, "chestGranted": false, "championPoints": 1546, "championPointsSinceLastLevel": 1546, "playerId": 21762, "championPointsUntilNextLevel": 254, "tokensEarned": 0, "championId": 7, "lastPlayTime": 1435461995000}, {"championLevel": 1, "chestGranted": false, "championPoints": 1534, "championPointsSinceLastLevel": 1534, "playerId": 21762, "championPointsUntilNextLevel": 266, "tokensEarned": 0, "championId": 62, "lastPlayTime": 1435343734000}, {"championLevel": 1, "chestGranted": false, "championPoints": 1501, "championPointsSinceLastLevel": 1501, "playerId": 21762, "championPointsUntilNextLevel": 299, "tokensEarned": 0, "championId": 22, "lastPlayTime": 1446354883000}, {"championLevel": 1, "chestGranted": false, "championPoints": 1500, "championPointsSinceLastLevel": 1500, "playerId": 21762, "championPointsUntilNextLevel": 300, "tokensEarned": 0, "championId": 60, "lastPlayTime": 1439705753000}, {"championLevel": 1, "chestGranted": false, "championPoints": 1494, "championPointsSinceLastLevel": 1494, "playerId": 21762, "championPointsUntilNextLevel": 306, "tokensEarned": 0, "championId": 35, "lastPlayTime": 1437037932000}, {"championLevel": 1, "chestGranted": false, "championPoints": 1489, "championPointsSinceLastLevel": 1489, "playerId": 21762, "championPointsUntilNextLevel": 311, "tokensEarned": 0, "championId": 24, "lastPlayTime": 1455942035000}, {"championLevel": 1, "chestGranted": false, "championPoints": 1429, "championPointsSinceLastLevel": 1429, "playerId": 21762, "championPointsUntilNextLevel": 371, "tokensEarned": 0, "championId": 254, "lastPlayTime": 1439769660000}, {"championLevel": 1, "chestGranted": false, "championPoints": 1422, "championPointsSinceLastLevel": 1422, "playerId": 21762, "championPointsUntilNextLevel": 378, "tokensEarned": 0, "championId": 96, "lastPlayTime": 1456456936000}, {"championLevel": 1, "chestGranted": false, "championPoints": 1394, "championPointsSinceLastLevel": 1394, "playerId": 21762, "championPointsUntilNextLevel": 406, "tokensEarned": 0, "championId": 17, "lastPlayTime": 1451712857000}, {"championLevel": 1, "chestGranted": false, "championPoints": 1380, "championPointsSinceLastLevel": 1380, "playerId": 21762, "championPointsUntilNextLevel": 420, "tokensEarned": 0, "championId": 201, "lastPlayTime": 1467958947000}, {"championLevel": 1, "chestGranted": true, "championPoints": 1380, "championPointsSinceLastLevel": 1380, "playerId": 21762, "championPointsUntilNextLevel": 420, "tokensEarned": 0, "championId": 12, "lastPlayTime": 1462592178000}, {"championLevel": 1, "chestGranted": false, "championPoints": 1288, "championPointsSinceLastLevel": 1288, "playerId": 21762, "championPointsUntilNextLevel": 512, "tokensEarned": 0, "championId": 113, "lastPlayTime": 1433979372000}, {"championLevel": 1, "chestGranted": false, "championPoints": 1268, "championPointsSinceLastLevel": 1268, "playerId": 21762, "championPointsUntilNextLevel": 532, "tokensEarned": 0, "championId": 4, "lastPlayTime": 1438049351000}, {"championLevel": 1, "chestGranted": false, "championPoints": 1242, "championPointsSinceLastLevel": 1242, "playerId": 21762, "championPointsUntilNextLevel": 558, "tokensEarned": 0, "championId": 31, "lastPlayTime": 1435030712000}, {"championLevel": 1, "chestGranted": false, "championPoints": 1238, "championPointsSinceLastLevel": 1238, "playerId": 21762, "championPointsUntilNextLevel": 562, "tokensEarned": 0, "championId": 53, "lastPlayTime": 1452995245000}, {"championLevel": 1, "chestGranted": false, "championPoints": 1198, "championPointsSinceLastLevel": 1198, "playerId": 21762, "championPointsUntilNextLevel": 602, "tokensEarned": 0, "championId": 112, "lastPlayTime": 1436753635000}, {"championLevel": 1, "chestGranted": false, "championPoints": 1149, "championPointsSinceLastLevel": 1149, "playerId": 21762, "championPointsUntilNextLevel": 651, "tokensEarned": 0, "championId": 131, "lastPlayTime": 1437363776000}, {"championLevel": 1, "chestGranted": false, "championPoints": 1115, "championPointsSinceLastLevel": 1115, "playerId": 21762, "championPointsUntilNextLevel": 685, "tokensEarned": 0, "championId": 26, "lastPlayTime": 1439676156000}, {"championLevel": 1, "chestGranted": false, "championPoints": 943, "championPointsSinceLastLevel": 943, "playerId": 21762, "championPointsUntilNextLevel": 857, "tokensEarned": 0, "championId": 85, "lastPlayTime": 1463879338000}, {"championLevel": 1, "chestGranted": false, "championPoints": 751, "championPointsSinceLastLevel": 751, "playerId": 21762, "championPointsUntilNextLevel": 1049, "tokensEarned": 0, "championId": 50, "lastPlayTime": 1467957694000}, {"championLevel": 1, "chestGranted": false, "championPoints": 603, "championPointsSinceLastLevel": 603, "playerId": 21762, "championPointsUntilNextLevel": 1197, "tokensEarned": 0, "championId": 202, "lastPlayTime": 1465679765000}, {"championLevel": 1, "chestGranted": false, "championPoints": 500, "championPointsSinceLastLevel": 500, "playerId": 21762, "championPointsUntilNextLevel": 1300, "tokensEarned": 0, "championId": 120, "lastPlayTime": 1435778517000}, {"championLevel": 1, "chestGranted": false, "championPoints": 478, "championPointsSinceLastLevel": 478, "playerId": 21762, "championPointsUntilNextLevel": 1322, "tokensEarned": 0, "championId": 78, "lastPlayTime": 1450482128000}, {"championLevel": 1, "chestGranted": false, "championPoints": 465, "championPointsSinceLastLevel": 465, "playerId": 21762, "championPointsUntilNextLevel": 1335, "tokensEarned": 0, "championId": 39, "lastPlayTime": 1452199540000}, {"championLevel": 1, "chestGranted": false, "championPoints": 430, "championPointsSinceLastLevel": 430, "playerId": 21762, "championPointsUntilNextLevel": 1370, "tokensEarned": 0, "championId": 15, "lastPlayTime": 1456516660000}, {"championLevel": 1, "chestGranted": false, "championPoints": 390, "championPointsSinceLastLevel": 390, "playerId": 21762, "championPointsUntilNextLevel": 1410, "tokensEarned": 0, "championId": 134, "lastPlayTime": 1462588428000}, {"championLevel": 1, "chestGranted": true, "championPoints": 352, "championPointsSinceLastLevel": 352, "playerId": 21762, "championPointsUntilNextLevel": 1448, "tokensEarned": 0, "championId": 36, "lastPlayTime": 1468215693000}, {"championLevel": 1, "chestGranted": true, "championPoints": 307, "championPointsSinceLastLevel": 307, "playerId": 21762, "championPointsUntilNextLevel": 1493, "tokensEarned": 0, "championId": 37, "lastPlayTime": 1467011515000}, {"championLevel": 1, "chestGranted": false, "championPoints": 284, "championPointsSinceLastLevel": 284, "playerId": 21762, "championPointsUntilNextLevel": 1516, "tokensEarned": 0, "championId": 127, "lastPlayTime": 1455313944000}, {"championLevel": 1, "chestGranted": false, "championPoints": 265, "championPointsSinceLastLevel": 265, "playerId": 21762, "championPointsUntilNextLevel": 1535, "tokensEarned": 0, "championId": 76, "lastPlayTime": 1436151652000}, {"championLevel": 1, "chestGranted": false, "championPoints": 239, "championPointsSinceLastLevel": 239, "playerId": 21762, "championPointsUntilNextLevel": 1561, "tokensEarned": 0, "championId": 43, "lastPlayTime": 1432276271000}, {"championLevel": 1, "chestGranted": false, "championPoints": 238, "championPointsSinceLastLevel": 238, "playerId": 21762, "championPointsUntilNextLevel": 1562, "tokensEarned": 0, "championId": 143, "lastPlayTime": 1454465057000}, {"championLevel": 1, "chestGranted": false, "championPoints": 236, "championPointsSinceLastLevel": 236, "playerId": 21762, "championPointsUntilNextLevel": 1564, "tokensEarned": 0, "championId": 40, "lastPlayTime": 1439179780000}, {"championLevel": 1, "chestGranted": false, "championPoints": 222, "championPointsSinceLastLevel": 222, "playerId": 21762, "championPointsUntilNextLevel": 1578, "tokensEarned": 0, "championId": 98, "lastPlayTime": 1440734747000}, {"championLevel": 1, "chestGranted": false, "championPoints": 211, "championPointsSinceLastLevel": 211, "playerId": 21762, "championPointsUntilNextLevel": 1589, "tokensEarned": 0, "championId": 44, "lastPlayTime": 1439260443000}, {"championLevel": 1, "chestGranted": false, "championPoints": 209, "championPointsSinceLastLevel": 209, "playerId": 21762, "championPointsUntilNextLevel": 1591, "tokensEarned": 0, "championId": 38, "lastPlayTime": 1446604192000}, {"championLevel": 1, "chestGranted": false, "championPoints": 197, "championPointsSinceLastLevel": 197, "playerId": 21762, "championPointsUntilNextLevel": 1603, "tokensEarned": 0, "championId": 30, "lastPlayTime": 1435464186000}, {"championLevel": 1, "chestGranted": false, "championPoints": 184, "championPointsSinceLastLevel": 184, "playerId": 21762, "championPointsUntilNextLevel": 1616, "tokensEarned": 0, "championId": 14, "lastPlayTime": 1435704527000}, {"championLevel": 1, "chestGranted": false, "championPoints": 173, "championPointsSinceLastLevel": 173, "playerId": 21762, "championPointsUntilNextLevel": 1627, "tokensEarned": 0, "championId": 8, "lastPlayTime": 1436765650000}, {"championLevel": 1, "chestGranted": false, "championPoints": 166, "championPointsSinceLastLevel": 166, "playerId": 21762, "championPointsUntilNextLevel": 1634, "tokensEarned": 0, "championId": 266, "lastPlayTime": 1437537407000}, {"championLevel": 1, "chestGranted": false, "championPoints": 131, "championPointsSinceLastLevel": 131, "playerId": 21762, "championPointsUntilNextLevel": 1669, "tokensEarned": 0, "championId": 1, "lastPlayTime": 1442197348000}]