[{"championLevel": 5, "chestGranted": false, "championPoints": 117044, "championPointsSinceLastLevel": 95444, "playerId": 21761, "championPointsUntilNextLevel": 0, "tokensEarned": 0, "championId": 107, "lastPlayTime": 1467085553000}, {"championLevel": 5, "chestGranted": false, "championPoints": 28375, "championPointsSinceLastLevel": 6775, "playerId": 21761, "championPointsUntilNextLevel": 0, "tokensEarned": 0, "championId": 245, "lastPlayTime": 1464269851000}, {"championLevel": 5, "chestGranted": false, "championPoints": 27677, "championPointsSinceLastLevel": 6077, "playerId": 21761, "championPointsUntilNextLevel": 0, "tokensEarned": 0, "championId": 79, "lastPlayTime": 1463524881000}, {"championLevel": 5, "chestGranted": false, "championPoints": 21836, "championPointsSinceLastLevel": 236, "playerId": 21761, "championPointsUntilNextLevel": 0, "tokensEarned": 0, "championId": 64, "lastPlayTime": 1466722896000}, {"championLevel": 4, "chestGranted": false, "championPoints": 13091, "championPointsSinceLastLevel": 491, "playerId": 21761, "championPointsUntilNextLevel": 8509, "tokensEarned": 0, "championId": 7, "lastPlayTime": 1466597684000}, {"championLevel": 3, "chestGranted": false, "championPoints": 12103, "championPointsSinceLastLevel": 6103, "playerId": 21761, "championPointsUntilNextLevel": 497, "tokensEarned": 0, "championId": 412, "lastPlayTime": 1467333199000}, {"championLevel": 3, "chestGranted": false, "championPoints": 10377, "championPointsSinceLastLevel": 4377, "playerId": 21761, "championPointsUntilNextLevel": 2223, "tokensEarned": 0, "championId": 53, "lastPlayTime": 1445738421000}, {"championLevel": 3, "chestGranted": false, "championPoints": 8765, "championPointsSinceLastLevel": 2765, "playerId": 21761, "championPointsUntilNextLevel": 3835, "tokensEarned": 0, "championId": 238, "lastPlayTime": 1464299461000}, {"championLevel": 3, "chestGranted": false, "championPoints": 8104, "championPointsSinceLastLevel": 2104, "playerId": 21761, "championPointsUntilNextLevel": 4496, "tokensEarned": 0, "championId": 105, "lastPlayTime": 1468272490000}, {"championLevel": 2, "chestGranted": false, "championPoints": 5592, "championPointsSinceLastLevel": 3792, "playerId": 21761, "championPointsUntilNextLevel": 408, "tokensEarned": 0, "championId": 78, "lastPlayTime": 1454623506000}, {"championLevel": 2, "chestGranted": false, "championPoints": 4928, "championPointsSinceLastLevel": 3128, "playerId": 21761, "championPointsUntilNextLevel": 1072, "tokensEarned": 0, "championId": 54, "lastPlayTime": 1442110866000}, {"championLevel": 2, "chestGranted": false, "championPoints": 4763, "championPointsSinceLastLevel": 2963, "playerId": 21761, "championPointsUntilNextLevel": 1237, "tokensEarned": 0, "championId": 421, "lastPlayTime": 1441683919000}, {"championLevel": 2, "chestGranted": false, "championPoints": 4413, "championPointsSinceLastLevel": 2613, "playerId": 21761, "championPointsUntilNextLevel": 1587, "tokensEarned": 0, "championId": 92, "lastPlayTime": 1449877191000}, {"championLevel": 2, "chestGranted": false, "championPoints": 3563, "championPointsSinceLastLevel": 1763, "playerId": 21761, "championPointsUntilNextLevel": 2437, "tokensEarned": 0, "championId": 76, "lastPlayTime": 1445116026000}, {"championLevel": 2, "chestGranted": false, "championPoints": 3147, "championPointsSinceLastLevel": 1347, "playerId": 21761, "championPointsUntilNextLevel": 2853, "tokensEarned": 0, "championId": 98, "lastPlayTime": 1464314385000}, {"championLevel": 2, "chestGranted": false, "championPoints": 3054, "championPointsSinceLastLevel": 1254, "playerId": 21761, "championPointsUntilNextLevel": 2946, "tokensEarned": 0, "championId": 4, "lastPlayTime": 1455152015000}, {"championLevel": 2, "chestGranted": false, "championPoints": 2958, "championPointsSinceLastLevel": 1158, "playerId": 21761, "championPointsUntilNextLevel": 3042, "tokensEarned": 0, "championId": 2, "lastPlayTime": 1444436135000}, {"championLevel": 2, "chestGranted": false, "championPoints": 2887, "championPointsSinceLastLevel": 1087, "playerId": 21761, "championPointsUntilNextLevel": 3113, "tokensEarned": 0, "championId": 12, "lastPlayTime": 1446235802000}, {"championLevel": 2, "chestGranted": false, "championPoints": 2708, "championPointsSinceLastLevel": 908, "playerId": 21761, "championPointsUntilNextLevel": 3292, "tokensEarned": 0, "championId": 20, "lastPlayTime": 1454987126000}, {"championLevel": 2, "chestGranted": true, "championPoints": 2577, "championPointsSinceLastLevel": 777, "playerId": 21761, "championPointsUntilNextLevel": 3423, "tokensEarned": 0, "championId": 8, "lastPlayTime": 1468641433000}, {"championLevel": 2, "chestGranted": false, "championPoints": 2508, "championPointsSinceLastLevel": 708, "playerId": 21761, "championPointsUntilNextLevel": 3492, "tokensEarned": 0, "championId": 154, "lastPlayTime": 1431395266000}, {"championLevel": 2, "chestGranted": false, "championPoints": 2407, "championPointsSinceLastLevel": 607, "playerId": 21761, "championPointsUntilNextLevel": 3593, "tokensEarned": 0, "championId": 106, "lastPlayTime": 1440653236000}, {"championLevel": 2, "chestGranted": false, "championPoints": 2017, "championPointsSinceLastLevel": 217, "playerId": 21761, "championPointsUntilNextLevel": 3983, "tokensEarned": 0, "championId": 203, "lastPlayTime": 1449884800000}, {"championLevel": 2, "chestGranted": false, "championPoints": 2005, "championPointsSinceLastLevel": 205, "playerId": 21761, "championPointsUntilNextLevel": 3995, "tokensEarned": 0, "championId": 38, "lastPlayTime": 1454601942000}, {"championLevel": 2, "chestGranted": false, "championPoints": 1802, "championPointsSinceLastLevel": 2, "playerId": 21761, "championPointsUntilNextLevel": 4198, "tokensEarned": 0, "championId": 25, "lastPlayTime": 1468936879000}, {"championLevel": 1, "chestGranted": false, "championPoints": 1578, "championPointsSinceLastLevel": 1578, "playerId": 21761, "championPointsUntilNextLevel": 222, "tokensEarned": 0, "championId": 24, "lastPlayTime": 1437513399000}, {"championLevel": 1, "chestGranted": false, "championPoints": 1436, "championPointsSinceLastLevel": 1436, "playerId": 21761, "championPointsUntilNextLevel": 364, "tokensEarned": 0, "championId": 157, "lastPlayTime": 1466555822000}, {"championLevel": 1, "chestGranted": false, "championPoints": 1396, "championPointsSinceLastLevel": 1396, "playerId": 21761, "championPointsUntilNextLevel": 404, "tokensEarned": 0, "championId": 62, "lastPlayTime": 1441769050000}, {"championLevel": 1, "chestGranted": false, "championPoints": 1382, "championPointsSinceLastLevel": 1382, "playerId": 21761, "championPointsUntilNextLevel": 418, "tokensEarned": 0, "championId": 11, "lastPlayTime": 1445615753000}, {"championLevel": 1, "chestGranted": false, "championPoints": 1347, "championPointsSinceLastLevel": 1347, "playerId": 21761, "championPointsUntilNextLevel": 453, "tokensEarned": 0, "championId": 56, "lastPlayTime": 1441332597000}, {"championLevel": 1, "chestGranted": false, "championPoints": 1308, "championPointsSinceLastLevel": 1308, "playerId": 21761, "championPointsUntilNextLevel": 492, "tokensEarned": 0, "championId": 60, "lastPlayTime": 1439947147000}, {"championLevel": 1, "chestGranted": false, "championPoints": 1264, "championPointsSinceLastLevel": 1264, "playerId": 21761, "championPointsUntilNextLevel": 536, "tokensEarned": 0, "championId": 19, "lastPlayTime": 1450489315000}, {"championLevel": 1, "chestGranted": false, "championPoints": 1192, "championPointsSinceLastLevel": 1192, "playerId": 21761, "championPointsUntilNextLevel": 608, "tokensEarned": 0, "championId": 222, "lastPlayTime": 1466632058000}, {"championLevel": 1, "chestGranted": false, "championPoints": 1153, "championPointsSinceLastLevel": 1153, "playerId": 21761, "championPointsUntilNextLevel": 647, "tokensEarned": 0, "championId": 32, "lastPlayTime": 1447523167000}, {"championLevel": 1, "chestGranted": false, "championPoints": 1048, "championPointsSinceLastLevel": 1048, "playerId": 21761, "championPointsUntilNextLevel": 752, "tokensEarned": 0, "championId": 40, "lastPlayTime": 1440999270000}, {"championLevel": 1, "chestGranted": false, "championPoints": 1031, "championPointsSinceLastLevel": 1031, "playerId": 21761, "championPointsUntilNextLevel": 769, "tokensEarned": 0, "championId": 10, "lastPlayTime": 1438897512000}, {"championLevel": 1, "chestGranted": false, "championPoints": 989, "championPointsSinceLastLevel": 989, "playerId": 21761, "championPointsUntilNextLevel": 811, "tokensEarned": 0, "championId": 35, "lastPlayTime": 1436479113000}, {"championLevel": 1, "chestGranted": false, "championPoints": 810, "championPointsSinceLastLevel": 810, "playerId": 21761, "championPointsUntilNextLevel": 990, "tokensEarned": 0, "championId": 236, "lastPlayTime": 1453752233000}, {"championLevel": 1, "chestGranted": false, "championPoints": 457, "championPointsSinceLastLevel": 457, "playerId": 21761, "championPointsUntilNextLevel": 1343, "tokensEarned": 0, "championId": 81, "lastPlayTime": 1444797127000}, {"championLevel": 1, "chestGranted": false, "championPoints": 454, "championPointsSinceLastLevel": 454, "playerId": 21761, "championPointsUntilNextLevel": 1346, "tokensEarned": 0, "championId": 1, "lastPlayTime": 1466560674000}, {"championLevel": 1, "chestGranted": false, "championPoints": 442, "championPointsSinceLastLevel": 442, "playerId": 21761, "championPointsUntilNextLevel": 1358, "tokensEarned": 0, "championId": 102, "lastPlayTime": 1440383939000}, {"championLevel": 1, "chestGranted": false, "championPoints": 350, "championPointsSinceLastLevel": 350, "playerId": 21761, "championPointsUntilNextLevel": 1450, "tokensEarned": 0, "championId": 13, "lastPlayTime": 1468938897000}, {"championLevel": 1, "chestGranted": false, "championPoints": 343, "championPointsSinceLastLevel": 343, "playerId": 21761, "championPointsUntilNextLevel": 1457, "tokensEarned": 0, "championId": 113, "lastPlayTime": 1437964791000}, {"championLevel": 1, "chestGranted": false, "championPoints": 337, "championPointsSinceLastLevel": 337, "playerId": 21761, "championPointsUntilNextLevel": 1463, "tokensEarned": 0, "championId": 114, "lastPlayTime": 1465541315000}, {"championLevel": 1, "chestGranted": false, "championPoints": 312, "championPointsSinceLastLevel": 312, "playerId": 21761, "championPointsUntilNextLevel": 1488, "tokensEarned": 0, "championId": 59, "lastPlayTime": 1466635691000}, {"championLevel": 1, "chestGranted": false, "championPoints": 277, "championPointsSinceLastLevel": 277, "playerId": 21761, "championPointsUntilNextLevel": 1523, "tokensEarned": 0, "championId": 5, "lastPlayTime": 1440646103000}, {"championLevel": 1, "chestGranted": false, "championPoints": 262, "championPointsSinceLastLevel": 262, "playerId": 21761, "championPointsUntilNextLevel": 1538, "tokensEarned": 0, "championId": 86, "lastPlayTime": 1444001328000}, {"championLevel": 1, "chestGranted": false, "championPoints": 232, "championPointsSinceLastLevel": 232, "playerId": 21761, "championPointsUntilNextLevel": 1568, "tokensEarned": 0, "championId": 51, "lastPlayTime": 1466541281000}, {"championLevel": 1, "chestGranted": false, "championPoints": 192, "championPointsSinceLastLevel": 192, "playerId": 21761, "championPointsUntilNextLevel": 1608, "tokensEarned": 0, "championId": 75, "lastPlayTime": 1466640622000}, {"championLevel": 1, "chestGranted": false, "championPoints": 182, "championPointsSinceLastLevel": 182, "playerId": 21761, "championPointsUntilNextLevel": 1618, "tokensEarned": 0, "championId": 254, "lastPlayTime": 1447528330000}, {"championLevel": 1, "chestGranted": false, "championPoints": 178, "championPointsSinceLastLevel": 178, "playerId": 21761, "championPointsUntilNextLevel": 1622, "tokensEarned": 0, "championId": 58, "lastPlayTime": 1438320416000}, {"championLevel": 1, "chestGranted": false, "championPoints": 167, "championPointsSinceLastLevel": 167, "playerId": 21761, "championPointsUntilNextLevel": 1633, "tokensEarned": 0, "championId": 17, "lastPlayTime": 1440718768000}]