[{"championLevel": 6, "chestGranted": true, "championPoints": 48495, "championPointsSinceLastLevel": 26895, "playerId": 21778, "championPointsUntilNextLevel": 0, "tokensEarned": 3, "championId": 112, "lastPlayTime": 1469161013000}, {"championLevel": 5, "chestGranted": true, "championPoints": 22085, "championPointsSinceLastLevel": 485, "playerId": 21778, "championPointsUntilNextLevel": 0, "tokensEarned": 0, "championId": 51, "lastPlayTime": 1469163749000}, {"championLevel": 4, "chestGranted": true, "championPoints": 16795, "championPointsSinceLastLevel": 4195, "playerId": 21778, "championPointsUntilNextLevel": 4805, "tokensEarned": 0, "championId": 117, "lastPlayTime": 1465763037000}, {"championLevel": 3, "chestGranted": true, "championPoints": 7267, "championPointsSinceLastLevel": 1267, "playerId": 21778, "championPointsUntilNextLevel": 5333, "tokensEarned": 0, "championId": 81, "lastPlayTime": 1468294186000}, {"championLevel": 2, "chestGranted": true, "championPoints": 5728, "championPointsSinceLastLevel": 3928, "playerId": 21778, "championPointsUntilNextLevel": 272, "tokensEarned": 0, "championId": 67, "lastPlayTime": 1468355788000}, {"championLevel": 2, "chestGranted": true, "championPoints": 4350, "championPointsSinceLastLevel": 2550, "playerId": 21778, "championPointsUntilNextLevel": 1650, "tokensEarned": 0, "championId": 34, "lastPlayTime": 1468013486000}, {"championLevel": 2, "chestGranted": true, "championPoints": 2989, "championPointsSinceLastLevel": 1189, "playerId": 21778, "championPointsUntilNextLevel": 3011, "tokensEarned": 0, "championId": 33, "lastPlayTime": 1467930075000}, {"championLevel": 2, "chestGranted": false, "championPoints": 2926, "championPointsSinceLastLevel": 1126, "playerId": 21778, "championPointsUntilNextLevel": 3074, "tokensEarned": 0, "championId": 92, "lastPlayTime": 1455527316000}, {"championLevel": 2, "chestGranted": false, "championPoints": 2829, "championPointsSinceLastLevel": 1029, "playerId": 21778, "championPointsUntilNextLevel": 3171, "tokensEarned": 0, "championId": 54, "lastPlayTime": 1459914738000}, {"championLevel": 2, "chestGranted": true, "championPoints": 2802, "championPointsSinceLastLevel": 1002, "playerId": 21778, "championPointsUntilNextLevel": 3198, "tokensEarned": 0, "championId": 43, "lastPlayTime": 1466972773000}, {"championLevel": 2, "chestGranted": true, "championPoints": 2374, "championPointsSinceLastLevel": 574, "playerId": 21778, "championPointsUntilNextLevel": 3626, "tokensEarned": 0, "championId": 89, "lastPlayTime": 1460508806000}, {"championLevel": 2, "chestGranted": false, "championPoints": 2182, "championPointsSinceLastLevel": 382, "playerId": 21778, "championPointsUntilNextLevel": 3818, "tokensEarned": 0, "championId": 64, "lastPlayTime": 1467866279000}, {"championLevel": 2, "chestGranted": false, "championPoints": 2134, "championPointsSinceLastLevel": 334, "playerId": 21778, "championPointsUntilNextLevel": 3866, "tokensEarned": 0, "championId": 99, "lastPlayTime": 1461092619000}, {"championLevel": 2, "chestGranted": true, "championPoints": 2102, "championPointsSinceLastLevel": 302, "playerId": 21778, "championPointsUntilNextLevel": 3898, "tokensEarned": 0, "championId": 78, "lastPlayTime": 1468220876000}, {"championLevel": 2, "chestGranted": false, "championPoints": 2063, "championPointsSinceLastLevel": 263, "playerId": 21778, "championPointsUntilNextLevel": 3937, "tokensEarned": 0, "championId": 18, "lastPlayTime": 1468296606000}, {"championLevel": 1, "chestGranted": false, "championPoints": 1649, "championPointsSinceLastLevel": 1649, "playerId": 21778, "championPointsUntilNextLevel": 151, "tokensEarned": 0, "championId": 202, "lastPlayTime": 1464402263000}, {"championLevel": 1, "chestGranted": true, "championPoints": 1222, "championPointsSinceLastLevel": 1222, "playerId": 21778, "championPointsUntilNextLevel": 578, "tokensEarned": 0, "championId": 25, "lastPlayTime": 1468217362000}, {"championLevel": 1, "chestGranted": false, "championPoints": 790, "championPointsSinceLastLevel": 790, "playerId": 21778, "championPointsUntilNextLevel": 1010, "tokensEarned": 0, "championId": 42, "lastPlayTime": 1461990239000}, {"championLevel": 1, "chestGranted": false, "championPoints": 499, "championPointsSinceLastLevel": 499, "playerId": 21778, "championPointsUntilNextLevel": 1301, "tokensEarned": 0, "championId": 29, "lastPlayTime": 1467265854000}, {"championLevel": 1, "chestGranted": false, "championPoints": 437, "championPointsSinceLastLevel": 437, "playerId": 21778, "championPointsUntilNextLevel": 1363, "tokensEarned": 0, "championId": 15, "lastPlayTime": 1468641494000}]