[{"championLevel": 5, "chestGranted": true, "championPoints": 25691, "championPointsSinceLastLevel": 4091, "playerId": 21771, "championPointsUntilNextLevel": 0, "tokensEarned": 1, "championId": 80, "lastPlayTime": 1463677013000}, {"championLevel": 5, "chestGranted": true, "championPoints": 22960, "championPointsSinceLastLevel": 1360, "playerId": 21771, "championPointsUntilNextLevel": 0, "tokensEarned": 0, "championId": 104, "lastPlayTime": 1465826201000}, {"championLevel": 4, "chestGranted": true, "championPoints": 18003, "championPointsSinceLastLevel": 5403, "playerId": 21771, "championPointsUntilNextLevel": 3597, "tokensEarned": 0, "championId": 236, "lastPlayTime": 1463694243000}, {"championLevel": 4, "chestGranted": true, "championPoints": 14965, "championPointsSinceLastLevel": 2365, "playerId": 21771, "championPointsUntilNextLevel": 6635, "tokensEarned": 0, "championId": 131, "lastPlayTime": 1462043570000}, {"championLevel": 4, "chestGranted": false, "championPoints": 13455, "championPointsSinceLastLevel": 855, "playerId": 21771, "championPointsUntilNextLevel": 8145, "tokensEarned": 0, "championId": 60, "lastPlayTime": 1463620967000}, {"championLevel": 3, "chestGranted": true, "championPoints": 12177, "championPointsSinceLastLevel": 6177, "playerId": 21771, "championPointsUntilNextLevel": 423, "tokensEarned": 0, "championId": 81, "lastPlayTime": 1463881012000}, {"championLevel": 3, "chestGranted": true, "championPoints": 11491, "championPointsSinceLastLevel": 5491, "playerId": 21771, "championPointsUntilNextLevel": 1109, "tokensEarned": 0, "championId": 51, "lastPlayTime": 1464060390000}, {"championLevel": 3, "chestGranted": true, "championPoints": 9277, "championPointsSinceLastLevel": 3277, "playerId": 21771, "championPointsUntilNextLevel": 3323, "tokensEarned": 0, "championId": 59, "lastPlayTime": 1461525053000}, {"championLevel": 3, "chestGranted": false, "championPoints": 8927, "championPointsSinceLastLevel": 2927, "playerId": 21771, "championPointsUntilNextLevel": 3673, "tokensEarned": 0, "championId": 112, "lastPlayTime": 1455574145000}, {"championLevel": 3, "chestGranted": false, "championPoints": 8604, "championPointsSinceLastLevel": 2604, "playerId": 21771, "championPointsUntilNextLevel": 3996, "tokensEarned": 0, "championId": 238, "lastPlayTime": 1457888192000}, {"championLevel": 3, "chestGranted": false, "championPoints": 7092, "championPointsSinceLastLevel": 1092, "playerId": 21771, "championPointsUntilNextLevel": 5508, "tokensEarned": 0, "championId": 107, "lastPlayTime": 1453858565000}, {"championLevel": 3, "chestGranted": false, "championPoints": 6450, "championPointsSinceLastLevel": 450, "playerId": 21771, "championPointsUntilNextLevel": 6150, "tokensEarned": 0, "championId": 8, "lastPlayTime": 1449585653000}, {"championLevel": 3, "chestGranted": true, "championPoints": 6399, "championPointsSinceLastLevel": 399, "playerId": 21771, "championPointsUntilNextLevel": 6201, "tokensEarned": 0, "championId": 64, "lastPlayTime": 1460830645000}, {"championLevel": 3, "chestGranted": false, "championPoints": 6272, "championPointsSinceLastLevel": 272, "playerId": 21771, "championPointsUntilNextLevel": 6328, "tokensEarned": 0, "championId": 222, "lastPlayTime": 1453568533000}, {"championLevel": 2, "chestGranted": true, "championPoints": 5188, "championPointsSinceLastLevel": 3388, "playerId": 21771, "championPointsUntilNextLevel": 812, "tokensEarned": 0, "championId": 79, "lastPlayTime": 1463933710000}, {"championLevel": 2, "chestGranted": false, "championPoints": 4987, "championPointsSinceLastLevel": 3187, "playerId": 21771, "championPointsUntilNextLevel": 1013, "tokensEarned": 0, "championId": 429, "lastPlayTime": 1447536756000}, {"championLevel": 2, "chestGranted": false, "championPoints": 4607, "championPointsSinceLastLevel": 2807, "playerId": 21771, "championPointsUntilNextLevel": 1393, "tokensEarned": 0, "championId": 42, "lastPlayTime": 1444618329000}, {"championLevel": 2, "chestGranted": false, "championPoints": 4133, "championPointsSinceLastLevel": 2333, "playerId": 21771, "championPointsUntilNextLevel": 1867, "tokensEarned": 0, "championId": 40, "lastPlayTime": 1454459965000}, {"championLevel": 2, "chestGranted": false, "championPoints": 4132, "championPointsSinceLastLevel": 2332, "playerId": 21771, "championPointsUntilNextLevel": 1868, "tokensEarned": 0, "championId": 67, "lastPlayTime": 1446926683000}, {"championLevel": 2, "chestGranted": false, "championPoints": 4012, "championPointsSinceLastLevel": 2212, "playerId": 21771, "championPointsUntilNextLevel": 1988, "tokensEarned": 0, "championId": 114, "lastPlayTime": 1454355561000}, {"championLevel": 2, "chestGranted": false, "championPoints": 3777, "championPointsSinceLastLevel": 1977, "playerId": 21771, "championPointsUntilNextLevel": 2223, "tokensEarned": 0, "championId": 268, "lastPlayTime": 1454015325000}, {"championLevel": 2, "chestGranted": true, "championPoints": 3214, "championPointsSinceLastLevel": 1414, "playerId": 21771, "championPointsUntilNextLevel": 2786, "tokensEarned": 0, "championId": 121, "lastPlayTime": 1458863193000}, {"championLevel": 2, "chestGranted": false, "championPoints": 3208, "championPointsSinceLastLevel": 1408, "playerId": 21771, "championPointsUntilNextLevel": 2792, "tokensEarned": 0, "championId": 37, "lastPlayTime": 1457271211000}, {"championLevel": 2, "chestGranted": false, "championPoints": 3206, "championPointsSinceLastLevel": 1406, "playerId": 21771, "championPointsUntilNextLevel": 2794, "tokensEarned": 0, "championId": 101, "lastPlayTime": 1457838516000}, {"championLevel": 2, "chestGranted": false, "championPoints": 3103, "championPointsSinceLastLevel": 1303, "playerId": 21771, "championPointsUntilNextLevel": 2897, "tokensEarned": 0, "championId": 103, "lastPlayTime": 1455993996000}, {"championLevel": 2, "chestGranted": false, "championPoints": 2993, "championPointsSinceLastLevel": 1193, "playerId": 21771, "championPointsUntilNextLevel": 3007, "tokensEarned": 0, "championId": 25, "lastPlayTime": 1457223331000}, {"championLevel": 2, "chestGranted": false, "championPoints": 2680, "championPointsSinceLastLevel": 880, "playerId": 21771, "championPointsUntilNextLevel": 3320, "tokensEarned": 0, "championId": 157, "lastPlayTime": 1448113072000}, {"championLevel": 2, "chestGranted": true, "championPoints": 2624, "championPointsSinceLastLevel": 824, "playerId": 21771, "championPointsUntilNextLevel": 3376, "tokensEarned": 0, "championId": 202, "lastPlayTime": 1463940068000}, {"championLevel": 2, "chestGranted": false, "championPoints": 2491, "championPointsSinceLastLevel": 691, "playerId": 21771, "championPointsUntilNextLevel": 3509, "tokensEarned": 0, "championId": 98, "lastPlayTime": 1438380422000}, {"championLevel": 2, "chestGranted": false, "championPoints": 2458, "championPointsSinceLastLevel": 658, "playerId": 21771, "championPointsUntilNextLevel": 3542, "tokensEarned": 0, "championId": 432, "lastPlayTime": 1453650409000}, {"championLevel": 2, "chestGranted": false, "championPoints": 2320, "championPointsSinceLastLevel": 520, "playerId": 21771, "championPointsUntilNextLevel": 3680, "tokensEarned": 0, "championId": 12, "lastPlayTime": 1457748919000}, {"championLevel": 2, "chestGranted": false, "championPoints": 2223, "championPointsSinceLastLevel": 423, "playerId": 21771, "championPointsUntilNextLevel": 3777, "tokensEarned": 0, "championId": 92, "lastPlayTime": 1448210918000}, {"championLevel": 2, "chestGranted": false, "championPoints": 2197, "championPointsSinceLastLevel": 397, "playerId": 21771, "championPointsUntilNextLevel": 3803, "tokensEarned": 0, "championId": 412, "lastPlayTime": 1454535807000}, {"championLevel": 2, "chestGranted": false, "championPoints": 2136, "championPointsSinceLastLevel": 336, "playerId": 21771, "championPointsUntilNextLevel": 3864, "tokensEarned": 0, "championId": 110, "lastPlayTime": 1457915397000}, {"championLevel": 2, "chestGranted": false, "championPoints": 2042, "championPointsSinceLastLevel": 242, "playerId": 21771, "championPointsUntilNextLevel": 3958, "tokensEarned": 0, "championId": 102, "lastPlayTime": 1438531551000}, {"championLevel": 2, "chestGranted": false, "championPoints": 2026, "championPointsSinceLastLevel": 226, "playerId": 21771, "championPointsUntilNextLevel": 3974, "tokensEarned": 0, "championId": 105, "lastPlayTime": 1451523280000}, {"championLevel": 2, "chestGranted": true, "championPoints": 1949, "championPointsSinceLastLevel": 149, "playerId": 21771, "championPointsUntilNextLevel": 4051, "tokensEarned": 0, "championId": 15, "lastPlayTime": 1463956126000}, {"championLevel": 2, "chestGranted": false, "championPoints": 1939, "championPointsSinceLastLevel": 139, "playerId": 21771, "championPointsUntilNextLevel": 4061, "tokensEarned": 0, "championId": 117, "lastPlayTime": 1455578027000}, {"championLevel": 2, "chestGranted": false, "championPoints": 1867, "championPointsSinceLastLevel": 67, "playerId": 21771, "championPointsUntilNextLevel": 4133, "tokensEarned": 0, "championId": 120, "lastPlayTime": 1446929825000}, {"championLevel": 1, "chestGranted": false, "championPoints": 1701, "championPointsSinceLastLevel": 1701, "playerId": 21771, "championPointsUntilNextLevel": 99, "tokensEarned": 0, "championId": 68, "lastPlayTime": 1434768039000}, {"championLevel": 1, "chestGranted": false, "championPoints": 1667, "championPointsSinceLastLevel": 1667, "playerId": 21771, "championPointsUntilNextLevel": 133, "tokensEarned": 0, "championId": 29, "lastPlayTime": 1438654032000}, {"championLevel": 1, "chestGranted": false, "championPoints": 1592, "championPointsSinceLastLevel": 1592, "playerId": 21771, "championPointsUntilNextLevel": 208, "tokensEarned": 0, "championId": 24, "lastPlayTime": 1452205807000}, {"championLevel": 1, "chestGranted": false, "championPoints": 1501, "championPointsSinceLastLevel": 1501, "playerId": 21771, "championPointsUntilNextLevel": 299, "tokensEarned": 0, "championId": 150, "lastPlayTime": 1437097846000}, {"championLevel": 1, "chestGranted": false, "championPoints": 1489, "championPointsSinceLastLevel": 1489, "playerId": 21771, "championPointsUntilNextLevel": 311, "tokensEarned": 0, "championId": 7, "lastPlayTime": 1457795337000}, {"championLevel": 1, "chestGranted": false, "championPoints": 1429, "championPointsSinceLastLevel": 1429, "playerId": 21771, "championPointsUntilNextLevel": 371, "tokensEarned": 0, "championId": 99, "lastPlayTime": 1455463539000}, {"championLevel": 1, "chestGranted": false, "championPoints": 1371, "championPointsSinceLastLevel": 1371, "playerId": 21771, "championPointsUntilNextLevel": 429, "tokensEarned": 0, "championId": 21, "lastPlayTime": 1451439619000}, {"championLevel": 1, "chestGranted": false, "championPoints": 1368, "championPointsSinceLastLevel": 1368, "playerId": 21771, "championPointsUntilNextLevel": 432, "tokensEarned": 0, "championId": 76, "lastPlayTime": 1451262361000}, {"championLevel": 1, "chestGranted": false, "championPoints": 1347, "championPointsSinceLastLevel": 1347, "playerId": 21771, "championPointsUntilNextLevel": 453, "tokensEarned": 0, "championId": 126, "lastPlayTime": 1438899445000}, {"championLevel": 1, "chestGranted": false, "championPoints": 1239, "championPointsSinceLastLevel": 1239, "playerId": 21771, "championPointsUntilNextLevel": 561, "tokensEarned": 0, "championId": 4, "lastPlayTime": 1438448321000}, {"championLevel": 1, "chestGranted": false, "championPoints": 1232, "championPointsSinceLastLevel": 1232, "playerId": 21771, "championPointsUntilNextLevel": 568, "tokensEarned": 0, "championId": 18, "lastPlayTime": 1463974664000}, {"championLevel": 1, "chestGranted": false, "championPoints": 1195, "championPointsSinceLastLevel": 1195, "playerId": 21771, "championPointsUntilNextLevel": 605, "tokensEarned": 0, "championId": 421, "lastPlayTime": 1432510168000}, {"championLevel": 1, "chestGranted": false, "championPoints": 1193, "championPointsSinceLastLevel": 1193, "playerId": 21771, "championPointsUntilNextLevel": 607, "tokensEarned": 0, "championId": 16, "lastPlayTime": 1453847193000}, {"championLevel": 1, "chestGranted": false, "championPoints": 1166, "championPointsSinceLastLevel": 1166, "playerId": 21771, "championPointsUntilNextLevel": 634, "tokensEarned": 0, "championId": 9, "lastPlayTime": 1436047283000}, {"championLevel": 1, "chestGranted": false, "championPoints": 1104, "championPointsSinceLastLevel": 1104, "playerId": 21771, "championPointsUntilNextLevel": 696, "tokensEarned": 0, "championId": 54, "lastPlayTime": 1444518176000}, {"championLevel": 1, "chestGranted": false, "championPoints": 974, "championPointsSinceLastLevel": 974, "playerId": 21771, "championPointsUntilNextLevel": 826, "tokensEarned": 0, "championId": 20, "lastPlayTime": 1448209551000}, {"championLevel": 1, "chestGranted": false, "championPoints": 961, "championPointsSinceLastLevel": 961, "playerId": 21771, "championPointsUntilNextLevel": 839, "tokensEarned": 0, "championId": 111, "lastPlayTime": 1457207044000}, {"championLevel": 1, "chestGranted": false, "championPoints": 906, "championPointsSinceLastLevel": 906, "playerId": 21771, "championPointsUntilNextLevel": 894, "tokensEarned": 0, "championId": 2, "lastPlayTime": 1444515354000}, {"championLevel": 1, "chestGranted": false, "championPoints": 578, "championPointsSinceLastLevel": 578, "playerId": 21771, "championPointsUntilNextLevel": 1222, "tokensEarned": 0, "championId": 245, "lastPlayTime": 1451254995000}, {"championLevel": 1, "chestGranted": false, "championPoints": 476, "championPointsSinceLastLevel": 476, "playerId": 21771, "championPointsUntilNextLevel": 1324, "tokensEarned": 0, "championId": 58, "lastPlayTime": 1448233924000}, {"championLevel": 1, "chestGranted": false, "championPoints": 387, "championPointsSinceLastLevel": 387, "playerId": 21771, "championPointsUntilNextLevel": 1413, "tokensEarned": 0, "championId": 254, "lastPlayTime": 1451766040000}, {"championLevel": 1, "chestGranted": false, "championPoints": 384, "championPointsSinceLastLevel": 384, "playerId": 21771, "championPointsUntilNextLevel": 1416, "tokensEarned": 0, "championId": 39, "lastPlayTime": 1438366912000}, {"championLevel": 1, "chestGranted": false, "championPoints": 381, "championPointsSinceLastLevel": 381, "playerId": 21771, "championPointsUntilNextLevel": 1419, "tokensEarned": 0, "championId": 266, "lastPlayTime": 1438722615000}, {"championLevel": 1, "chestGranted": false, "championPoints": 354, "championPointsSinceLastLevel": 354, "playerId": 21771, "championPointsUntilNextLevel": 1446, "tokensEarned": 0, "championId": 134, "lastPlayTime": 1457823358000}, {"championLevel": 1, "chestGranted": false, "championPoints": 262, "championPointsSinceLastLevel": 262, "playerId": 21771, "championPointsUntilNextLevel": 1538, "tokensEarned": 0, "championId": 53, "lastPlayTime": 1442096599000}, {"championLevel": 1, "chestGranted": false, "championPoints": 242, "championPointsSinceLastLevel": 242, "playerId": 21771, "championPointsUntilNextLevel": 1558, "tokensEarned": 0, "championId": 84, "lastPlayTime": 1439074546000}, {"championLevel": 1, "chestGranted": false, "championPoints": 232, "championPointsSinceLastLevel": 232, "playerId": 21771, "championPointsUntilNextLevel": 1568, "tokensEarned": 0, "championId": 48, "lastPlayTime": 1453671290000}, {"championLevel": 1, "chestGranted": false, "championPoints": 231, "championPointsSinceLastLevel": 231, "playerId": 21771, "championPointsUntilNextLevel": 1569, "tokensEarned": 0, "championId": 119, "lastPlayTime": 1433105908000}, {"championLevel": 1, "chestGranted": false, "championPoints": 216, "championPointsSinceLastLevel": 216, "playerId": 21771, "championPointsUntilNextLevel": 1584, "tokensEarned": 0, "championId": 55, "lastPlayTime": 1451244107000}, {"championLevel": 1, "chestGranted": false, "championPoints": 206, "championPointsSinceLastLevel": 206, "playerId": 21771, "championPointsUntilNextLevel": 1594, "tokensEarned": 0, "championId": 45, "lastPlayTime": 1444678808000}, {"championLevel": 1, "chestGranted": false, "championPoints": 204, "championPointsSinceLastLevel": 204, "playerId": 21771, "championPointsUntilNextLevel": 1596, "tokensEarned": 0, "championId": 35, "lastPlayTime": 1438132967000}, {"championLevel": 1, "chestGranted": false, "championPoints": 178, "championPointsSinceLastLevel": 178, "playerId": 21771, "championPointsUntilNextLevel": 1622, "tokensEarned": 0, "championId": 57, "lastPlayTime": 1437870198000}, {"championLevel": 1, "chestGranted": false, "championPoints": 174, "championPointsSinceLastLevel": 174, "playerId": 21771, "championPointsUntilNextLevel": 1626, "tokensEarned": 0, "championId": 36, "lastPlayTime": 1448838764000}, {"championLevel": 1, "chestGranted": false, "championPoints": 173, "championPointsSinceLastLevel": 173, "playerId": 21771, "championPointsUntilNextLevel": 1627, "tokensEarned": 0, "championId": 1, "lastPlayTime": 1444665147000}, {"championLevel": 1, "chestGranted": false, "championPoints": 160, "championPointsSinceLastLevel": 160, "playerId": 21771, "championPointsUntilNextLevel": 1640, "tokensEarned": 0, "championId": 56, "lastPlayTime": 1437181178000}, {"championLevel": 1, "chestGranted": false, "championPoints": 154, "championPointsSinceLastLevel": 154, "playerId": 21771, "championPointsUntilNextLevel": 1646, "tokensEarned": 0, "championId": 127, "lastPlayTime": 1454613546000}, {"championLevel": 1, "chestGranted": false, "championPoints": 125, "championPointsSinceLastLevel": 125, "playerId": 21771, "championPointsUntilNextLevel": 1675, "tokensEarned": 0, "championId": 22, "lastPlayTime": 1433102891000}, {"championLevel": 1, "chestGranted": false, "championPoints": 90, "championPointsSinceLastLevel": 90, "playerId": 21771, "championPointsUntilNextLevel": 1710, "tokensEarned": 0, "championId": 115, "lastPlayTime": 1431817937000}]