[{"championLevel": 3, "chestGranted": false, "championPoints": 6216, "championPointsSinceLastLevel": 216, "playerId": 21789, "championPointsUntilNextLevel": 6384, "tokensEarned": 0, "championId": 119, "lastPlayTime": 1466198313000}, {"championLevel": 2, "chestGranted": false, "championPoints": 3243, "championPointsSinceLastLevel": 1443, "playerId": 21789, "championPointsUntilNextLevel": 2757, "tokensEarned": 0, "championId": 51, "lastPlayTime": 1452215277000}, {"championLevel": 1, "chestGranted": false, "championPoints": 1293, "championPointsSinceLastLevel": 1293, "playerId": 21789, "championPointsUntilNextLevel": 507, "tokensEarned": 0, "championId": 17, "lastPlayTime": 1452025449000}, {"championLevel": 1, "chestGranted": false, "championPoints": 1024, "championPointsSinceLastLevel": 1024, "playerId": 21789, "championPointsUntilNextLevel": 776, "tokensEarned": 0, "championId": 111, "lastPlayTime": 1438748585000}, {"championLevel": 1, "chestGranted": false, "championPoints": 352, "championPointsSinceLastLevel": 352, "playerId": 21789, "championPointsUntilNextLevel": 1448, "tokensEarned": 0, "championId": 99, "lastPlayTime": 1452210055000}, {"championLevel": 1, "chestGranted": false, "championPoints": 224, "championPointsSinceLastLevel": 224, "playerId": 21789, "championPointsUntilNextLevel": 1576, "tokensEarned": 0, "championId": 105, "lastPlayTime": 1438744139000}, {"championLevel": 1, "chestGranted": false, "championPoints": 220, "championPointsSinceLastLevel": 220, "playerId": 21789, "championPointsUntilNextLevel": 1580, "tokensEarned": 0, "championId": 110, "lastPlayTime": 1463430098000}, {"championLevel": 1, "chestGranted": false, "championPoints": 165, "championPointsSinceLastLevel": 165, "playerId": 21789, "championPointsUntilNextLevel": 1635, "tokensEarned": 0, "championId": 5, "lastPlayTime": 1452212712000}, {"championLevel": 1, "chestGranted": false, "championPoints": 162, "championPointsSinceLastLevel": 162, "playerId": 21789, "championPointsUntilNextLevel": 1638, "tokensEarned": 0, "championId": 21, "lastPlayTime": 1438058495000}, {"championLevel": 1, "chestGranted": false, "championPoints": 148, "championPointsSinceLastLevel": 148, "playerId": 21789, "championPointsUntilNextLevel": 1652, "tokensEarned": 0, "championId": 4, "lastPlayTime": 1452022493000}, {"championLevel": 1, "chestGranted": false, "championPoints": 132, "championPointsSinceLastLevel": 132, "playerId": 21789, "championPointsUntilNextLevel": 1668, "tokensEarned": 0, "championId": 104, "lastPlayTime": 1438750824000}]