[{"championLevel": 5, "chestGranted": true, "championPoints": 86690, "championPointsSinceLastLevel": 65090, "playerId": 21794, "championPointsUntilNextLevel": 0, "tokensEarned": 1, "championId": 7, "lastPlayTime": 1466379772000}, {"championLevel": 5, "chestGranted": true, "championPoints": 29344, "championPointsSinceLastLevel": 7744, "playerId": 21794, "championPointsUntilNextLevel": 0, "tokensEarned": 0, "championId": 39, "lastPlayTime": 1463266330000}, {"championLevel": 5, "chestGranted": true, "championPoints": 22851, "championPointsSinceLastLevel": 1251, "playerId": 21794, "championPointsUntilNextLevel": 0, "tokensEarned": 0, "championId": 50, "lastPlayTime": 1464405250000}, {"championLevel": 4, "chestGranted": true, "championPoints": 19038, "championPointsSinceLastLevel": 6438, "playerId": 21794, "championPointsUntilNextLevel": 2562, "tokensEarned": 0, "championId": 61, "lastPlayTime": 1463271202000}, {"championLevel": 4, "chestGranted": false, "championPoints": 14230, "championPointsSinceLastLevel": 1630, "playerId": 21794, "championPointsUntilNextLevel": 7370, "tokensEarned": 0, "championId": 85, "lastPlayTime": 1457853556000}, {"championLevel": 3, "chestGranted": false, "championPoints": 11908, "championPointsSinceLastLevel": 5908, "playerId": 21794, "championPointsUntilNextLevel": 692, "tokensEarned": 0, "championId": 133, "lastPlayTime": 1457555175000}, {"championLevel": 3, "chestGranted": false, "championPoints": 11106, "championPointsSinceLastLevel": 5106, "playerId": 21794, "championPointsUntilNextLevel": 1494, "tokensEarned": 0, "championId": 105, "lastPlayTime": 1464412441000}, {"championLevel": 3, "chestGranted": false, "championPoints": 8201, "championPointsSinceLastLevel": 2201, "playerId": 21794, "championPointsUntilNextLevel": 4399, "tokensEarned": 0, "championId": 81, "lastPlayTime": 1461552011000}, {"championLevel": 3, "chestGranted": false, "championPoints": 7148, "championPointsSinceLastLevel": 1148, "playerId": 21794, "championPointsUntilNextLevel": 5452, "tokensEarned": 0, "championId": 126, "lastPlayTime": 1454625103000}, {"championLevel": 3, "chestGranted": false, "championPoints": 7029, "championPointsSinceLastLevel": 1029, "playerId": 21794, "championPointsUntilNextLevel": 5571, "tokensEarned": 0, "championId": 268, "lastPlayTime": 1461303795000}, {"championLevel": 3, "chestGranted": true, "championPoints": 6814, "championPointsSinceLastLevel": 814, "playerId": 21794, "championPointsUntilNextLevel": 5786, "tokensEarned": 0, "championId": 84, "lastPlayTime": 1463276573000}, {"championLevel": 3, "chestGranted": true, "championPoints": 6146, "championPointsSinceLastLevel": 146, "playerId": 21794, "championPointsUntilNextLevel": 6454, "tokensEarned": 0, "championId": 4, "lastPlayTime": 1464409853000}, {"championLevel": 2, "chestGranted": false, "championPoints": 5332, "championPointsSinceLastLevel": 3532, "playerId": 21794, "championPointsUntilNextLevel": 668, "tokensEarned": 0, "championId": 121, "lastPlayTime": 1451800269000}, {"championLevel": 2, "chestGranted": false, "championPoints": 5226, "championPointsSinceLastLevel": 3426, "playerId": 21794, "championPointsUntilNextLevel": 774, "tokensEarned": 0, "championId": 24, "lastPlayTime": 1458704162000}, {"championLevel": 2, "chestGranted": true, "championPoints": 4983, "championPointsSinceLastLevel": 3183, "playerId": 21794, "championPointsUntilNextLevel": 1017, "tokensEarned": 0, "championId": 55, "lastPlayTime": 1458962451000}, {"championLevel": 2, "chestGranted": false, "championPoints": 4544, "championPointsSinceLastLevel": 2744, "playerId": 21794, "championPointsUntilNextLevel": 1456, "tokensEarned": 0, "championId": 23, "lastPlayTime": 1450756276000}, {"championLevel": 2, "chestGranted": true, "championPoints": 4536, "championPointsSinceLastLevel": 2736, "playerId": 21794, "championPointsUntilNextLevel": 1464, "tokensEarned": 0, "championId": 17, "lastPlayTime": 1463028665000}, {"championLevel": 2, "chestGranted": false, "championPoints": 4488, "championPointsSinceLastLevel": 2688, "playerId": 21794, "championPointsUntilNextLevel": 1512, "tokensEarned": 0, "championId": 157, "lastPlayTime": 1456159474000}, {"championLevel": 2, "chestGranted": false, "championPoints": 4072, "championPointsSinceLastLevel": 2272, "playerId": 21794, "championPointsUntilNextLevel": 1928, "tokensEarned": 0, "championId": 34, "lastPlayTime": 1454303220000}, {"championLevel": 2, "chestGranted": true, "championPoints": 4035, "championPointsSinceLastLevel": 2235, "playerId": 21794, "championPointsUntilNextLevel": 1965, "tokensEarned": 0, "championId": 143, "lastPlayTime": 1463025647000}, {"championLevel": 2, "chestGranted": true, "championPoints": 3998, "championPointsSinceLastLevel": 2198, "playerId": 21794, "championPointsUntilNextLevel": 2002, "tokensEarned": 0, "championId": 59, "lastPlayTime": 1459661419000}, {"championLevel": 2, "chestGranted": false, "championPoints": 3029, "championPointsSinceLastLevel": 1229, "playerId": 21794, "championPointsUntilNextLevel": 2971, "tokensEarned": 0, "championId": 8, "lastPlayTime": 1463278183000}, {"championLevel": 2, "chestGranted": false, "championPoints": 2297, "championPointsSinceLastLevel": 497, "playerId": 21794, "championPointsUntilNextLevel": 3703, "tokensEarned": 0, "championId": 12, "lastPlayTime": 1463933884000}, {"championLevel": 2, "chestGranted": false, "championPoints": 2221, "championPointsSinceLastLevel": 421, "playerId": 21794, "championPointsUntilNextLevel": 3779, "tokensEarned": 0, "championId": 69, "lastPlayTime": 1461368880000}, {"championLevel": 2, "chestGranted": false, "championPoints": 2156, "championPointsSinceLastLevel": 356, "playerId": 21794, "championPointsUntilNextLevel": 3844, "tokensEarned": 0, "championId": 54, "lastPlayTime": 1454687920000}, {"championLevel": 2, "chestGranted": false, "championPoints": 2100, "championPointsSinceLastLevel": 300, "playerId": 21794, "championPointsUntilNextLevel": 3900, "tokensEarned": 0, "championId": 2, "lastPlayTime": 1460605674000}, {"championLevel": 2, "chestGranted": false, "championPoints": 2044, "championPointsSinceLastLevel": 244, "playerId": 21794, "championPointsUntilNextLevel": 3956, "tokensEarned": 0, "championId": 131, "lastPlayTime": 1451969476000}, {"championLevel": 2, "chestGranted": false, "championPoints": 1952, "championPointsSinceLastLevel": 152, "playerId": 21794, "championPointsUntilNextLevel": 4048, "tokensEarned": 0, "championId": 64, "lastPlayTime": 1451791092000}, {"championLevel": 1, "chestGranted": false, "championPoints": 1584, "championPointsSinceLastLevel": 1584, "playerId": 21794, "championPointsUntilNextLevel": 216, "tokensEarned": 0, "championId": 18, "lastPlayTime": 1454283945000}, {"championLevel": 1, "chestGranted": true, "championPoints": 1558, "championPointsSinceLastLevel": 1558, "playerId": 21794, "championPointsUntilNextLevel": 242, "tokensEarned": 0, "championId": 99, "lastPlayTime": 1460262800000}, {"championLevel": 1, "chestGranted": false, "championPoints": 1528, "championPointsSinceLastLevel": 1528, "playerId": 21794, "championPointsUntilNextLevel": 272, "tokensEarned": 0, "championId": 3, "lastPlayTime": 1455659803000}, {"championLevel": 1, "chestGranted": false, "championPoints": 1377, "championPointsSinceLastLevel": 1377, "playerId": 21794, "championPointsUntilNextLevel": 423, "tokensEarned": 0, "championId": 254, "lastPlayTime": 1432871105000}, {"championLevel": 1, "chestGranted": false, "championPoints": 1332, "championPointsSinceLastLevel": 1332, "playerId": 21794, "championPointsUntilNextLevel": 468, "tokensEarned": 0, "championId": 134, "lastPlayTime": 1457408959000}, {"championLevel": 1, "chestGranted": true, "championPoints": 1297, "championPointsSinceLastLevel": 1297, "playerId": 21794, "championPointsUntilNextLevel": 503, "tokensEarned": 0, "championId": 136, "lastPlayTime": 1463268460000}, {"championLevel": 1, "chestGranted": false, "championPoints": 1264, "championPointsSinceLastLevel": 1264, "playerId": 21794, "championPointsUntilNextLevel": 536, "tokensEarned": 0, "championId": 77, "lastPlayTime": 1431149363000}, {"championLevel": 1, "chestGranted": false, "championPoints": 1143, "championPointsSinceLastLevel": 1143, "playerId": 21794, "championPointsUntilNextLevel": 657, "tokensEarned": 0, "championId": 56, "lastPlayTime": 1455662889000}, {"championLevel": 1, "chestGranted": false, "championPoints": 1128, "championPointsSinceLastLevel": 1128, "playerId": 21794, "championPointsUntilNextLevel": 672, "tokensEarned": 0, "championId": 13, "lastPlayTime": 1454340090000}, {"championLevel": 1, "chestGranted": false, "championPoints": 981, "championPointsSinceLastLevel": 981, "playerId": 21794, "championPointsUntilNextLevel": 819, "tokensEarned": 0, "championId": 91, "lastPlayTime": 1453698718000}, {"championLevel": 1, "chestGranted": false, "championPoints": 594, "championPointsSinceLastLevel": 594, "playerId": 21794, "championPointsUntilNextLevel": 1206, "tokensEarned": 0, "championId": 25, "lastPlayTime": 1440778283000}, {"championLevel": 1, "chestGranted": false, "championPoints": 452, "championPointsSinceLastLevel": 452, "playerId": 21794, "championPointsUntilNextLevel": 1348, "tokensEarned": 0, "championId": 101, "lastPlayTime": 1451788587000}, {"championLevel": 1, "chestGranted": false, "championPoints": 355, "championPointsSinceLastLevel": 355, "playerId": 21794, "championPointsUntilNextLevel": 1445, "tokensEarned": 0, "championId": 15, "lastPlayTime": 1457145949000}, {"championLevel": 1, "chestGranted": false, "championPoints": 325, "championPointsSinceLastLevel": 325, "playerId": 21794, "championPointsUntilNextLevel": 1475, "tokensEarned": 0, "championId": 75, "lastPlayTime": 1432523092000}, {"championLevel": 1, "chestGranted": false, "championPoints": 293, "championPointsSinceLastLevel": 293, "playerId": 21794, "championPointsUntilNextLevel": 1507, "tokensEarned": 0, "championId": 5, "lastPlayTime": 1432092298000}, {"championLevel": 1, "chestGranted": false, "championPoints": 271, "championPointsSinceLastLevel": 271, "playerId": 21794, "championPointsUntilNextLevel": 1529, "tokensEarned": 0, "championId": 98, "lastPlayTime": 1432605798000}, {"championLevel": 1, "chestGranted": false, "championPoints": 253, "championPointsSinceLastLevel": 253, "playerId": 21794, "championPointsUntilNextLevel": 1547, "tokensEarned": 0, "championId": 119, "lastPlayTime": 1454306304000}, {"championLevel": 1, "chestGranted": false, "championPoints": 237, "championPointsSinceLastLevel": 237, "playerId": 21794, "championPointsUntilNextLevel": 1563, "tokensEarned": 0, "championId": 30, "lastPlayTime": 1454480318000}, {"championLevel": 1, "chestGranted": false, "championPoints": 230, "championPointsSinceLastLevel": 230, "playerId": 21794, "championPointsUntilNextLevel": 1570, "tokensEarned": 0, "championId": 429, "lastPlayTime": 1436929447000}, {"championLevel": 1, "chestGranted": false, "championPoints": 217, "championPointsSinceLastLevel": 217, "playerId": 21794, "championPointsUntilNextLevel": 1583, "tokensEarned": 0, "championId": 222, "lastPlayTime": 1435855398000}, {"championLevel": 1, "chestGranted": false, "championPoints": 216, "championPointsSinceLastLevel": 216, "playerId": 21794, "championPointsUntilNextLevel": 1584, "tokensEarned": 0, "championId": 62, "lastPlayTime": 1461451088000}, {"championLevel": 1, "chestGranted": false, "championPoints": 195, "championPointsSinceLastLevel": 195, "playerId": 21794, "championPointsUntilNextLevel": 1605, "tokensEarned": 0, "championId": 29, "lastPlayTime": 1432443767000}, {"championLevel": 1, "chestGranted": false, "championPoints": 181, "championPointsSinceLastLevel": 181, "playerId": 21794, "championPointsUntilNextLevel": 1619, "tokensEarned": 0, "championId": 112, "lastPlayTime": 1432613323000}, {"championLevel": 1, "chestGranted": false, "championPoints": 169, "championPointsSinceLastLevel": 169, "playerId": 21794, "championPointsUntilNextLevel": 1631, "tokensEarned": 0, "championId": 163, "lastPlayTime": 1465428521000}, {"championLevel": 1, "chestGranted": false, "championPoints": 155, "championPointsSinceLastLevel": 155, "playerId": 21794, "championPointsUntilNextLevel": 1645, "tokensEarned": 0, "championId": 238, "lastPlayTime": 1455385574000}]