[{"championLevel": 5, "chestGranted": true, "championPoints": 69399, "championPointsSinceLastLevel": 47799, "playerId": 21790, "championPointsUntilNextLevel": 0, "tokensEarned": 1, "championId": 64, "lastPlayTime": 1467520857000}, {"championLevel": 6, "chestGranted": true, "championPoints": 64858, "championPointsSinceLastLevel": 43258, "playerId": 21790, "championPointsUntilNextLevel": 0, "tokensEarned": 0, "championId": 236, "lastPlayTime": 1468893789000}, {"championLevel": 5, "chestGranted": false, "championPoints": 54567, "championPointsSinceLastLevel": 32967, "playerId": 21790, "championPointsUntilNextLevel": 0, "tokensEarned": 0, "championId": 104, "lastPlayTime": 1468172016000}, {"championLevel": 5, "chestGranted": true, "championPoints": 50839, "championPointsSinceLastLevel": 29239, "playerId": 21790, "championPointsUntilNextLevel": 0, "tokensEarned": 2, "championId": 81, "lastPlayTime": 1468811182000}, {"championLevel": 5, "chestGranted": true, "championPoints": 41757, "championPointsSinceLastLevel": 20157, "playerId": 21790, "championPointsUntilNextLevel": 0, "tokensEarned": 2, "championId": 412, "lastPlayTime": 1468709867000}, {"championLevel": 5, "chestGranted": false, "championPoints": 41008, "championPointsSinceLastLevel": 19408, "playerId": 21790, "championPointsUntilNextLevel": 0, "tokensEarned": 2, "championId": 53, "lastPlayTime": 1468985059000}, {"championLevel": 5, "chestGranted": true, "championPoints": 32588, "championPointsSinceLastLevel": 10988, "playerId": 21790, "championPointsUntilNextLevel": 0, "tokensEarned": 2, "championId": 67, "lastPlayTime": 1467346852000}, {"championLevel": 5, "chestGranted": true, "championPoints": 29915, "championPointsSinceLastLevel": 8315, "playerId": 21790, "championPointsUntilNextLevel": 0, "tokensEarned": 1, "championId": 35, "lastPlayTime": 1467342661000}, {"championLevel": 5, "chestGranted": true, "championPoints": 27264, "championPointsSinceLastLevel": 5664, "playerId": 21790, "championPointsUntilNextLevel": 0, "tokensEarned": 2, "championId": 150, "lastPlayTime": 1468094897000}, {"championLevel": 5, "chestGranted": false, "championPoints": 25777, "championPointsSinceLastLevel": 4177, "playerId": 21790, "championPointsUntilNextLevel": 0, "tokensEarned": 0, "championId": 222, "lastPlayTime": 1448767633000}, {"championLevel": 4, "chestGranted": false, "championPoints": 20961, "championPointsSinceLastLevel": 8361, "playerId": 21790, "championPointsUntilNextLevel": 639, "tokensEarned": 0, "championId": 41, "lastPlayTime": 1468980125000}, {"championLevel": 4, "chestGranted": false, "championPoints": 20414, "championPointsSinceLastLevel": 7814, "playerId": 21790, "championPointsUntilNextLevel": 1186, "tokensEarned": 0, "championId": 115, "lastPlayTime": 1468469857000}, {"championLevel": 4, "chestGranted": false, "championPoints": 18560, "championPointsSinceLastLevel": 5960, "playerId": 21790, "championPointsUntilNextLevel": 3040, "tokensEarned": 0, "championId": 103, "lastPlayTime": 1467757891000}, {"championLevel": 4, "chestGranted": false, "championPoints": 18290, "championPointsSinceLastLevel": 5690, "playerId": 21790, "championPointsUntilNextLevel": 3310, "tokensEarned": 0, "championId": 157, "lastPlayTime": 1469155781000}, {"championLevel": 4, "chestGranted": true, "championPoints": 18171, "championPointsSinceLastLevel": 5571, "playerId": 21790, "championPointsUntilNextLevel": 3429, "tokensEarned": 0, "championId": 245, "lastPlayTime": 1469038128000}, {"championLevel": 4, "chestGranted": false, "championPoints": 17408, "championPointsSinceLastLevel": 4808, "playerId": 21790, "championPointsUntilNextLevel": 4192, "tokensEarned": 0, "championId": 54, "lastPlayTime": 1467936083000}, {"championLevel": 4, "chestGranted": false, "championPoints": 13181, "championPointsSinceLastLevel": 581, "playerId": 21790, "championPointsUntilNextLevel": 8419, "tokensEarned": 0, "championId": 51, "lastPlayTime": 1468995665000}, {"championLevel": 3, "chestGranted": true, "championPoints": 12050, "championPointsSinceLastLevel": 6050, "playerId": 21790, "championPointsUntilNextLevel": 550, "tokensEarned": 0, "championId": 110, "lastPlayTime": 1465259265000}, {"championLevel": 3, "chestGranted": false, "championPoints": 11842, "championPointsSinceLastLevel": 5842, "playerId": 21790, "championPointsUntilNextLevel": 758, "tokensEarned": 0, "championId": 105, "lastPlayTime": 1465163895000}, {"championLevel": 3, "chestGranted": false, "championPoints": 11483, "championPointsSinceLastLevel": 5483, "playerId": 21790, "championPointsUntilNextLevel": 1117, "tokensEarned": 0, "championId": 432, "lastPlayTime": 1468608603000}, {"championLevel": 3, "chestGranted": false, "championPoints": 11394, "championPointsSinceLastLevel": 5394, "playerId": 21790, "championPointsUntilNextLevel": 1206, "tokensEarned": 0, "championId": 56, "lastPlayTime": 1469070051000}, {"championLevel": 3, "chestGranted": false, "championPoints": 10721, "championPointsSinceLastLevel": 4721, "playerId": 21790, "championPointsUntilNextLevel": 1879, "tokensEarned": 0, "championId": 23, "lastPlayTime": 1449564957000}, {"championLevel": 3, "chestGranted": false, "championPoints": 10444, "championPointsSinceLastLevel": 4444, "playerId": 21790, "championPointsUntilNextLevel": 2156, "tokensEarned": 0, "championId": 15, "lastPlayTime": 1462074081000}, {"championLevel": 3, "chestGranted": true, "championPoints": 10191, "championPointsSinceLastLevel": 4191, "playerId": 21790, "championPointsUntilNextLevel": 2409, "tokensEarned": 0, "championId": 25, "lastPlayTime": 1468866602000}, {"championLevel": 3, "chestGranted": false, "championPoints": 9733, "championPointsSinceLastLevel": 3733, "playerId": 21790, "championPointsUntilNextLevel": 2867, "tokensEarned": 0, "championId": 4, "lastPlayTime": 1445363355000}, {"championLevel": 3, "chestGranted": true, "championPoints": 9622, "championPointsSinceLastLevel": 3622, "playerId": 21790, "championPointsUntilNextLevel": 2978, "tokensEarned": 0, "championId": 7, "lastPlayTime": 1468103963000}, {"championLevel": 3, "chestGranted": true, "championPoints": 9505, "championPointsSinceLastLevel": 3505, "playerId": 21790, "championPointsUntilNextLevel": 3095, "tokensEarned": 0, "championId": 5, "lastPlayTime": 1463964170000}, {"championLevel": 3, "chestGranted": true, "championPoints": 9146, "championPointsSinceLastLevel": 3146, "playerId": 21790, "championPointsUntilNextLevel": 3454, "tokensEarned": 0, "championId": 58, "lastPlayTime": 1465697946000}, {"championLevel": 3, "chestGranted": true, "championPoints": 8640, "championPointsSinceLastLevel": 2640, "playerId": 21790, "championPointsUntilNextLevel": 3960, "tokensEarned": 0, "championId": 127, "lastPlayTime": 1468537279000}, {"championLevel": 3, "chestGranted": false, "championPoints": 7805, "championPointsSinceLastLevel": 1805, "playerId": 21790, "championPointsUntilNextLevel": 4795, "tokensEarned": 0, "championId": 29, "lastPlayTime": 1467945871000}, {"championLevel": 3, "chestGranted": false, "championPoints": 7770, "championPointsSinceLastLevel": 1770, "playerId": 21790, "championPointsUntilNextLevel": 4830, "tokensEarned": 0, "championId": 112, "lastPlayTime": 1468800009000}, {"championLevel": 3, "chestGranted": false, "championPoints": 7469, "championPointsSinceLastLevel": 1469, "playerId": 21790, "championPointsUntilNextLevel": 5131, "tokensEarned": 0, "championId": 86, "lastPlayTime": 1448943171000}, {"championLevel": 3, "chestGranted": false, "championPoints": 7162, "championPointsSinceLastLevel": 1162, "playerId": 21790, "championPointsUntilNextLevel": 5438, "tokensEarned": 0, "championId": 120, "lastPlayTime": 1469143214000}, {"championLevel": 3, "chestGranted": false, "championPoints": 6810, "championPointsSinceLastLevel": 810, "playerId": 21790, "championPointsUntilNextLevel": 5790, "tokensEarned": 0, "championId": 429, "lastPlayTime": 1461808252000}, {"championLevel": 3, "chestGranted": false, "championPoints": 6694, "championPointsSinceLastLevel": 694, "playerId": 21790, "championPointsUntilNextLevel": 5906, "tokensEarned": 0, "championId": 238, "lastPlayTime": 1468214634000}, {"championLevel": 2, "chestGranted": false, "championPoints": 5847, "championPointsSinceLastLevel": 4047, "playerId": 21790, "championPointsUntilNextLevel": 153, "tokensEarned": 0, "championId": 24, "lastPlayTime": 1465617624000}, {"championLevel": 2, "chestGranted": false, "championPoints": 5620, "championPointsSinceLastLevel": 3820, "playerId": 21790, "championPointsUntilNextLevel": 380, "tokensEarned": 0, "championId": 1, "lastPlayTime": 1454555199000}, {"championLevel": 2, "chestGranted": false, "championPoints": 5281, "championPointsSinceLastLevel": 3481, "playerId": 21790, "championPointsUntilNextLevel": 719, "tokensEarned": 0, "championId": 80, "lastPlayTime": 1466896220000}, {"championLevel": 2, "chestGranted": false, "championPoints": 5247, "championPointsSinceLastLevel": 3447, "playerId": 21790, "championPointsUntilNextLevel": 753, "tokensEarned": 0, "championId": 39, "lastPlayTime": 1468955740000}, {"championLevel": 2, "chestGranted": false, "championPoints": 3987, "championPointsSinceLastLevel": 2187, "playerId": 21790, "championPointsUntilNextLevel": 2013, "tokensEarned": 0, "championId": 62, "lastPlayTime": 1466216947000}, {"championLevel": 2, "chestGranted": false, "championPoints": 3653, "championPointsSinceLastLevel": 1853, "playerId": 21790, "championPointsUntilNextLevel": 2347, "tokensEarned": 0, "championId": 421, "lastPlayTime": 1463799838000}, {"championLevel": 2, "chestGranted": false, "championPoints": 3553, "championPointsSinceLastLevel": 1753, "playerId": 21790, "championPointsUntilNextLevel": 2447, "tokensEarned": 0, "championId": 17, "lastPlayTime": 1448401199000}, {"championLevel": 2, "chestGranted": false, "championPoints": 3227, "championPointsSinceLastLevel": 1427, "playerId": 21790, "championPointsUntilNextLevel": 2773, "tokensEarned": 0, "championId": 254, "lastPlayTime": 1442282189000}, {"championLevel": 2, "chestGranted": false, "championPoints": 3080, "championPointsSinceLastLevel": 1280, "playerId": 21790, "championPointsUntilNextLevel": 2920, "tokensEarned": 0, "championId": 12, "lastPlayTime": 1468187236000}, {"championLevel": 2, "chestGranted": false, "championPoints": 3073, "championPointsSinceLastLevel": 1273, "playerId": 21790, "championPointsUntilNextLevel": 2927, "tokensEarned": 0, "championId": 55, "lastPlayTime": 1442119307000}, {"championLevel": 2, "chestGranted": false, "championPoints": 3059, "championPointsSinceLastLevel": 1259, "playerId": 21790, "championPointsUntilNextLevel": 2941, "tokensEarned": 0, "championId": 18, "lastPlayTime": 1467600176000}, {"championLevel": 2, "chestGranted": false, "championPoints": 2801, "championPointsSinceLastLevel": 1001, "playerId": 21790, "championPointsUntilNextLevel": 3199, "tokensEarned": 0, "championId": 92, "lastPlayTime": 1461534799000}, {"championLevel": 2, "chestGranted": false, "championPoints": 2706, "championPointsSinceLastLevel": 906, "playerId": 21790, "championPointsUntilNextLevel": 3294, "tokensEarned": 0, "championId": 268, "lastPlayTime": 1448478083000}, {"championLevel": 2, "chestGranted": false, "championPoints": 2440, "championPointsSinceLastLevel": 640, "playerId": 21790, "championPointsUntilNextLevel": 3560, "tokensEarned": 0, "championId": 19, "lastPlayTime": 1465621329000}, {"championLevel": 2, "chestGranted": false, "championPoints": 2339, "championPointsSinceLastLevel": 539, "playerId": 21790, "championPointsUntilNextLevel": 3661, "tokensEarned": 0, "championId": 40, "lastPlayTime": 1462076475000}, {"championLevel": 2, "chestGranted": false, "championPoints": 2316, "championPointsSinceLastLevel": 516, "playerId": 21790, "championPointsUntilNextLevel": 3684, "tokensEarned": 0, "championId": 28, "lastPlayTime": 1449306101000}, {"championLevel": 2, "chestGranted": false, "championPoints": 2279, "championPointsSinceLastLevel": 479, "playerId": 21790, "championPointsUntilNextLevel": 3721, "tokensEarned": 0, "championId": 11, "lastPlayTime": 1445499110000}, {"championLevel": 2, "chestGranted": false, "championPoints": 2148, "championPointsSinceLastLevel": 348, "playerId": 21790, "championPointsUntilNextLevel": 3852, "tokensEarned": 0, "championId": 8, "lastPlayTime": 1467598248000}, {"championLevel": 2, "chestGranted": false, "championPoints": 2055, "championPointsSinceLastLevel": 255, "playerId": 21790, "championPointsUntilNextLevel": 3945, "tokensEarned": 0, "championId": 61, "lastPlayTime": 1468967102000}, {"championLevel": 2, "chestGranted": false, "championPoints": 2019, "championPointsSinceLastLevel": 219, "playerId": 21790, "championPointsUntilNextLevel": 3981, "tokensEarned": 0, "championId": 121, "lastPlayTime": 1467156140000}, {"championLevel": 2, "chestGranted": false, "championPoints": 1993, "championPointsSinceLastLevel": 193, "playerId": 21790, "championPointsUntilNextLevel": 4007, "tokensEarned": 0, "championId": 99, "lastPlayTime": 1466404898000}, {"championLevel": 2, "chestGranted": false, "championPoints": 1892, "championPointsSinceLastLevel": 92, "playerId": 21790, "championPointsUntilNextLevel": 4108, "tokensEarned": 0, "championId": 14, "lastPlayTime": 1467344547000}, {"championLevel": 2, "chestGranted": false, "championPoints": 1862, "championPointsSinceLastLevel": 62, "playerId": 21790, "championPointsUntilNextLevel": 4138, "tokensEarned": 0, "championId": 32, "lastPlayTime": 1442042110000}, {"championLevel": 1, "chestGranted": false, "championPoints": 1786, "championPointsSinceLastLevel": 1786, "playerId": 21790, "championPointsUntilNextLevel": 14, "tokensEarned": 0, "championId": 96, "lastPlayTime": 1458240870000}, {"championLevel": 1, "chestGranted": false, "championPoints": 1654, "championPointsSinceLastLevel": 1654, "playerId": 21790, "championPointsUntilNextLevel": 146, "tokensEarned": 0, "championId": 43, "lastPlayTime": 1468964260000}, {"championLevel": 1, "chestGranted": false, "championPoints": 1544, "championPointsSinceLastLevel": 1544, "playerId": 21790, "championPointsUntilNextLevel": 256, "tokensEarned": 0, "championId": 114, "lastPlayTime": 1467003807000}, {"championLevel": 1, "chestGranted": false, "championPoints": 1503, "championPointsSinceLastLevel": 1503, "playerId": 21790, "championPointsUntilNextLevel": 297, "tokensEarned": 0, "championId": 122, "lastPlayTime": 1468126522000}, {"championLevel": 1, "chestGranted": false, "championPoints": 1479, "championPointsSinceLastLevel": 1479, "playerId": 21790, "championPointsUntilNextLevel": 321, "tokensEarned": 0, "championId": 203, "lastPlayTime": 1467307467000}, {"championLevel": 1, "chestGranted": false, "championPoints": 1466, "championPointsSinceLastLevel": 1466, "playerId": 21790, "championPointsUntilNextLevel": 334, "tokensEarned": 0, "championId": 22, "lastPlayTime": 1468736975000}, {"championLevel": 1, "chestGranted": false, "championPoints": 1465, "championPointsSinceLastLevel": 1465, "playerId": 21790, "championPointsUntilNextLevel": 335, "tokensEarned": 0, "championId": 42, "lastPlayTime": 1444268930000}, {"championLevel": 1, "chestGranted": false, "championPoints": 1290, "championPointsSinceLastLevel": 1290, "playerId": 21790, "championPointsUntilNextLevel": 510, "tokensEarned": 0, "championId": 9, "lastPlayTime": 1468717396000}, {"championLevel": 1, "chestGranted": false, "championPoints": 1280, "championPointsSinceLastLevel": 1280, "playerId": 21790, "championPointsUntilNextLevel": 520, "tokensEarned": 0, "championId": 37, "lastPlayTime": 1442342179000}, {"championLevel": 1, "chestGranted": false, "championPoints": 1239, "championPointsSinceLastLevel": 1239, "playerId": 21790, "championPointsUntilNextLevel": 561, "tokensEarned": 0, "championId": 45, "lastPlayTime": 1462590722000}, {"championLevel": 1, "chestGranted": false, "championPoints": 1238, "championPointsSinceLastLevel": 1238, "playerId": 21790, "championPointsUntilNextLevel": 562, "tokensEarned": 0, "championId": 85, "lastPlayTime": 1443989738000}, {"championLevel": 1, "chestGranted": false, "championPoints": 1204, "championPointsSinceLastLevel": 1204, "playerId": 21790, "championPointsUntilNextLevel": 596, "tokensEarned": 0, "championId": 79, "lastPlayTime": 1467227658000}, {"championLevel": 1, "chestGranted": true, "championPoints": 1134, "championPointsSinceLastLevel": 1134, "playerId": 21790, "championPointsUntilNextLevel": 666, "tokensEarned": 0, "championId": 57, "lastPlayTime": 1466798059000}, {"championLevel": 1, "chestGranted": true, "championPoints": 976, "championPointsSinceLastLevel": 976, "playerId": 21790, "championPointsUntilNextLevel": 824, "tokensEarned": 0, "championId": 36, "lastPlayTime": 1462236123000}, {"championLevel": 1, "chestGranted": false, "championPoints": 962, "championPointsSinceLastLevel": 962, "playerId": 21790, "championPointsUntilNextLevel": 838, "tokensEarned": 0, "championId": 10, "lastPlayTime": 1446967137000}, {"championLevel": 1, "chestGranted": false, "championPoints": 939, "championPointsSinceLastLevel": 939, "playerId": 21790, "championPointsUntilNextLevel": 861, "tokensEarned": 0, "championId": 21, "lastPlayTime": 1468970501000}, {"championLevel": 1, "chestGranted": false, "championPoints": 914, "championPointsSinceLastLevel": 914, "playerId": 21790, "championPointsUntilNextLevel": 886, "tokensEarned": 0, "championId": 266, "lastPlayTime": 1435286121000}, {"championLevel": 1, "chestGranted": true, "championPoints": 883, "championPointsSinceLastLevel": 883, "playerId": 21790, "championPointsUntilNextLevel": 917, "tokensEarned": 0, "championId": 77, "lastPlayTime": 1468122999000}, {"championLevel": 1, "chestGranted": false, "championPoints": 852, "championPointsSinceLastLevel": 852, "playerId": 21790, "championPointsUntilNextLevel": 948, "tokensEarned": 0, "championId": 267, "lastPlayTime": 1468715940000}, {"championLevel": 1, "chestGranted": false, "championPoints": 826, "championPointsSinceLastLevel": 826, "playerId": 21790, "championPointsUntilNextLevel": 974, "tokensEarned": 0, "championId": 107, "lastPlayTime": 1468960963000}, {"championLevel": 1, "chestGranted": false, "championPoints": 654, "championPointsSinceLastLevel": 654, "playerId": 21790, "championPointsUntilNextLevel": 1146, "tokensEarned": 0, "championId": 27, "lastPlayTime": 1445116012000}, {"championLevel": 1, "chestGranted": false, "championPoints": 603, "championPointsSinceLastLevel": 603, "playerId": 21790, "championPointsUntilNextLevel": 1197, "tokensEarned": 0, "championId": 76, "lastPlayTime": 1467061350000}, {"championLevel": 1, "chestGranted": false, "championPoints": 434, "championPointsSinceLastLevel": 434, "playerId": 21790, "championPointsUntilNextLevel": 1366, "tokensEarned": 0, "championId": 2, "lastPlayTime": 1447094502000}, {"championLevel": 1, "chestGranted": false, "championPoints": 422, "championPointsSinceLastLevel": 422, "playerId": 21790, "championPointsUntilNextLevel": 1378, "tokensEarned": 0, "championId": 154, "lastPlayTime": 1469072330000}, {"championLevel": 1, "chestGranted": false, "championPoints": 416, "championPointsSinceLastLevel": 416, "playerId": 21790, "championPointsUntilNextLevel": 1384, "tokensEarned": 0, "championId": 89, "lastPlayTime": 1445670972000}, {"championLevel": 1, "chestGranted": false, "championPoints": 277, "championPointsSinceLastLevel": 277, "playerId": 21790, "championPointsUntilNextLevel": 1523, "tokensEarned": 0, "championId": 134, "lastPlayTime": 1433516402000}, {"championLevel": 1, "chestGranted": false, "championPoints": 262, "championPointsSinceLastLevel": 262, "playerId": 21790, "championPointsUntilNextLevel": 1538, "tokensEarned": 0, "championId": 30, "lastPlayTime": 1441513383000}, {"championLevel": 1, "chestGranted": false, "championPoints": 243, "championPointsSinceLastLevel": 243, "playerId": 21790, "championPointsUntilNextLevel": 1557, "tokensEarned": 0, "championId": 59, "lastPlayTime": 1445555401000}, {"championLevel": 1, "chestGranted": false, "championPoints": 231, "championPointsSinceLastLevel": 231, "playerId": 21790, "championPointsUntilNextLevel": 1569, "tokensEarned": 0, "championId": 98, "lastPlayTime": 1452395960000}, {"championLevel": 1, "chestGranted": false, "championPoints": 220, "championPointsSinceLastLevel": 220, "playerId": 21790, "championPointsUntilNextLevel": 1580, "tokensEarned": 0, "championId": 111, "lastPlayTime": 1431753057000}, {"championLevel": 1, "chestGranted": false, "championPoints": 214, "championPointsSinceLastLevel": 214, "playerId": 21790, "championPointsUntilNextLevel": 1586, "tokensEarned": 0, "championId": 133, "lastPlayTime": 1443495098000}, {"championLevel": 1, "chestGranted": false, "championPoints": 213, "championPointsSinceLastLevel": 213, "playerId": 21790, "championPointsUntilNextLevel": 1587, "tokensEarned": 0, "championId": 223, "lastPlayTime": 1468551844000}, {"championLevel": 1, "chestGranted": false, "championPoints": 207, "championPointsSinceLastLevel": 207, "playerId": 21790, "championPointsUntilNextLevel": 1593, "tokensEarned": 0, "championId": 78, "lastPlayTime": 1441515802000}, {"championLevel": 1, "chestGranted": false, "championPoints": 206, "championPointsSinceLastLevel": 206, "playerId": 21790, "championPointsUntilNextLevel": 1594, "tokensEarned": 0, "championId": 101, "lastPlayTime": 1440185713000}, {"championLevel": 1, "chestGranted": false, "championPoints": 179, "championPointsSinceLastLevel": 179, "playerId": 21790, "championPointsUntilNextLevel": 1621, "tokensEarned": 0, "championId": 106, "lastPlayTime": 1466224946000}, {"championLevel": 1, "chestGranted": false, "championPoints": 172, "championPointsSinceLastLevel": 172, "playerId": 21790, "championPointsUntilNextLevel": 1628, "tokensEarned": 0, "championId": 102, "lastPlayTime": 1437510873000}, {"championLevel": 1, "chestGranted": false, "championPoints": 160, "championPointsSinceLastLevel": 160, "playerId": 21790, "championPointsUntilNextLevel": 1640, "tokensEarned": 0, "championId": 48, "lastPlayTime": 1468992896000}, {"championLevel": 1, "chestGranted": false, "championPoints": 135, "championPointsSinceLastLevel": 135, "playerId": 21790, "championPointsUntilNextLevel": 1665, "tokensEarned": 0, "championId": 60, "lastPlayTime": 1467313978000}]