[{"championLevel": 4, "chestGranted": true, "championPoints": 13472, "championPointsSinceLastLevel": 872, "playerId": 21798, "championPointsUntilNextLevel": 8128, "tokensEarned": 0, "championId": 78, "lastPlayTime": 1468966209000}, {"championLevel": 3, "chestGranted": true, "championPoints": 12274, "championPointsSinceLastLevel": 6274, "playerId": 21798, "championPointsUntilNextLevel": 326, "tokensEarned": 0, "championId": 412, "lastPlayTime": 1467610499000}, {"championLevel": 3, "chestGranted": true, "championPoints": 12059, "championPointsSinceLastLevel": 6059, "playerId": 21798, "championPointsUntilNextLevel": 541, "tokensEarned": 0, "championId": 36, "lastPlayTime": 1468621900000}, {"championLevel": 3, "chestGranted": true, "championPoints": 10816, "championPointsSinceLastLevel": 4816, "playerId": 21798, "championPointsUntilNextLevel": 1784, "tokensEarned": 0, "championId": 60, "lastPlayTime": 1467613889000}, {"championLevel": 3, "chestGranted": true, "championPoints": 9928, "championPointsSinceLastLevel": 3928, "playerId": 21798, "championPointsUntilNextLevel": 2672, "tokensEarned": 0, "championId": 119, "lastPlayTime": 1468199261000}, {"championLevel": 3, "chestGranted": true, "championPoints": 9497, "championPointsSinceLastLevel": 3497, "playerId": 21798, "championPointsUntilNextLevel": 3103, "tokensEarned": 0, "championId": 121, "lastPlayTime": 1468619144000}, {"championLevel": 3, "chestGranted": true, "championPoints": 8996, "championPointsSinceLastLevel": 2996, "playerId": 21798, "championPointsUntilNextLevel": 3604, "tokensEarned": 0, "championId": 61, "lastPlayTime": 1468466010000}, {"championLevel": 3, "chestGranted": true, "championPoints": 8882, "championPointsSinceLastLevel": 2882, "playerId": 21798, "championPointsUntilNextLevel": 3718, "tokensEarned": 0, "championId": 102, "lastPlayTime": 1468471133000}, {"championLevel": 3, "chestGranted": true, "championPoints": 7678, "championPointsSinceLastLevel": 1678, "playerId": 21798, "championPointsUntilNextLevel": 4922, "tokensEarned": 0, "championId": 1, "lastPlayTime": 1469161696000}, {"championLevel": 3, "chestGranted": false, "championPoints": 6570, "championPointsSinceLastLevel": 570, "playerId": 21798, "championPointsUntilNextLevel": 6030, "tokensEarned": 0, "championId": 150, "lastPlayTime": 1469158385000}, {"championLevel": 2, "chestGranted": false, "championPoints": 5804, "championPointsSinceLastLevel": 4004, "playerId": 21798, "championPointsUntilNextLevel": 196, "tokensEarned": 0, "championId": 2, "lastPlayTime": 1466386108000}, {"championLevel": 2, "chestGranted": false, "championPoints": 5735, "championPointsSinceLastLevel": 3935, "playerId": 21798, "championPointsUntilNextLevel": 265, "tokensEarned": 0, "championId": 134, "lastPlayTime": 1468987816000}, {"championLevel": 2, "chestGranted": false, "championPoints": 5662, "championPointsSinceLastLevel": 3862, "playerId": 21798, "championPointsUntilNextLevel": 338, "tokensEarned": 0, "championId": 32, "lastPlayTime": 1468957137000}, {"championLevel": 2, "chestGranted": false, "championPoints": 5117, "championPointsSinceLastLevel": 3317, "playerId": 21798, "championPointsUntilNextLevel": 883, "tokensEarned": 0, "championId": 27, "lastPlayTime": 1466834400000}, {"championLevel": 2, "chestGranted": false, "championPoints": 5011, "championPointsSinceLastLevel": 3211, "playerId": 21798, "championPointsUntilNextLevel": 989, "tokensEarned": 0, "championId": 17, "lastPlayTime": 1449442432000}, {"championLevel": 2, "chestGranted": false, "championPoints": 4891, "championPointsSinceLastLevel": 3091, "playerId": 21798, "championPointsUntilNextLevel": 1109, "tokensEarned": 0, "championId": 91, "lastPlayTime": 1464748911000}, {"championLevel": 2, "chestGranted": false, "championPoints": 4483, "championPointsSinceLastLevel": 2683, "playerId": 21798, "championPointsUntilNextLevel": 1517, "tokensEarned": 0, "championId": 33, "lastPlayTime": 1454825721000}, {"championLevel": 2, "chestGranted": true, "championPoints": 4438, "championPointsSinceLastLevel": 2638, "playerId": 21798, "championPointsUntilNextLevel": 1562, "tokensEarned": 0, "championId": 80, "lastPlayTime": 1459461511000}, {"championLevel": 2, "chestGranted": false, "championPoints": 4401, "championPointsSinceLastLevel": 2601, "playerId": 21798, "championPointsUntilNextLevel": 1599, "tokensEarned": 0, "championId": 115, "lastPlayTime": 1461535348000}, {"championLevel": 2, "chestGranted": true, "championPoints": 4288, "championPointsSinceLastLevel": 2488, "playerId": 21798, "championPointsUntilNextLevel": 1712, "tokensEarned": 0, "championId": 117, "lastPlayTime": 1466383225000}, {"championLevel": 2, "chestGranted": false, "championPoints": 3902, "championPointsSinceLastLevel": 2102, "playerId": 21798, "championPointsUntilNextLevel": 2098, "tokensEarned": 0, "championId": 18, "lastPlayTime": 1461545329000}, {"championLevel": 2, "chestGranted": false, "championPoints": 3785, "championPointsSinceLastLevel": 1985, "playerId": 21798, "championPointsUntilNextLevel": 2215, "tokensEarned": 0, "championId": 85, "lastPlayTime": 1468382095000}, {"championLevel": 2, "chestGranted": false, "championPoints": 3625, "championPointsSinceLastLevel": 1825, "playerId": 21798, "championPointsUntilNextLevel": 2375, "tokensEarned": 0, "championId": 30, "lastPlayTime": 1457483769000}, {"championLevel": 2, "chestGranted": true, "championPoints": 3491, "championPointsSinceLastLevel": 1691, "playerId": 21798, "championPointsUntilNextLevel": 2509, "tokensEarned": 0, "championId": 154, "lastPlayTime": 1464911086000}, {"championLevel": 2, "chestGranted": false, "championPoints": 3154, "championPointsSinceLastLevel": 1354, "playerId": 21798, "championPointsUntilNextLevel": 2846, "tokensEarned": 0, "championId": 432, "lastPlayTime": 1467761646000}, {"championLevel": 2, "chestGranted": false, "championPoints": 3154, "championPointsSinceLastLevel": 1354, "playerId": 21798, "championPointsUntilNextLevel": 2846, "tokensEarned": 0, "championId": 39, "lastPlayTime": 1455424266000}, {"championLevel": 2, "chestGranted": false, "championPoints": 3028, "championPointsSinceLastLevel": 1228, "playerId": 21798, "championPointsUntilNextLevel": 2972, "tokensEarned": 0, "championId": 16, "lastPlayTime": 1468296064000}, {"championLevel": 2, "chestGranted": false, "championPoints": 2842, "championPointsSinceLastLevel": 1042, "playerId": 21798, "championPointsUntilNextLevel": 3158, "tokensEarned": 0, "championId": 13, "lastPlayTime": 1461103389000}, {"championLevel": 2, "chestGranted": false, "championPoints": 2834, "championPointsSinceLastLevel": 1034, "playerId": 21798, "championPointsUntilNextLevel": 3166, "tokensEarned": 0, "championId": 6, "lastPlayTime": 1461618427000}, {"championLevel": 2, "chestGranted": false, "championPoints": 2834, "championPointsSinceLastLevel": 1034, "playerId": 21798, "championPointsUntilNextLevel": 3166, "tokensEarned": 0, "championId": 201, "lastPlayTime": 1444780932000}, {"championLevel": 2, "chestGranted": false, "championPoints": 2814, "championPointsSinceLastLevel": 1014, "playerId": 21798, "championPointsUntilNextLevel": 3186, "tokensEarned": 0, "championId": 82, "lastPlayTime": 1468203190000}, {"championLevel": 2, "chestGranted": false, "championPoints": 2793, "championPointsSinceLastLevel": 993, "playerId": 21798, "championPointsUntilNextLevel": 3207, "tokensEarned": 0, "championId": 59, "lastPlayTime": 1460955916000}, {"championLevel": 2, "chestGranted": false, "championPoints": 2691, "championPointsSinceLastLevel": 891, "playerId": 21798, "championPointsUntilNextLevel": 3309, "tokensEarned": 0, "championId": 68, "lastPlayTime": 1461098858000}, {"championLevel": 2, "chestGranted": false, "championPoints": 2674, "championPointsSinceLastLevel": 874, "playerId": 21798, "championPointsUntilNextLevel": 3326, "tokensEarned": 0, "championId": 421, "lastPlayTime": 1454089247000}, {"championLevel": 2, "chestGranted": false, "championPoints": 2647, "championPointsSinceLastLevel": 847, "playerId": 21798, "championPointsUntilNextLevel": 3353, "tokensEarned": 0, "championId": 74, "lastPlayTime": 1466650091000}, {"championLevel": 2, "chestGranted": false, "championPoints": 2571, "championPointsSinceLastLevel": 771, "playerId": 21798, "championPointsUntilNextLevel": 3429, "tokensEarned": 0, "championId": 8, "lastPlayTime": 1464740150000}, {"championLevel": 2, "chestGranted": false, "championPoints": 2316, "championPointsSinceLastLevel": 516, "playerId": 21798, "championPointsUntilNextLevel": 3684, "tokensEarned": 0, "championId": 101, "lastPlayTime": 1460510238000}, {"championLevel": 2, "chestGranted": false, "championPoints": 2073, "championPointsSinceLastLevel": 273, "playerId": 21798, "championPointsUntilNextLevel": 3927, "tokensEarned": 0, "championId": 64, "lastPlayTime": 1466381212000}, {"championLevel": 2, "chestGranted": true, "championPoints": 2001, "championPointsSinceLastLevel": 201, "playerId": 21798, "championPointsUntilNextLevel": 3999, "tokensEarned": 0, "championId": 81, "lastPlayTime": 1460938667000}, {"championLevel": 2, "chestGranted": false, "championPoints": 1950, "championPointsSinceLastLevel": 150, "playerId": 21798, "championPointsUntilNextLevel": 4050, "tokensEarned": 0, "championId": 107, "lastPlayTime": 1458782805000}, {"championLevel": 2, "chestGranted": false, "championPoints": 1944, "championPointsSinceLastLevel": 144, "playerId": 21798, "championPointsUntilNextLevel": 4056, "tokensEarned": 0, "championId": 236, "lastPlayTime": 1463962026000}, {"championLevel": 2, "chestGranted": false, "championPoints": 1925, "championPointsSinceLastLevel": 125, "playerId": 21798, "championPointsUntilNextLevel": 4075, "tokensEarned": 0, "championId": 29, "lastPlayTime": 1468461039000}, {"championLevel": 2, "chestGranted": false, "championPoints": 1851, "championPointsSinceLastLevel": 51, "playerId": 21798, "championPointsUntilNextLevel": 4149, "tokensEarned": 0, "championId": 111, "lastPlayTime": 1461547179000}, {"championLevel": 2, "chestGranted": false, "championPoints": 1811, "championPointsSinceLastLevel": 11, "playerId": 21798, "championPointsUntilNextLevel": 4189, "tokensEarned": 0, "championId": 42, "lastPlayTime": 1458079409000}, {"championLevel": 1, "chestGranted": false, "championPoints": 1728, "championPointsSinceLastLevel": 1728, "playerId": 21798, "championPointsUntilNextLevel": 72, "tokensEarned": 0, "championId": 31, "lastPlayTime": 1458788091000}, {"championLevel": 1, "chestGranted": true, "championPoints": 1590, "championPointsSinceLastLevel": 1590, "playerId": 21798, "championPointsUntilNextLevel": 210, "tokensEarned": 0, "championId": 245, "lastPlayTime": 1459972724000}, {"championLevel": 1, "chestGranted": false, "championPoints": 1582, "championPointsSinceLastLevel": 1582, "playerId": 21798, "championPointsUntilNextLevel": 218, "tokensEarned": 0, "championId": 96, "lastPlayTime": 1466557989000}, {"championLevel": 1, "chestGranted": false, "championPoints": 1556, "championPointsSinceLastLevel": 1556, "playerId": 21798, "championPointsUntilNextLevel": 244, "tokensEarned": 0, "championId": 143, "lastPlayTime": 1468990250000}, {"championLevel": 1, "chestGranted": true, "championPoints": 1412, "championPointsSinceLastLevel": 1412, "playerId": 21798, "championPointsUntilNextLevel": 388, "tokensEarned": 0, "championId": 50, "lastPlayTime": 1459200900000}, {"championLevel": 1, "chestGranted": false, "championPoints": 1394, "championPointsSinceLastLevel": 1394, "playerId": 21798, "championPointsUntilNextLevel": 406, "tokensEarned": 0, "championId": 22, "lastPlayTime": 1452834003000}, {"championLevel": 1, "chestGranted": false, "championPoints": 1384, "championPointsSinceLastLevel": 1384, "playerId": 21798, "championPointsUntilNextLevel": 416, "tokensEarned": 0, "championId": 126, "lastPlayTime": 1460066355000}, {"championLevel": 1, "chestGranted": false, "championPoints": 1373, "championPointsSinceLastLevel": 1373, "playerId": 21798, "championPointsUntilNextLevel": 427, "tokensEarned": 0, "championId": 122, "lastPlayTime": 1463523552000}, {"championLevel": 1, "chestGranted": false, "championPoints": 1373, "championPointsSinceLastLevel": 1373, "playerId": 21798, "championPointsUntilNextLevel": 427, "tokensEarned": 0, "championId": 4, "lastPlayTime": 1460777455000}, {"championLevel": 1, "chestGranted": false, "championPoints": 1366, "championPointsSinceLastLevel": 1366, "playerId": 21798, "championPointsUntilNextLevel": 434, "tokensEarned": 0, "championId": 83, "lastPlayTime": 1438918549000}, {"championLevel": 1, "chestGranted": false, "championPoints": 1294, "championPointsSinceLastLevel": 1294, "playerId": 21798, "championPointsUntilNextLevel": 506, "tokensEarned": 0, "championId": 77, "lastPlayTime": 1462930453000}, {"championLevel": 1, "chestGranted": true, "championPoints": 1290, "championPointsSinceLastLevel": 1290, "playerId": 21798, "championPointsUntilNextLevel": 510, "tokensEarned": 0, "championId": 104, "lastPlayTime": 1466395084000}, {"championLevel": 1, "chestGranted": false, "championPoints": 1262, "championPointsSinceLastLevel": 1262, "playerId": 21798, "championPointsUntilNextLevel": 538, "tokensEarned": 0, "championId": 103, "lastPlayTime": 1455418557000}, {"championLevel": 1, "chestGranted": true, "championPoints": 1255, "championPointsSinceLastLevel": 1255, "playerId": 21798, "championPointsUntilNextLevel": 545, "tokensEarned": 0, "championId": 131, "lastPlayTime": 1468373577000}, {"championLevel": 1, "chestGranted": false, "championPoints": 1207, "championPointsSinceLastLevel": 1207, "playerId": 21798, "championPointsUntilNextLevel": 593, "tokensEarned": 0, "championId": 157, "lastPlayTime": 1459996518000}, {"championLevel": 1, "chestGranted": false, "championPoints": 1163, "championPointsSinceLastLevel": 1163, "playerId": 21798, "championPointsUntilNextLevel": 637, "tokensEarned": 0, "championId": 203, "lastPlayTime": 1466546402000}, {"championLevel": 1, "chestGranted": true, "championPoints": 1153, "championPointsSinceLastLevel": 1153, "playerId": 21798, "championPointsUntilNextLevel": 647, "tokensEarned": 0, "championId": 79, "lastPlayTime": 1468969661000}, {"championLevel": 1, "chestGranted": false, "championPoints": 1152, "championPointsSinceLastLevel": 1152, "playerId": 21798, "championPointsUntilNextLevel": 648, "tokensEarned": 0, "championId": 14, "lastPlayTime": 1458792693000}, {"championLevel": 1, "chestGranted": false, "championPoints": 1014, "championPointsSinceLastLevel": 1014, "playerId": 21798, "championPointsUntilNextLevel": 786, "tokensEarned": 0, "championId": 26, "lastPlayTime": 1453085441000}, {"championLevel": 1, "chestGranted": false, "championPoints": 970, "championPointsSinceLastLevel": 970, "playerId": 21798, "championPointsUntilNextLevel": 830, "tokensEarned": 0, "championId": 105, "lastPlayTime": 1464384651000}, {"championLevel": 1, "chestGranted": true, "championPoints": 969, "championPointsSinceLastLevel": 969, "playerId": 21798, "championPointsUntilNextLevel": 831, "tokensEarned": 0, "championId": 114, "lastPlayTime": 1461536966000}, {"championLevel": 1, "chestGranted": false, "championPoints": 887, "championPointsSinceLastLevel": 887, "playerId": 21798, "championPointsUntilNextLevel": 913, "tokensEarned": 0, "championId": 21, "lastPlayTime": 1468983978000}, {"championLevel": 1, "chestGranted": false, "championPoints": 768, "championPointsSinceLastLevel": 768, "playerId": 21798, "championPointsUntilNextLevel": 1032, "tokensEarned": 0, "championId": 9, "lastPlayTime": 1467928817000}, {"championLevel": 1, "chestGranted": false, "championPoints": 407, "championPointsSinceLastLevel": 407, "playerId": 21798, "championPointsUntilNextLevel": 1393, "tokensEarned": 0, "championId": 35, "lastPlayTime": 1460592810000}, {"championLevel": 1, "chestGranted": true, "championPoints": 395, "championPointsSinceLastLevel": 395, "playerId": 21798, "championPointsUntilNextLevel": 1405, "tokensEarned": 0, "championId": 89, "lastPlayTime": 1460335865000}, {"championLevel": 1, "chestGranted": false, "championPoints": 374, "championPointsSinceLastLevel": 374, "playerId": 21798, "championPointsUntilNextLevel": 1426, "tokensEarned": 0, "championId": 48, "lastPlayTime": 1467605030000}, {"championLevel": 1, "chestGranted": false, "championPoints": 343, "championPointsSinceLastLevel": 343, "playerId": 21798, "championPointsUntilNextLevel": 1457, "tokensEarned": 0, "championId": 76, "lastPlayTime": 1436932202000}, {"championLevel": 1, "chestGranted": false, "championPoints": 332, "championPointsSinceLastLevel": 332, "playerId": 21798, "championPointsUntilNextLevel": 1468, "tokensEarned": 0, "championId": 40, "lastPlayTime": 1451275782000}, {"championLevel": 1, "chestGranted": false, "championPoints": 282, "championPointsSinceLastLevel": 282, "playerId": 21798, "championPointsUntilNextLevel": 1518, "tokensEarned": 0, "championId": 62, "lastPlayTime": 1459205938000}, {"championLevel": 1, "chestGranted": false, "championPoints": 272, "championPointsSinceLastLevel": 272, "playerId": 21798, "championPointsUntilNextLevel": 1528, "tokensEarned": 0, "championId": 127, "lastPlayTime": 1459204208000}, {"championLevel": 1, "chestGranted": false, "championPoints": 256, "championPointsSinceLastLevel": 256, "playerId": 21798, "championPointsUntilNextLevel": 1544, "tokensEarned": 0, "championId": 10, "lastPlayTime": 1452660393000}, {"championLevel": 1, "chestGranted": false, "championPoints": 247, "championPointsSinceLastLevel": 247, "playerId": 21798, "championPointsUntilNextLevel": 1553, "tokensEarned": 0, "championId": 420, "lastPlayTime": 1459993986000}, {"championLevel": 1, "chestGranted": false, "championPoints": 234, "championPointsSinceLastLevel": 234, "playerId": 21798, "championPointsUntilNextLevel": 1566, "tokensEarned": 0, "championId": 110, "lastPlayTime": 1452560625000}, {"championLevel": 1, "chestGranted": false, "championPoints": 171, "championPointsSinceLastLevel": 171, "playerId": 21798, "championPointsUntilNextLevel": 1629, "tokensEarned": 0, "championId": 28, "lastPlayTime": 1461539337000}, {"championLevel": 1, "chestGranted": false, "championPoints": 169, "championPointsSinceLastLevel": 169, "playerId": 21798, "championPointsUntilNextLevel": 1631, "tokensEarned": 0, "championId": 254, "lastPlayTime": 1454086568000}, {"championLevel": 1, "chestGranted": false, "championPoints": 162, "championPointsSinceLastLevel": 162, "playerId": 21798, "championPointsUntilNextLevel": 1638, "tokensEarned": 0, "championId": 67, "lastPlayTime": 1463525686000}, {"championLevel": 1, "chestGranted": false, "championPoints": 160, "championPointsSinceLastLevel": 160, "playerId": 21798, "championPointsUntilNextLevel": 1640, "tokensEarned": 0, "championId": 34, "lastPlayTime": 1453087290000}, {"championLevel": 1, "chestGranted": false, "championPoints": 159, "championPointsSinceLastLevel": 159, "playerId": 21798, "championPointsUntilNextLevel": 1641, "tokensEarned": 0, "championId": 268, "lastPlayTime": 1443750899000}, {"championLevel": 1, "chestGranted": false, "championPoints": 153, "championPointsSinceLastLevel": 153, "playerId": 21798, "championPointsUntilNextLevel": 1647, "tokensEarned": 0, "championId": 133, "lastPlayTime": 1468991856000}, {"championLevel": 1, "chestGranted": false, "championPoints": 152, "championPointsSinceLastLevel": 152, "playerId": 21798, "championPointsUntilNextLevel": 1648, "tokensEarned": 0, "championId": 45, "lastPlayTime": 1436837868000}]