[{"championLevel": 5, "chestGranted": false, "championPoints": 54873, "championPointsSinceLastLevel": 33273, "playerId": 21800, "championPointsUntilNextLevel": 0, "tokensEarned": 0, "championId": 9, "lastPlayTime": 1458370156000}, {"championLevel": 5, "chestGranted": true, "championPoints": 45430, "championPointsSinceLastLevel": 23830, "playerId": 21800, "championPointsUntilNextLevel": 0, "tokensEarned": 0, "championId": 89, "lastPlayTime": 1468988528000}, {"championLevel": 5, "chestGranted": false, "championPoints": 38939, "championPointsSinceLastLevel": 17339, "playerId": 21800, "championPointsUntilNextLevel": 0, "tokensEarned": 0, "championId": 103, "lastPlayTime": 1456841009000}, {"championLevel": 5, "chestGranted": false, "championPoints": 22006, "championPointsSinceLastLevel": 406, "playerId": 21800, "championPointsUntilNextLevel": 0, "tokensEarned": 0, "championId": 54, "lastPlayTime": 1457331727000}, {"championLevel": 4, "chestGranted": false, "championPoints": 14232, "championPointsSinceLastLevel": 1632, "playerId": 21800, "championPointsUntilNextLevel": 7368, "tokensEarned": 0, "championId": 57, "lastPlayTime": 1445795022000}, {"championLevel": 3, "chestGranted": false, "championPoints": 11832, "championPointsSinceLastLevel": 5832, "playerId": 21800, "championPointsUntilNextLevel": 768, "tokensEarned": 0, "championId": 40, "lastPlayTime": 1443840003000}, {"championLevel": 3, "chestGranted": false, "championPoints": 11821, "championPointsSinceLastLevel": 5821, "playerId": 21800, "championPointsUntilNextLevel": 779, "tokensEarned": 0, "championId": 222, "lastPlayTime": 1450376140000}, {"championLevel": 3, "chestGranted": false, "championPoints": 10103, "championPointsSinceLastLevel": 4103, "playerId": 21800, "championPointsUntilNextLevel": 2497, "tokensEarned": 0, "championId": 38, "lastPlayTime": 1450728305000}, {"championLevel": 3, "chestGranted": false, "championPoints": 9956, "championPointsSinceLastLevel": 3956, "playerId": 21800, "championPointsUntilNextLevel": 2644, "tokensEarned": 0, "championId": 79, "lastPlayTime": 1445372522000}, {"championLevel": 3, "chestGranted": false, "championPoints": 8684, "championPointsSinceLastLevel": 2684, "playerId": 21800, "championPointsUntilNextLevel": 3916, "tokensEarned": 0, "championId": 110, "lastPlayTime": 1445722099000}, {"championLevel": 3, "chestGranted": false, "championPoints": 8109, "championPointsSinceLastLevel": 2109, "playerId": 21800, "championPointsUntilNextLevel": 4491, "tokensEarned": 0, "championId": 24, "lastPlayTime": 1458372386000}, {"championLevel": 3, "chestGranted": false, "championPoints": 6149, "championPointsSinceLastLevel": 149, "playerId": 21800, "championPointsUntilNextLevel": 6451, "tokensEarned": 0, "championId": 30, "lastPlayTime": 1449779764000}, {"championLevel": 2, "chestGranted": false, "championPoints": 5712, "championPointsSinceLastLevel": 3912, "playerId": 21800, "championPointsUntilNextLevel": 288, "tokensEarned": 0, "championId": 238, "lastPlayTime": 1447980806000}, {"championLevel": 2, "chestGranted": false, "championPoints": 4856, "championPointsSinceLastLevel": 3056, "playerId": 21800, "championPointsUntilNextLevel": 1144, "tokensEarned": 0, "championId": 15, "lastPlayTime": 1446410934000}, {"championLevel": 2, "chestGranted": false, "championPoints": 4247, "championPointsSinceLastLevel": 2447, "playerId": 21800, "championPointsUntilNextLevel": 1753, "tokensEarned": 0, "championId": 32, "lastPlayTime": 1464294707000}, {"championLevel": 2, "chestGranted": false, "championPoints": 4143, "championPointsSinceLastLevel": 2343, "playerId": 21800, "championPointsUntilNextLevel": 1857, "tokensEarned": 0, "championId": 111, "lastPlayTime": 1437780934000}, {"championLevel": 2, "chestGranted": false, "championPoints": 3852, "championPointsSinceLastLevel": 2052, "playerId": 21800, "championPointsUntilNextLevel": 2148, "tokensEarned": 0, "championId": 59, "lastPlayTime": 1450881116000}, {"championLevel": 2, "chestGranted": false, "championPoints": 2938, "championPointsSinceLastLevel": 1138, "playerId": 21800, "championPointsUntilNextLevel": 3062, "tokensEarned": 0, "championId": 3, "lastPlayTime": 1441586295000}, {"championLevel": 2, "chestGranted": false, "championPoints": 2767, "championPointsSinceLastLevel": 967, "playerId": 21800, "championPointsUntilNextLevel": 3233, "tokensEarned": 0, "championId": 122, "lastPlayTime": 1439768509000}, {"championLevel": 2, "chestGranted": false, "championPoints": 2550, "championPointsSinceLastLevel": 750, "playerId": 21800, "championPointsUntilNextLevel": 3450, "tokensEarned": 0, "championId": 104, "lastPlayTime": 1442129682000}, {"championLevel": 2, "chestGranted": false, "championPoints": 1958, "championPointsSinceLastLevel": 158, "playerId": 21800, "championPointsUntilNextLevel": 4042, "tokensEarned": 0, "championId": 7, "lastPlayTime": 1448075849000}, {"championLevel": 2, "chestGranted": false, "championPoints": 1928, "championPointsSinceLastLevel": 128, "playerId": 21800, "championPointsUntilNextLevel": 4072, "tokensEarned": 0, "championId": 432, "lastPlayTime": 1436052682000}, {"championLevel": 1, "chestGranted": false, "championPoints": 1794, "championPointsSinceLastLevel": 1794, "playerId": 21800, "championPointsUntilNextLevel": 6, "tokensEarned": 0, "championId": 61, "lastPlayTime": 1449086250000}, {"championLevel": 1, "chestGranted": false, "championPoints": 1621, "championPointsSinceLastLevel": 1621, "playerId": 21800, "championPointsUntilNextLevel": 179, "tokensEarned": 0, "championId": 96, "lastPlayTime": 1446872245000}, {"championLevel": 1, "chestGranted": false, "championPoints": 1590, "championPointsSinceLastLevel": 1590, "playerId": 21800, "championPointsUntilNextLevel": 210, "tokensEarned": 0, "championId": 67, "lastPlayTime": 1446858528000}, {"championLevel": 1, "chestGranted": false, "championPoints": 1584, "championPointsSinceLastLevel": 1584, "playerId": 21800, "championPointsUntilNextLevel": 216, "tokensEarned": 0, "championId": 98, "lastPlayTime": 1437208553000}, {"championLevel": 1, "chestGranted": false, "championPoints": 1500, "championPointsSinceLastLevel": 1500, "playerId": 21800, "championPointsUntilNextLevel": 300, "tokensEarned": 0, "championId": 19, "lastPlayTime": 1431197357000}, {"championLevel": 1, "chestGranted": false, "championPoints": 1078, "championPointsSinceLastLevel": 1078, "playerId": 21800, "championPointsUntilNextLevel": 722, "tokensEarned": 0, "championId": 267, "lastPlayTime": 1431554244000}, {"championLevel": 1, "chestGranted": false, "championPoints": 1019, "championPointsSinceLastLevel": 1019, "playerId": 21800, "championPointsUntilNextLevel": 781, "tokensEarned": 0, "championId": 161, "lastPlayTime": 1437731697000}, {"championLevel": 1, "chestGranted": false, "championPoints": 715, "championPointsSinceLastLevel": 715, "playerId": 21800, "championPointsUntilNextLevel": 1085, "tokensEarned": 0, "championId": 55, "lastPlayTime": 1438460582000}, {"championLevel": 1, "chestGranted": false, "championPoints": 422, "championPointsSinceLastLevel": 422, "playerId": 21800, "championPointsUntilNextLevel": 1378, "tokensEarned": 0, "championId": 84, "lastPlayTime": 1443832768000}, {"championLevel": 1, "chestGranted": false, "championPoints": 321, "championPointsSinceLastLevel": 321, "playerId": 21800, "championPointsUntilNextLevel": 1479, "tokensEarned": 0, "championId": 112, "lastPlayTime": 1439251523000}, {"championLevel": 1, "chestGranted": false, "championPoints": 189, "championPointsSinceLastLevel": 189, "playerId": 21800, "championPointsUntilNextLevel": 1611, "tokensEarned": 0, "championId": 201, "lastPlayTime": 1441985779000}, {"championLevel": 1, "chestGranted": false, "championPoints": 182, "championPointsSinceLastLevel": 182, "playerId": 21800, "championPointsUntilNextLevel": 1618, "tokensEarned": 0, "championId": 45, "lastPlayTime": 1445709488000}, {"championLevel": 1, "chestGranted": false, "championPoints": 156, "championPointsSinceLastLevel": 156, "playerId": 21800, "championPointsUntilNextLevel": 1644, "tokensEarned": 0, "championId": 37, "lastPlayTime": 1436645024000}, {"championLevel": 1, "chestGranted": false, "championPoints": 151, "championPointsSinceLastLevel": 151, "playerId": 21800, "championPointsUntilNextLevel": 1649, "tokensEarned": 0, "championId": 421, "lastPlayTime": 1433105803000}, {"championLevel": 1, "chestGranted": false, "championPoints": 148, "championPointsSinceLastLevel": 148, "playerId": 21800, "championPointsUntilNextLevel": 1652, "tokensEarned": 0, "championId": 50, "lastPlayTime": 1443827044000}, {"championLevel": 1, "chestGranted": false, "championPoints": 133, "championPointsSinceLastLevel": 133, "playerId": 21800, "championPointsUntilNextLevel": 1667, "tokensEarned": 0, "championId": 113, "lastPlayTime": 1439694039000}]