[{"championLevel": 7, "chestGranted": true, "championPoints": 529939, "championPointsSinceLastLevel": 508339, "playerId": 21804, "championPointsUntilNextLevel": 0, "tokensEarned": 0, "championId": 203, "lastPlayTime": 1469162332000}, {"championLevel": 7, "chestGranted": true, "championPoints": 500986, "championPointsSinceLastLevel": 479386, "playerId": 21804, "championPointsUntilNextLevel": 0, "tokensEarned": 0, "championId": 76, "lastPlayTime": 1469166114000}, {"championLevel": 5, "chestGranted": true, "championPoints": 221271, "championPointsSinceLastLevel": 199671, "playerId": 21804, "championPointsUntilNextLevel": 0, "tokensEarned": 1, "championId": 245, "lastPlayTime": 1468920875000}, {"championLevel": 5, "chestGranted": true, "championPoints": 61570, "championPointsSinceLastLevel": 39970, "playerId": 21804, "championPointsUntilNextLevel": 0, "tokensEarned": 1, "championId": 81, "lastPlayTime": 1468896458000}, {"championLevel": 7, "chestGranted": true, "championPoints": 57889, "championPointsSinceLastLevel": 36289, "playerId": 21804, "championPointsUntilNextLevel": 0, "tokensEarned": 0, "championId": 157, "lastPlayTime": 1469049484000}, {"championLevel": 6, "chestGranted": true, "championPoints": 50322, "championPointsSinceLastLevel": 28722, "playerId": 21804, "championPointsUntilNextLevel": 0, "tokensEarned": 3, "championId": 163, "lastPlayTime": 1469153067000}, {"championLevel": 5, "chestGranted": true, "championPoints": 43241, "championPointsSinceLastLevel": 21641, "playerId": 21804, "championPointsUntilNextLevel": 0, "tokensEarned": 0, "championId": 103, "lastPlayTime": 1468648483000}, {"championLevel": 5, "chestGranted": false, "championPoints": 40381, "championPointsSinceLastLevel": 18781, "playerId": 21804, "championPointsUntilNextLevel": 0, "tokensEarned": 0, "championId": 121, "lastPlayTime": 1468874314000}, {"championLevel": 5, "chestGranted": false, "championPoints": 39234, "championPointsSinceLastLevel": 17634, "playerId": 21804, "championPointsUntilNextLevel": 0, "tokensEarned": 1, "championId": 120, "lastPlayTime": 1469077915000}, {"championLevel": 5, "chestGranted": false, "championPoints": 36696, "championPointsSinceLastLevel": 15096, "playerId": 21804, "championPointsUntilNextLevel": 0, "tokensEarned": 1, "championId": 421, "lastPlayTime": 1468479271000}, {"championLevel": 5, "chestGranted": false, "championPoints": 36018, "championPointsSinceLastLevel": 14418, "playerId": 21804, "championPointsUntilNextLevel": 0, "tokensEarned": 0, "championId": 64, "lastPlayTime": 1468882257000}, {"championLevel": 5, "chestGranted": true, "championPoints": 32752, "championPointsSinceLastLevel": 11152, "playerId": 21804, "championPointsUntilNextLevel": 0, "tokensEarned": 0, "championId": 63, "lastPlayTime": 1469088494000}, {"championLevel": 6, "chestGranted": true, "championPoints": 28712, "championPointsSinceLastLevel": 7112, "playerId": 21804, "championPointsUntilNextLevel": 0, "tokensEarned": 0, "championId": 236, "lastPlayTime": 1468864962000}, {"championLevel": 5, "chestGranted": false, "championPoints": 25190, "championPointsSinceLastLevel": 3590, "playerId": 21804, "championPointsUntilNextLevel": 0, "tokensEarned": 1, "championId": 67, "lastPlayTime": 1468809128000}, {"championLevel": 5, "chestGranted": false, "championPoints": 23961, "championPointsSinceLastLevel": 2361, "playerId": 21804, "championPointsUntilNextLevel": 0, "tokensEarned": 0, "championId": 51, "lastPlayTime": 1466286181000}, {"championLevel": 5, "chestGranted": false, "championPoints": 22983, "championPointsSinceLastLevel": 1383, "playerId": 21804, "championPointsUntilNextLevel": 0, "tokensEarned": 0, "championId": 150, "lastPlayTime": 1465805405000}, {"championLevel": 5, "chestGranted": true, "championPoints": 22983, "championPointsSinceLastLevel": 1383, "playerId": 21804, "championPointsUntilNextLevel": 0, "tokensEarned": 0, "championId": 99, "lastPlayTime": 1468703438000}, {"championLevel": 5, "chestGranted": false, "championPoints": 21902, "championPointsSinceLastLevel": 302, "playerId": 21804, "championPointsUntilNextLevel": 0, "tokensEarned": 0, "championId": 82, "lastPlayTime": 1447212576000}, {"championLevel": 5, "chestGranted": false, "championPoints": 21888, "championPointsSinceLastLevel": 288, "playerId": 21804, "championPointsUntilNextLevel": 0, "tokensEarned": 0, "championId": 122, "lastPlayTime": 1467017683000}, {"championLevel": 4, "chestGranted": false, "championPoints": 18409, "championPointsSinceLastLevel": 5809, "playerId": 21804, "championPointsUntilNextLevel": 3191, "tokensEarned": 0, "championId": 104, "lastPlayTime": 1454094914000}, {"championLevel": 4, "chestGranted": true, "championPoints": 16880, "championPointsSinceLastLevel": 4280, "playerId": 21804, "championPointsUntilNextLevel": 4720, "tokensEarned": 0, "championId": 127, "lastPlayTime": 1465508119000}, {"championLevel": 4, "chestGranted": true, "championPoints": 15446, "championPointsSinceLastLevel": 2846, "playerId": 21804, "championPointsUntilNextLevel": 6154, "tokensEarned": 0, "championId": 268, "lastPlayTime": 1468643874000}, {"championLevel": 4, "chestGranted": true, "championPoints": 15097, "championPointsSinceLastLevel": 2497, "playerId": 21804, "championPointsUntilNextLevel": 6503, "tokensEarned": 0, "championId": 202, "lastPlayTime": 1468827010000}, {"championLevel": 4, "chestGranted": false, "championPoints": 14517, "championPointsSinceLastLevel": 1917, "playerId": 21804, "championPointsUntilNextLevel": 7083, "tokensEarned": 0, "championId": 222, "lastPlayTime": 1468650786000}, {"championLevel": 4, "chestGranted": false, "championPoints": 13981, "championPointsSinceLastLevel": 1381, "playerId": 21804, "championPointsUntilNextLevel": 7619, "tokensEarned": 0, "championId": 420, "lastPlayTime": 1466590467000}, {"championLevel": 4, "chestGranted": false, "championPoints": 13930, "championPointsSinceLastLevel": 1330, "playerId": 21804, "championPointsUntilNextLevel": 7670, "tokensEarned": 0, "championId": 102, "lastPlayTime": 1466144465000}, {"championLevel": 4, "chestGranted": false, "championPoints": 13530, "championPointsSinceLastLevel": 930, "playerId": 21804, "championPointsUntilNextLevel": 8070, "tokensEarned": 0, "championId": 131, "lastPlayTime": 1465505527000}, {"championLevel": 4, "chestGranted": false, "championPoints": 12923, "championPointsSinceLastLevel": 323, "playerId": 21804, "championPointsUntilNextLevel": 8677, "tokensEarned": 0, "championId": 2, "lastPlayTime": 1469075348000}, {"championLevel": 3, "chestGranted": false, "championPoints": 12491, "championPointsSinceLastLevel": 6491, "playerId": 21804, "championPointsUntilNextLevel": 109, "tokensEarned": 0, "championId": 114, "lastPlayTime": 1468880691000}, {"championLevel": 3, "chestGranted": true, "championPoints": 12063, "championPointsSinceLastLevel": 6063, "playerId": 21804, "championPointsUntilNextLevel": 537, "tokensEarned": 0, "championId": 91, "lastPlayTime": 1468800114000}, {"championLevel": 3, "chestGranted": false, "championPoints": 11840, "championPointsSinceLastLevel": 5840, "playerId": 21804, "championPointsUntilNextLevel": 760, "tokensEarned": 0, "championId": 17, "lastPlayTime": 1468893320000}, {"championLevel": 3, "chestGranted": true, "championPoints": 11214, "championPointsSinceLastLevel": 5214, "playerId": 21804, "championPointsUntilNextLevel": 1386, "tokensEarned": 0, "championId": 55, "lastPlayTime": 1467016040000}, {"championLevel": 3, "chestGranted": true, "championPoints": 11197, "championPointsSinceLastLevel": 5197, "playerId": 21804, "championPointsUntilNextLevel": 1403, "tokensEarned": 0, "championId": 110, "lastPlayTime": 1466835783000}, {"championLevel": 3, "chestGranted": false, "championPoints": 10688, "championPointsSinceLastLevel": 4688, "playerId": 21804, "championPointsUntilNextLevel": 1912, "tokensEarned": 0, "championId": 41, "lastPlayTime": 1468619475000}, {"championLevel": 3, "chestGranted": false, "championPoints": 9418, "championPointsSinceLastLevel": 3418, "playerId": 21804, "championPointsUntilNextLevel": 3182, "tokensEarned": 0, "championId": 37, "lastPlayTime": 1466843954000}, {"championLevel": 3, "chestGranted": true, "championPoints": 8389, "championPointsSinceLastLevel": 2389, "playerId": 21804, "championPointsUntilNextLevel": 4211, "tokensEarned": 0, "championId": 115, "lastPlayTime": 1462773483000}, {"championLevel": 3, "chestGranted": false, "championPoints": 7923, "championPointsSinceLastLevel": 1923, "playerId": 21804, "championPointsUntilNextLevel": 4677, "tokensEarned": 0, "championId": 161, "lastPlayTime": 1466984771000}, {"championLevel": 3, "chestGranted": false, "championPoints": 7819, "championPointsSinceLastLevel": 1819, "playerId": 21804, "championPointsUntilNextLevel": 4781, "tokensEarned": 0, "championId": 62, "lastPlayTime": 1466403126000}, {"championLevel": 3, "chestGranted": false, "championPoints": 7767, "championPointsSinceLastLevel": 1767, "playerId": 21804, "championPointsUntilNextLevel": 4833, "tokensEarned": 0, "championId": 75, "lastPlayTime": 1468806458000}, {"championLevel": 3, "chestGranted": false, "championPoints": 7325, "championPointsSinceLastLevel": 1325, "playerId": 21804, "championPointsUntilNextLevel": 5275, "tokensEarned": 0, "championId": 84, "lastPlayTime": 1467176125000}, {"championLevel": 3, "chestGranted": false, "championPoints": 7047, "championPointsSinceLastLevel": 1047, "playerId": 21804, "championPointsUntilNextLevel": 5553, "tokensEarned": 0, "championId": 201, "lastPlayTime": 1452042812000}, {"championLevel": 3, "chestGranted": true, "championPoints": 6748, "championPointsSinceLastLevel": 748, "playerId": 21804, "championPointsUntilNextLevel": 5852, "tokensEarned": 0, "championId": 61, "lastPlayTime": 1468792105000}, {"championLevel": 3, "chestGranted": false, "championPoints": 6566, "championPointsSinceLastLevel": 566, "playerId": 21804, "championPointsUntilNextLevel": 6034, "tokensEarned": 0, "championId": 24, "lastPlayTime": 1462913372000}, {"championLevel": 3, "chestGranted": true, "championPoints": 6342, "championPointsSinceLastLevel": 342, "playerId": 21804, "championPointsUntilNextLevel": 6258, "tokensEarned": 0, "championId": 119, "lastPlayTime": 1469086939000}, {"championLevel": 3, "chestGranted": false, "championPoints": 6289, "championPointsSinceLastLevel": 289, "playerId": 21804, "championPointsUntilNextLevel": 6311, "tokensEarned": 0, "championId": 48, "lastPlayTime": 1450474318000}, {"championLevel": 3, "chestGranted": false, "championPoints": 6182, "championPointsSinceLastLevel": 182, "playerId": 21804, "championPointsUntilNextLevel": 6418, "tokensEarned": 0, "championId": 29, "lastPlayTime": 1468984297000}, {"championLevel": 2, "chestGranted": false, "championPoints": 5816, "championPointsSinceLastLevel": 4016, "playerId": 21804, "championPointsUntilNextLevel": 184, "tokensEarned": 0, "championId": 11, "lastPlayTime": 1466895419000}, {"championLevel": 2, "chestGranted": false, "championPoints": 5515, "championPointsSinceLastLevel": 3715, "playerId": 21804, "championPointsUntilNextLevel": 485, "tokensEarned": 0, "championId": 59, "lastPlayTime": 1454478375000}, {"championLevel": 2, "chestGranted": false, "championPoints": 5227, "championPointsSinceLastLevel": 3427, "playerId": 21804, "championPointsUntilNextLevel": 773, "tokensEarned": 0, "championId": 106, "lastPlayTime": 1468972793000}, {"championLevel": 2, "chestGranted": true, "championPoints": 5013, "championPointsSinceLastLevel": 3213, "playerId": 21804, "championPointsUntilNextLevel": 987, "tokensEarned": 0, "championId": 8, "lastPlayTime": 1466393270000}, {"championLevel": 2, "chestGranted": false, "championPoints": 4947, "championPointsSinceLastLevel": 3147, "playerId": 21804, "championPointsUntilNextLevel": 1053, "tokensEarned": 0, "championId": 34, "lastPlayTime": 1460351493000}, {"championLevel": 2, "chestGranted": false, "championPoints": 4780, "championPointsSinceLastLevel": 2980, "playerId": 21804, "championPointsUntilNextLevel": 1220, "tokensEarned": 0, "championId": 78, "lastPlayTime": 1466645852000}, {"championLevel": 2, "chestGranted": false, "championPoints": 4717, "championPointsSinceLastLevel": 2917, "playerId": 21804, "championPointsUntilNextLevel": 1283, "tokensEarned": 0, "championId": 72, "lastPlayTime": 1443413356000}, {"championLevel": 2, "chestGranted": false, "championPoints": 4614, "championPointsSinceLastLevel": 2814, "playerId": 21804, "championPointsUntilNextLevel": 1386, "tokensEarned": 0, "championId": 154, "lastPlayTime": 1453356228000}, {"championLevel": 2, "chestGranted": false, "championPoints": 4535, "championPointsSinceLastLevel": 2735, "playerId": 21804, "championPointsUntilNextLevel": 1465, "tokensEarned": 0, "championId": 254, "lastPlayTime": 1468877100000}, {"championLevel": 2, "chestGranted": false, "championPoints": 4499, "championPointsSinceLastLevel": 2699, "playerId": 21804, "championPointsUntilNextLevel": 1501, "tokensEarned": 0, "championId": 22, "lastPlayTime": 1466400337000}, {"championLevel": 2, "chestGranted": false, "championPoints": 4167, "championPointsSinceLastLevel": 2367, "playerId": 21804, "championPointsUntilNextLevel": 1833, "tokensEarned": 0, "championId": 21, "lastPlayTime": 1451973259000}, {"championLevel": 2, "chestGranted": false, "championPoints": 3519, "championPointsSinceLastLevel": 1719, "playerId": 21804, "championPointsUntilNextLevel": 2481, "tokensEarned": 0, "championId": 68, "lastPlayTime": 1468697960000}, {"championLevel": 2, "chestGranted": false, "championPoints": 3009, "championPointsSinceLastLevel": 1209, "playerId": 21804, "championPointsUntilNextLevel": 2991, "tokensEarned": 0, "championId": 38, "lastPlayTime": 1466980217000}, {"championLevel": 2, "chestGranted": false, "championPoints": 2887, "championPointsSinceLastLevel": 1087, "playerId": 21804, "championPointsUntilNextLevel": 3113, "tokensEarned": 0, "championId": 113, "lastPlayTime": 1452456815000}, {"championLevel": 2, "chestGranted": false, "championPoints": 2503, "championPointsSinceLastLevel": 703, "playerId": 21804, "championPointsUntilNextLevel": 3497, "tokensEarned": 0, "championId": 56, "lastPlayTime": 1444006209000}, {"championLevel": 2, "chestGranted": false, "championPoints": 2344, "championPointsSinceLastLevel": 544, "playerId": 21804, "championPointsUntilNextLevel": 3656, "tokensEarned": 0, "championId": 96, "lastPlayTime": 1468639411000}, {"championLevel": 1, "chestGranted": false, "championPoints": 1410, "championPointsSinceLastLevel": 1410, "playerId": 21804, "championPointsUntilNextLevel": 390, "tokensEarned": 0, "championId": 133, "lastPlayTime": 1468979245000}, {"championLevel": 1, "chestGranted": false, "championPoints": 1239, "championPointsSinceLastLevel": 1239, "playerId": 21804, "championPointsUntilNextLevel": 561, "tokensEarned": 0, "championId": 432, "lastPlayTime": 1468904812000}, {"championLevel": 1, "chestGranted": false, "championPoints": 917, "championPointsSinceLastLevel": 917, "playerId": 21804, "championPointsUntilNextLevel": 883, "tokensEarned": 0, "championId": 31, "lastPlayTime": 1466484085000}, {"championLevel": 1, "chestGranted": false, "championPoints": 796, "championPointsSinceLastLevel": 796, "playerId": 21804, "championPointsUntilNextLevel": 1004, "tokensEarned": 0, "championId": 126, "lastPlayTime": 1466986134000}, {"championLevel": 1, "chestGranted": false, "championPoints": 716, "championPointsSinceLastLevel": 716, "playerId": 21804, "championPointsUntilNextLevel": 1084, "tokensEarned": 0, "championId": 39, "lastPlayTime": 1436029122000}, {"championLevel": 1, "chestGranted": false, "championPoints": 578, "championPointsSinceLastLevel": 578, "playerId": 21804, "championPointsUntilNextLevel": 1222, "tokensEarned": 0, "championId": 412, "lastPlayTime": 1467019616000}, {"championLevel": 1, "chestGranted": false, "championPoints": 445, "championPointsSinceLastLevel": 445, "playerId": 21804, "championPointsUntilNextLevel": 1355, "tokensEarned": 0, "championId": 43, "lastPlayTime": 1460134688000}, {"championLevel": 1, "chestGranted": false, "championPoints": 364, "championPointsSinceLastLevel": 364, "playerId": 21804, "championPointsUntilNextLevel": 1436, "tokensEarned": 0, "championId": 13, "lastPlayTime": 1448180068000}, {"championLevel": 1, "chestGranted": false, "championPoints": 343, "championPointsSinceLastLevel": 343, "playerId": 21804, "championPointsUntilNextLevel": 1457, "tokensEarned": 0, "championId": 238, "lastPlayTime": 1459561426000}, {"championLevel": 1, "chestGranted": false, "championPoints": 328, "championPointsSinceLastLevel": 328, "playerId": 21804, "championPointsUntilNextLevel": 1472, "tokensEarned": 0, "championId": 4, "lastPlayTime": 1464494894000}, {"championLevel": 1, "chestGranted": false, "championPoints": 326, "championPointsSinceLastLevel": 326, "playerId": 21804, "championPointsUntilNextLevel": 1474, "tokensEarned": 0, "championId": 27, "lastPlayTime": 1468958229000}, {"championLevel": 1, "chestGranted": false, "championPoints": 258, "championPointsSinceLastLevel": 258, "playerId": 21804, "championPointsUntilNextLevel": 1542, "tokensEarned": 0, "championId": 101, "lastPlayTime": 1466575432000}, {"championLevel": 1, "chestGranted": false, "championPoints": 221, "championPointsSinceLastLevel": 221, "playerId": 21804, "championPointsUntilNextLevel": 1579, "tokensEarned": 0, "championId": 429, "lastPlayTime": 1441565339000}, {"championLevel": 1, "chestGranted": false, "championPoints": 216, "championPointsSinceLastLevel": 216, "playerId": 21804, "championPointsUntilNextLevel": 1584, "tokensEarned": 0, "championId": 89, "lastPlayTime": 1443507182000}, {"championLevel": 1, "chestGranted": false, "championPoints": 190, "championPointsSinceLastLevel": 190, "playerId": 21804, "championPointsUntilNextLevel": 1610, "tokensEarned": 0, "championId": 267, "lastPlayTime": 1441948589000}, {"championLevel": 1, "chestGranted": false, "championPoints": 162, "championPointsSinceLastLevel": 162, "playerId": 21804, "championPointsUntilNextLevel": 1638, "tokensEarned": 0, "championId": 33, "lastPlayTime": 1468908180000}, {"championLevel": 1, "chestGranted": false, "championPoints": 155, "championPointsSinceLastLevel": 155, "playerId": 21804, "championPointsUntilNextLevel": 1645, "tokensEarned": 0, "championId": 85, "lastPlayTime": 1445485056000}, {"championLevel": 1, "chestGranted": false, "championPoints": 150, "championPointsSinceLastLevel": 150, "playerId": 21804, "championPointsUntilNextLevel": 1650, "tokensEarned": 0, "championId": 26, "lastPlayTime": 1466562249000}, {"championLevel": 1, "chestGranted": false, "championPoints": 145, "championPointsSinceLastLevel": 145, "playerId": 21804, "championPointsUntilNextLevel": 1655, "tokensEarned": 0, "championId": 80, "lastPlayTime": 1468894797000}, {"championLevel": 1, "chestGranted": false, "championPoints": 144, "championPointsSinceLastLevel": 144, "playerId": 21804, "championPointsUntilNextLevel": 1656, "tokensEarned": 0, "championId": 45, "lastPlayTime": 1468828766000}, {"championLevel": 1, "chestGranted": false, "championPoints": 142, "championPointsSinceLastLevel": 142, "playerId": 21804, "championPointsUntilNextLevel": 1658, "tokensEarned": 0, "championId": 92, "lastPlayTime": 1466660855000}, {"championLevel": 1, "chestGranted": false, "championPoints": 128, "championPointsSinceLastLevel": 128, "playerId": 21804, "championPointsUntilNextLevel": 1672, "tokensEarned": 0, "championId": 23, "lastPlayTime": 1460277061000}, {"championLevel": 1, "chestGranted": false, "championPoints": 119, "championPointsSinceLastLevel": 119, "playerId": 21804, "championPointsUntilNextLevel": 1681, "tokensEarned": 0, "championId": 111, "lastPlayTime": 1466908677000}]