[{"championLevel": 4, "chestGranted": false, "championPoints": 17965, "championPointsSinceLastLevel": 5365, "playerId": 21815, "championPointsUntilNextLevel": 3635, "tokensEarned": 0, "championId": 412, "lastPlayTime": 1458599272000}, {"championLevel": 2, "chestGranted": false, "championPoints": 3925, "championPointsSinceLastLevel": 2125, "playerId": 21815, "championPointsUntilNextLevel": 2075, "tokensEarned": 0, "championId": 161, "lastPlayTime": 1458596812000}, {"championLevel": 2, "chestGranted": false, "championPoints": 2619, "championPointsSinceLastLevel": 819, "playerId": 21815, "championPointsUntilNextLevel": 3381, "tokensEarned": 0, "championId": 120, "lastPlayTime": 1432521832000}, {"championLevel": 2, "chestGranted": false, "championPoints": 2614, "championPointsSinceLastLevel": 814, "playerId": 21815, "championPointsUntilNextLevel": 3386, "tokensEarned": 0, "championId": 53, "lastPlayTime": 1446431824000}, {"championLevel": 2, "chestGranted": false, "championPoints": 2602, "championPointsSinceLastLevel": 802, "playerId": 21815, "championPointsUntilNextLevel": 3398, "tokensEarned": 0, "championId": 99, "lastPlayTime": 1444002726000}, {"championLevel": 2, "chestGranted": false, "championPoints": 2276, "championPointsSinceLastLevel": 476, "playerId": 21815, "championPointsUntilNextLevel": 3724, "tokensEarned": 0, "championId": 89, "lastPlayTime": 1445149405000}, {"championLevel": 2, "chestGranted": false, "championPoints": 2172, "championPointsSinceLastLevel": 372, "playerId": 21815, "championPointsUntilNextLevel": 3828, "tokensEarned": 0, "championId": 98, "lastPlayTime": 1446428429000}, {"championLevel": 1, "chestGranted": false, "championPoints": 1708, "championPointsSinceLastLevel": 1708, "playerId": 21815, "championPointsUntilNextLevel": 92, "tokensEarned": 0, "championId": 117, "lastPlayTime": 1446423943000}, {"championLevel": 1, "chestGranted": false, "championPoints": 1518, "championPointsSinceLastLevel": 1518, "playerId": 21815, "championPointsUntilNextLevel": 282, "tokensEarned": 0, "championId": 82, "lastPlayTime": 1444444233000}, {"championLevel": 1, "chestGranted": false, "championPoints": 954, "championPointsSinceLastLevel": 954, "playerId": 21815, "championPointsUntilNextLevel": 846, "tokensEarned": 0, "championId": 22, "lastPlayTime": 1431658090000}, {"championLevel": 1, "chestGranted": false, "championPoints": 920, "championPointsSinceLastLevel": 920, "playerId": 21815, "championPointsUntilNextLevel": 880, "tokensEarned": 0, "championId": 122, "lastPlayTime": 1444438114000}, {"championLevel": 1, "chestGranted": false, "championPoints": 234, "championPointsSinceLastLevel": 234, "playerId": 21815, "championPointsUntilNextLevel": 1566, "tokensEarned": 0, "championId": 201, "lastPlayTime": 1444360523000}, {"championLevel": 1, "chestGranted": false, "championPoints": 188, "championPointsSinceLastLevel": 188, "playerId": 21815, "championPointsUntilNextLevel": 1612, "tokensEarned": 0, "championId": 81, "lastPlayTime": 1443987358000}, {"championLevel": 1, "chestGranted": false, "championPoints": 186, "championPointsSinceLastLevel": 186, "playerId": 21815, "championPointsUntilNextLevel": 1614, "tokensEarned": 0, "championId": 222, "lastPlayTime": 1432518420000}, {"championLevel": 1, "chestGranted": false, "championPoints": 169, "championPointsSinceLastLevel": 169, "playerId": 21815, "championPointsUntilNextLevel": 1631, "tokensEarned": 0, "championId": 45, "lastPlayTime": 1446433651000}, {"championLevel": 1, "chestGranted": false, "championPoints": 167, "championPointsSinceLastLevel": 167, "playerId": 21815, "championPointsUntilNextLevel": 1633, "tokensEarned": 0, "championId": 12, "lastPlayTime": 1446435696000}]