[{"championLevel": 4, "chestGranted": false, "championPoints": 20198, "championPointsSinceLastLevel": 7598, "playerId": 21816, "championPointsUntilNextLevel": 1402, "tokensEarned": 0, "championId": 62, "lastPlayTime": 1456034155000}, {"championLevel": 4, "chestGranted": false, "championPoints": 12647, "championPointsSinceLastLevel": 47, "playerId": 21816, "championPointsUntilNextLevel": 8953, "tokensEarned": 0, "championId": 91, "lastPlayTime": 1456040047000}, {"championLevel": 3, "chestGranted": false, "championPoints": 7370, "championPointsSinceLastLevel": 1370, "playerId": 21816, "championPointsUntilNextLevel": 5230, "tokensEarned": 0, "championId": 54, "lastPlayTime": 1446509106000}, {"championLevel": 3, "chestGranted": false, "championPoints": 6825, "championPointsSinceLastLevel": 825, "playerId": 21816, "championPointsUntilNextLevel": 5775, "tokensEarned": 0, "championId": 4, "lastPlayTime": 1455438831000}, {"championLevel": 2, "chestGranted": false, "championPoints": 5095, "championPointsSinceLastLevel": 3295, "playerId": 21816, "championPointsUntilNextLevel": 905, "tokensEarned": 0, "championId": 37, "lastPlayTime": 1446823098000}, {"championLevel": 2, "chestGranted": false, "championPoints": 3857, "championPointsSinceLastLevel": 2057, "playerId": 21816, "championPointsUntilNextLevel": 2143, "tokensEarned": 0, "championId": 150, "lastPlayTime": 1456200783000}, {"championLevel": 2, "chestGranted": false, "championPoints": 3461, "championPointsSinceLastLevel": 1661, "playerId": 21816, "championPointsUntilNextLevel": 2539, "tokensEarned": 0, "championId": 112, "lastPlayTime": 1457499759000}, {"championLevel": 2, "chestGranted": false, "championPoints": 2879, "championPointsSinceLastLevel": 1079, "playerId": 21816, "championPointsUntilNextLevel": 3121, "tokensEarned": 0, "championId": 8, "lastPlayTime": 1455678615000}, {"championLevel": 2, "chestGranted": false, "championPoints": 1826, "championPointsSinceLastLevel": 26, "playerId": 21816, "championPointsUntilNextLevel": 4174, "tokensEarned": 0, "championId": 81, "lastPlayTime": 1455338902000}, {"championLevel": 1, "chestGranted": false, "championPoints": 1766, "championPointsSinceLastLevel": 1766, "playerId": 21816, "championPointsUntilNextLevel": 34, "tokensEarned": 0, "championId": 86, "lastPlayTime": 1455681899000}, {"championLevel": 1, "chestGranted": false, "championPoints": 1707, "championPointsSinceLastLevel": 1707, "playerId": 21816, "championPointsUntilNextLevel": 93, "tokensEarned": 0, "championId": 134, "lastPlayTime": 1446826206000}, {"championLevel": 1, "chestGranted": false, "championPoints": 1575, "championPointsSinceLastLevel": 1575, "playerId": 21816, "championPointsUntilNextLevel": 225, "tokensEarned": 0, "championId": 103, "lastPlayTime": 1446245751000}, {"championLevel": 1, "chestGranted": false, "championPoints": 1510, "championPointsSinceLastLevel": 1510, "playerId": 21816, "championPointsUntilNextLevel": 290, "tokensEarned": 0, "championId": 50, "lastPlayTime": 1455856990000}, {"championLevel": 1, "chestGranted": false, "championPoints": 1435, "championPointsSinceLastLevel": 1435, "playerId": 21816, "championPointsUntilNextLevel": 365, "tokensEarned": 0, "championId": 82, "lastPlayTime": 1455858612000}, {"championLevel": 1, "chestGranted": false, "championPoints": 1403, "championPointsSinceLastLevel": 1403, "playerId": 21816, "championPointsUntilNextLevel": 397, "tokensEarned": 0, "championId": 105, "lastPlayTime": 1456042235000}, {"championLevel": 1, "chestGranted": false, "championPoints": 1385, "championPointsSinceLastLevel": 1385, "playerId": 21816, "championPointsUntilNextLevel": 415, "tokensEarned": 0, "championId": 25, "lastPlayTime": 1446250513000}, {"championLevel": 1, "chestGranted": false, "championPoints": 1369, "championPointsSinceLastLevel": 1369, "playerId": 21816, "championPointsUntilNextLevel": 431, "tokensEarned": 0, "championId": 31, "lastPlayTime": 1453510236000}, {"championLevel": 1, "chestGranted": false, "championPoints": 340, "championPointsSinceLastLevel": 340, "playerId": 21816, "championPointsUntilNextLevel": 1460, "tokensEarned": 0, "championId": 27, "lastPlayTime": 1445749274000}, {"championLevel": 1, "chestGranted": false, "championPoints": 271, "championPointsSinceLastLevel": 271, "playerId": 21816, "championPointsUntilNextLevel": 1529, "tokensEarned": 0, "championId": 107, "lastPlayTime": 1454131968000}, {"championLevel": 1, "chestGranted": false, "championPoints": 148, "championPointsSinceLastLevel": 148, "playerId": 21816, "championPointsUntilNextLevel": 1652, "tokensEarned": 0, "championId": 106, "lastPlayTime": 1438379070000}, {"championLevel": 1, "chestGranted": false, "championPoints": 133, "championPointsSinceLastLevel": 133, "playerId": 21816, "championPointsUntilNextLevel": 1667, "tokensEarned": 0, "championId": 7, "lastPlayTime": 1438831035000}, {"championLevel": 1, "chestGranted": false, "championPoints": 118, "championPointsSinceLastLevel": 118, "playerId": 21816, "championPointsUntilNextLevel": 1682, "tokensEarned": 0, "championId": 36, "lastPlayTime": 1438878791000}]