[{"championLevel": 5, "chestGranted": true, "championPoints": 117339, "championPointsSinceLastLevel": 95739, "playerId": 21829, "championPointsUntilNextLevel": 0, "tokensEarned": 0, "championId": 245, "lastPlayTime": 1468726127000}, {"championLevel": 5, "chestGranted": true, "championPoints": 74638, "championPointsSinceLastLevel": 53038, "playerId": 21829, "championPointsUntilNextLevel": 0, "tokensEarned": 0, "championId": 104, "lastPlayTime": 1468296595000}, {"championLevel": 6, "chestGranted": true, "championPoints": 45697, "championPointsSinceLastLevel": 24097, "playerId": 21829, "championPointsUntilNextLevel": 0, "tokensEarned": 0, "championId": 222, "lastPlayTime": 1466195784000}, {"championLevel": 5, "chestGranted": true, "championPoints": 38737, "championPointsSinceLastLevel": 17137, "playerId": 21829, "championPointsUntilNextLevel": 0, "tokensEarned": 0, "championId": 236, "lastPlayTime": 1463890209000}, {"championLevel": 5, "chestGranted": true, "championPoints": 26224, "championPointsSinceLastLevel": 4624, "playerId": 21829, "championPointsUntilNextLevel": 0, "tokensEarned": 0, "championId": 64, "lastPlayTime": 1468829109000}, {"championLevel": 5, "chestGranted": false, "championPoints": 25809, "championPointsSinceLastLevel": 4209, "playerId": 21829, "championPointsUntilNextLevel": 0, "tokensEarned": 0, "championId": 42, "lastPlayTime": 1462118987000}, {"championLevel": 5, "chestGranted": false, "championPoints": 24606, "championPointsSinceLastLevel": 3006, "playerId": 21829, "championPointsUntilNextLevel": 0, "tokensEarned": 0, "championId": 111, "lastPlayTime": 1453861891000}, {"championLevel": 5, "chestGranted": true, "championPoints": 23754, "championPointsSinceLastLevel": 2154, "playerId": 21829, "championPointsUntilNextLevel": 0, "tokensEarned": 0, "championId": 203, "lastPlayTime": 1465709345000}, {"championLevel": 5, "chestGranted": false, "championPoints": 21622, "championPointsSinceLastLevel": 22, "playerId": 21829, "championPointsUntilNextLevel": 0, "tokensEarned": 0, "championId": 15, "lastPlayTime": 1463292093000}, {"championLevel": 4, "chestGranted": true, "championPoints": 19693, "championPointsSinceLastLevel": 7093, "playerId": 21829, "championPointsUntilNextLevel": 1907, "tokensEarned": 0, "championId": 254, "lastPlayTime": 1468820306000}, {"championLevel": 4, "chestGranted": false, "championPoints": 19613, "championPointsSinceLastLevel": 7013, "playerId": 21829, "championPointsUntilNextLevel": 1987, "tokensEarned": 0, "championId": 102, "lastPlayTime": 1460955836000}, {"championLevel": 4, "chestGranted": false, "championPoints": 19447, "championPointsSinceLastLevel": 6847, "playerId": 21829, "championPointsUntilNextLevel": 2153, "tokensEarned": 0, "championId": 67, "lastPlayTime": 1461205091000}, {"championLevel": 4, "chestGranted": false, "championPoints": 17604, "championPointsSinceLastLevel": 5004, "playerId": 21829, "championPointsUntilNextLevel": 3996, "tokensEarned": 0, "championId": 412, "lastPlayTime": 1468731633000}, {"championLevel": 4, "chestGranted": false, "championPoints": 16976, "championPointsSinceLastLevel": 4376, "playerId": 21829, "championPointsUntilNextLevel": 4624, "tokensEarned": 0, "championId": 60, "lastPlayTime": 1462121817000}, {"championLevel": 4, "chestGranted": false, "championPoints": 16582, "championPointsSinceLastLevel": 3982, "playerId": 21829, "championPointsUntilNextLevel": 5018, "tokensEarned": 0, "championId": 99, "lastPlayTime": 1463968470000}, {"championLevel": 4, "chestGranted": true, "championPoints": 13294, "championPointsSinceLastLevel": 694, "playerId": 21829, "championPointsUntilNextLevel": 8306, "tokensEarned": 0, "championId": 79, "lastPlayTime": 1462244906000}, {"championLevel": 3, "chestGranted": false, "championPoints": 12036, "championPointsSinceLastLevel": 6036, "playerId": 21829, "championPointsUntilNextLevel": 564, "tokensEarned": 0, "championId": 121, "lastPlayTime": 1468711626000}, {"championLevel": 3, "chestGranted": true, "championPoints": 11474, "championPointsSinceLastLevel": 5474, "playerId": 21829, "championPointsUntilNextLevel": 1126, "tokensEarned": 0, "championId": 63, "lastPlayTime": 1468875420000}, {"championLevel": 3, "chestGranted": false, "championPoints": 10420, "championPointsSinceLastLevel": 4420, "playerId": 21829, "championPointsUntilNextLevel": 2180, "tokensEarned": 0, "championId": 1, "lastPlayTime": 1460866738000}, {"championLevel": 3, "chestGranted": true, "championPoints": 10361, "championPointsSinceLastLevel": 4361, "playerId": 21829, "championPointsUntilNextLevel": 2239, "tokensEarned": 0, "championId": 24, "lastPlayTime": 1465788540000}, {"championLevel": 3, "chestGranted": false, "championPoints": 10308, "championPointsSinceLastLevel": 4308, "playerId": 21829, "championPointsUntilNextLevel": 2292, "tokensEarned": 0, "championId": 4, "lastPlayTime": 1451107292000}, {"championLevel": 3, "chestGranted": false, "championPoints": 9875, "championPointsSinceLastLevel": 3875, "playerId": 21829, "championPointsUntilNextLevel": 2725, "tokensEarned": 0, "championId": 62, "lastPlayTime": 1461434458000}, {"championLevel": 3, "chestGranted": false, "championPoints": 8987, "championPointsSinceLastLevel": 2987, "playerId": 21829, "championPointsUntilNextLevel": 3613, "tokensEarned": 0, "championId": 429, "lastPlayTime": 1459035235000}, {"championLevel": 3, "chestGranted": true, "championPoints": 8947, "championPointsSinceLastLevel": 2947, "playerId": 21829, "championPointsUntilNextLevel": 3653, "tokensEarned": 0, "championId": 101, "lastPlayTime": 1466475573000}, {"championLevel": 3, "chestGranted": false, "championPoints": 8943, "championPointsSinceLastLevel": 2943, "playerId": 21829, "championPointsUntilNextLevel": 3657, "tokensEarned": 0, "championId": 106, "lastPlayTime": 1467502937000}, {"championLevel": 3, "chestGranted": false, "championPoints": 8847, "championPointsSinceLastLevel": 2847, "playerId": 21829, "championPointsUntilNextLevel": 3753, "tokensEarned": 0, "championId": 157, "lastPlayTime": 1451281721000}, {"championLevel": 3, "chestGranted": false, "championPoints": 7717, "championPointsSinceLastLevel": 1717, "playerId": 21829, "championPointsUntilNextLevel": 4883, "tokensEarned": 0, "championId": 18, "lastPlayTime": 1456725017000}, {"championLevel": 3, "chestGranted": false, "championPoints": 7456, "championPointsSinceLastLevel": 1456, "playerId": 21829, "championPointsUntilNextLevel": 5144, "tokensEarned": 0, "championId": 114, "lastPlayTime": 1456800160000}, {"championLevel": 3, "chestGranted": true, "championPoints": 6958, "championPointsSinceLastLevel": 958, "playerId": 21829, "championPointsUntilNextLevel": 5642, "tokensEarned": 0, "championId": 107, "lastPlayTime": 1468991706000}, {"championLevel": 3, "chestGranted": true, "championPoints": 6728, "championPointsSinceLastLevel": 728, "playerId": 21829, "championPointsUntilNextLevel": 5872, "tokensEarned": 0, "championId": 7, "lastPlayTime": 1468821975000}, {"championLevel": 2, "chestGranted": false, "championPoints": 5987, "championPointsSinceLastLevel": 4187, "playerId": 21829, "championPointsUntilNextLevel": 13, "tokensEarned": 0, "championId": 268, "lastPlayTime": 1461551790000}, {"championLevel": 2, "chestGranted": false, "championPoints": 5709, "championPointsSinceLastLevel": 3909, "playerId": 21829, "championPointsUntilNextLevel": 291, "tokensEarned": 0, "championId": 119, "lastPlayTime": 1459575024000}, {"championLevel": 2, "chestGranted": false, "championPoints": 5323, "championPointsSinceLastLevel": 3523, "playerId": 21829, "championPointsUntilNextLevel": 677, "tokensEarned": 0, "championId": 61, "lastPlayTime": 1462032090000}, {"championLevel": 2, "chestGranted": false, "championPoints": 5008, "championPointsSinceLastLevel": 3208, "playerId": 21829, "championPointsUntilNextLevel": 992, "tokensEarned": 0, "championId": 80, "lastPlayTime": 1457403766000}, {"championLevel": 2, "chestGranted": false, "championPoints": 4332, "championPointsSinceLastLevel": 2532, "playerId": 21829, "championPointsUntilNextLevel": 1668, "tokensEarned": 0, "championId": 59, "lastPlayTime": 1444462852000}, {"championLevel": 2, "chestGranted": true, "championPoints": 4001, "championPointsSinceLastLevel": 2201, "playerId": 21829, "championPointsUntilNextLevel": 1999, "tokensEarned": 0, "championId": 21, "lastPlayTime": 1469076264000}, {"championLevel": 2, "chestGranted": true, "championPoints": 3843, "championPointsSinceLastLevel": 2043, "playerId": 21829, "championPointsUntilNextLevel": 2157, "tokensEarned": 0, "championId": 89, "lastPlayTime": 1468823542000}, {"championLevel": 2, "chestGranted": false, "championPoints": 3728, "championPointsSinceLastLevel": 1928, "playerId": 21829, "championPointsUntilNextLevel": 2272, "tokensEarned": 0, "championId": 420, "lastPlayTime": 1460302032000}, {"championLevel": 2, "chestGranted": false, "championPoints": 3480, "championPointsSinceLastLevel": 1680, "playerId": 21829, "championPointsUntilNextLevel": 2520, "tokensEarned": 0, "championId": 39, "lastPlayTime": 1468129866000}, {"championLevel": 2, "chestGranted": false, "championPoints": 3142, "championPointsSinceLastLevel": 1342, "playerId": 21829, "championPointsUntilNextLevel": 2858, "tokensEarned": 0, "championId": 150, "lastPlayTime": 1453354704000}, {"championLevel": 2, "chestGranted": false, "championPoints": 3057, "championPointsSinceLastLevel": 1257, "playerId": 21829, "championPointsUntilNextLevel": 2943, "tokensEarned": 0, "championId": 8, "lastPlayTime": 1455044105000}, {"championLevel": 2, "chestGranted": false, "championPoints": 3030, "championPointsSinceLastLevel": 1230, "playerId": 21829, "championPointsUntilNextLevel": 2970, "tokensEarned": 0, "championId": 238, "lastPlayTime": 1469078957000}, {"championLevel": 2, "chestGranted": false, "championPoints": 2952, "championPointsSinceLastLevel": 1152, "playerId": 21829, "championPointsUntilNextLevel": 3048, "tokensEarned": 0, "championId": 202, "lastPlayTime": 1460865105000}, {"championLevel": 2, "chestGranted": false, "championPoints": 2896, "championPointsSinceLastLevel": 1096, "playerId": 21829, "championPointsUntilNextLevel": 3104, "tokensEarned": 0, "championId": 103, "lastPlayTime": 1461372174000}, {"championLevel": 2, "chestGranted": false, "championPoints": 2866, "championPointsSinceLastLevel": 1066, "playerId": 21829, "championPointsUntilNextLevel": 3134, "tokensEarned": 0, "championId": 267, "lastPlayTime": 1463888343000}, {"championLevel": 2, "chestGranted": false, "championPoints": 2819, "championPointsSinceLastLevel": 1019, "playerId": 21829, "championPointsUntilNextLevel": 3181, "tokensEarned": 0, "championId": 55, "lastPlayTime": 1461553198000}, {"championLevel": 2, "chestGranted": false, "championPoints": 2759, "championPointsSinceLastLevel": 959, "playerId": 21829, "championPointsUntilNextLevel": 3241, "tokensEarned": 0, "championId": 120, "lastPlayTime": 1461439273000}, {"championLevel": 2, "chestGranted": false, "championPoints": 2520, "championPointsSinceLastLevel": 720, "playerId": 21829, "championPointsUntilNextLevel": 3480, "tokensEarned": 0, "championId": 91, "lastPlayTime": 1468877215000}, {"championLevel": 2, "chestGranted": false, "championPoints": 2400, "championPointsSinceLastLevel": 600, "playerId": 21829, "championPointsUntilNextLevel": 3600, "tokensEarned": 0, "championId": 85, "lastPlayTime": 1461532377000}, {"championLevel": 2, "chestGranted": false, "championPoints": 2208, "championPointsSinceLastLevel": 408, "playerId": 21829, "championPointsUntilNextLevel": 3792, "tokensEarned": 0, "championId": 51, "lastPlayTime": 1458153736000}, {"championLevel": 2, "chestGranted": true, "championPoints": 2011, "championPointsSinceLastLevel": 211, "playerId": 21829, "championPointsUntilNextLevel": 3989, "tokensEarned": 0, "championId": 17, "lastPlayTime": 1468301352000}, {"championLevel": 2, "chestGranted": false, "championPoints": 1990, "championPointsSinceLastLevel": 190, "playerId": 21829, "championPointsUntilNextLevel": 4010, "tokensEarned": 0, "championId": 5, "lastPlayTime": 1455387883000}, {"championLevel": 2, "chestGranted": false, "championPoints": 1881, "championPointsSinceLastLevel": 81, "playerId": 21829, "championPointsUntilNextLevel": 4119, "tokensEarned": 0, "championId": 23, "lastPlayTime": 1447717714000}, {"championLevel": 1, "chestGranted": false, "championPoints": 1733, "championPointsSinceLastLevel": 1733, "playerId": 21829, "championPointsUntilNextLevel": 67, "tokensEarned": 0, "championId": 92, "lastPlayTime": 1467081605000}, {"championLevel": 1, "chestGranted": false, "championPoints": 1713, "championPointsSinceLastLevel": 1713, "playerId": 21829, "championPointsUntilNextLevel": 87, "tokensEarned": 0, "championId": 84, "lastPlayTime": 1431655389000}, {"championLevel": 1, "chestGranted": false, "championPoints": 1694, "championPointsSinceLastLevel": 1694, "playerId": 21829, "championPointsUntilNextLevel": 106, "tokensEarned": 0, "championId": 78, "lastPlayTime": 1460319210000}, {"championLevel": 1, "chestGranted": false, "championPoints": 1640, "championPointsSinceLastLevel": 1640, "playerId": 21829, "championPointsUntilNextLevel": 160, "tokensEarned": 0, "championId": 45, "lastPlayTime": 1468873748000}, {"championLevel": 1, "chestGranted": false, "championPoints": 1633, "championPointsSinceLastLevel": 1633, "playerId": 21829, "championPointsUntilNextLevel": 167, "tokensEarned": 0, "championId": 28, "lastPlayTime": 1460948154000}, {"championLevel": 1, "chestGranted": false, "championPoints": 1632, "championPointsSinceLastLevel": 1632, "playerId": 21829, "championPointsUntilNextLevel": 168, "tokensEarned": 0, "championId": 223, "lastPlayTime": 1460862498000}, {"championLevel": 1, "chestGranted": true, "championPoints": 1626, "championPointsSinceLastLevel": 1626, "playerId": 21829, "championPointsUntilNextLevel": 174, "tokensEarned": 0, "championId": 90, "lastPlayTime": 1462668803000}, {"championLevel": 1, "chestGranted": false, "championPoints": 1445, "championPointsSinceLastLevel": 1445, "playerId": 21829, "championPointsUntilNextLevel": 355, "tokensEarned": 0, "championId": 6, "lastPlayTime": 1431746479000}, {"championLevel": 1, "chestGranted": false, "championPoints": 1359, "championPointsSinceLastLevel": 1359, "playerId": 21829, "championPointsUntilNextLevel": 441, "tokensEarned": 0, "championId": 98, "lastPlayTime": 1439244976000}, {"championLevel": 1, "chestGranted": false, "championPoints": 1320, "championPointsSinceLastLevel": 1320, "playerId": 21829, "championPointsUntilNextLevel": 480, "tokensEarned": 0, "championId": 37, "lastPlayTime": 1463980865000}, {"championLevel": 1, "chestGranted": false, "championPoints": 1307, "championPointsSinceLastLevel": 1307, "playerId": 21829, "championPointsUntilNextLevel": 493, "tokensEarned": 0, "championId": 126, "lastPlayTime": 1436314824000}, {"championLevel": 1, "chestGranted": false, "championPoints": 1137, "championPointsSinceLastLevel": 1137, "playerId": 21829, "championPointsUntilNextLevel": 663, "tokensEarned": 0, "championId": 115, "lastPlayTime": 1432485646000}, {"championLevel": 1, "chestGranted": false, "championPoints": 1132, "championPointsSinceLastLevel": 1132, "playerId": 21829, "championPointsUntilNextLevel": 668, "tokensEarned": 0, "championId": 58, "lastPlayTime": 1451710599000}, {"championLevel": 1, "chestGranted": false, "championPoints": 1097, "championPointsSinceLastLevel": 1097, "playerId": 21829, "championPointsUntilNextLevel": 703, "tokensEarned": 0, "championId": 96, "lastPlayTime": 1461544713000}, {"championLevel": 1, "chestGranted": false, "championPoints": 1070, "championPointsSinceLastLevel": 1070, "playerId": 21829, "championPointsUntilNextLevel": 730, "tokensEarned": 0, "championId": 161, "lastPlayTime": 1468131815000}, {"championLevel": 1, "chestGranted": true, "championPoints": 945, "championPointsSinceLastLevel": 945, "playerId": 21829, "championPointsUntilNextLevel": 855, "tokensEarned": 0, "championId": 127, "lastPlayTime": 1461994230000}, {"championLevel": 1, "chestGranted": false, "championPoints": 924, "championPointsSinceLastLevel": 924, "playerId": 21829, "championPointsUntilNextLevel": 876, "tokensEarned": 0, "championId": 40, "lastPlayTime": 1449768436000}, {"championLevel": 1, "chestGranted": false, "championPoints": 865, "championPointsSinceLastLevel": 865, "playerId": 21829, "championPointsUntilNextLevel": 935, "tokensEarned": 0, "championId": 112, "lastPlayTime": 1463260391000}, {"championLevel": 1, "chestGranted": false, "championPoints": 824, "championPointsSinceLastLevel": 824, "playerId": 21829, "championPointsUntilNextLevel": 976, "tokensEarned": 0, "championId": 421, "lastPlayTime": 1443633462000}, {"championLevel": 1, "chestGranted": false, "championPoints": 679, "championPointsSinceLastLevel": 679, "playerId": 21829, "championPointsUntilNextLevel": 1121, "tokensEarned": 0, "championId": 2, "lastPlayTime": 1432247105000}, {"championLevel": 1, "chestGranted": false, "championPoints": 662, "championPointsSinceLastLevel": 662, "playerId": 21829, "championPointsUntilNextLevel": 1138, "tokensEarned": 0, "championId": 122, "lastPlayTime": 1454134878000}, {"championLevel": 1, "chestGranted": false, "championPoints": 637, "championPointsSinceLastLevel": 637, "playerId": 21829, "championPointsUntilNextLevel": 1163, "tokensEarned": 0, "championId": 201, "lastPlayTime": 1443746086000}, {"championLevel": 1, "chestGranted": false, "championPoints": 636, "championPointsSinceLastLevel": 636, "playerId": 21829, "championPointsUntilNextLevel": 1164, "tokensEarned": 0, "championId": 22, "lastPlayTime": 1447114429000}, {"championLevel": 1, "chestGranted": false, "championPoints": 561, "championPointsSinceLastLevel": 561, "playerId": 21829, "championPointsUntilNextLevel": 1239, "tokensEarned": 0, "championId": 11, "lastPlayTime": 1460690760000}, {"championLevel": 1, "chestGranted": false, "championPoints": 519, "championPointsSinceLastLevel": 519, "playerId": 21829, "championPointsUntilNextLevel": 1281, "tokensEarned": 0, "championId": 133, "lastPlayTime": 1454096600000}, {"championLevel": 1, "chestGranted": true, "championPoints": 441, "championPointsSinceLastLevel": 441, "playerId": 21829, "championPointsUntilNextLevel": 1359, "tokensEarned": 0, "championId": 154, "lastPlayTime": 1458935396000}, {"championLevel": 1, "chestGranted": false, "championPoints": 363, "championPointsSinceLastLevel": 363, "playerId": 21829, "championPointsUntilNextLevel": 1437, "tokensEarned": 0, "championId": 56, "lastPlayTime": 1466908680000}, {"championLevel": 1, "chestGranted": true, "championPoints": 333, "championPointsSinceLastLevel": 333, "playerId": 21829, "championPointsUntilNextLevel": 1467, "tokensEarned": 0, "championId": 86, "lastPlayTime": 1465716947000}, {"championLevel": 1, "chestGranted": false, "championPoints": 332, "championPointsSinceLastLevel": 332, "playerId": 21829, "championPointsUntilNextLevel": 1468, "tokensEarned": 0, "championId": 72, "lastPlayTime": 1444338179000}, {"championLevel": 1, "chestGranted": false, "championPoints": 222, "championPointsSinceLastLevel": 222, "playerId": 21829, "championPointsUntilNextLevel": 1578, "tokensEarned": 0, "championId": 113, "lastPlayTime": 1436148306000}, {"championLevel": 1, "chestGranted": false, "championPoints": 218, "championPointsSinceLastLevel": 218, "playerId": 21829, "championPointsUntilNextLevel": 1582, "tokensEarned": 0, "championId": 32, "lastPlayTime": 1434424978000}, {"championLevel": 1, "chestGranted": false, "championPoints": 217, "championPointsSinceLastLevel": 217, "playerId": 21829, "championPointsUntilNextLevel": 1583, "tokensEarned": 0, "championId": 43, "lastPlayTime": 1432783043000}, {"championLevel": 1, "chestGranted": false, "championPoints": 216, "championPointsSinceLastLevel": 216, "playerId": 21829, "championPointsUntilNextLevel": 1584, "tokensEarned": 0, "championId": 68, "lastPlayTime": 1436736285000}, {"championLevel": 1, "chestGranted": false, "championPoints": 208, "championPointsSinceLastLevel": 208, "playerId": 21829, "championPointsUntilNextLevel": 1592, "tokensEarned": 0, "championId": 20, "lastPlayTime": 1465713487000}, {"championLevel": 1, "chestGranted": false, "championPoints": 191, "championPointsSinceLastLevel": 191, "playerId": 21829, "championPointsUntilNextLevel": 1609, "tokensEarned": 0, "championId": 432, "lastPlayTime": 1441597911000}, {"championLevel": 1, "chestGranted": false, "championPoints": 178, "championPointsSinceLastLevel": 178, "playerId": 21829, "championPointsUntilNextLevel": 1622, "tokensEarned": 0, "championId": 29, "lastPlayTime": 1463684419000}, {"championLevel": 1, "chestGranted": false, "championPoints": 175, "championPointsSinceLastLevel": 175, "playerId": 21829, "championPointsUntilNextLevel": 1625, "tokensEarned": 0, "championId": 35, "lastPlayTime": 1465632428000}, {"championLevel": 1, "chestGranted": false, "championPoints": 171, "championPointsSinceLastLevel": 171, "playerId": 21829, "championPointsUntilNextLevel": 1629, "tokensEarned": 0, "championId": 75, "lastPlayTime": 1454367574000}, {"championLevel": 1, "chestGranted": false, "championPoints": 163, "championPointsSinceLastLevel": 163, "playerId": 21829, "championPointsUntilNextLevel": 1637, "tokensEarned": 0, "championId": 134, "lastPlayTime": 1458486570000}, {"championLevel": 1, "chestGranted": false, "championPoints": 161, "championPointsSinceLastLevel": 161, "playerId": 21829, "championPointsUntilNextLevel": 1639, "tokensEarned": 0, "championId": 105, "lastPlayTime": 1455160214000}, {"championLevel": 1, "chestGranted": false, "championPoints": 161, "championPointsSinceLastLevel": 161, "playerId": 21829, "championPointsUntilNextLevel": 1639, "tokensEarned": 0, "championId": 81, "lastPlayTime": 1456795485000}, {"championLevel": 1, "chestGranted": false, "championPoints": 156, "championPointsSinceLastLevel": 156, "playerId": 21829, "championPointsUntilNextLevel": 1644, "tokensEarned": 0, "championId": 131, "lastPlayTime": 1452526509000}, {"championLevel": 1, "chestGranted": false, "championPoints": 132, "championPointsSinceLastLevel": 132, "playerId": 21829, "championPointsUntilNextLevel": 1668, "tokensEarned": 0, "championId": 266, "lastPlayTime": 1468879235000}, {"championLevel": 1, "chestGranted": false, "championPoints": 128, "championPointsSinceLastLevel": 128, "playerId": 21829, "championPointsUntilNextLevel": 1672, "tokensEarned": 0, "championId": 76, "lastPlayTime": 1431110630000}, {"championLevel": 1, "chestGranted": false, "championPoints": 120, "championPointsSinceLastLevel": 120, "playerId": 21829, "championPointsUntilNextLevel": 1680, "tokensEarned": 0, "championId": 69, "lastPlayTime": 1463351628000}]