[{"championLevel": 3, "chestGranted": false, "championPoints": 8193, "championPointsSinceLastLevel": 2193, "playerId": 21823, "championPointsUntilNextLevel": 4407, "tokensEarned": 0, "championId": 12, "lastPlayTime": 1468543783000}, {"championLevel": 3, "chestGranted": false, "championPoints": 7602, "championPointsSinceLastLevel": 1602, "playerId": 21823, "championPointsUntilNextLevel": 4998, "tokensEarned": 0, "championId": 43, "lastPlayTime": 1468515406000}, {"championLevel": 3, "chestGranted": true, "championPoints": 7102, "championPointsSinceLastLevel": 1102, "playerId": 21823, "championPointsUntilNextLevel": 5498, "tokensEarned": 0, "championId": 115, "lastPlayTime": 1468605411000}, {"championLevel": 3, "chestGranted": true, "championPoints": 6023, "championPointsSinceLastLevel": 23, "playerId": 21823, "championPointsUntilNextLevel": 6577, "tokensEarned": 0, "championId": 14, "lastPlayTime": 1467828506000}, {"championLevel": 2, "chestGranted": true, "championPoints": 5503, "championPointsSinceLastLevel": 3703, "playerId": 21823, "championPointsUntilNextLevel": 497, "tokensEarned": 0, "championId": 63, "lastPlayTime": 1467915273000}, {"championLevel": 2, "chestGranted": false, "championPoints": 5062, "championPointsSinceLastLevel": 3262, "playerId": 21823, "championPointsUntilNextLevel": 938, "tokensEarned": 0, "championId": 201, "lastPlayTime": 1468454555000}, {"championLevel": 2, "chestGranted": false, "championPoints": 4753, "championPointsSinceLastLevel": 2953, "playerId": 21823, "championPointsUntilNextLevel": 1247, "tokensEarned": 0, "championId": 89, "lastPlayTime": 1468461950000}, {"championLevel": 2, "chestGranted": false, "championPoints": 4647, "championPointsSinceLastLevel": 2847, "playerId": 21823, "championPointsUntilNextLevel": 1353, "tokensEarned": 0, "championId": 412, "lastPlayTime": 1468100680000}, {"championLevel": 2, "chestGranted": false, "championPoints": 4318, "championPointsSinceLastLevel": 2518, "playerId": 21823, "championPointsUntilNextLevel": 1682, "tokensEarned": 0, "championId": 104, "lastPlayTime": 1468685992000}, {"championLevel": 2, "chestGranted": false, "championPoints": 4202, "championPointsSinceLastLevel": 2402, "playerId": 21823, "championPointsUntilNextLevel": 1798, "tokensEarned": 0, "championId": 122, "lastPlayTime": 1468726394000}, {"championLevel": 2, "chestGranted": true, "championPoints": 3702, "championPointsSinceLastLevel": 1902, "playerId": 21823, "championPointsUntilNextLevel": 2298, "tokensEarned": 0, "championId": 27, "lastPlayTime": 1468603186000}, {"championLevel": 2, "chestGranted": false, "championPoints": 3612, "championPointsSinceLastLevel": 1812, "playerId": 21823, "championPointsUntilNextLevel": 2388, "tokensEarned": 0, "championId": 5, "lastPlayTime": 1468693626000}, {"championLevel": 2, "chestGranted": false, "championPoints": 3591, "championPointsSinceLastLevel": 1791, "playerId": 21823, "championPointsUntilNextLevel": 2409, "tokensEarned": 0, "championId": 77, "lastPlayTime": 1467830582000}, {"championLevel": 2, "chestGranted": false, "championPoints": 3510, "championPointsSinceLastLevel": 1710, "playerId": 21823, "championPointsUntilNextLevel": 2490, "tokensEarned": 0, "championId": 82, "lastPlayTime": 1467832152000}, {"championLevel": 2, "chestGranted": false, "championPoints": 3453, "championPointsSinceLastLevel": 1653, "playerId": 21823, "championPointsUntilNextLevel": 2547, "tokensEarned": 0, "championId": 9, "lastPlayTime": 1467854305000}, {"championLevel": 2, "chestGranted": false, "championPoints": 3042, "championPointsSinceLastLevel": 1242, "playerId": 21823, "championPointsUntilNextLevel": 2958, "tokensEarned": 0, "championId": 8, "lastPlayTime": 1467312714000}, {"championLevel": 2, "chestGranted": false, "championPoints": 3009, "championPointsSinceLastLevel": 1209, "playerId": 21823, "championPointsUntilNextLevel": 2991, "tokensEarned": 0, "championId": 161, "lastPlayTime": 1468112441000}, {"championLevel": 2, "chestGranted": false, "championPoints": 3005, "championPointsSinceLastLevel": 1205, "playerId": 21823, "championPointsUntilNextLevel": 2995, "tokensEarned": 0, "championId": 106, "lastPlayTime": 1468782427000}, {"championLevel": 2, "chestGranted": false, "championPoints": 2832, "championPointsSinceLastLevel": 1032, "playerId": 21823, "championPointsUntilNextLevel": 3168, "tokensEarned": 0, "championId": 64, "lastPlayTime": 1468338820000}, {"championLevel": 2, "chestGranted": false, "championPoints": 2787, "championPointsSinceLastLevel": 987, "playerId": 21823, "championPointsUntilNextLevel": 3213, "tokensEarned": 0, "championId": 29, "lastPlayTime": 1468174316000}, {"championLevel": 2, "chestGranted": false, "championPoints": 2701, "championPointsSinceLastLevel": 901, "playerId": 21823, "championPointsUntilNextLevel": 3299, "tokensEarned": 0, "championId": 111, "lastPlayTime": 1468178715000}, {"championLevel": 2, "chestGranted": false, "championPoints": 2598, "championPointsSinceLastLevel": 798, "playerId": 21823, "championPointsUntilNextLevel": 3402, "tokensEarned": 0, "championId": 69, "lastPlayTime": 1467781598000}, {"championLevel": 2, "chestGranted": false, "championPoints": 2196, "championPointsSinceLastLevel": 396, "playerId": 21823, "championPointsUntilNextLevel": 3804, "tokensEarned": 0, "championId": 41, "lastPlayTime": 1468169572000}, {"championLevel": 2, "chestGranted": false, "championPoints": 2182, "championPointsSinceLastLevel": 382, "playerId": 21823, "championPointsUntilNextLevel": 3818, "tokensEarned": 0, "championId": 105, "lastPlayTime": 1468104747000}, {"championLevel": 2, "chestGranted": false, "championPoints": 2142, "championPointsSinceLastLevel": 342, "playerId": 21823, "championPointsUntilNextLevel": 3858, "tokensEarned": 0, "championId": 107, "lastPlayTime": 1468177424000}, {"championLevel": 2, "chestGranted": false, "championPoints": 2093, "championPointsSinceLastLevel": 293, "playerId": 21823, "championPointsUntilNextLevel": 3907, "tokensEarned": 0, "championId": 53, "lastPlayTime": 1467771083000}, {"championLevel": 2, "chestGranted": false, "championPoints": 1928, "championPointsSinceLastLevel": 128, "playerId": 21823, "championPointsUntilNextLevel": 4072, "tokensEarned": 0, "championId": 54, "lastPlayTime": 1467391402000}, {"championLevel": 2, "chestGranted": false, "championPoints": 1889, "championPointsSinceLastLevel": 89, "playerId": 21823, "championPointsUntilNextLevel": 4111, "tokensEarned": 0, "championId": 25, "lastPlayTime": 1468434063000}, {"championLevel": 2, "chestGranted": false, "championPoints": 1874, "championPointsSinceLastLevel": 74, "playerId": 21823, "championPointsUntilNextLevel": 4126, "tokensEarned": 0, "championId": 16, "lastPlayTime": 1467500713000}, {"championLevel": 2, "chestGranted": false, "championPoints": 1864, "championPointsSinceLastLevel": 64, "playerId": 21823, "championPointsUntilNextLevel": 4136, "tokensEarned": 0, "championId": 6, "lastPlayTime": 1467941644000}, {"championLevel": 2, "chestGranted": false, "championPoints": 1837, "championPointsSinceLastLevel": 37, "playerId": 21823, "championPointsUntilNextLevel": 4163, "tokensEarned": 0, "championId": 83, "lastPlayTime": 1468451032000}, {"championLevel": 2, "chestGranted": false, "championPoints": 1821, "championPointsSinceLastLevel": 21, "playerId": 21823, "championPointsUntilNextLevel": 4179, "tokensEarned": 0, "championId": 98, "lastPlayTime": 1448291564000}, {"championLevel": 2, "chestGranted": false, "championPoints": 1802, "championPointsSinceLastLevel": 2, "playerId": 21823, "championPointsUntilNextLevel": 4198, "tokensEarned": 0, "championId": 432, "lastPlayTime": 1468681883000}, {"championLevel": 1, "chestGranted": false, "championPoints": 1788, "championPointsSinceLastLevel": 1788, "playerId": 21823, "championPointsUntilNextLevel": 12, "tokensEarned": 0, "championId": 75, "lastPlayTime": 1450572384000}, {"championLevel": 1, "chestGranted": false, "championPoints": 1768, "championPointsSinceLastLevel": 1768, "playerId": 21823, "championPointsUntilNextLevel": 32, "tokensEarned": 0, "championId": 110, "lastPlayTime": 1467681932000}, {"championLevel": 1, "chestGranted": true, "championPoints": 1689, "championPointsSinceLastLevel": 1689, "playerId": 21823, "championPointsUntilNextLevel": 111, "tokensEarned": 0, "championId": 48, "lastPlayTime": 1468296623000}, {"championLevel": 1, "chestGranted": true, "championPoints": 1679, "championPointsSinceLastLevel": 1679, "playerId": 21823, "championPointsUntilNextLevel": 121, "tokensEarned": 0, "championId": 20, "lastPlayTime": 1468356614000}, {"championLevel": 1, "chestGranted": false, "championPoints": 1633, "championPointsSinceLastLevel": 1633, "playerId": 21823, "championPointsUntilNextLevel": 167, "tokensEarned": 0, "championId": 51, "lastPlayTime": 1468170956000}, {"championLevel": 1, "chestGranted": false, "championPoints": 1600, "championPointsSinceLastLevel": 1600, "playerId": 21823, "championPointsUntilNextLevel": 200, "tokensEarned": 0, "championId": 36, "lastPlayTime": 1468688107000}, {"championLevel": 1, "chestGranted": false, "championPoints": 1569, "championPointsSinceLastLevel": 1569, "playerId": 21823, "championPointsUntilNextLevel": 231, "tokensEarned": 0, "championId": 80, "lastPlayTime": 1468101730000}, {"championLevel": 1, "chestGranted": false, "championPoints": 1535, "championPointsSinceLastLevel": 1535, "playerId": 21823, "championPointsUntilNextLevel": 265, "tokensEarned": 0, "championId": 4, "lastPlayTime": 1468683927000}, {"championLevel": 1, "chestGranted": false, "championPoints": 1519, "championPointsSinceLastLevel": 1519, "playerId": 21823, "championPointsUntilNextLevel": 281, "tokensEarned": 0, "championId": 67, "lastPlayTime": 1450478471000}, {"championLevel": 1, "chestGranted": false, "championPoints": 1502, "championPointsSinceLastLevel": 1502, "playerId": 21823, "championPointsUntilNextLevel": 298, "tokensEarned": 0, "championId": 238, "lastPlayTime": 1468293459000}, {"championLevel": 1, "chestGranted": false, "championPoints": 1437, "championPointsSinceLastLevel": 1437, "playerId": 21823, "championPointsUntilNextLevel": 363, "tokensEarned": 0, "championId": 44, "lastPlayTime": 1467233004000}, {"championLevel": 1, "chestGranted": false, "championPoints": 1428, "championPointsSinceLastLevel": 1428, "playerId": 21823, "championPointsUntilNextLevel": 372, "tokensEarned": 0, "championId": 31, "lastPlayTime": 1451434297000}, {"championLevel": 1, "chestGranted": false, "championPoints": 1420, "championPointsSinceLastLevel": 1420, "playerId": 21823, "championPointsUntilNextLevel": 380, "tokensEarned": 0, "championId": 32, "lastPlayTime": 1468803291000}, {"championLevel": 1, "chestGranted": false, "championPoints": 1401, "championPointsSinceLastLevel": 1401, "playerId": 21823, "championPointsUntilNextLevel": 399, "tokensEarned": 0, "championId": 2, "lastPlayTime": 1467676197000}, {"championLevel": 1, "chestGranted": false, "championPoints": 1367, "championPointsSinceLastLevel": 1367, "playerId": 21823, "championPointsUntilNextLevel": 433, "tokensEarned": 0, "championId": 90, "lastPlayTime": 1467919483000}, {"championLevel": 1, "chestGranted": false, "championPoints": 1362, "championPointsSinceLastLevel": 1362, "playerId": 21823, "championPointsUntilNextLevel": 438, "tokensEarned": 0, "championId": 35, "lastPlayTime": 1468294707000}, {"championLevel": 1, "chestGranted": false, "championPoints": 1281, "championPointsSinceLastLevel": 1281, "playerId": 21823, "championPointsUntilNextLevel": 519, "tokensEarned": 0, "championId": 45, "lastPlayTime": 1467484159000}, {"championLevel": 1, "chestGranted": false, "championPoints": 1271, "championPointsSinceLastLevel": 1271, "playerId": 21823, "championPointsUntilNextLevel": 529, "tokensEarned": 0, "championId": 112, "lastPlayTime": 1467778185000}, {"championLevel": 1, "chestGranted": false, "championPoints": 1094, "championPointsSinceLastLevel": 1094, "playerId": 21823, "championPointsUntilNextLevel": 706, "tokensEarned": 0, "championId": 55, "lastPlayTime": 1468358696000}, {"championLevel": 1, "chestGranted": false, "championPoints": 1092, "championPointsSinceLastLevel": 1092, "playerId": 21823, "championPointsUntilNextLevel": 708, "tokensEarned": 0, "championId": 3, "lastPlayTime": 1467485878000}, {"championLevel": 1, "chestGranted": false, "championPoints": 949, "championPointsSinceLastLevel": 949, "playerId": 21823, "championPointsUntilNextLevel": 851, "tokensEarned": 0, "championId": 56, "lastPlayTime": 1467943518000}, {"championLevel": 1, "chestGranted": false, "championPoints": 861, "championPointsSinceLastLevel": 861, "playerId": 21823, "championPointsUntilNextLevel": 939, "tokensEarned": 0, "championId": 18, "lastPlayTime": 1468540589000}, {"championLevel": 1, "chestGranted": false, "championPoints": 817, "championPointsSinceLastLevel": 817, "playerId": 21823, "championPointsUntilNextLevel": 983, "tokensEarned": 0, "championId": 157, "lastPlayTime": 1468456559000}, {"championLevel": 1, "chestGranted": false, "championPoints": 788, "championPointsSinceLastLevel": 788, "playerId": 21823, "championPointsUntilNextLevel": 1012, "tokensEarned": 0, "championId": 81, "lastPlayTime": 1467833693000}, {"championLevel": 1, "chestGranted": false, "championPoints": 782, "championPointsSinceLastLevel": 782, "playerId": 21823, "championPointsUntilNextLevel": 1018, "tokensEarned": 0, "championId": 79, "lastPlayTime": 1468175805000}, {"championLevel": 1, "chestGranted": false, "championPoints": 779, "championPointsSinceLastLevel": 779, "playerId": 21823, "championPointsUntilNextLevel": 1021, "tokensEarned": 0, "championId": 26, "lastPlayTime": 1468107280000}, {"championLevel": 1, "chestGranted": false, "championPoints": 744, "championPointsSinceLastLevel": 744, "playerId": 21823, "championPointsUntilNextLevel": 1056, "tokensEarned": 0, "championId": 91, "lastPlayTime": 1467826670000}, {"championLevel": 1, "chestGranted": false, "championPoints": 715, "championPointsSinceLastLevel": 715, "playerId": 21823, "championPointsUntilNextLevel": 1085, "tokensEarned": 0, "championId": 99, "lastPlayTime": 1468801478000}, {"championLevel": 1, "chestGranted": false, "championPoints": 696, "championPointsSinceLastLevel": 696, "playerId": 21823, "championPointsUntilNextLevel": 1104, "tokensEarned": 0, "championId": 34, "lastPlayTime": 1468343609000}, {"championLevel": 1, "chestGranted": false, "championPoints": 669, "championPointsSinceLastLevel": 669, "playerId": 21823, "championPointsUntilNextLevel": 1131, "tokensEarned": 0, "championId": 266, "lastPlayTime": 1467859879000}, {"championLevel": 1, "chestGranted": false, "championPoints": 550, "championPointsSinceLastLevel": 550, "playerId": 21823, "championPointsUntilNextLevel": 1250, "tokensEarned": 0, "championId": 28, "lastPlayTime": 1468184982000}, {"championLevel": 1, "chestGranted": false, "championPoints": 480, "championPointsSinceLastLevel": 480, "playerId": 21823, "championPointsUntilNextLevel": 1320, "tokensEarned": 0, "championId": 222, "lastPlayTime": 1468028575000}, {"championLevel": 1, "chestGranted": false, "championPoints": 454, "championPointsSinceLastLevel": 454, "playerId": 21823, "championPointsUntilNextLevel": 1346, "tokensEarned": 0, "championId": 19, "lastPlayTime": 1468512682000}, {"championLevel": 1, "chestGranted": false, "championPoints": 402, "championPointsSinceLastLevel": 402, "playerId": 21823, "championPointsUntilNextLevel": 1398, "tokensEarned": 0, "championId": 59, "lastPlayTime": 1468185856000}, {"championLevel": 1, "chestGranted": false, "championPoints": 348, "championPointsSinceLastLevel": 348, "playerId": 21823, "championPointsUntilNextLevel": 1452, "tokensEarned": 0, "championId": 76, "lastPlayTime": 1467851451000}, {"championLevel": 1, "chestGranted": false, "championPoints": 340, "championPointsSinceLastLevel": 340, "playerId": 21823, "championPointsUntilNextLevel": 1460, "tokensEarned": 0, "championId": 40, "lastPlayTime": 1467767838000}, {"championLevel": 1, "chestGranted": false, "championPoints": 311, "championPointsSinceLastLevel": 311, "playerId": 21823, "championPointsUntilNextLevel": 1489, "tokensEarned": 0, "championId": 96, "lastPlayTime": 1433663143000}, {"championLevel": 1, "chestGranted": false, "championPoints": 285, "championPointsSinceLastLevel": 285, "playerId": 21823, "championPointsUntilNextLevel": 1515, "tokensEarned": 0, "championId": 245, "lastPlayTime": 1467504079000}, {"championLevel": 1, "chestGranted": false, "championPoints": 260, "championPointsSinceLastLevel": 260, "playerId": 21823, "championPointsUntilNextLevel": 1540, "tokensEarned": 0, "championId": 30, "lastPlayTime": 1432501265000}, {"championLevel": 1, "chestGranted": false, "championPoints": 236, "championPointsSinceLastLevel": 236, "playerId": 21823, "championPointsUntilNextLevel": 1564, "tokensEarned": 0, "championId": 21, "lastPlayTime": 1468547378000}, {"championLevel": 1, "chestGranted": false, "championPoints": 209, "championPointsSinceLastLevel": 209, "playerId": 21823, "championPointsUntilNextLevel": 1591, "tokensEarned": 0, "championId": 420, "lastPlayTime": 1450474849000}, {"championLevel": 1, "chestGranted": false, "championPoints": 183, "championPointsSinceLastLevel": 183, "playerId": 21823, "championPointsUntilNextLevel": 1617, "tokensEarned": 0, "championId": 60, "lastPlayTime": 1433216308000}, {"championLevel": 1, "chestGranted": false, "championPoints": 181, "championPointsSinceLastLevel": 181, "playerId": 21823, "championPointsUntilNextLevel": 1619, "tokensEarned": 0, "championId": 429, "lastPlayTime": 1449803568000}, {"championLevel": 1, "chestGranted": false, "championPoints": 178, "championPointsSinceLastLevel": 178, "playerId": 21823, "championPointsUntilNextLevel": 1622, "tokensEarned": 0, "championId": 1, "lastPlayTime": 1467502687000}, {"championLevel": 1, "chestGranted": false, "championPoints": 166, "championPointsSinceLastLevel": 166, "playerId": 21823, "championPointsUntilNextLevel": 1634, "tokensEarned": 0, "championId": 13, "lastPlayTime": 1467512310000}, {"championLevel": 1, "chestGranted": false, "championPoints": 163, "championPointsSinceLastLevel": 163, "playerId": 21823, "championPointsUntilNextLevel": 1637, "tokensEarned": 0, "championId": 103, "lastPlayTime": 1467594942000}, {"championLevel": 1, "chestGranted": false, "championPoints": 151, "championPointsSinceLastLevel": 151, "playerId": 21823, "championPointsUntilNextLevel": 1649, "tokensEarned": 0, "championId": 86, "lastPlayTime": 1468628591000}, {"championLevel": 1, "chestGranted": false, "championPoints": 147, "championPointsSinceLastLevel": 147, "playerId": 21823, "championPointsUntilNextLevel": 1653, "tokensEarned": 0, "championId": 33, "lastPlayTime": 1467835399000}, {"championLevel": 1, "chestGranted": false, "championPoints": 139, "championPointsSinceLastLevel": 139, "playerId": 21823, "championPointsUntilNextLevel": 1661, "tokensEarned": 0, "championId": 42, "lastPlayTime": 1467940075000}, {"championLevel": 1, "chestGranted": false, "championPoints": 137, "championPointsSinceLastLevel": 137, "playerId": 21823, "championPointsUntilNextLevel": 1663, "tokensEarned": 0, "championId": 17, "lastPlayTime": 1467934579000}, {"championLevel": 1, "chestGranted": false, "championPoints": 133, "championPointsSinceLastLevel": 133, "playerId": 21823, "championPointsUntilNextLevel": 1667, "tokensEarned": 0, "championId": 133, "lastPlayTime": 1468452833000}, {"championLevel": 1, "chestGranted": false, "championPoints": 133, "championPointsSinceLastLevel": 133, "playerId": 21823, "championPointsUntilNextLevel": 1667, "tokensEarned": 0, "championId": 84, "lastPlayTime": 1468340561000}, {"championLevel": 1, "chestGranted": false, "championPoints": 130, "championPointsSinceLastLevel": 130, "playerId": 21823, "championPointsUntilNextLevel": 1670, "tokensEarned": 0, "championId": 39, "lastPlayTime": 1467249174000}, {"championLevel": 1, "chestGranted": false, "championPoints": 126, "championPointsSinceLastLevel": 126, "playerId": 21823, "championPointsUntilNextLevel": 1674, "tokensEarned": 0, "championId": 78, "lastPlayTime": 1468342081000}, {"championLevel": 1, "chestGranted": false, "championPoints": 98, "championPointsSinceLastLevel": 98, "playerId": 21823, "championPointsUntilNextLevel": 1702, "tokensEarned": 0, "championId": 74, "lastPlayTime": 1468105998000}, {"championLevel": 1, "chestGranted": false, "championPoints": 98, "championPointsSinceLastLevel": 98, "playerId": 21823, "championPointsUntilNextLevel": 1702, "tokensEarned": 0, "championId": 57, "lastPlayTime": 1467599058000}, {"championLevel": 1, "chestGranted": false, "championPoints": 94, "championPointsSinceLastLevel": 94, "playerId": 21823, "championPointsUntilNextLevel": 1706, "tokensEarned": 0, "championId": 267, "lastPlayTime": 1468513800000}]