[{"championLevel": 7, "chestGranted": true, "championPoints": 58364, "championPointsSinceLastLevel": 36764, "playerId": 21826, "championPointsUntilNextLevel": 0, "tokensEarned": 0, "championId": 23, "lastPlayTime": 1468966359000}, {"championLevel": 6, "chestGranted": true, "championPoints": 51682, "championPointsSinceLastLevel": 30082, "playerId": 21826, "championPointsUntilNextLevel": 0, "tokensEarned": 1, "championId": 37, "lastPlayTime": 1467510632000}, {"championLevel": 6, "chestGranted": true, "championPoints": 50026, "championPointsSinceLastLevel": 28426, "playerId": 21826, "championPointsUntilNextLevel": 0, "tokensEarned": 0, "championId": 201, "lastPlayTime": 1469165143000}, {"championLevel": 5, "chestGranted": true, "championPoints": 25182, "championPointsSinceLastLevel": 3582, "playerId": 21826, "championPointsUntilNextLevel": 0, "tokensEarned": 0, "championId": 110, "lastPlayTime": 1468558717000}, {"championLevel": 4, "chestGranted": true, "championPoints": 21080, "championPointsSinceLastLevel": 8480, "playerId": 21826, "championPointsUntilNextLevel": 520, "tokensEarned": 0, "championId": 106, "lastPlayTime": 1467453052000}, {"championLevel": 4, "chestGranted": true, "championPoints": 17625, "championPointsSinceLastLevel": 5025, "playerId": 21826, "championPointsUntilNextLevel": 3975, "tokensEarned": 0, "championId": 41, "lastPlayTime": 1468552874000}, {"championLevel": 3, "chestGranted": true, "championPoints": 9778, "championPointsSinceLastLevel": 3778, "playerId": 21826, "championPointsUntilNextLevel": 2822, "tokensEarned": 0, "championId": 63, "lastPlayTime": 1463358221000}, {"championLevel": 3, "chestGranted": true, "championPoints": 9124, "championPointsSinceLastLevel": 3124, "playerId": 21826, "championPointsUntilNextLevel": 3476, "tokensEarned": 0, "championId": 54, "lastPlayTime": 1467094790000}, {"championLevel": 3, "chestGranted": true, "championPoints": 8887, "championPointsSinceLastLevel": 2887, "playerId": 21826, "championPointsUntilNextLevel": 3713, "tokensEarned": 0, "championId": 2, "lastPlayTime": 1469167276000}, {"championLevel": 3, "chestGranted": true, "championPoints": 8642, "championPointsSinceLastLevel": 2642, "playerId": 21826, "championPointsUntilNextLevel": 3958, "tokensEarned": 0, "championId": 53, "lastPlayTime": 1465256874000}, {"championLevel": 3, "chestGranted": false, "championPoints": 8541, "championPointsSinceLastLevel": 2541, "playerId": 21826, "championPointsUntilNextLevel": 4059, "tokensEarned": 0, "championId": 17, "lastPlayTime": 1465260466000}, {"championLevel": 3, "chestGranted": true, "championPoints": 7968, "championPointsSinceLastLevel": 1968, "playerId": 21826, "championPointsUntilNextLevel": 4632, "tokensEarned": 0, "championId": 45, "lastPlayTime": 1468817115000}, {"championLevel": 3, "chestGranted": true, "championPoints": 7357, "championPointsSinceLastLevel": 1357, "playerId": 21826, "championPointsUntilNextLevel": 5243, "tokensEarned": 0, "championId": 24, "lastPlayTime": 1466999618000}, {"championLevel": 3, "chestGranted": false, "championPoints": 7304, "championPointsSinceLastLevel": 1304, "playerId": 21826, "championPointsUntilNextLevel": 5296, "tokensEarned": 0, "championId": 80, "lastPlayTime": 1468434689000}, {"championLevel": 3, "chestGranted": true, "championPoints": 7209, "championPointsSinceLastLevel": 1209, "playerId": 21826, "championPointsUntilNextLevel": 5391, "tokensEarned": 0, "championId": 51, "lastPlayTime": 1460798352000}, {"championLevel": 3, "chestGranted": false, "championPoints": 7062, "championPointsSinceLastLevel": 1062, "playerId": 21826, "championPointsUntilNextLevel": 5538, "tokensEarned": 0, "championId": 75, "lastPlayTime": 1468556513000}, {"championLevel": 2, "chestGranted": true, "championPoints": 5601, "championPointsSinceLastLevel": 3801, "playerId": 21826, "championPointsUntilNextLevel": 399, "tokensEarned": 0, "championId": 22, "lastPlayTime": 1467104335000}, {"championLevel": 2, "chestGranted": true, "championPoints": 4970, "championPointsSinceLastLevel": 3170, "playerId": 21826, "championPointsUntilNextLevel": 1030, "tokensEarned": 0, "championId": 420, "lastPlayTime": 1466409945000}, {"championLevel": 2, "chestGranted": false, "championPoints": 4584, "championPointsSinceLastLevel": 2784, "playerId": 21826, "championPointsUntilNextLevel": 1416, "tokensEarned": 0, "championId": 117, "lastPlayTime": 1466724513000}, {"championLevel": 2, "chestGranted": false, "championPoints": 4536, "championPointsSinceLastLevel": 2736, "playerId": 21826, "championPointsUntilNextLevel": 1464, "tokensEarned": 0, "championId": 133, "lastPlayTime": 1466451953000}, {"championLevel": 2, "chestGranted": false, "championPoints": 4387, "championPointsSinceLastLevel": 2587, "playerId": 21826, "championPointsUntilNextLevel": 1613, "tokensEarned": 0, "championId": 58, "lastPlayTime": 1459378948000}, {"championLevel": 2, "chestGranted": true, "championPoints": 3972, "championPointsSinceLastLevel": 2172, "playerId": 21826, "championPointsUntilNextLevel": 2028, "tokensEarned": 0, "championId": 126, "lastPlayTime": 1465354286000}, {"championLevel": 2, "chestGranted": false, "championPoints": 3476, "championPointsSinceLastLevel": 1676, "playerId": 21826, "championPointsUntilNextLevel": 2524, "tokensEarned": 0, "championId": 74, "lastPlayTime": 1466500483000}, {"championLevel": 2, "chestGranted": true, "championPoints": 3195, "championPointsSinceLastLevel": 1395, "playerId": 21826, "championPointsUntilNextLevel": 2805, "tokensEarned": 0, "championId": 7, "lastPlayTime": 1467448693000}, {"championLevel": 2, "chestGranted": false, "championPoints": 3156, "championPointsSinceLastLevel": 1356, "playerId": 21826, "championPointsUntilNextLevel": 2844, "tokensEarned": 0, "championId": 114, "lastPlayTime": 1468560434000}, {"championLevel": 2, "chestGranted": false, "championPoints": 3032, "championPointsSinceLastLevel": 1232, "playerId": 21826, "championPointsUntilNextLevel": 2968, "tokensEarned": 0, "championId": 254, "lastPlayTime": 1456882003000}, {"championLevel": 2, "chestGranted": false, "championPoints": 2930, "championPointsSinceLastLevel": 1130, "playerId": 21826, "championPointsUntilNextLevel": 3070, "tokensEarned": 0, "championId": 238, "lastPlayTime": 1467800132000}, {"championLevel": 2, "chestGranted": false, "championPoints": 2867, "championPointsSinceLastLevel": 1067, "playerId": 21826, "championPointsUntilNextLevel": 3133, "tokensEarned": 0, "championId": 11, "lastPlayTime": 1464752351000}, {"championLevel": 2, "chestGranted": false, "championPoints": 2843, "championPointsSinceLastLevel": 1043, "playerId": 21826, "championPointsUntilNextLevel": 3157, "tokensEarned": 0, "championId": 31, "lastPlayTime": 1463969179000}, {"championLevel": 2, "chestGranted": false, "championPoints": 2698, "championPointsSinceLastLevel": 898, "playerId": 21826, "championPointsUntilNextLevel": 3302, "tokensEarned": 0, "championId": 103, "lastPlayTime": 1467158369000}, {"championLevel": 2, "chestGranted": false, "championPoints": 2635, "championPointsSinceLastLevel": 835, "playerId": 21826, "championPointsUntilNextLevel": 3365, "tokensEarned": 0, "championId": 91, "lastPlayTime": 1459218556000}, {"championLevel": 2, "chestGranted": false, "championPoints": 2288, "championPointsSinceLastLevel": 488, "playerId": 21826, "championPointsUntilNextLevel": 3712, "tokensEarned": 0, "championId": 83, "lastPlayTime": 1467087347000}, {"championLevel": 2, "chestGranted": false, "championPoints": 2224, "championPointsSinceLastLevel": 424, "playerId": 21826, "championPointsUntilNextLevel": 3776, "tokensEarned": 0, "championId": 222, "lastPlayTime": 1467016679000}, {"championLevel": 1, "chestGranted": false, "championPoints": 1569, "championPointsSinceLastLevel": 1569, "playerId": 21826, "championPointsUntilNextLevel": 231, "tokensEarned": 0, "championId": 99, "lastPlayTime": 1463992257000}, {"championLevel": 1, "chestGranted": false, "championPoints": 1463, "championPointsSinceLastLevel": 1463, "playerId": 21826, "championPointsUntilNextLevel": 337, "tokensEarned": 0, "championId": 89, "lastPlayTime": 1460280480000}, {"championLevel": 1, "chestGranted": false, "championPoints": 1415, "championPointsSinceLastLevel": 1415, "playerId": 21826, "championPointsUntilNextLevel": 385, "tokensEarned": 0, "championId": 236, "lastPlayTime": 1457824559000}, {"championLevel": 1, "chestGranted": false, "championPoints": 1212, "championPointsSinceLastLevel": 1212, "playerId": 21826, "championPointsUntilNextLevel": 588, "tokensEarned": 0, "championId": 85, "lastPlayTime": 1457062782000}, {"championLevel": 1, "chestGranted": false, "championPoints": 1206, "championPointsSinceLastLevel": 1206, "playerId": 21826, "championPointsUntilNextLevel": 594, "tokensEarned": 0, "championId": 92, "lastPlayTime": 1457861653000}, {"championLevel": 1, "chestGranted": false, "championPoints": 1135, "championPointsSinceLastLevel": 1135, "playerId": 21826, "championPointsUntilNextLevel": 665, "tokensEarned": 0, "championId": 67, "lastPlayTime": 1466412617000}, {"championLevel": 1, "chestGranted": false, "championPoints": 1037, "championPointsSinceLastLevel": 1037, "playerId": 21826, "championPointsUntilNextLevel": 763, "tokensEarned": 0, "championId": 44, "lastPlayTime": 1457237956000}, {"championLevel": 1, "chestGranted": false, "championPoints": 1022, "championPointsSinceLastLevel": 1022, "playerId": 21826, "championPointsUntilNextLevel": 778, "tokensEarned": 0, "championId": 84, "lastPlayTime": 1466450886000}, {"championLevel": 1, "chestGranted": false, "championPoints": 1011, "championPointsSinceLastLevel": 1011, "playerId": 21826, "championPointsUntilNextLevel": 789, "tokensEarned": 0, "championId": 55, "lastPlayTime": 1462678793000}, {"championLevel": 1, "chestGranted": false, "championPoints": 945, "championPointsSinceLastLevel": 945, "playerId": 21826, "championPointsUntilNextLevel": 855, "tokensEarned": 0, "championId": 78, "lastPlayTime": 1463630872000}, {"championLevel": 1, "chestGranted": true, "championPoints": 915, "championPointsSinceLastLevel": 915, "playerId": 21826, "championPointsUntilNextLevel": 885, "tokensEarned": 0, "championId": 32, "lastPlayTime": 1467620396000}, {"championLevel": 1, "chestGranted": true, "championPoints": 898, "championPointsSinceLastLevel": 898, "playerId": 21826, "championPointsUntilNextLevel": 902, "tokensEarned": 0, "championId": 39, "lastPlayTime": 1463091842000}, {"championLevel": 1, "chestGranted": false, "championPoints": 894, "championPointsSinceLastLevel": 894, "playerId": 21826, "championPointsUntilNextLevel": 906, "tokensEarned": 0, "championId": 421, "lastPlayTime": 1467797881000}, {"championLevel": 1, "chestGranted": false, "championPoints": 854, "championPointsSinceLastLevel": 854, "playerId": 21826, "championPointsUntilNextLevel": 946, "tokensEarned": 0, "championId": 36, "lastPlayTime": 1467180215000}, {"championLevel": 1, "chestGranted": false, "championPoints": 834, "championPointsSinceLastLevel": 834, "playerId": 21826, "championPointsUntilNextLevel": 966, "tokensEarned": 0, "championId": 27, "lastPlayTime": 1467178508000}, {"championLevel": 1, "chestGranted": false, "championPoints": 718, "championPointsSinceLastLevel": 718, "playerId": 21826, "championPointsUntilNextLevel": 1082, "tokensEarned": 0, "championId": 161, "lastPlayTime": 1461337760000}, {"championLevel": 1, "chestGranted": false, "championPoints": 689, "championPointsSinceLastLevel": 689, "playerId": 21826, "championPointsUntilNextLevel": 1111, "tokensEarned": 0, "championId": 5, "lastPlayTime": 1466839553000}, {"championLevel": 1, "chestGranted": false, "championPoints": 579, "championPointsSinceLastLevel": 579, "playerId": 21826, "championPointsUntilNextLevel": 1221, "tokensEarned": 0, "championId": 8, "lastPlayTime": 1466498079000}, {"championLevel": 1, "chestGranted": false, "championPoints": 489, "championPointsSinceLastLevel": 489, "playerId": 21826, "championPointsUntilNextLevel": 1311, "tokensEarned": 0, "championId": 122, "lastPlayTime": 1464415996000}, {"championLevel": 1, "chestGranted": false, "championPoints": 347, "championPointsSinceLastLevel": 347, "playerId": 21826, "championPointsUntilNextLevel": 1453, "tokensEarned": 0, "championId": 25, "lastPlayTime": 1467182879000}, {"championLevel": 1, "chestGranted": false, "championPoints": 317, "championPointsSinceLastLevel": 317, "playerId": 21826, "championPointsUntilNextLevel": 1483, "tokensEarned": 0, "championId": 1, "lastPlayTime": 1456983632000}, {"championLevel": 1, "chestGranted": false, "championPoints": 259, "championPointsSinceLastLevel": 259, "playerId": 21826, "championPointsUntilNextLevel": 1541, "tokensEarned": 0, "championId": 18, "lastPlayTime": 1454907212000}, {"championLevel": 1, "chestGranted": false, "championPoints": 241, "championPointsSinceLastLevel": 241, "playerId": 21826, "championPointsUntilNextLevel": 1559, "tokensEarned": 0, "championId": 131, "lastPlayTime": 1464253445000}, {"championLevel": 1, "chestGranted": false, "championPoints": 233, "championPointsSinceLastLevel": 233, "playerId": 21826, "championPointsUntilNextLevel": 1567, "tokensEarned": 0, "championId": 35, "lastPlayTime": 1466415125000}, {"championLevel": 1, "chestGranted": false, "championPoints": 207, "championPointsSinceLastLevel": 207, "playerId": 21826, "championPointsUntilNextLevel": 1593, "tokensEarned": 0, "championId": 150, "lastPlayTime": 1457243856000}, {"championLevel": 1, "chestGranted": false, "championPoints": 203, "championPointsSinceLastLevel": 203, "playerId": 21826, "championPointsUntilNextLevel": 1597, "tokensEarned": 0, "championId": 202, "lastPlayTime": 1466406552000}, {"championLevel": 1, "chestGranted": false, "championPoints": 196, "championPointsSinceLastLevel": 196, "playerId": 21826, "championPointsUntilNextLevel": 1604, "tokensEarned": 0, "championId": 33, "lastPlayTime": 1461188440000}, {"championLevel": 1, "chestGranted": false, "championPoints": 161, "championPointsSinceLastLevel": 161, "playerId": 21826, "championPointsUntilNextLevel": 1639, "tokensEarned": 0, "championId": 9, "lastPlayTime": 1466418443000}, {"championLevel": 1, "chestGranted": false, "championPoints": 157, "championPointsSinceLastLevel": 157, "playerId": 21826, "championPointsUntilNextLevel": 1643, "tokensEarned": 0, "championId": 157, "lastPlayTime": 1462676788000}, {"championLevel": 1, "chestGranted": false, "championPoints": 152, "championPointsSinceLastLevel": 152, "playerId": 21826, "championPointsUntilNextLevel": 1648, "tokensEarned": 0, "championId": 266, "lastPlayTime": 1439527837000}, {"championLevel": 1, "chestGranted": false, "championPoints": 144, "championPointsSinceLastLevel": 144, "playerId": 21826, "championPointsUntilNextLevel": 1656, "tokensEarned": 0, "championId": 20, "lastPlayTime": 1466838251000}]