[{"championLevel": 4, "chestGranted": false, "championPoints": 12866, "championPointsSinceLastLevel": 266, "playerId": 21838, "championPointsUntilNextLevel": 8734, "tokensEarned": 0, "championId": 68, "lastPlayTime": 1444766051000}, {"championLevel": 3, "chestGranted": false, "championPoints": 8979, "championPointsSinceLastLevel": 2979, "playerId": 21838, "championPointsUntilNextLevel": 3621, "tokensEarned": 0, "championId": 25, "lastPlayTime": 1433196248000}, {"championLevel": 3, "chestGranted": true, "championPoints": 8570, "championPointsSinceLastLevel": 2570, "playerId": 21838, "championPointsUntilNextLevel": 4030, "tokensEarned": 0, "championId": 432, "lastPlayTime": 1462852711000}, {"championLevel": 3, "chestGranted": true, "championPoints": 7534, "championPointsSinceLastLevel": 1534, "playerId": 21838, "championPointsUntilNextLevel": 5066, "tokensEarned": 0, "championId": 43, "lastPlayTime": 1467175594000}, {"championLevel": 3, "chestGranted": true, "championPoints": 7389, "championPointsSinceLastLevel": 1389, "playerId": 21838, "championPointsUntilNextLevel": 5211, "tokensEarned": 0, "championId": 113, "lastPlayTime": 1462502986000}, {"championLevel": 2, "chestGranted": true, "championPoints": 4537, "championPointsSinceLastLevel": 2737, "playerId": 21838, "championPointsUntilNextLevel": 1463, "tokensEarned": 0, "championId": 89, "lastPlayTime": 1462509836000}, {"championLevel": 2, "chestGranted": false, "championPoints": 3120, "championPointsSinceLastLevel": 1320, "playerId": 21838, "championPointsUntilNextLevel": 2880, "tokensEarned": 0, "championId": 15, "lastPlayTime": 1441824676000}, {"championLevel": 2, "chestGranted": false, "championPoints": 2226, "championPointsSinceLastLevel": 426, "playerId": 21838, "championPointsUntilNextLevel": 3774, "tokensEarned": 0, "championId": 51, "lastPlayTime": 1442098198000}, {"championLevel": 2, "chestGranted": false, "championPoints": 1983, "championPointsSinceLastLevel": 183, "playerId": 21838, "championPointsUntilNextLevel": 4017, "tokensEarned": 0, "championId": 45, "lastPlayTime": 1441821403000}, {"championLevel": 1, "chestGranted": false, "championPoints": 1676, "championPointsSinceLastLevel": 1676, "playerId": 21838, "championPointsUntilNextLevel": 124, "tokensEarned": 0, "championId": 9, "lastPlayTime": 1467077980000}, {"championLevel": 1, "chestGranted": false, "championPoints": 1490, "championPointsSinceLastLevel": 1490, "playerId": 21838, "championPointsUntilNextLevel": 310, "tokensEarned": 0, "championId": 412, "lastPlayTime": 1432174331000}, {"championLevel": 1, "chestGranted": false, "championPoints": 1209, "championPointsSinceLastLevel": 1209, "playerId": 21838, "championPointsUntilNextLevel": 591, "tokensEarned": 0, "championId": 28, "lastPlayTime": 1441647300000}, {"championLevel": 1, "chestGranted": false, "championPoints": 1190, "championPointsSinceLastLevel": 1190, "playerId": 21838, "championPointsUntilNextLevel": 610, "tokensEarned": 0, "championId": 1, "lastPlayTime": 1441644246000}, {"championLevel": 1, "chestGranted": false, "championPoints": 902, "championPointsSinceLastLevel": 902, "playerId": 21838, "championPointsUntilNextLevel": 898, "tokensEarned": 0, "championId": 120, "lastPlayTime": 1441670476000}, {"championLevel": 1, "chestGranted": false, "championPoints": 902, "championPointsSinceLastLevel": 902, "playerId": 21838, "championPointsUntilNextLevel": 898, "tokensEarned": 0, "championId": 96, "lastPlayTime": 1467088210000}, {"championLevel": 1, "chestGranted": false, "championPoints": 614, "championPointsSinceLastLevel": 614, "playerId": 21838, "championPointsUntilNextLevel": 1186, "tokensEarned": 0, "championId": 201, "lastPlayTime": 1462324407000}, {"championLevel": 1, "chestGranted": false, "championPoints": 324, "championPointsSinceLastLevel": 324, "playerId": 21838, "championPointsUntilNextLevel": 1476, "tokensEarned": 0, "championId": 40, "lastPlayTime": 1467090028000}, {"championLevel": 1, "chestGranted": false, "championPoints": 279, "championPointsSinceLastLevel": 279, "playerId": 21838, "championPointsUntilNextLevel": 1521, "tokensEarned": 0, "championId": 223, "lastPlayTime": 1462759405000}, {"championLevel": 1, "chestGranted": false, "championPoints": 267, "championPointsSinceLastLevel": 267, "playerId": 21838, "championPointsUntilNextLevel": 1533, "tokensEarned": 0, "championId": 11, "lastPlayTime": 1467103496000}, {"championLevel": 1, "chestGranted": false, "championPoints": 223, "championPointsSinceLastLevel": 223, "playerId": 21838, "championPointsUntilNextLevel": 1577, "tokensEarned": 0, "championId": 127, "lastPlayTime": 1432269600000}, {"championLevel": 1, "chestGranted": false, "championPoints": 221, "championPointsSinceLastLevel": 221, "playerId": 21838, "championPointsUntilNextLevel": 1579, "tokensEarned": 0, "championId": 34, "lastPlayTime": 1467092887000}, {"championLevel": 1, "chestGranted": false, "championPoints": 206, "championPointsSinceLastLevel": 206, "playerId": 21838, "championPointsUntilNextLevel": 1594, "tokensEarned": 0, "championId": 12, "lastPlayTime": 1433184085000}, {"championLevel": 1, "chestGranted": false, "championPoints": 194, "championPointsSinceLastLevel": 194, "playerId": 21838, "championPointsUntilNextLevel": 1606, "tokensEarned": 0, "championId": 2, "lastPlayTime": 1442094558000}, {"championLevel": 1, "chestGranted": false, "championPoints": 170, "championPointsSinceLastLevel": 170, "playerId": 21838, "championPointsUntilNextLevel": 1630, "tokensEarned": 0, "championId": 13, "lastPlayTime": 1467102152000}, {"championLevel": 1, "chestGranted": false, "championPoints": 153, "championPointsSinceLastLevel": 153, "playerId": 21838, "championPointsUntilNextLevel": 1647, "tokensEarned": 0, "championId": 61, "lastPlayTime": 1438719686000}, {"championLevel": 1, "chestGranted": false, "championPoints": 132, "championPointsSinceLastLevel": 132, "playerId": 21838, "championPointsUntilNextLevel": 1668, "tokensEarned": 0, "championId": 111, "lastPlayTime": 1467164981000}, {"championLevel": 1, "chestGranted": false, "championPoints": 109, "championPointsSinceLastLevel": 109, "playerId": 21838, "championPointsUntilNextLevel": 1691, "tokensEarned": 0, "championId": 53, "lastPlayTime": 1467100414000}]