[{"championLevel": 5, "chestGranted": true, "championPoints": 53223, "championPointsSinceLastLevel": 31623, "playerId": 21831, "championPointsUntilNextLevel": 0, "tokensEarned": 1, "championId": 150, "lastPlayTime": 1465784912000}, {"championLevel": 5, "chestGranted": true, "championPoints": 45687, "championPointsSinceLastLevel": 24087, "playerId": 21831, "championPointsUntilNextLevel": 0, "tokensEarned": 0, "championId": 245, "lastPlayTime": 1465176077000}, {"championLevel": 5, "chestGranted": false, "championPoints": 38041, "championPointsSinceLastLevel": 16441, "playerId": 21831, "championPointsUntilNextLevel": 0, "tokensEarned": 0, "championId": 114, "lastPlayTime": 1462938812000}, {"championLevel": 5, "chestGranted": false, "championPoints": 24803, "championPointsSinceLastLevel": 3203, "playerId": 21831, "championPointsUntilNextLevel": 0, "tokensEarned": 0, "championId": 131, "lastPlayTime": 1465168638000}, {"championLevel": 4, "chestGranted": false, "championPoints": 17245, "championPointsSinceLastLevel": 4645, "playerId": 21831, "championPointsUntilNextLevel": 4355, "tokensEarned": 0, "championId": 111, "lastPlayTime": 1454651954000}, {"championLevel": 4, "chestGranted": false, "championPoints": 16613, "championPointsSinceLastLevel": 4013, "playerId": 21831, "championPointsUntilNextLevel": 4987, "tokensEarned": 0, "championId": 67, "lastPlayTime": 1453266104000}, {"championLevel": 4, "chestGranted": false, "championPoints": 16327, "championPointsSinceLastLevel": 3727, "playerId": 21831, "championPointsUntilNextLevel": 5273, "tokensEarned": 0, "championId": 120, "lastPlayTime": 1449621177000}, {"championLevel": 4, "chestGranted": false, "championPoints": 15329, "championPointsSinceLastLevel": 2729, "playerId": 21831, "championPointsUntilNextLevel": 6271, "tokensEarned": 0, "championId": 412, "lastPlayTime": 1466399194000}, {"championLevel": 4, "chestGranted": false, "championPoints": 13889, "championPointsSinceLastLevel": 1289, "playerId": 21831, "championPointsUntilNextLevel": 7711, "tokensEarned": 0, "championId": 58, "lastPlayTime": 1464055074000}, {"championLevel": 3, "chestGranted": true, "championPoints": 11694, "championPointsSinceLastLevel": 5694, "playerId": 21831, "championPointsUntilNextLevel": 906, "tokensEarned": 0, "championId": 81, "lastPlayTime": 1463368281000}, {"championLevel": 3, "chestGranted": true, "championPoints": 9843, "championPointsSinceLastLevel": 3843, "playerId": 21831, "championPointsUntilNextLevel": 2757, "tokensEarned": 0, "championId": 41, "lastPlayTime": 1466134416000}, {"championLevel": 3, "chestGranted": false, "championPoints": 9648, "championPointsSinceLastLevel": 3648, "playerId": 21831, "championPointsUntilNextLevel": 2952, "tokensEarned": 0, "championId": 57, "lastPlayTime": 1465170911000}, {"championLevel": 3, "chestGranted": false, "championPoints": 9610, "championPointsSinceLastLevel": 3610, "playerId": 21831, "championPointsUntilNextLevel": 2990, "tokensEarned": 0, "championId": 222, "lastPlayTime": 1448226972000}, {"championLevel": 3, "chestGranted": false, "championPoints": 9581, "championPointsSinceLastLevel": 3581, "playerId": 21831, "championPointsUntilNextLevel": 3019, "tokensEarned": 0, "championId": 68, "lastPlayTime": 1440554211000}, {"championLevel": 3, "chestGranted": false, "championPoints": 8791, "championPointsSinceLastLevel": 2791, "playerId": 21831, "championPointsUntilNextLevel": 3809, "tokensEarned": 0, "championId": 157, "lastPlayTime": 1464140475000}, {"championLevel": 3, "chestGranted": false, "championPoints": 8089, "championPointsSinceLastLevel": 2089, "playerId": 21831, "championPointsUntilNextLevel": 4511, "tokensEarned": 0, "championId": 98, "lastPlayTime": 1442883629000}, {"championLevel": 3, "chestGranted": false, "championPoints": 7427, "championPointsSinceLastLevel": 1427, "playerId": 21831, "championPointsUntilNextLevel": 5173, "tokensEarned": 0, "championId": 236, "lastPlayTime": 1465182876000}, {"championLevel": 3, "chestGranted": false, "championPoints": 7189, "championPointsSinceLastLevel": 1189, "playerId": 21831, "championPointsUntilNextLevel": 5411, "tokensEarned": 0, "championId": 105, "lastPlayTime": 1465186468000}, {"championLevel": 3, "chestGranted": false, "championPoints": 7019, "championPointsSinceLastLevel": 1019, "playerId": 21831, "championPointsUntilNextLevel": 5581, "tokensEarned": 0, "championId": 104, "lastPlayTime": 1465180910000}, {"championLevel": 3, "chestGranted": true, "championPoints": 6762, "championPointsSinceLastLevel": 762, "playerId": 21831, "championPointsUntilNextLevel": 5838, "tokensEarned": 0, "championId": 238, "lastPlayTime": 1465959543000}, {"championLevel": 3, "chestGranted": false, "championPoints": 6022, "championPointsSinceLastLevel": 22, "playerId": 21831, "championPointsUntilNextLevel": 6578, "tokensEarned": 0, "championId": 134, "lastPlayTime": 1454477030000}, {"championLevel": 2, "chestGranted": false, "championPoints": 5332, "championPointsSinceLastLevel": 3532, "playerId": 21831, "championPointsUntilNextLevel": 668, "tokensEarned": 0, "championId": 429, "lastPlayTime": 1447023274000}, {"championLevel": 2, "chestGranted": false, "championPoints": 5325, "championPointsSinceLastLevel": 3525, "playerId": 21831, "championPointsUntilNextLevel": 675, "tokensEarned": 0, "championId": 53, "lastPlayTime": 1465259167000}, {"championLevel": 2, "chestGranted": false, "championPoints": 5154, "championPointsSinceLastLevel": 3354, "playerId": 21831, "championPointsUntilNextLevel": 846, "tokensEarned": 0, "championId": 102, "lastPlayTime": 1437109102000}, {"championLevel": 2, "chestGranted": false, "championPoints": 5143, "championPointsSinceLastLevel": 3343, "playerId": 21831, "championPointsUntilNextLevel": 857, "tokensEarned": 0, "championId": 64, "lastPlayTime": 1457583538000}, {"championLevel": 2, "chestGranted": false, "championPoints": 4687, "championPointsSinceLastLevel": 2887, "playerId": 21831, "championPointsUntilNextLevel": 1313, "tokensEarned": 0, "championId": 76, "lastPlayTime": 1438896450000}, {"championLevel": 2, "chestGranted": false, "championPoints": 4448, "championPointsSinceLastLevel": 2648, "playerId": 21831, "championPointsUntilNextLevel": 1552, "tokensEarned": 0, "championId": 117, "lastPlayTime": 1446507049000}, {"championLevel": 2, "chestGranted": true, "championPoints": 4417, "championPointsSinceLastLevel": 2617, "playerId": 21831, "championPointsUntilNextLevel": 1583, "tokensEarned": 0, "championId": 202, "lastPlayTime": 1468458277000}, {"championLevel": 2, "chestGranted": false, "championPoints": 4401, "championPointsSinceLastLevel": 2601, "playerId": 21831, "championPointsUntilNextLevel": 1599, "tokensEarned": 0, "championId": 122, "lastPlayTime": 1457667677000}, {"championLevel": 2, "chestGranted": false, "championPoints": 4343, "championPointsSinceLastLevel": 2543, "playerId": 21831, "championPointsUntilNextLevel": 1657, "tokensEarned": 0, "championId": 112, "lastPlayTime": 1441938267000}, {"championLevel": 2, "chestGranted": true, "championPoints": 3903, "championPointsSinceLastLevel": 2103, "playerId": 21831, "championPointsUntilNextLevel": 2097, "tokensEarned": 0, "championId": 48, "lastPlayTime": 1459136335000}, {"championLevel": 2, "chestGranted": false, "championPoints": 3720, "championPointsSinceLastLevel": 1920, "playerId": 21831, "championPointsUntilNextLevel": 2280, "tokensEarned": 0, "championId": 7, "lastPlayTime": 1460344588000}, {"championLevel": 2, "chestGranted": false, "championPoints": 3711, "championPointsSinceLastLevel": 1911, "playerId": 21831, "championPointsUntilNextLevel": 2289, "tokensEarned": 0, "championId": 1, "lastPlayTime": 1440453630000}, {"championLevel": 2, "chestGranted": false, "championPoints": 3632, "championPointsSinceLastLevel": 1832, "playerId": 21831, "championPointsUntilNextLevel": 2368, "tokensEarned": 0, "championId": 107, "lastPlayTime": 1451422721000}, {"championLevel": 2, "chestGranted": true, "championPoints": 3245, "championPointsSinceLastLevel": 1445, "playerId": 21831, "championPointsUntilNextLevel": 2755, "tokensEarned": 0, "championId": 203, "lastPlayTime": 1463543566000}, {"championLevel": 2, "chestGranted": true, "championPoints": 3163, "championPointsSinceLastLevel": 1363, "playerId": 21831, "championPointsUntilNextLevel": 2837, "tokensEarned": 0, "championId": 61, "lastPlayTime": 1462244550000}, {"championLevel": 2, "chestGranted": false, "championPoints": 3097, "championPointsSinceLastLevel": 1297, "playerId": 21831, "championPointsUntilNextLevel": 2903, "tokensEarned": 0, "championId": 78, "lastPlayTime": 1464051746000}, {"championLevel": 2, "chestGranted": false, "championPoints": 3082, "championPointsSinceLastLevel": 1282, "playerId": 21831, "championPointsUntilNextLevel": 2918, "tokensEarned": 0, "championId": 103, "lastPlayTime": 1458697040000}, {"championLevel": 2, "chestGranted": false, "championPoints": 2999, "championPointsSinceLastLevel": 1199, "playerId": 21831, "championPointsUntilNextLevel": 3001, "tokensEarned": 0, "championId": 54, "lastPlayTime": 1457670901000}, {"championLevel": 2, "chestGranted": false, "championPoints": 2979, "championPointsSinceLastLevel": 1179, "playerId": 21831, "championPointsUntilNextLevel": 3021, "tokensEarned": 0, "championId": 22, "lastPlayTime": 1439698671000}, {"championLevel": 2, "chestGranted": false, "championPoints": 2818, "championPointsSinceLastLevel": 1018, "playerId": 21831, "championPointsUntilNextLevel": 3182, "tokensEarned": 0, "championId": 113, "lastPlayTime": 1436933084000}, {"championLevel": 2, "chestGranted": false, "championPoints": 2810, "championPointsSinceLastLevel": 1010, "playerId": 21831, "championPointsUntilNextLevel": 3190, "tokensEarned": 0, "championId": 60, "lastPlayTime": 1453446574000}, {"championLevel": 2, "chestGranted": false, "championPoints": 2615, "championPointsSinceLastLevel": 815, "playerId": 21831, "championPointsUntilNextLevel": 3385, "tokensEarned": 0, "championId": 121, "lastPlayTime": 1458699744000}, {"championLevel": 2, "chestGranted": false, "championPoints": 2536, "championPointsSinceLastLevel": 736, "playerId": 21831, "championPointsUntilNextLevel": 3464, "tokensEarned": 0, "championId": 69, "lastPlayTime": 1442123660000}, {"championLevel": 2, "chestGranted": false, "championPoints": 2535, "championPointsSinceLastLevel": 735, "playerId": 21831, "championPointsUntilNextLevel": 3465, "tokensEarned": 0, "championId": 29, "lastPlayTime": 1436476221000}, {"championLevel": 2, "chestGranted": false, "championPoints": 2500, "championPointsSinceLastLevel": 700, "playerId": 21831, "championPointsUntilNextLevel": 3500, "tokensEarned": 0, "championId": 92, "lastPlayTime": 1453333914000}, {"championLevel": 2, "chestGranted": false, "championPoints": 2452, "championPointsSinceLastLevel": 652, "playerId": 21831, "championPointsUntilNextLevel": 3548, "tokensEarned": 0, "championId": 35, "lastPlayTime": 1449603074000}, {"championLevel": 2, "chestGranted": false, "championPoints": 2448, "championPointsSinceLastLevel": 648, "playerId": 21831, "championPointsUntilNextLevel": 3552, "tokensEarned": 0, "championId": 77, "lastPlayTime": 1432521192000}, {"championLevel": 2, "chestGranted": false, "championPoints": 2439, "championPointsSinceLastLevel": 639, "playerId": 21831, "championPointsUntilNextLevel": 3561, "tokensEarned": 0, "championId": 110, "lastPlayTime": 1437862804000}, {"championLevel": 2, "chestGranted": false, "championPoints": 2415, "championPointsSinceLastLevel": 615, "playerId": 21831, "championPointsUntilNextLevel": 3585, "tokensEarned": 0, "championId": 11, "lastPlayTime": 1438313356000}, {"championLevel": 2, "chestGranted": false, "championPoints": 2376, "championPointsSinceLastLevel": 576, "playerId": 21831, "championPointsUntilNextLevel": 3624, "tokensEarned": 0, "championId": 119, "lastPlayTime": 1455433091000}, {"championLevel": 2, "chestGranted": false, "championPoints": 2173, "championPointsSinceLastLevel": 373, "playerId": 21831, "championPointsUntilNextLevel": 3827, "tokensEarned": 0, "championId": 8, "lastPlayTime": 1457928633000}, {"championLevel": 2, "chestGranted": false, "championPoints": 1886, "championPointsSinceLastLevel": 86, "playerId": 21831, "championPointsUntilNextLevel": 4114, "tokensEarned": 0, "championId": 84, "lastPlayTime": 1453331382000}, {"championLevel": 2, "chestGranted": false, "championPoints": 1882, "championPointsSinceLastLevel": 82, "playerId": 21831, "championPointsUntilNextLevel": 4118, "tokensEarned": 0, "championId": 19, "lastPlayTime": 1440712319000}, {"championLevel": 2, "chestGranted": true, "championPoints": 1861, "championPointsSinceLastLevel": 61, "playerId": 21831, "championPointsUntilNextLevel": 4139, "tokensEarned": 0, "championId": 4, "lastPlayTime": 1468455241000}, {"championLevel": 2, "chestGranted": false, "championPoints": 1811, "championPointsSinceLastLevel": 11, "playerId": 21831, "championPointsUntilNextLevel": 4189, "tokensEarned": 0, "championId": 39, "lastPlayTime": 1463620175000}, {"championLevel": 1, "chestGranted": false, "championPoints": 1780, "championPointsSinceLastLevel": 1780, "playerId": 21831, "championPointsUntilNextLevel": 20, "tokensEarned": 0, "championId": 79, "lastPlayTime": 1439615906000}, {"championLevel": 1, "chestGranted": false, "championPoints": 1762, "championPointsSinceLastLevel": 1762, "playerId": 21831, "championPointsUntilNextLevel": 38, "tokensEarned": 0, "championId": 133, "lastPlayTime": 1454997462000}, {"championLevel": 1, "chestGranted": false, "championPoints": 1732, "championPointsSinceLastLevel": 1732, "playerId": 21831, "championPointsUntilNextLevel": 68, "tokensEarned": 0, "championId": 223, "lastPlayTime": 1438493386000}, {"championLevel": 1, "chestGranted": false, "championPoints": 1638, "championPointsSinceLastLevel": 1638, "playerId": 21831, "championPointsUntilNextLevel": 162, "tokensEarned": 0, "championId": 432, "lastPlayTime": 1464143532000}, {"championLevel": 1, "chestGranted": false, "championPoints": 1553, "championPointsSinceLastLevel": 1553, "playerId": 21831, "championPointsUntilNextLevel": 247, "tokensEarned": 0, "championId": 25, "lastPlayTime": 1454658117000}, {"championLevel": 1, "chestGranted": false, "championPoints": 1532, "championPointsSinceLastLevel": 1532, "playerId": 21831, "championPointsUntilNextLevel": 268, "tokensEarned": 0, "championId": 36, "lastPlayTime": 1439164702000}, {"championLevel": 1, "chestGranted": false, "championPoints": 1505, "championPointsSinceLastLevel": 1505, "playerId": 21831, "championPointsUntilNextLevel": 295, "tokensEarned": 0, "championId": 13, "lastPlayTime": 1453699960000}, {"championLevel": 1, "chestGranted": false, "championPoints": 1496, "championPointsSinceLastLevel": 1496, "playerId": 21831, "championPointsUntilNextLevel": 304, "tokensEarned": 0, "championId": 40, "lastPlayTime": 1464059189000}, {"championLevel": 1, "chestGranted": false, "championPoints": 1471, "championPointsSinceLastLevel": 1471, "playerId": 21831, "championPointsUntilNextLevel": 329, "tokensEarned": 0, "championId": 254, "lastPlayTime": 1463371384000}, {"championLevel": 1, "chestGranted": false, "championPoints": 1445, "championPointsSinceLastLevel": 1445, "playerId": 21831, "championPointsUntilNextLevel": 355, "tokensEarned": 0, "championId": 420, "lastPlayTime": 1453161592000}, {"championLevel": 1, "chestGranted": false, "championPoints": 1418, "championPointsSinceLastLevel": 1418, "playerId": 21831, "championPointsUntilNextLevel": 382, "tokensEarned": 0, "championId": 96, "lastPlayTime": 1439162174000}, {"championLevel": 1, "chestGranted": false, "championPoints": 1364, "championPointsSinceLastLevel": 1364, "playerId": 21831, "championPointsUntilNextLevel": 436, "tokensEarned": 0, "championId": 12, "lastPlayTime": 1442114930000}, {"championLevel": 1, "chestGranted": false, "championPoints": 1348, "championPointsSinceLastLevel": 1348, "playerId": 21831, "championPointsUntilNextLevel": 452, "tokensEarned": 0, "championId": 45, "lastPlayTime": 1445298184000}, {"championLevel": 1, "chestGranted": false, "championPoints": 1320, "championPointsSinceLastLevel": 1320, "playerId": 21831, "championPointsUntilNextLevel": 480, "tokensEarned": 0, "championId": 51, "lastPlayTime": 1464663460000}, {"championLevel": 1, "chestGranted": false, "championPoints": 1301, "championPointsSinceLastLevel": 1301, "playerId": 21831, "championPointsUntilNextLevel": 499, "tokensEarned": 0, "championId": 89, "lastPlayTime": 1437442646000}, {"championLevel": 1, "chestGranted": false, "championPoints": 1292, "championPointsSinceLastLevel": 1292, "playerId": 21831, "championPointsUntilNextLevel": 508, "tokensEarned": 0, "championId": 75, "lastPlayTime": 1458533202000}, {"championLevel": 1, "chestGranted": true, "championPoints": 1232, "championPointsSinceLastLevel": 1232, "playerId": 21831, "championPointsUntilNextLevel": 568, "tokensEarned": 0, "championId": 26, "lastPlayTime": 1465778495000}, {"championLevel": 1, "chestGranted": false, "championPoints": 1217, "championPointsSinceLastLevel": 1217, "playerId": 21831, "championPointsUntilNextLevel": 583, "tokensEarned": 0, "championId": 2, "lastPlayTime": 1447026264000}, {"championLevel": 1, "chestGranted": true, "championPoints": 1093, "championPointsSinceLastLevel": 1093, "playerId": 21831, "championPointsUntilNextLevel": 707, "tokensEarned": 0, "championId": 268, "lastPlayTime": 1465776070000}, {"championLevel": 1, "chestGranted": false, "championPoints": 973, "championPointsSinceLastLevel": 973, "playerId": 21831, "championPointsUntilNextLevel": 827, "tokensEarned": 0, "championId": 126, "lastPlayTime": 1434866853000}, {"championLevel": 1, "chestGranted": false, "championPoints": 600, "championPointsSinceLastLevel": 600, "playerId": 21831, "championPointsUntilNextLevel": 1200, "tokensEarned": 0, "championId": 24, "lastPlayTime": 1442198874000}, {"championLevel": 1, "chestGranted": false, "championPoints": 536, "championPointsSinceLastLevel": 536, "playerId": 21831, "championPointsUntilNextLevel": 1264, "tokensEarned": 0, "championId": 421, "lastPlayTime": 1439612837000}, {"championLevel": 1, "chestGranted": false, "championPoints": 354, "championPointsSinceLastLevel": 354, "playerId": 21831, "championPointsUntilNextLevel": 1446, "tokensEarned": 0, "championId": 127, "lastPlayTime": 1455252314000}, {"championLevel": 1, "chestGranted": false, "championPoints": 300, "championPointsSinceLastLevel": 300, "playerId": 21831, "championPointsUntilNextLevel": 1500, "tokensEarned": 0, "championId": 106, "lastPlayTime": 1458182771000}, {"championLevel": 1, "chestGranted": false, "championPoints": 274, "championPointsSinceLastLevel": 274, "playerId": 21831, "championPointsUntilNextLevel": 1526, "tokensEarned": 0, "championId": 63, "lastPlayTime": 1459126651000}, {"championLevel": 1, "chestGranted": false, "championPoints": 272, "championPointsSinceLastLevel": 272, "playerId": 21831, "championPointsUntilNextLevel": 1528, "tokensEarned": 0, "championId": 267, "lastPlayTime": 1457932190000}, {"championLevel": 1, "chestGranted": false, "championPoints": 259, "championPointsSinceLastLevel": 259, "playerId": 21831, "championPointsUntilNextLevel": 1541, "tokensEarned": 0, "championId": 18, "lastPlayTime": 1441166189000}, {"championLevel": 1, "chestGranted": false, "championPoints": 232, "championPointsSinceLastLevel": 232, "playerId": 21831, "championPointsUntilNextLevel": 1568, "tokensEarned": 0, "championId": 72, "lastPlayTime": 1432962473000}, {"championLevel": 1, "chestGranted": false, "championPoints": 216, "championPointsSinceLastLevel": 216, "playerId": 21831, "championPointsUntilNextLevel": 1584, "tokensEarned": 0, "championId": 59, "lastPlayTime": 1439866511000}, {"championLevel": 1, "chestGranted": true, "championPoints": 184, "championPointsSinceLastLevel": 184, "playerId": 21831, "championPointsUntilNextLevel": 1616, "tokensEarned": 0, "championId": 101, "lastPlayTime": 1459736561000}, {"championLevel": 1, "chestGranted": false, "championPoints": 175, "championPointsSinceLastLevel": 175, "playerId": 21831, "championPointsUntilNextLevel": 1625, "tokensEarned": 0, "championId": 82, "lastPlayTime": 1441749236000}, {"championLevel": 1, "chestGranted": false, "championPoints": 172, "championPointsSinceLastLevel": 172, "playerId": 21831, "championPointsUntilNextLevel": 1628, "tokensEarned": 0, "championId": 42, "lastPlayTime": 1455421193000}, {"championLevel": 1, "chestGranted": false, "championPoints": 166, "championPointsSinceLastLevel": 166, "playerId": 21831, "championPointsUntilNextLevel": 1634, "tokensEarned": 0, "championId": 85, "lastPlayTime": 1435799875000}, {"championLevel": 1, "chestGranted": false, "championPoints": 166, "championPointsSinceLastLevel": 166, "playerId": 21831, "championPointsUntilNextLevel": 1634, "tokensEarned": 0, "championId": 201, "lastPlayTime": 1438894340000}, {"championLevel": 1, "chestGranted": false, "championPoints": 161, "championPointsSinceLastLevel": 161, "playerId": 21831, "championPointsUntilNextLevel": 1639, "tokensEarned": 0, "championId": 266, "lastPlayTime": 1433984924000}, {"championLevel": 1, "chestGranted": false, "championPoints": 135, "championPointsSinceLastLevel": 135, "playerId": 21831, "championPointsUntilNextLevel": 1665, "tokensEarned": 0, "championId": 6, "lastPlayTime": 1458855698000}, {"championLevel": 1, "chestGranted": false, "championPoints": 121, "championPointsSinceLastLevel": 121, "playerId": 21831, "championPointsUntilNextLevel": 1679, "tokensEarned": 0, "championId": 136, "lastPlayTime": 1466201327000}]