[{"championLevel": 6, "chestGranted": false, "championPoints": 38671, "championPointsSinceLastLevel": 17071, "playerId": 21841, "championPointsUntilNextLevel": 0, "tokensEarned": 0, "championId": 127, "lastPlayTime": 1464309547000}, {"championLevel": 5, "chestGranted": false, "championPoints": 37039, "championPointsSinceLastLevel": 15439, "playerId": 21841, "championPointsUntilNextLevel": 0, "tokensEarned": 0, "championId": 154, "lastPlayTime": 1462864796000}, {"championLevel": 5, "chestGranted": false, "championPoints": 35041, "championPointsSinceLastLevel": 13441, "playerId": 21841, "championPointsUntilNextLevel": 0, "tokensEarned": 0, "championId": 223, "lastPlayTime": 1462670500000}, {"championLevel": 5, "chestGranted": false, "championPoints": 34556, "championPointsSinceLastLevel": 12956, "playerId": 21841, "championPointsUntilNextLevel": 0, "tokensEarned": 1, "championId": 236, "lastPlayTime": 1464240734000}, {"championLevel": 5, "chestGranted": false, "championPoints": 33433, "championPointsSinceLastLevel": 11833, "playerId": 21841, "championPointsUntilNextLevel": 0, "tokensEarned": 1, "championId": 222, "lastPlayTime": 1464067174000}, {"championLevel": 5, "chestGranted": false, "championPoints": 30211, "championPointsSinceLastLevel": 8611, "playerId": 21841, "championPointsUntilNextLevel": 0, "tokensEarned": 0, "championId": 245, "lastPlayTime": 1461830959000}, {"championLevel": 5, "chestGranted": false, "championPoints": 27219, "championPointsSinceLastLevel": 5619, "playerId": 21841, "championPointsUntilNextLevel": 0, "tokensEarned": 0, "championId": 201, "lastPlayTime": 1462515566000}, {"championLevel": 6, "chestGranted": true, "championPoints": 26290, "championPointsSinceLastLevel": 4690, "playerId": 21841, "championPointsUntilNextLevel": 0, "tokensEarned": 1, "championId": 15, "lastPlayTime": 1464296084000}, {"championLevel": 5, "chestGranted": true, "championPoints": 22383, "championPointsSinceLastLevel": 783, "playerId": 21841, "championPointsUntilNextLevel": 0, "tokensEarned": 0, "championId": 78, "lastPlayTime": 1462772940000}, {"championLevel": 5, "chestGranted": true, "championPoints": 21786, "championPointsSinceLastLevel": 186, "playerId": 21841, "championPointsUntilNextLevel": 0, "tokensEarned": 0, "championId": 12, "lastPlayTime": 1462664508000}, {"championLevel": 4, "chestGranted": true, "championPoints": 18165, "championPointsSinceLastLevel": 5565, "playerId": 21841, "championPointsUntilNextLevel": 3435, "tokensEarned": 0, "championId": 126, "lastPlayTime": 1461393188000}, {"championLevel": 4, "chestGranted": true, "championPoints": 17390, "championPointsSinceLastLevel": 4790, "playerId": 21841, "championPointsUntilNextLevel": 4210, "tokensEarned": 0, "championId": 13, "lastPlayTime": 1464483457000}, {"championLevel": 4, "chestGranted": true, "championPoints": 16822, "championPointsSinceLastLevel": 4222, "playerId": 21841, "championPointsUntilNextLevel": 4778, "tokensEarned": 0, "championId": 60, "lastPlayTime": 1462775563000}, {"championLevel": 4, "chestGranted": false, "championPoints": 15422, "championPointsSinceLastLevel": 2822, "playerId": 21841, "championPointsUntilNextLevel": 6178, "tokensEarned": 0, "championId": 420, "lastPlayTime": 1456200343000}, {"championLevel": 3, "chestGranted": true, "championPoints": 10236, "championPointsSinceLastLevel": 4236, "playerId": 21841, "championPointsUntilNextLevel": 2364, "tokensEarned": 0, "championId": 131, "lastPlayTime": 1459584904000}, {"championLevel": 3, "chestGranted": true, "championPoints": 9020, "championPointsSinceLastLevel": 3020, "playerId": 21841, "championPointsUntilNextLevel": 3580, "tokensEarned": 0, "championId": 202, "lastPlayTime": 1464165166000}, {"championLevel": 3, "chestGranted": true, "championPoints": 8909, "championPointsSinceLastLevel": 2909, "playerId": 21841, "championPointsUntilNextLevel": 3691, "tokensEarned": 0, "championId": 143, "lastPlayTime": 1459582102000}, {"championLevel": 3, "chestGranted": false, "championPoints": 7874, "championPointsSinceLastLevel": 1874, "playerId": 21841, "championPointsUntilNextLevel": 4726, "tokensEarned": 0, "championId": 81, "lastPlayTime": 1464328537000}, {"championLevel": 3, "chestGranted": true, "championPoints": 7428, "championPointsSinceLastLevel": 1428, "playerId": 21841, "championPointsUntilNextLevel": 5172, "tokensEarned": 0, "championId": 110, "lastPlayTime": 1460016531000}, {"championLevel": 3, "chestGranted": false, "championPoints": 6627, "championPointsSinceLastLevel": 627, "playerId": 21841, "championPointsUntilNextLevel": 5973, "tokensEarned": 0, "championId": 42, "lastPlayTime": 1460958770000}, {"championLevel": 3, "chestGranted": false, "championPoints": 6132, "championPointsSinceLastLevel": 132, "playerId": 21841, "championPointsUntilNextLevel": 6468, "tokensEarned": 0, "championId": 76, "lastPlayTime": 1460702496000}, {"championLevel": 2, "chestGranted": false, "championPoints": 5811, "championPointsSinceLastLevel": 4011, "playerId": 21841, "championPointsUntilNextLevel": 189, "tokensEarned": 0, "championId": 238, "lastPlayTime": 1458883697000}, {"championLevel": 2, "chestGranted": false, "championPoints": 5035, "championPointsSinceLastLevel": 3235, "playerId": 21841, "championPointsUntilNextLevel": 965, "tokensEarned": 0, "championId": 43, "lastPlayTime": 1462769404000}, {"championLevel": 2, "chestGranted": false, "championPoints": 4708, "championPointsSinceLastLevel": 2908, "playerId": 21841, "championPointsUntilNextLevel": 1292, "tokensEarned": 0, "championId": 4, "lastPlayTime": 1460950731000}, {"championLevel": 2, "chestGranted": false, "championPoints": 3916, "championPointsSinceLastLevel": 2116, "playerId": 21841, "championPointsUntilNextLevel": 2084, "tokensEarned": 0, "championId": 268, "lastPlayTime": 1460934828000}, {"championLevel": 2, "chestGranted": false, "championPoints": 3378, "championPointsSinceLastLevel": 1578, "playerId": 21841, "championPointsUntilNextLevel": 2622, "tokensEarned": 0, "championId": 79, "lastPlayTime": 1460514824000}, {"championLevel": 2, "chestGranted": false, "championPoints": 3156, "championPointsSinceLastLevel": 1356, "playerId": 21841, "championPointsUntilNextLevel": 2844, "tokensEarned": 0, "championId": 111, "lastPlayTime": 1460955832000}, {"championLevel": 2, "chestGranted": false, "championPoints": 2873, "championPointsSinceLastLevel": 1073, "playerId": 21841, "championPointsUntilNextLevel": 3127, "tokensEarned": 0, "championId": 37, "lastPlayTime": 1460014176000}, {"championLevel": 2, "chestGranted": true, "championPoints": 2503, "championPointsSinceLastLevel": 703, "playerId": 21841, "championPointsUntilNextLevel": 3497, "tokensEarned": 0, "championId": 22, "lastPlayTime": 1460097727000}, {"championLevel": 2, "chestGranted": true, "championPoints": 2371, "championPointsSinceLastLevel": 571, "playerId": 21841, "championPointsUntilNextLevel": 3629, "tokensEarned": 0, "championId": 51, "lastPlayTime": 1460704888000}, {"championLevel": 2, "chestGranted": false, "championPoints": 1936, "championPointsSinceLastLevel": 136, "playerId": 21841, "championPointsUntilNextLevel": 4064, "tokensEarned": 0, "championId": 92, "lastPlayTime": 1459750633000}, {"championLevel": 2, "chestGranted": false, "championPoints": 1923, "championPointsSinceLastLevel": 123, "playerId": 21841, "championPointsUntilNextLevel": 4077, "tokensEarned": 0, "championId": 67, "lastPlayTime": 1459992732000}, {"championLevel": 1, "chestGranted": false, "championPoints": 1652, "championPointsSinceLastLevel": 1652, "playerId": 21841, "championPointsUntilNextLevel": 148, "tokensEarned": 0, "championId": 105, "lastPlayTime": 1462938634000}, {"championLevel": 1, "chestGranted": false, "championPoints": 1601, "championPointsSinceLastLevel": 1601, "playerId": 21841, "championPointsUntilNextLevel": 199, "tokensEarned": 0, "championId": 53, "lastPlayTime": 1462944591000}, {"championLevel": 1, "chestGranted": false, "championPoints": 1493, "championPointsSinceLastLevel": 1493, "playerId": 21841, "championPointsUntilNextLevel": 307, "tokensEarned": 0, "championId": 122, "lastPlayTime": 1459602981000}, {"championLevel": 1, "chestGranted": false, "championPoints": 1372, "championPointsSinceLastLevel": 1372, "playerId": 21841, "championPointsUntilNextLevel": 428, "tokensEarned": 0, "championId": 8, "lastPlayTime": 1451280647000}, {"championLevel": 1, "chestGranted": false, "championPoints": 1365, "championPointsSinceLastLevel": 1365, "playerId": 21841, "championPointsUntilNextLevel": 435, "tokensEarned": 0, "championId": 40, "lastPlayTime": 1462656672000}, {"championLevel": 1, "chestGranted": false, "championPoints": 1307, "championPointsSinceLastLevel": 1307, "playerId": 21841, "championPointsUntilNextLevel": 493, "tokensEarned": 0, "championId": 29, "lastPlayTime": 1463635737000}, {"championLevel": 1, "chestGranted": false, "championPoints": 1230, "championPointsSinceLastLevel": 1230, "playerId": 21841, "championPointsUntilNextLevel": 570, "tokensEarned": 0, "championId": 1, "lastPlayTime": 1451370269000}, {"championLevel": 1, "chestGranted": false, "championPoints": 1075, "championPointsSinceLastLevel": 1075, "playerId": 21841, "championPointsUntilNextLevel": 725, "tokensEarned": 0, "championId": 96, "lastPlayTime": 1451372578000}, {"championLevel": 1, "chestGranted": false, "championPoints": 687, "championPointsSinceLastLevel": 687, "playerId": 21841, "championPointsUntilNextLevel": 1113, "tokensEarned": 0, "championId": 82, "lastPlayTime": 1460354140000}, {"championLevel": 1, "chestGranted": false, "championPoints": 510, "championPointsSinceLastLevel": 510, "playerId": 21841, "championPointsUntilNextLevel": 1290, "tokensEarned": 0, "championId": 64, "lastPlayTime": 1460020068000}, {"championLevel": 1, "chestGranted": false, "championPoints": 442, "championPointsSinceLastLevel": 442, "playerId": 21841, "championPointsUntilNextLevel": 1358, "tokensEarned": 0, "championId": 11, "lastPlayTime": 1437011913000}, {"championLevel": 1, "chestGranted": false, "championPoints": 300, "championPointsSinceLastLevel": 300, "playerId": 21841, "championPointsUntilNextLevel": 1500, "tokensEarned": 0, "championId": 7, "lastPlayTime": 1451961836000}, {"championLevel": 1, "chestGranted": false, "championPoints": 243, "championPointsSinceLastLevel": 243, "playerId": 21841, "championPointsUntilNextLevel": 1557, "tokensEarned": 0, "championId": 84, "lastPlayTime": 1462941735000}, {"championLevel": 1, "chestGranted": false, "championPoints": 231, "championPointsSinceLastLevel": 231, "playerId": 21841, "championPointsUntilNextLevel": 1569, "tokensEarned": 0, "championId": 121, "lastPlayTime": 1459753532000}, {"championLevel": 1, "chestGranted": false, "championPoints": 222, "championPointsSinceLastLevel": 222, "playerId": 21841, "championPointsUntilNextLevel": 1578, "tokensEarned": 0, "championId": 68, "lastPlayTime": 1435289055000}, {"championLevel": 1, "chestGranted": false, "championPoints": 175, "championPointsSinceLastLevel": 175, "playerId": 21841, "championPointsUntilNextLevel": 1625, "tokensEarned": 0, "championId": 103, "lastPlayTime": 1451362251000}, {"championLevel": 1, "chestGranted": false, "championPoints": 162, "championPointsSinceLastLevel": 162, "playerId": 21841, "championPointsUntilNextLevel": 1638, "tokensEarned": 0, "championId": 99, "lastPlayTime": 1451522896000}, {"championLevel": 1, "chestGranted": false, "championPoints": 156, "championPointsSinceLastLevel": 156, "playerId": 21841, "championPointsUntilNextLevel": 1644, "tokensEarned": 0, "championId": 136, "lastPlayTime": 1460099914000}, {"championLevel": 1, "chestGranted": false, "championPoints": 124, "championPointsSinceLastLevel": 124, "playerId": 21841, "championPointsUntilNextLevel": 1676, "tokensEarned": 0, "championId": 80, "lastPlayTime": 1460352829000}]