[{"championLevel": 5, "chestGranted": false, "championPoints": 93431, "championPointsSinceLastLevel": 71831, "playerId": 21842, "championPointsUntilNextLevel": 0, "tokensEarned": 0, "championId": 4, "lastPlayTime": 1467830475000}, {"championLevel": 5, "chestGranted": true, "championPoints": 48443, "championPointsSinceLastLevel": 26843, "playerId": 21842, "championPointsUntilNextLevel": 0, "tokensEarned": 2, "championId": 131, "lastPlayTime": 1467915667000}, {"championLevel": 6, "chestGranted": true, "championPoints": 48084, "championPointsSinceLastLevel": 26484, "playerId": 21842, "championPointsUntilNextLevel": 0, "tokensEarned": 0, "championId": 7, "lastPlayTime": 1467398631000}, {"championLevel": 5, "chestGranted": true, "championPoints": 44764, "championPointsSinceLastLevel": 23164, "playerId": 21842, "championPointsUntilNextLevel": 0, "tokensEarned": 0, "championId": 76, "lastPlayTime": 1467138582000}, {"championLevel": 5, "chestGranted": true, "championPoints": 43416, "championPointsSinceLastLevel": 21816, "playerId": 21842, "championPointsUntilNextLevel": 0, "tokensEarned": 0, "championId": 37, "lastPlayTime": 1461067556000}, {"championLevel": 6, "chestGranted": true, "championPoints": 42049, "championPointsSinceLastLevel": 20449, "playerId": 21842, "championPointsUntilNextLevel": 0, "tokensEarned": 1, "championId": 39, "lastPlayTime": 1468983080000}, {"championLevel": 4, "chestGranted": true, "championPoints": 21031, "championPointsSinceLastLevel": 8431, "playerId": 21842, "championPointsUntilNextLevel": 569, "tokensEarned": 0, "championId": 81, "lastPlayTime": 1466635175000}, {"championLevel": 4, "chestGranted": false, "championPoints": 17963, "championPointsSinceLastLevel": 5363, "playerId": 21842, "championPointsUntilNextLevel": 3637, "tokensEarned": 0, "championId": 67, "lastPlayTime": 1460744046000}, {"championLevel": 4, "chestGranted": true, "championPoints": 16041, "championPointsSinceLastLevel": 3441, "playerId": 21842, "championPointsUntilNextLevel": 5559, "tokensEarned": 0, "championId": 53, "lastPlayTime": 1468967900000}, {"championLevel": 4, "chestGranted": false, "championPoints": 14715, "championPointsSinceLastLevel": 2115, "playerId": 21842, "championPointsUntilNextLevel": 6885, "tokensEarned": 0, "championId": 222, "lastPlayTime": 1450792547000}, {"championLevel": 4, "chestGranted": false, "championPoints": 14356, "championPointsSinceLastLevel": 1756, "playerId": 21842, "championPointsUntilNextLevel": 7244, "tokensEarned": 0, "championId": 107, "lastPlayTime": 1464198369000}, {"championLevel": 3, "chestGranted": true, "championPoints": 12103, "championPointsSinceLastLevel": 6103, "playerId": 21842, "championPointsUntilNextLevel": 497, "tokensEarned": 0, "championId": 51, "lastPlayTime": 1460482730000}, {"championLevel": 3, "chestGranted": false, "championPoints": 11566, "championPointsSinceLastLevel": 5566, "playerId": 21842, "championPointsUntilNextLevel": 1034, "tokensEarned": 0, "championId": 89, "lastPlayTime": 1465857899000}, {"championLevel": 3, "chestGranted": false, "championPoints": 11293, "championPointsSinceLastLevel": 5293, "playerId": 21842, "championPointsUntilNextLevel": 1307, "tokensEarned": 0, "championId": 91, "lastPlayTime": 1457028051000}, {"championLevel": 3, "chestGranted": false, "championPoints": 6720, "championPointsSinceLastLevel": 720, "playerId": 21842, "championPointsUntilNextLevel": 5880, "tokensEarned": 0, "championId": 22, "lastPlayTime": 1450122546000}, {"championLevel": 2, "chestGranted": false, "championPoints": 5516, "championPointsSinceLastLevel": 3716, "playerId": 21842, "championPointsUntilNextLevel": 484, "tokensEarned": 0, "championId": 122, "lastPlayTime": 1444266265000}, {"championLevel": 2, "chestGranted": true, "championPoints": 5065, "championPointsSinceLastLevel": 3265, "playerId": 21842, "championPointsUntilNextLevel": 935, "tokensEarned": 0, "championId": 103, "lastPlayTime": 1461777731000}, {"championLevel": 2, "chestGranted": false, "championPoints": 4767, "championPointsSinceLastLevel": 2967, "playerId": 21842, "championPointsUntilNextLevel": 1233, "tokensEarned": 0, "championId": 110, "lastPlayTime": 1466534981000}, {"championLevel": 2, "chestGranted": false, "championPoints": 4261, "championPointsSinceLastLevel": 2461, "playerId": 21842, "championPointsUntilNextLevel": 1739, "tokensEarned": 0, "championId": 99, "lastPlayTime": 1460994674000}, {"championLevel": 2, "chestGranted": false, "championPoints": 3896, "championPointsSinceLastLevel": 2096, "playerId": 21842, "championPointsUntilNextLevel": 2104, "tokensEarned": 0, "championId": 55, "lastPlayTime": 1467744096000}, {"championLevel": 2, "chestGranted": true, "championPoints": 3140, "championPointsSinceLastLevel": 1340, "playerId": 21842, "championPointsUntilNextLevel": 2860, "tokensEarned": 0, "championId": 127, "lastPlayTime": 1468867691000}, {"championLevel": 2, "chestGranted": false, "championPoints": 2965, "championPointsSinceLastLevel": 1165, "playerId": 21842, "championPointsUntilNextLevel": 3035, "tokensEarned": 0, "championId": 64, "lastPlayTime": 1467657187000}, {"championLevel": 2, "chestGranted": false, "championPoints": 2704, "championPointsSinceLastLevel": 904, "playerId": 21842, "championPointsUntilNextLevel": 3296, "tokensEarned": 0, "championId": 104, "lastPlayTime": 1443204769000}, {"championLevel": 2, "chestGranted": false, "championPoints": 2439, "championPointsSinceLastLevel": 639, "playerId": 21842, "championPointsUntilNextLevel": 3561, "tokensEarned": 0, "championId": 45, "lastPlayTime": 1460753469000}, {"championLevel": 2, "chestGranted": false, "championPoints": 1867, "championPointsSinceLastLevel": 67, "playerId": 21842, "championPointsUntilNextLevel": 4133, "tokensEarned": 0, "championId": 105, "lastPlayTime": 1440514822000}, {"championLevel": 1, "chestGranted": false, "championPoints": 1562, "championPointsSinceLastLevel": 1562, "playerId": 21842, "championPointsUntilNextLevel": 238, "tokensEarned": 0, "championId": 21, "lastPlayTime": 1444410297000}, {"championLevel": 1, "chestGranted": false, "championPoints": 1361, "championPointsSinceLastLevel": 1361, "playerId": 21842, "championPointsUntilNextLevel": 439, "tokensEarned": 0, "championId": 20, "lastPlayTime": 1440087273000}, {"championLevel": 1, "chestGranted": false, "championPoints": 1357, "championPointsSinceLastLevel": 1357, "playerId": 21842, "championPointsUntilNextLevel": 443, "tokensEarned": 0, "championId": 60, "lastPlayTime": 1446142418000}, {"championLevel": 1, "chestGranted": false, "championPoints": 1345, "championPointsSinceLastLevel": 1345, "playerId": 21842, "championPointsUntilNextLevel": 455, "tokensEarned": 0, "championId": 266, "lastPlayTime": 1440092543000}, {"championLevel": 1, "chestGranted": false, "championPoints": 1334, "championPointsSinceLastLevel": 1334, "playerId": 21842, "championPointsUntilNextLevel": 466, "tokensEarned": 0, "championId": 75, "lastPlayTime": 1466200619000}, {"championLevel": 1, "chestGranted": false, "championPoints": 1154, "championPointsSinceLastLevel": 1154, "playerId": 21842, "championPointsUntilNextLevel": 646, "tokensEarned": 0, "championId": 119, "lastPlayTime": 1443118245000}, {"championLevel": 1, "chestGranted": false, "championPoints": 1140, "championPointsSinceLastLevel": 1140, "playerId": 21842, "championPointsUntilNextLevel": 660, "tokensEarned": 0, "championId": 1, "lastPlayTime": 1440438592000}, {"championLevel": 1, "chestGranted": false, "championPoints": 554, "championPointsSinceLastLevel": 554, "playerId": 21842, "championPointsUntilNextLevel": 1246, "tokensEarned": 0, "championId": 54, "lastPlayTime": 1460121388000}, {"championLevel": 1, "chestGranted": false, "championPoints": 463, "championPointsSinceLastLevel": 463, "playerId": 21842, "championPointsUntilNextLevel": 1337, "tokensEarned": 0, "championId": 32, "lastPlayTime": 1446744151000}, {"championLevel": 1, "chestGranted": false, "championPoints": 346, "championPointsSinceLastLevel": 346, "playerId": 21842, "championPointsUntilNextLevel": 1454, "tokensEarned": 0, "championId": 157, "lastPlayTime": 1442341122000}, {"championLevel": 1, "chestGranted": false, "championPoints": 321, "championPointsSinceLastLevel": 321, "playerId": 21842, "championPointsUntilNextLevel": 1479, "tokensEarned": 0, "championId": 24, "lastPlayTime": 1446033720000}, {"championLevel": 1, "chestGranted": false, "championPoints": 161, "championPointsSinceLastLevel": 161, "playerId": 21842, "championPointsUntilNextLevel": 1639, "tokensEarned": 0, "championId": 115, "lastPlayTime": 1445533398000}, {"championLevel": 1, "chestGranted": false, "championPoints": 134, "championPointsSinceLastLevel": 134, "playerId": 21842, "championPointsUntilNextLevel": 1666, "tokensEarned": 0, "championId": 254, "lastPlayTime": 1452620022000}]