[{"championLevel": 2, "chestGranted": false, "championPoints": 3206, "championPointsSinceLastLevel": 1406, "playerId": 21856, "championPointsUntilNextLevel": 2794, "tokensEarned": 0, "championId": 17, "lastPlayTime": 1464971600000}, {"championLevel": 2, "chestGranted": false, "championPoints": 2546, "championPointsSinceLastLevel": 746, "playerId": 21856, "championPointsUntilNextLevel": 3454, "tokensEarned": 0, "championId": 99, "lastPlayTime": 1464976716000}, {"championLevel": 2, "chestGranted": false, "championPoints": 1907, "championPointsSinceLastLevel": 107, "playerId": 21856, "championPointsUntilNextLevel": 4093, "tokensEarned": 0, "championId": 222, "lastPlayTime": 1462835260000}, {"championLevel": 2, "chestGranted": false, "championPoints": 1867, "championPointsSinceLastLevel": 67, "playerId": 21856, "championPointsUntilNextLevel": 4133, "tokensEarned": 0, "championId": 36, "lastPlayTime": 1444066154000}, {"championLevel": 1, "chestGranted": true, "championPoints": 1773, "championPointsSinceLastLevel": 1773, "playerId": 21856, "championPointsUntilNextLevel": 27, "tokensEarned": 0, "championId": 104, "lastPlayTime": 1463626690000}, {"championLevel": 1, "chestGranted": false, "championPoints": 1748, "championPointsSinceLastLevel": 1748, "playerId": 21856, "championPointsUntilNextLevel": 52, "tokensEarned": 0, "championId": 101, "lastPlayTime": 1462728660000}, {"championLevel": 1, "chestGranted": false, "championPoints": 1618, "championPointsSinceLastLevel": 1618, "playerId": 21856, "championPointsUntilNextLevel": 182, "tokensEarned": 0, "championId": 21, "lastPlayTime": 1464979969000}, {"championLevel": 1, "chestGranted": true, "championPoints": 1503, "championPointsSinceLastLevel": 1503, "playerId": 21856, "championPointsUntilNextLevel": 297, "tokensEarned": 0, "championId": 64, "lastPlayTime": 1463632788000}, {"championLevel": 1, "chestGranted": false, "championPoints": 1410, "championPointsSinceLastLevel": 1410, "playerId": 21856, "championPointsUntilNextLevel": 390, "tokensEarned": 0, "championId": 25, "lastPlayTime": 1453759290000}, {"championLevel": 1, "chestGranted": false, "championPoints": 1390, "championPointsSinceLastLevel": 1390, "playerId": 21856, "championPointsUntilNextLevel": 410, "tokensEarned": 0, "championId": 53, "lastPlayTime": 1460130635000}, {"championLevel": 1, "chestGranted": false, "championPoints": 1286, "championPointsSinceLastLevel": 1286, "playerId": 21856, "championPointsUntilNextLevel": 514, "tokensEarned": 0, "championId": 61, "lastPlayTime": 1446153659000}, {"championLevel": 1, "chestGranted": false, "championPoints": 1265, "championPointsSinceLastLevel": 1265, "playerId": 21856, "championPointsUntilNextLevel": 535, "tokensEarned": 0, "championId": 51, "lastPlayTime": 1446084645000}, {"championLevel": 1, "chestGranted": false, "championPoints": 1220, "championPointsSinceLastLevel": 1220, "playerId": 21856, "championPointsUntilNextLevel": 580, "tokensEarned": 0, "championId": 267, "lastPlayTime": 1464978221000}, {"championLevel": 1, "chestGranted": false, "championPoints": 1192, "championPointsSinceLastLevel": 1192, "playerId": 21856, "championPointsUntilNextLevel": 608, "tokensEarned": 0, "championId": 39, "lastPlayTime": 1462831477000}, {"championLevel": 1, "chestGranted": false, "championPoints": 1181, "championPointsSinceLastLevel": 1181, "playerId": 21856, "championPointsUntilNextLevel": 619, "tokensEarned": 0, "championId": 16, "lastPlayTime": 1464973143000}, {"championLevel": 1, "chestGranted": false, "championPoints": 916, "championPointsSinceLastLevel": 916, "playerId": 21856, "championPointsUntilNextLevel": 884, "tokensEarned": 0, "championId": 412, "lastPlayTime": 1463426403000}, {"championLevel": 1, "chestGranted": false, "championPoints": 859, "championPointsSinceLastLevel": 859, "playerId": 21856, "championPointsUntilNextLevel": 941, "tokensEarned": 0, "championId": 37, "lastPlayTime": 1464974790000}, {"championLevel": 1, "chestGranted": false, "championPoints": 817, "championPointsSinceLastLevel": 817, "playerId": 21856, "championPointsUntilNextLevel": 983, "tokensEarned": 0, "championId": 15, "lastPlayTime": 1460947054000}, {"championLevel": 1, "chestGranted": false, "championPoints": 518, "championPointsSinceLastLevel": 518, "playerId": 21856, "championPointsUntilNextLevel": 1282, "tokensEarned": 0, "championId": 29, "lastPlayTime": 1464981904000}, {"championLevel": 1, "chestGranted": false, "championPoints": 488, "championPointsSinceLastLevel": 488, "playerId": 21856, "championPointsUntilNextLevel": 1312, "tokensEarned": 0, "championId": 30, "lastPlayTime": 1464968708000}, {"championLevel": 1, "chestGranted": false, "championPoints": 412, "championPointsSinceLastLevel": 412, "playerId": 21856, "championPointsUntilNextLevel": 1388, "tokensEarned": 0, "championId": 150, "lastPlayTime": 1462838786000}, {"championLevel": 1, "chestGranted": false, "championPoints": 357, "championPointsSinceLastLevel": 357, "playerId": 21856, "championPointsUntilNextLevel": 1443, "tokensEarned": 0, "championId": 67, "lastPlayTime": 1464651030000}, {"championLevel": 1, "chestGranted": false, "championPoints": 341, "championPointsSinceLastLevel": 341, "playerId": 21856, "championPointsUntilNextLevel": 1459, "tokensEarned": 0, "championId": 81, "lastPlayTime": 1462841646000}, {"championLevel": 1, "chestGranted": false, "championPoints": 231, "championPointsSinceLastLevel": 231, "playerId": 21856, "championPointsUntilNextLevel": 1569, "tokensEarned": 0, "championId": 80, "lastPlayTime": 1434924938000}, {"championLevel": 1, "chestGranted": false, "championPoints": 218, "championPointsSinceLastLevel": 218, "playerId": 21856, "championPointsUntilNextLevel": 1582, "tokensEarned": 0, "championId": 236, "lastPlayTime": 1464649505000}, {"championLevel": 1, "chestGranted": false, "championPoints": 208, "championPointsSinceLastLevel": 208, "playerId": 21856, "championPointsUntilNextLevel": 1592, "tokensEarned": 0, "championId": 22, "lastPlayTime": 1443242469000}, {"championLevel": 1, "chestGranted": false, "championPoints": 189, "championPointsSinceLastLevel": 189, "playerId": 21856, "championPointsUntilNextLevel": 1611, "tokensEarned": 0, "championId": 55, "lastPlayTime": 1465491668000}, {"championLevel": 1, "chestGranted": false, "championPoints": 176, "championPointsSinceLastLevel": 176, "playerId": 21856, "championPointsUntilNextLevel": 1624, "tokensEarned": 0, "championId": 24, "lastPlayTime": 1460078189000}, {"championLevel": 1, "chestGranted": false, "championPoints": 174, "championPointsSinceLastLevel": 174, "playerId": 21856, "championPointsUntilNextLevel": 1626, "tokensEarned": 0, "championId": 96, "lastPlayTime": 1458612177000}]