[{"championLevel": 5, "chestGranted": false, "championPoints": 29580, "championPointsSinceLastLevel": 7980, "playerId": 21858, "championPointsUntilNextLevel": 0, "tokensEarned": 0, "championId": 38, "lastPlayTime": 1451796719000}, {"championLevel": 3, "chestGranted": false, "championPoints": 11693, "championPointsSinceLastLevel": 5693, "playerId": 21858, "championPointsUntilNextLevel": 907, "tokensEarned": 0, "championId": 20, "lastPlayTime": 1448298077000}, {"championLevel": 3, "chestGranted": false, "championPoints": 7449, "championPointsSinceLastLevel": 1449, "playerId": 21858, "championPointsUntilNextLevel": 5151, "tokensEarned": 0, "championId": 18, "lastPlayTime": 1449683570000}, {"championLevel": 3, "chestGranted": false, "championPoints": 6476, "championPointsSinceLastLevel": 476, "playerId": 21858, "championPointsUntilNextLevel": 6124, "tokensEarned": 0, "championId": 5, "lastPlayTime": 1450849890000}, {"championLevel": 2, "chestGranted": false, "championPoints": 5962, "championPointsSinceLastLevel": 4162, "playerId": 21858, "championPointsUntilNextLevel": 38, "tokensEarned": 0, "championId": 104, "lastPlayTime": 1449373197000}, {"championLevel": 2, "chestGranted": false, "championPoints": 4519, "championPointsSinceLastLevel": 2719, "playerId": 21858, "championPointsUntilNextLevel": 1481, "tokensEarned": 0, "championId": 51, "lastPlayTime": 1449364633000}, {"championLevel": 2, "chestGranted": false, "championPoints": 4008, "championPointsSinceLastLevel": 2208, "playerId": 21858, "championPointsUntilNextLevel": 1992, "tokensEarned": 0, "championId": 80, "lastPlayTime": 1456951168000}, {"championLevel": 2, "chestGranted": false, "championPoints": 3674, "championPointsSinceLastLevel": 1874, "playerId": 21858, "championPointsUntilNextLevel": 2326, "tokensEarned": 0, "championId": 24, "lastPlayTime": 1447302995000}, {"championLevel": 2, "chestGranted": false, "championPoints": 2897, "championPointsSinceLastLevel": 1097, "playerId": 21858, "championPointsUntilNextLevel": 3103, "tokensEarned": 0, "championId": 222, "lastPlayTime": 1446157508000}, {"championLevel": 2, "chestGranted": false, "championPoints": 2856, "championPointsSinceLastLevel": 1056, "playerId": 21858, "championPointsUntilNextLevel": 3144, "tokensEarned": 0, "championId": 17, "lastPlayTime": 1450847375000}, {"championLevel": 2, "chestGranted": false, "championPoints": 2801, "championPointsSinceLastLevel": 1001, "playerId": 21858, "championPointsUntilNextLevel": 3199, "tokensEarned": 0, "championId": 14, "lastPlayTime": 1451799190000}, {"championLevel": 2, "chestGranted": false, "championPoints": 2699, "championPointsSinceLastLevel": 899, "playerId": 21858, "championPointsUntilNextLevel": 3301, "tokensEarned": 0, "championId": 12, "lastPlayTime": 1446256279000}, {"championLevel": 2, "chestGranted": false, "championPoints": 2685, "championPointsSinceLastLevel": 885, "playerId": 21858, "championPointsUntilNextLevel": 3315, "tokensEarned": 0, "championId": 8, "lastPlayTime": 1450843847000}, {"championLevel": 2, "chestGranted": false, "championPoints": 2636, "championPointsSinceLastLevel": 836, "playerId": 21858, "championPointsUntilNextLevel": 3364, "tokensEarned": 0, "championId": 117, "lastPlayTime": 1445982884000}, {"championLevel": 2, "chestGranted": false, "championPoints": 2348, "championPointsSinceLastLevel": 548, "playerId": 21858, "championPointsUntilNextLevel": 3652, "tokensEarned": 0, "championId": 131, "lastPlayTime": 1447205459000}, {"championLevel": 2, "chestGranted": false, "championPoints": 2172, "championPointsSinceLastLevel": 372, "playerId": 21858, "championPointsUntilNextLevel": 3828, "tokensEarned": 0, "championId": 268, "lastPlayTime": 1450840024000}, {"championLevel": 2, "chestGranted": false, "championPoints": 2164, "championPointsSinceLastLevel": 364, "playerId": 21858, "championPointsUntilNextLevel": 3836, "tokensEarned": 0, "championId": 57, "lastPlayTime": 1433828448000}, {"championLevel": 2, "chestGranted": false, "championPoints": 2066, "championPointsSinceLastLevel": 266, "playerId": 21858, "championPointsUntilNextLevel": 3934, "tokensEarned": 0, "championId": 143, "lastPlayTime": 1449676597000}, {"championLevel": 1, "chestGranted": false, "championPoints": 1686, "championPointsSinceLastLevel": 1686, "playerId": 21858, "championPointsUntilNextLevel": 114, "tokensEarned": 0, "championId": 10, "lastPlayTime": 1450934761000}, {"championLevel": 1, "chestGranted": false, "championPoints": 1669, "championPointsSinceLastLevel": 1669, "playerId": 21858, "championPointsUntilNextLevel": 131, "tokensEarned": 0, "championId": 254, "lastPlayTime": 1447373492000}, {"championLevel": 1, "chestGranted": false, "championPoints": 1606, "championPointsSinceLastLevel": 1606, "playerId": 21858, "championPointsUntilNextLevel": 194, "tokensEarned": 0, "championId": 67, "lastPlayTime": 1447359505000}, {"championLevel": 1, "chestGranted": false, "championPoints": 1573, "championPointsSinceLastLevel": 1573, "playerId": 21858, "championPointsUntilNextLevel": 227, "tokensEarned": 0, "championId": 77, "lastPlayTime": 1450763838000}, {"championLevel": 1, "chestGranted": false, "championPoints": 1467, "championPointsSinceLastLevel": 1467, "playerId": 21858, "championPointsUntilNextLevel": 333, "tokensEarned": 0, "championId": 96, "lastPlayTime": 1447569294000}, {"championLevel": 1, "chestGranted": false, "championPoints": 1404, "championPointsSinceLastLevel": 1404, "playerId": 21858, "championPointsUntilNextLevel": 396, "tokensEarned": 0, "championId": 59, "lastPlayTime": 1450900643000}, {"championLevel": 1, "chestGranted": false, "championPoints": 1378, "championPointsSinceLastLevel": 1378, "playerId": 21858, "championPointsUntilNextLevel": 422, "tokensEarned": 0, "championId": 11, "lastPlayTime": 1447300942000}, {"championLevel": 1, "chestGranted": false, "championPoints": 1365, "championPointsSinceLastLevel": 1365, "playerId": 21858, "championPointsUntilNextLevel": 435, "tokensEarned": 0, "championId": 28, "lastPlayTime": 1447531996000}, {"championLevel": 1, "chestGranted": false, "championPoints": 1340, "championPointsSinceLastLevel": 1340, "playerId": 21858, "championPointsUntilNextLevel": 460, "tokensEarned": 0, "championId": 429, "lastPlayTime": 1450141089000}, {"championLevel": 1, "chestGranted": false, "championPoints": 1337, "championPointsSinceLastLevel": 1337, "playerId": 21858, "championPointsUntilNextLevel": 463, "tokensEarned": 0, "championId": 266, "lastPlayTime": 1450766172000}, {"championLevel": 1, "chestGranted": false, "championPoints": 1328, "championPointsSinceLastLevel": 1328, "playerId": 21858, "championPointsUntilNextLevel": 472, "tokensEarned": 0, "championId": 40, "lastPlayTime": 1447354008000}, {"championLevel": 1, "chestGranted": false, "championPoints": 1212, "championPointsSinceLastLevel": 1212, "playerId": 21858, "championPointsUntilNextLevel": 588, "tokensEarned": 0, "championId": 48, "lastPlayTime": 1448376384000}, {"championLevel": 1, "chestGranted": true, "championPoints": 1065, "championPointsSinceLastLevel": 1065, "playerId": 21858, "championPointsUntilNextLevel": 735, "tokensEarned": 0, "championId": 41, "lastPlayTime": 1466054959000}, {"championLevel": 1, "chestGranted": false, "championPoints": 995, "championPointsSinceLastLevel": 995, "playerId": 21858, "championPointsUntilNextLevel": 805, "tokensEarned": 0, "championId": 236, "lastPlayTime": 1449370833000}, {"championLevel": 1, "chestGranted": false, "championPoints": 917, "championPointsSinceLastLevel": 917, "playerId": 21858, "championPointsUntilNextLevel": 883, "tokensEarned": 0, "championId": 29, "lastPlayTime": 1449793343000}, {"championLevel": 1, "chestGranted": false, "championPoints": 836, "championPointsSinceLastLevel": 836, "playerId": 21858, "championPointsUntilNextLevel": 964, "tokensEarned": 0, "championId": 30, "lastPlayTime": 1467498610000}, {"championLevel": 1, "chestGranted": false, "championPoints": 497, "championPointsSinceLastLevel": 497, "playerId": 21858, "championPointsUntilNextLevel": 1303, "tokensEarned": 0, "championId": 56, "lastPlayTime": 1448329880000}, {"championLevel": 1, "chestGranted": false, "championPoints": 411, "championPointsSinceLastLevel": 411, "playerId": 21858, "championPointsUntilNextLevel": 1389, "tokensEarned": 0, "championId": 6, "lastPlayTime": 1447560655000}, {"championLevel": 1, "chestGranted": false, "championPoints": 348, "championPointsSinceLastLevel": 348, "playerId": 21858, "championPointsUntilNextLevel": 1452, "tokensEarned": 0, "championId": 157, "lastPlayTime": 1467491531000}, {"championLevel": 1, "chestGranted": false, "championPoints": 273, "championPointsSinceLastLevel": 273, "playerId": 21858, "championPointsUntilNextLevel": 1527, "tokensEarned": 0, "championId": 15, "lastPlayTime": 1447483358000}, {"championLevel": 1, "chestGranted": false, "championPoints": 272, "championPointsSinceLastLevel": 272, "playerId": 21858, "championPointsUntilNextLevel": 1528, "tokensEarned": 0, "championId": 43, "lastPlayTime": 1432077398000}, {"championLevel": 1, "chestGranted": false, "championPoints": 235, "championPointsSinceLastLevel": 235, "playerId": 21858, "championPointsUntilNextLevel": 1565, "tokensEarned": 0, "championId": 83, "lastPlayTime": 1450855237000}, {"championLevel": 1, "chestGranted": false, "championPoints": 233, "championPointsSinceLastLevel": 233, "playerId": 21858, "championPointsUntilNextLevel": 1567, "tokensEarned": 0, "championId": 107, "lastPlayTime": 1462651061000}, {"championLevel": 1, "chestGranted": false, "championPoints": 208, "championPointsSinceLastLevel": 208, "playerId": 21858, "championPointsUntilNextLevel": 1592, "tokensEarned": 0, "championId": 54, "lastPlayTime": 1433815004000}, {"championLevel": 1, "chestGranted": true, "championPoints": 203, "championPointsSinceLastLevel": 203, "playerId": 21858, "championPointsUntilNextLevel": 1597, "tokensEarned": 0, "championId": 134, "lastPlayTime": 1467500774000}, {"championLevel": 1, "chestGranted": false, "championPoints": 190, "championPointsSinceLastLevel": 190, "playerId": 21858, "championPointsUntilNextLevel": 1610, "tokensEarned": 0, "championId": 31, "lastPlayTime": 1450852388000}, {"championLevel": 1, "chestGranted": false, "championPoints": 177, "championPointsSinceLastLevel": 177, "playerId": 21858, "championPointsUntilNextLevel": 1623, "tokensEarned": 0, "championId": 82, "lastPlayTime": 1445988641000}, {"championLevel": 1, "chestGranted": false, "championPoints": 174, "championPointsSinceLastLevel": 174, "playerId": 21858, "championPointsUntilNextLevel": 1626, "tokensEarned": 0, "championId": 81, "lastPlayTime": 1432222488000}, {"championLevel": 1, "chestGranted": false, "championPoints": 171, "championPointsSinceLastLevel": 171, "playerId": 21858, "championPointsUntilNextLevel": 1629, "tokensEarned": 0, "championId": 2, "lastPlayTime": 1450936674000}, {"championLevel": 1, "chestGranted": false, "championPoints": 148, "championPointsSinceLastLevel": 148, "playerId": 21858, "championPointsUntilNextLevel": 1652, "tokensEarned": 0, "championId": 42, "lastPlayTime": 1467493268000}, {"championLevel": 1, "chestGranted": false, "championPoints": 120, "championPointsSinceLastLevel": 120, "playerId": 21858, "championPointsUntilNextLevel": 1680, "tokensEarned": 0, "championId": 13, "lastPlayTime": 1467489655000}]