[{"championLevel": 5, "chestGranted": true, "championPoints": 23222, "championPointsSinceLastLevel": 1622, "playerId": 21862, "championPointsUntilNextLevel": 0, "tokensEarned": 0, "championId": 67, "lastPlayTime": 1460849676000}, {"championLevel": 5, "chestGranted": true, "championPoints": 22994, "championPointsSinceLastLevel": 1394, "playerId": 21862, "championPointsUntilNextLevel": 0, "tokensEarned": 0, "championId": 236, "lastPlayTime": 1461201872000}, {"championLevel": 4, "chestGranted": true, "championPoints": 20392, "championPointsSinceLastLevel": 7792, "playerId": 21862, "championPointsUntilNextLevel": 1208, "tokensEarned": 0, "championId": 222, "lastPlayTime": 1459658565000}, {"championLevel": 4, "chestGranted": true, "championPoints": 18399, "championPointsSinceLastLevel": 5799, "playerId": 21862, "championPointsUntilNextLevel": 3201, "tokensEarned": 0, "championId": 412, "lastPlayTime": 1458856076000}, {"championLevel": 4, "chestGranted": false, "championPoints": 14464, "championPointsSinceLastLevel": 1864, "playerId": 21862, "championPointsUntilNextLevel": 7136, "tokensEarned": 0, "championId": 201, "lastPlayTime": 1457157041000}, {"championLevel": 4, "chestGranted": false, "championPoints": 13345, "championPointsSinceLastLevel": 745, "playerId": 21862, "championPointsUntilNextLevel": 8255, "tokensEarned": 0, "championId": 81, "lastPlayTime": 1461113533000}, {"championLevel": 4, "chestGranted": true, "championPoints": 12887, "championPointsSinceLastLevel": 287, "playerId": 21862, "championPointsUntilNextLevel": 8713, "tokensEarned": 0, "championId": 15, "lastPlayTime": 1460777718000}, {"championLevel": 4, "chestGranted": true, "championPoints": 12827, "championPointsSinceLastLevel": 227, "playerId": 21862, "championPointsUntilNextLevel": 8773, "tokensEarned": 0, "championId": 103, "lastPlayTime": 1459570461000}, {"championLevel": 3, "chestGranted": false, "championPoints": 10732, "championPointsSinceLastLevel": 4732, "playerId": 21862, "championPointsUntilNextLevel": 1868, "tokensEarned": 0, "championId": 157, "lastPlayTime": 1455216425000}, {"championLevel": 3, "chestGranted": false, "championPoints": 10334, "championPointsSinceLastLevel": 4334, "playerId": 21862, "championPointsUntilNextLevel": 2266, "tokensEarned": 0, "championId": 42, "lastPlayTime": 1458268944000}, {"championLevel": 3, "chestGranted": false, "championPoints": 9841, "championPointsSinceLastLevel": 3841, "playerId": 21862, "championPointsUntilNextLevel": 2759, "tokensEarned": 0, "championId": 429, "lastPlayTime": 1458365283000}, {"championLevel": 3, "chestGranted": false, "championPoints": 7592, "championPointsSinceLastLevel": 1592, "playerId": 21862, "championPointsUntilNextLevel": 5008, "tokensEarned": 0, "championId": 111, "lastPlayTime": 1460924645000}, {"championLevel": 3, "chestGranted": false, "championPoints": 7200, "championPointsSinceLastLevel": 1200, "playerId": 21862, "championPointsUntilNextLevel": 5400, "tokensEarned": 0, "championId": 120, "lastPlayTime": 1460783430000}, {"championLevel": 3, "chestGranted": false, "championPoints": 6893, "championPointsSinceLastLevel": 893, "playerId": 21862, "championPointsUntilNextLevel": 5707, "tokensEarned": 0, "championId": 203, "lastPlayTime": 1461041476000}, {"championLevel": 3, "chestGranted": false, "championPoints": 6584, "championPointsSinceLastLevel": 584, "playerId": 21862, "championPointsUntilNextLevel": 6016, "tokensEarned": 0, "championId": 64, "lastPlayTime": 1456545124000}, {"championLevel": 3, "chestGranted": false, "championPoints": 6371, "championPointsSinceLastLevel": 371, "playerId": 21862, "championPointsUntilNextLevel": 6229, "tokensEarned": 0, "championId": 18, "lastPlayTime": 1447025327000}, {"championLevel": 3, "chestGranted": false, "championPoints": 6290, "championPointsSinceLastLevel": 290, "playerId": 21862, "championPointsUntilNextLevel": 6310, "tokensEarned": 0, "championId": 79, "lastPlayTime": 1458075831000}, {"championLevel": 3, "chestGranted": false, "championPoints": 6260, "championPointsSinceLastLevel": 260, "playerId": 21862, "championPointsUntilNextLevel": 6340, "tokensEarned": 0, "championId": 57, "lastPlayTime": 1436563338000}, {"championLevel": 3, "chestGranted": false, "championPoints": 6209, "championPointsSinceLastLevel": 209, "playerId": 21862, "championPointsUntilNextLevel": 6391, "tokensEarned": 0, "championId": 60, "lastPlayTime": 1459748429000}, {"championLevel": 2, "chestGranted": false, "championPoints": 4577, "championPointsSinceLastLevel": 2777, "playerId": 21862, "championPointsUntilNextLevel": 1423, "tokensEarned": 0, "championId": 104, "lastPlayTime": 1461091930000}, {"championLevel": 2, "chestGranted": false, "championPoints": 4563, "championPointsSinceLastLevel": 2763, "playerId": 21862, "championPointsUntilNextLevel": 1437, "tokensEarned": 0, "championId": 89, "lastPlayTime": 1434946431000}, {"championLevel": 2, "chestGranted": false, "championPoints": 4105, "championPointsSinceLastLevel": 2305, "playerId": 21862, "championPointsUntilNextLevel": 1895, "tokensEarned": 0, "championId": 2, "lastPlayTime": 1447166408000}, {"championLevel": 2, "chestGranted": false, "championPoints": 3648, "championPointsSinceLastLevel": 1848, "playerId": 21862, "championPointsUntilNextLevel": 2352, "tokensEarned": 0, "championId": 7, "lastPlayTime": 1456464443000}, {"championLevel": 2, "chestGranted": false, "championPoints": 3574, "championPointsSinceLastLevel": 1774, "playerId": 21862, "championPointsUntilNextLevel": 2426, "tokensEarned": 0, "championId": 113, "lastPlayTime": 1433017004000}, {"championLevel": 2, "chestGranted": false, "championPoints": 3410, "championPointsSinceLastLevel": 1610, "playerId": 21862, "championPointsUntilNextLevel": 2590, "tokensEarned": 0, "championId": 51, "lastPlayTime": 1460928138000}, {"championLevel": 2, "chestGranted": false, "championPoints": 2682, "championPointsSinceLastLevel": 882, "playerId": 21862, "championPointsUntilNextLevel": 3318, "tokensEarned": 0, "championId": 133, "lastPlayTime": 1457822133000}, {"championLevel": 2, "chestGranted": true, "championPoints": 2417, "championPointsSinceLastLevel": 617, "playerId": 21862, "championPointsUntilNextLevel": 3583, "tokensEarned": 0, "championId": 99, "lastPlayTime": 1459031463000}, {"championLevel": 2, "chestGranted": false, "championPoints": 2321, "championPointsSinceLastLevel": 521, "playerId": 21862, "championPointsUntilNextLevel": 3679, "tokensEarned": 0, "championId": 21, "lastPlayTime": 1450835041000}, {"championLevel": 2, "chestGranted": false, "championPoints": 2081, "championPointsSinceLastLevel": 281, "playerId": 21862, "championPointsUntilNextLevel": 3919, "tokensEarned": 0, "championId": 63, "lastPlayTime": 1451267845000}, {"championLevel": 2, "chestGranted": false, "championPoints": 2036, "championPointsSinceLastLevel": 236, "playerId": 21862, "championPointsUntilNextLevel": 3964, "tokensEarned": 0, "championId": 25, "lastPlayTime": 1434173006000}, {"championLevel": 2, "chestGranted": false, "championPoints": 1987, "championPointsSinceLastLevel": 187, "playerId": 21862, "championPointsUntilNextLevel": 4013, "tokensEarned": 0, "championId": 12, "lastPlayTime": 1454528701000}, {"championLevel": 2, "chestGranted": false, "championPoints": 1917, "championPointsSinceLastLevel": 117, "playerId": 21862, "championPointsUntilNextLevel": 4083, "tokensEarned": 0, "championId": 1, "lastPlayTime": 1451353093000}, {"championLevel": 2, "chestGranted": false, "championPoints": 1890, "championPointsSinceLastLevel": 90, "playerId": 21862, "championPointsUntilNextLevel": 4110, "tokensEarned": 0, "championId": 134, "lastPlayTime": 1458254512000}, {"championLevel": 2, "chestGranted": false, "championPoints": 1842, "championPointsSinceLastLevel": 42, "playerId": 21862, "championPointsUntilNextLevel": 4158, "tokensEarned": 0, "championId": 40, "lastPlayTime": 1460781056000}, {"championLevel": 1, "chestGranted": false, "championPoints": 1761, "championPointsSinceLastLevel": 1761, "playerId": 21862, "championPointsUntilNextLevel": 39, "tokensEarned": 0, "championId": 53, "lastPlayTime": 1454526004000}, {"championLevel": 1, "chestGranted": false, "championPoints": 1556, "championPointsSinceLastLevel": 1556, "playerId": 21862, "championPointsUntilNextLevel": 244, "tokensEarned": 0, "championId": 154, "lastPlayTime": 1460868414000}, {"championLevel": 1, "chestGranted": false, "championPoints": 1532, "championPointsSinceLastLevel": 1532, "playerId": 21862, "championPointsUntilNextLevel": 268, "tokensEarned": 0, "championId": 121, "lastPlayTime": 1459917749000}, {"championLevel": 1, "chestGranted": false, "championPoints": 1499, "championPointsSinceLastLevel": 1499, "playerId": 21862, "championPointsUntilNextLevel": 301, "tokensEarned": 0, "championId": 31, "lastPlayTime": 1451481402000}, {"championLevel": 1, "chestGranted": false, "championPoints": 1314, "championPointsSinceLastLevel": 1314, "playerId": 21862, "championPointsUntilNextLevel": 486, "tokensEarned": 0, "championId": 238, "lastPlayTime": 1432433874000}, {"championLevel": 1, "chestGranted": false, "championPoints": 1283, "championPointsSinceLastLevel": 1283, "playerId": 21862, "championPointsUntilNextLevel": 517, "tokensEarned": 0, "championId": 41, "lastPlayTime": 1452114429000}, {"championLevel": 1, "chestGranted": false, "championPoints": 1127, "championPointsSinceLastLevel": 1127, "playerId": 21862, "championPointsUntilNextLevel": 673, "tokensEarned": 0, "championId": 96, "lastPlayTime": 1443660271000}, {"championLevel": 1, "chestGranted": false, "championPoints": 1081, "championPointsSinceLastLevel": 1081, "playerId": 21862, "championPointsUntilNextLevel": 719, "tokensEarned": 0, "championId": 54, "lastPlayTime": 1458442916000}, {"championLevel": 1, "chestGranted": false, "championPoints": 1053, "championPointsSinceLastLevel": 1053, "playerId": 21862, "championPointsUntilNextLevel": 747, "tokensEarned": 0, "championId": 117, "lastPlayTime": 1451519590000}, {"championLevel": 1, "chestGranted": false, "championPoints": 1024, "championPointsSinceLastLevel": 1024, "playerId": 21862, "championPointsUntilNextLevel": 776, "tokensEarned": 0, "championId": 13, "lastPlayTime": 1449168407000}, {"championLevel": 1, "chestGranted": false, "championPoints": 1018, "championPointsSinceLastLevel": 1018, "playerId": 21862, "championPointsUntilNextLevel": 782, "tokensEarned": 0, "championId": 267, "lastPlayTime": 1433040689000}, {"championLevel": 1, "chestGranted": false, "championPoints": 573, "championPointsSinceLastLevel": 573, "playerId": 21862, "championPointsUntilNextLevel": 1227, "tokensEarned": 0, "championId": 126, "lastPlayTime": 1460828755000}, {"championLevel": 1, "chestGranted": false, "championPoints": 569, "championPointsSinceLastLevel": 569, "playerId": 21862, "championPointsUntilNextLevel": 1231, "tokensEarned": 0, "championId": 76, "lastPlayTime": 1456798592000}, {"championLevel": 1, "chestGranted": false, "championPoints": 536, "championPointsSinceLastLevel": 536, "playerId": 21862, "championPointsUntilNextLevel": 1264, "tokensEarned": 0, "championId": 119, "lastPlayTime": 1444962359000}, {"championLevel": 1, "chestGranted": false, "championPoints": 505, "championPointsSinceLastLevel": 505, "playerId": 21862, "championPointsUntilNextLevel": 1295, "tokensEarned": 0, "championId": 107, "lastPlayTime": 1456155006000}, {"championLevel": 1, "chestGranted": false, "championPoints": 384, "championPointsSinceLastLevel": 384, "playerId": 21862, "championPointsUntilNextLevel": 1416, "tokensEarned": 0, "championId": 61, "lastPlayTime": 1451355583000}, {"championLevel": 1, "chestGranted": false, "championPoints": 346, "championPointsSinceLastLevel": 346, "playerId": 21862, "championPointsUntilNextLevel": 1454, "tokensEarned": 0, "championId": 202, "lastPlayTime": 1459833694000}, {"championLevel": 1, "chestGranted": false, "championPoints": 312, "championPointsSinceLastLevel": 312, "playerId": 21862, "championPointsUntilNextLevel": 1488, "tokensEarned": 0, "championId": 92, "lastPlayTime": 1452092821000}, {"championLevel": 1, "chestGranted": false, "championPoints": 279, "championPointsSinceLastLevel": 279, "playerId": 21862, "championPointsUntilNextLevel": 1521, "tokensEarned": 0, "championId": 432, "lastPlayTime": 1452658810000}, {"championLevel": 1, "chestGranted": false, "championPoints": 256, "championPointsSinceLastLevel": 256, "playerId": 21862, "championPointsUntilNextLevel": 1544, "tokensEarned": 0, "championId": 68, "lastPlayTime": 1456643241000}, {"championLevel": 1, "chestGranted": false, "championPoints": 234, "championPointsSinceLastLevel": 234, "playerId": 21862, "championPointsUntilNextLevel": 1566, "tokensEarned": 0, "championId": 421, "lastPlayTime": 1452261104000}, {"championLevel": 1, "chestGranted": false, "championPoints": 227, "championPointsSinceLastLevel": 227, "playerId": 21862, "championPointsUntilNextLevel": 1573, "tokensEarned": 0, "championId": 101, "lastPlayTime": 1433968991000}, {"championLevel": 1, "chestGranted": false, "championPoints": 215, "championPointsSinceLastLevel": 215, "playerId": 21862, "championPointsUntilNextLevel": 1585, "tokensEarned": 0, "championId": 43, "lastPlayTime": 1450832314000}, {"championLevel": 1, "chestGranted": false, "championPoints": 187, "championPointsSinceLastLevel": 187, "playerId": 21862, "championPointsUntilNextLevel": 1613, "tokensEarned": 0, "championId": 245, "lastPlayTime": 1448971899000}, {"championLevel": 1, "chestGranted": false, "championPoints": 160, "championPointsSinceLastLevel": 160, "playerId": 21862, "championPointsUntilNextLevel": 1640, "tokensEarned": 0, "championId": 29, "lastPlayTime": 1444016138000}, {"championLevel": 1, "chestGranted": false, "championPoints": 156, "championPointsSinceLastLevel": 156, "playerId": 21862, "championPointsUntilNextLevel": 1644, "tokensEarned": 0, "championId": 112, "lastPlayTime": 1458440218000}, {"championLevel": 1, "chestGranted": false, "championPoints": 145, "championPointsSinceLastLevel": 145, "playerId": 21862, "championPointsUntilNextLevel": 1655, "tokensEarned": 0, "championId": 80, "lastPlayTime": 1458182409000}]