[{"championLevel": 6, "chestGranted": true, "championPoints": 263870, "championPointsSinceLastLevel": 242270, "playerId": 21868, "championPointsUntilNextLevel": 0, "tokensEarned": 0, "championId": 7, "lastPlayTime": 1464447072000}, {"championLevel": 5, "chestGranted": true, "championPoints": 94367, "championPointsSinceLastLevel": 72767, "playerId": 21868, "championPointsUntilNextLevel": 0, "tokensEarned": 2, "championId": 412, "lastPlayTime": 1464721041000}, {"championLevel": 5, "chestGranted": false, "championPoints": 69352, "championPointsSinceLastLevel": 47752, "playerId": 21868, "championPointsUntilNextLevel": 0, "tokensEarned": 0, "championId": 67, "lastPlayTime": 1459952851000}, {"championLevel": 5, "chestGranted": true, "championPoints": 60667, "championPointsSinceLastLevel": 39067, "playerId": 21868, "championPointsUntilNextLevel": 0, "tokensEarned": 2, "championId": 103, "lastPlayTime": 1464992160000}, {"championLevel": 5, "chestGranted": true, "championPoints": 50722, "championPointsSinceLastLevel": 29122, "playerId": 21868, "championPointsUntilNextLevel": 0, "tokensEarned": 0, "championId": 64, "lastPlayTime": 1468616764000}, {"championLevel": 5, "chestGranted": true, "championPoints": 47037, "championPointsSinceLastLevel": 25437, "playerId": 21868, "championPointsUntilNextLevel": 0, "tokensEarned": 2, "championId": 236, "lastPlayTime": 1468967594000}, {"championLevel": 5, "chestGranted": false, "championPoints": 40143, "championPointsSinceLastLevel": 18543, "playerId": 21868, "championPointsUntilNextLevel": 0, "tokensEarned": 0, "championId": 99, "lastPlayTime": 1463325414000}, {"championLevel": 5, "chestGranted": true, "championPoints": 29890, "championPointsSinceLastLevel": 8290, "playerId": 21868, "championPointsUntilNextLevel": 0, "tokensEarned": 0, "championId": 32, "lastPlayTime": 1463952373000}, {"championLevel": 5, "chestGranted": true, "championPoints": 29664, "championPointsSinceLastLevel": 8064, "playerId": 21868, "championPointsUntilNextLevel": 0, "tokensEarned": 0, "championId": 61, "lastPlayTime": 1465584680000}, {"championLevel": 5, "chestGranted": true, "championPoints": 27343, "championPointsSinceLastLevel": 5743, "playerId": 21868, "championPointsUntilNextLevel": 0, "tokensEarned": 1, "championId": 45, "lastPlayTime": 1468853076000}, {"championLevel": 4, "chestGranted": true, "championPoints": 20830, "championPointsSinceLastLevel": 8230, "playerId": 21868, "championPointsUntilNextLevel": 770, "tokensEarned": 0, "championId": 40, "lastPlayTime": 1464731575000}, {"championLevel": 4, "chestGranted": false, "championPoints": 20056, "championPointsSinceLastLevel": 7456, "playerId": 21868, "championPointsUntilNextLevel": 1544, "tokensEarned": 0, "championId": 98, "lastPlayTime": 1457207327000}, {"championLevel": 4, "chestGranted": true, "championPoints": 15236, "championPointsSinceLastLevel": 2636, "playerId": 21868, "championPointsUntilNextLevel": 6364, "tokensEarned": 0, "championId": 1, "lastPlayTime": 1464011259000}, {"championLevel": 4, "chestGranted": false, "championPoints": 15191, "championPointsSinceLastLevel": 2591, "playerId": 21868, "championPointsUntilNextLevel": 6409, "tokensEarned": 0, "championId": 267, "lastPlayTime": 1464289914000}, {"championLevel": 4, "chestGranted": false, "championPoints": 14931, "championPointsSinceLastLevel": 2331, "playerId": 21868, "championPointsUntilNextLevel": 6669, "tokensEarned": 0, "championId": 55, "lastPlayTime": 1458849818000}, {"championLevel": 4, "chestGranted": false, "championPoints": 14515, "championPointsSinceLastLevel": 1915, "playerId": 21868, "championPointsUntilNextLevel": 7085, "tokensEarned": 0, "championId": 53, "lastPlayTime": 1464284742000}, {"championLevel": 4, "chestGranted": false, "championPoints": 14116, "championPointsSinceLastLevel": 1516, "playerId": 21868, "championPointsUntilNextLevel": 7484, "tokensEarned": 0, "championId": 81, "lastPlayTime": 1463508222000}, {"championLevel": 3, "chestGranted": false, "championPoints": 11466, "championPointsSinceLastLevel": 5466, "playerId": 21868, "championPointsUntilNextLevel": 1134, "tokensEarned": 0, "championId": 85, "lastPlayTime": 1462027884000}, {"championLevel": 3, "chestGranted": false, "championPoints": 11164, "championPointsSinceLastLevel": 5164, "playerId": 21868, "championPointsUntilNextLevel": 1436, "tokensEarned": 0, "championId": 134, "lastPlayTime": 1456668915000}, {"championLevel": 3, "chestGranted": false, "championPoints": 10319, "championPointsSinceLastLevel": 4319, "playerId": 21868, "championPointsUntilNextLevel": 2281, "tokensEarned": 0, "championId": 16, "lastPlayTime": 1463868944000}, {"championLevel": 3, "chestGranted": true, "championPoints": 9537, "championPointsSinceLastLevel": 3537, "playerId": 21868, "championPointsUntilNextLevel": 3063, "tokensEarned": 0, "championId": 79, "lastPlayTime": 1468421240000}, {"championLevel": 3, "chestGranted": true, "championPoints": 9425, "championPointsSinceLastLevel": 3425, "playerId": 21868, "championPointsUntilNextLevel": 3175, "tokensEarned": 0, "championId": 51, "lastPlayTime": 1467903433000}, {"championLevel": 3, "chestGranted": false, "championPoints": 9299, "championPointsSinceLastLevel": 3299, "playerId": 21868, "championPointsUntilNextLevel": 3301, "tokensEarned": 0, "championId": 222, "lastPlayTime": 1464982581000}, {"championLevel": 3, "chestGranted": false, "championPoints": 8551, "championPointsSinceLastLevel": 2551, "playerId": 21868, "championPointsUntilNextLevel": 4049, "tokensEarned": 0, "championId": 110, "lastPlayTime": 1456537037000}, {"championLevel": 3, "chestGranted": false, "championPoints": 7808, "championPointsSinceLastLevel": 1808, "playerId": 21868, "championPointsUntilNextLevel": 4792, "tokensEarned": 0, "championId": 15, "lastPlayTime": 1444346619000}, {"championLevel": 3, "chestGranted": false, "championPoints": 7481, "championPointsSinceLastLevel": 1481, "playerId": 21868, "championPointsUntilNextLevel": 5119, "tokensEarned": 0, "championId": 9, "lastPlayTime": 1459604744000}, {"championLevel": 2, "chestGranted": false, "championPoints": 5554, "championPointsSinceLastLevel": 3754, "playerId": 21868, "championPointsUntilNextLevel": 446, "tokensEarned": 0, "championId": 25, "lastPlayTime": 1464644723000}, {"championLevel": 2, "chestGranted": false, "championPoints": 4805, "championPointsSinceLastLevel": 3005, "playerId": 21868, "championPointsUntilNextLevel": 1195, "tokensEarned": 0, "championId": 12, "lastPlayTime": 1458195668000}, {"championLevel": 2, "chestGranted": false, "championPoints": 4679, "championPointsSinceLastLevel": 2879, "playerId": 21868, "championPointsUntilNextLevel": 1321, "tokensEarned": 0, "championId": 104, "lastPlayTime": 1444152744000}, {"championLevel": 2, "chestGranted": true, "championPoints": 4586, "championPointsSinceLastLevel": 2786, "playerId": 21868, "championPointsUntilNextLevel": 1414, "tokensEarned": 0, "championId": 111, "lastPlayTime": 1460149158000}, {"championLevel": 2, "chestGranted": false, "championPoints": 4223, "championPointsSinceLastLevel": 2423, "playerId": 21868, "championPointsUntilNextLevel": 1777, "tokensEarned": 0, "championId": 117, "lastPlayTime": 1464042709000}, {"championLevel": 2, "chestGranted": false, "championPoints": 4193, "championPointsSinceLastLevel": 2393, "playerId": 21868, "championPointsUntilNextLevel": 1807, "tokensEarned": 0, "championId": 254, "lastPlayTime": 1461022501000}, {"championLevel": 2, "chestGranted": false, "championPoints": 4123, "championPointsSinceLastLevel": 2323, "playerId": 21868, "championPointsUntilNextLevel": 1877, "tokensEarned": 0, "championId": 62, "lastPlayTime": 1461432706000}, {"championLevel": 2, "chestGranted": false, "championPoints": 4025, "championPointsSinceLastLevel": 2225, "playerId": 21868, "championPointsUntilNextLevel": 1975, "tokensEarned": 0, "championId": 238, "lastPlayTime": 1457202961000}, {"championLevel": 2, "chestGranted": true, "championPoints": 3727, "championPointsSinceLastLevel": 1927, "playerId": 21868, "championPointsUntilNextLevel": 2273, "tokensEarned": 0, "championId": 90, "lastPlayTime": 1463949502000}, {"championLevel": 2, "chestGranted": false, "championPoints": 3512, "championPointsSinceLastLevel": 1712, "playerId": 21868, "championPointsUntilNextLevel": 2488, "tokensEarned": 0, "championId": 127, "lastPlayTime": 1461594094000}, {"championLevel": 2, "chestGranted": true, "championPoints": 3374, "championPointsSinceLastLevel": 1574, "playerId": 21868, "championPointsUntilNextLevel": 2626, "tokensEarned": 0, "championId": 143, "lastPlayTime": 1461952119000}, {"championLevel": 2, "chestGranted": false, "championPoints": 3242, "championPointsSinceLastLevel": 1442, "playerId": 21868, "championPointsUntilNextLevel": 2758, "tokensEarned": 0, "championId": 101, "lastPlayTime": 1461801165000}, {"championLevel": 2, "chestGranted": false, "championPoints": 3087, "championPointsSinceLastLevel": 1287, "playerId": 21868, "championPointsUntilNextLevel": 2913, "tokensEarned": 0, "championId": 133, "lastPlayTime": 1460415976000}, {"championLevel": 2, "chestGranted": false, "championPoints": 3017, "championPointsSinceLastLevel": 1217, "playerId": 21868, "championPointsUntilNextLevel": 2983, "tokensEarned": 0, "championId": 28, "lastPlayTime": 1463841467000}, {"championLevel": 2, "chestGranted": false, "championPoints": 2803, "championPointsSinceLastLevel": 1003, "playerId": 21868, "championPointsUntilNextLevel": 3197, "tokensEarned": 0, "championId": 43, "lastPlayTime": 1460264969000}, {"championLevel": 2, "chestGranted": false, "championPoints": 2741, "championPointsSinceLastLevel": 941, "playerId": 21868, "championPointsUntilNextLevel": 3259, "tokensEarned": 0, "championId": 31, "lastPlayTime": 1457738559000}, {"championLevel": 2, "chestGranted": false, "championPoints": 2574, "championPointsSinceLastLevel": 774, "playerId": 21868, "championPointsUntilNextLevel": 3426, "tokensEarned": 0, "championId": 91, "lastPlayTime": 1454868332000}, {"championLevel": 2, "chestGranted": false, "championPoints": 2278, "championPointsSinceLastLevel": 478, "playerId": 21868, "championPointsUntilNextLevel": 3722, "tokensEarned": 0, "championId": 105, "lastPlayTime": 1446746751000}, {"championLevel": 2, "chestGranted": false, "championPoints": 2139, "championPointsSinceLastLevel": 339, "playerId": 21868, "championPointsUntilNextLevel": 3861, "tokensEarned": 0, "championId": 63, "lastPlayTime": 1462890046000}, {"championLevel": 2, "chestGranted": false, "championPoints": 1831, "championPointsSinceLastLevel": 31, "playerId": 21868, "championPointsUntilNextLevel": 4169, "tokensEarned": 0, "championId": 69, "lastPlayTime": 1460651263000}, {"championLevel": 1, "chestGranted": false, "championPoints": 1702, "championPointsSinceLastLevel": 1702, "playerId": 21868, "championPointsUntilNextLevel": 98, "tokensEarned": 0, "championId": 59, "lastPlayTime": 1461455130000}, {"championLevel": 1, "chestGranted": false, "championPoints": 1657, "championPointsSinceLastLevel": 1657, "playerId": 21868, "championPointsUntilNextLevel": 143, "tokensEarned": 0, "championId": 126, "lastPlayTime": 1459443689000}, {"championLevel": 1, "chestGranted": false, "championPoints": 1637, "championPointsSinceLastLevel": 1637, "playerId": 21868, "championPointsUntilNextLevel": 163, "tokensEarned": 0, "championId": 42, "lastPlayTime": 1457495057000}, {"championLevel": 1, "chestGranted": true, "championPoints": 1351, "championPointsSinceLastLevel": 1351, "playerId": 21868, "championPointsUntilNextLevel": 449, "tokensEarned": 0, "championId": 245, "lastPlayTime": 1462223387000}, {"championLevel": 1, "chestGranted": false, "championPoints": 1320, "championPointsSinceLastLevel": 1320, "playerId": 21868, "championPointsUntilNextLevel": 480, "tokensEarned": 0, "championId": 154, "lastPlayTime": 1463178866000}, {"championLevel": 1, "chestGranted": false, "championPoints": 1263, "championPointsSinceLastLevel": 1263, "playerId": 21868, "championPointsUntilNextLevel": 537, "tokensEarned": 0, "championId": 4, "lastPlayTime": 1441905371000}, {"championLevel": 1, "chestGranted": false, "championPoints": 1226, "championPointsSinceLastLevel": 1226, "playerId": 21868, "championPointsUntilNextLevel": 574, "tokensEarned": 0, "championId": 54, "lastPlayTime": 1463433560000}, {"championLevel": 1, "chestGranted": false, "championPoints": 1190, "championPointsSinceLastLevel": 1190, "playerId": 21868, "championPointsUntilNextLevel": 610, "tokensEarned": 0, "championId": 96, "lastPlayTime": 1456508316000}, {"championLevel": 1, "chestGranted": false, "championPoints": 1178, "championPointsSinceLastLevel": 1178, "playerId": 21868, "championPointsUntilNextLevel": 622, "tokensEarned": 0, "championId": 201, "lastPlayTime": 1452529425000}, {"championLevel": 1, "chestGranted": false, "championPoints": 665, "championPointsSinceLastLevel": 665, "playerId": 21868, "championPointsUntilNextLevel": 1135, "tokensEarned": 0, "championId": 92, "lastPlayTime": 1439860116000}, {"championLevel": 1, "chestGranted": false, "championPoints": 254, "championPointsSinceLastLevel": 254, "playerId": 21868, "championPointsUntilNextLevel": 1546, "tokensEarned": 0, "championId": 76, "lastPlayTime": 1456098002000}, {"championLevel": 1, "chestGranted": false, "championPoints": 246, "championPointsSinceLastLevel": 246, "playerId": 21868, "championPointsUntilNextLevel": 1554, "tokensEarned": 0, "championId": 89, "lastPlayTime": 1437619957000}, {"championLevel": 1, "chestGranted": false, "championPoints": 194, "championPointsSinceLastLevel": 194, "playerId": 21868, "championPointsUntilNextLevel": 1606, "tokensEarned": 0, "championId": 56, "lastPlayTime": 1449286169000}, {"championLevel": 1, "chestGranted": false, "championPoints": 183, "championPointsSinceLastLevel": 183, "playerId": 21868, "championPointsUntilNextLevel": 1617, "tokensEarned": 0, "championId": 122, "lastPlayTime": 1455120178000}, {"championLevel": 1, "chestGranted": false, "championPoints": 180, "championPointsSinceLastLevel": 180, "playerId": 21868, "championPointsUntilNextLevel": 1620, "tokensEarned": 0, "championId": 157, "lastPlayTime": 1468023188000}, {"championLevel": 1, "chestGranted": false, "championPoints": 167, "championPointsSinceLastLevel": 167, "playerId": 21868, "championPointsUntilNextLevel": 1633, "tokensEarned": 0, "championId": 13, "lastPlayTime": 1440125751000}, {"championLevel": 1, "chestGranted": false, "championPoints": 161, "championPointsSinceLastLevel": 161, "playerId": 21868, "championPointsUntilNextLevel": 1639, "tokensEarned": 0, "championId": 30, "lastPlayTime": 1457200314000}, {"championLevel": 1, "chestGranted": false, "championPoints": 157, "championPointsSinceLastLevel": 157, "playerId": 21868, "championPointsUntilNextLevel": 1643, "tokensEarned": 0, "championId": 432, "lastPlayTime": 1461679532000}]