[{"championLevel": 4, "chestGranted": false, "championPoints": 16475, "championPointsSinceLastLevel": 3875, "playerId": 21877, "championPointsUntilNextLevel": 5125, "tokensEarned": 0, "championId": 22, "lastPlayTime": 1448135680000}, {"championLevel": 2, "chestGranted": false, "championPoints": 2612, "championPointsSinceLastLevel": 812, "playerId": 21877, "championPointsUntilNextLevel": 3388, "tokensEarned": 0, "championId": 11, "lastPlayTime": 1448138821000}, {"championLevel": 1, "chestGranted": false, "championPoints": 1349, "championPointsSinceLastLevel": 1349, "playerId": 21877, "championPointsUntilNextLevel": 451, "tokensEarned": 0, "championId": 236, "lastPlayTime": 1448689203000}, {"championLevel": 1, "chestGranted": false, "championPoints": 1284, "championPointsSinceLastLevel": 1284, "playerId": 21877, "championPointsUntilNextLevel": 516, "tokensEarned": 0, "championId": 104, "lastPlayTime": 1447644867000}, {"championLevel": 1, "chestGranted": false, "championPoints": 1229, "championPointsSinceLastLevel": 1229, "playerId": 21877, "championPointsUntilNextLevel": 571, "tokensEarned": 0, "championId": 86, "lastPlayTime": 1447962065000}, {"championLevel": 1, "chestGranted": false, "championPoints": 1097, "championPointsSinceLastLevel": 1097, "playerId": 21877, "championPointsUntilNextLevel": 703, "tokensEarned": 0, "championId": 51, "lastPlayTime": 1457213502000}, {"championLevel": 1, "chestGranted": false, "championPoints": 1064, "championPointsSinceLastLevel": 1064, "playerId": 21877, "championPointsUntilNextLevel": 736, "tokensEarned": 0, "championId": 2, "lastPlayTime": 1447117029000}, {"championLevel": 1, "chestGranted": false, "championPoints": 320, "championPointsSinceLastLevel": 320, "playerId": 21877, "championPointsUntilNextLevel": 1480, "tokensEarned": 0, "championId": 202, "lastPlayTime": 1456670620000}, {"championLevel": 1, "chestGranted": false, "championPoints": 211, "championPointsSinceLastLevel": 211, "playerId": 21877, "championPointsUntilNextLevel": 1589, "tokensEarned": 0, "championId": 38, "lastPlayTime": 1447290114000}, {"championLevel": 1, "chestGranted": false, "championPoints": 176, "championPointsSinceLastLevel": 176, "playerId": 21877, "championPointsUntilNextLevel": 1624, "tokensEarned": 0, "championId": 81, "lastPlayTime": 1459980599000}, {"championLevel": 1, "chestGranted": false, "championPoints": 165, "championPointsSinceLastLevel": 165, "playerId": 21877, "championPointsUntilNextLevel": 1635, "tokensEarned": 0, "championId": 75, "lastPlayTime": 1457651401000}, {"championLevel": 1, "chestGranted": false, "championPoints": 139, "championPointsSinceLastLevel": 139, "playerId": 21877, "championPointsUntilNextLevel": 1661, "tokensEarned": 0, "championId": 119, "lastPlayTime": 1447119533000}]