[{"championLevel": 5, "chestGranted": true, "championPoints": 87543, "championPointsSinceLastLevel": 65943, "playerId": 21884, "championPointsUntilNextLevel": 0, "tokensEarned": 0, "championId": 17, "lastPlayTime": 1460572744000}, {"championLevel": 5, "chestGranted": true, "championPoints": 70087, "championPointsSinceLastLevel": 48487, "playerId": 21884, "championPointsUntilNextLevel": 0, "tokensEarned": 2, "championId": 99, "lastPlayTime": 1469125939000}, {"championLevel": 5, "chestGranted": false, "championPoints": 27243, "championPointsSinceLastLevel": 5643, "playerId": 21884, "championPointsUntilNextLevel": 0, "tokensEarned": 0, "championId": 101, "lastPlayTime": 1469149299000}, {"championLevel": 5, "chestGranted": false, "championPoints": 26796, "championPointsSinceLastLevel": 5196, "playerId": 21884, "championPointsUntilNextLevel": 0, "tokensEarned": 0, "championId": 67, "lastPlayTime": 1469045473000}, {"championLevel": 4, "chestGranted": true, "championPoints": 19692, "championPointsSinceLastLevel": 7092, "playerId": 21884, "championPointsUntilNextLevel": 1908, "tokensEarned": 0, "championId": 51, "lastPlayTime": 1469160522000}, {"championLevel": 4, "chestGranted": true, "championPoints": 18758, "championPointsSinceLastLevel": 6158, "playerId": 21884, "championPointsUntilNextLevel": 2842, "tokensEarned": 0, "championId": 61, "lastPlayTime": 1469168966000}, {"championLevel": 4, "chestGranted": true, "championPoints": 16579, "championPointsSinceLastLevel": 3979, "playerId": 21884, "championPointsUntilNextLevel": 5021, "tokensEarned": 0, "championId": 81, "lastPlayTime": 1467671326000}, {"championLevel": 4, "chestGranted": true, "championPoints": 14027, "championPointsSinceLastLevel": 1427, "playerId": 21884, "championPointsUntilNextLevel": 7573, "tokensEarned": 0, "championId": 68, "lastPlayTime": 1469063998000}, {"championLevel": 4, "chestGranted": false, "championPoints": 13907, "championPointsSinceLastLevel": 1307, "playerId": 21884, "championPointsUntilNextLevel": 7693, "tokensEarned": 0, "championId": 267, "lastPlayTime": 1453697027000}, {"championLevel": 4, "chestGranted": false, "championPoints": 12616, "championPointsSinceLastLevel": 16, "playerId": 21884, "championPointsUntilNextLevel": 8984, "tokensEarned": 0, "championId": 236, "lastPlayTime": 1455508515000}, {"championLevel": 3, "chestGranted": true, "championPoints": 11612, "championPointsSinceLastLevel": 5612, "playerId": 21884, "championPointsUntilNextLevel": 988, "tokensEarned": 0, "championId": 412, "lastPlayTime": 1469163218000}, {"championLevel": 3, "chestGranted": false, "championPoints": 6201, "championPointsSinceLastLevel": 201, "playerId": 21884, "championPointsUntilNextLevel": 6399, "tokensEarned": 0, "championId": 254, "lastPlayTime": 1459271617000}, {"championLevel": 2, "chestGranted": true, "championPoints": 5864, "championPointsSinceLastLevel": 4064, "playerId": 21884, "championPointsUntilNextLevel": 136, "tokensEarned": 0, "championId": 54, "lastPlayTime": 1468466156000}, {"championLevel": 2, "chestGranted": true, "championPoints": 5483, "championPointsSinceLastLevel": 3683, "playerId": 21884, "championPointsUntilNextLevel": 517, "tokensEarned": 0, "championId": 5, "lastPlayTime": 1469156018000}, {"championLevel": 2, "chestGranted": false, "championPoints": 5414, "championPointsSinceLastLevel": 3614, "playerId": 21884, "championPointsUntilNextLevel": 586, "tokensEarned": 0, "championId": 104, "lastPlayTime": 1449087899000}, {"championLevel": 2, "chestGranted": false, "championPoints": 5310, "championPointsSinceLastLevel": 3510, "playerId": 21884, "championPointsUntilNextLevel": 690, "tokensEarned": 0, "championId": 222, "lastPlayTime": 1469152601000}, {"championLevel": 2, "chestGranted": false, "championPoints": 4916, "championPointsSinceLastLevel": 3116, "playerId": 21884, "championPointsUntilNextLevel": 1084, "tokensEarned": 0, "championId": 40, "lastPlayTime": 1449155476000}, {"championLevel": 2, "chestGranted": false, "championPoints": 4349, "championPointsSinceLastLevel": 2549, "playerId": 21884, "championPointsUntilNextLevel": 1651, "tokensEarned": 0, "championId": 16, "lastPlayTime": 1452984775000}, {"championLevel": 2, "chestGranted": false, "championPoints": 4172, "championPointsSinceLastLevel": 2372, "playerId": 21884, "championPointsUntilNextLevel": 1828, "tokensEarned": 0, "championId": 62, "lastPlayTime": 1452638291000}, {"championLevel": 2, "chestGranted": false, "championPoints": 4099, "championPointsSinceLastLevel": 2299, "playerId": 21884, "championPointsUntilNextLevel": 1901, "tokensEarned": 0, "championId": 18, "lastPlayTime": 1468195049000}, {"championLevel": 2, "chestGranted": false, "championPoints": 3645, "championPointsSinceLastLevel": 1845, "playerId": 21884, "championPointsUntilNextLevel": 2355, "tokensEarned": 0, "championId": 53, "lastPlayTime": 1467502913000}, {"championLevel": 2, "chestGranted": false, "championPoints": 3400, "championPointsSinceLastLevel": 1600, "playerId": 21884, "championPointsUntilNextLevel": 2600, "tokensEarned": 0, "championId": 64, "lastPlayTime": 1452691489000}, {"championLevel": 2, "chestGranted": false, "championPoints": 2668, "championPointsSinceLastLevel": 868, "playerId": 21884, "championPointsUntilNextLevel": 3332, "tokensEarned": 0, "championId": 25, "lastPlayTime": 1467673447000}, {"championLevel": 2, "chestGranted": false, "championPoints": 2274, "championPointsSinceLastLevel": 474, "playerId": 21884, "championPointsUntilNextLevel": 3726, "tokensEarned": 0, "championId": 92, "lastPlayTime": 1467412548000}, {"championLevel": 2, "chestGranted": false, "championPoints": 2153, "championPointsSinceLastLevel": 353, "playerId": 21884, "championPointsUntilNextLevel": 3847, "tokensEarned": 0, "championId": 201, "lastPlayTime": 1469165257000}, {"championLevel": 2, "chestGranted": false, "championPoints": 2061, "championPointsSinceLastLevel": 261, "playerId": 21884, "championPointsUntilNextLevel": 3939, "tokensEarned": 0, "championId": 134, "lastPlayTime": 1468120020000}, {"championLevel": 1, "chestGranted": false, "championPoints": 1791, "championPointsSinceLastLevel": 1791, "playerId": 21884, "championPointsUntilNextLevel": 9, "tokensEarned": 0, "championId": 127, "lastPlayTime": 1450832828000}, {"championLevel": 1, "chestGranted": false, "championPoints": 1707, "championPointsSinceLastLevel": 1707, "playerId": 21884, "championPointsUntilNextLevel": 93, "tokensEarned": 0, "championId": 103, "lastPlayTime": 1447456718000}, {"championLevel": 1, "chestGranted": true, "championPoints": 1514, "championPointsSinceLastLevel": 1514, "playerId": 21884, "championPointsUntilNextLevel": 286, "tokensEarned": 0, "championId": 115, "lastPlayTime": 1467416255000}, {"championLevel": 1, "chestGranted": false, "championPoints": 1419, "championPointsSinceLastLevel": 1419, "playerId": 21884, "championPointsUntilNextLevel": 381, "tokensEarned": 0, "championId": 69, "lastPlayTime": 1468383708000}, {"championLevel": 1, "chestGranted": false, "championPoints": 1303, "championPointsSinceLastLevel": 1303, "playerId": 21884, "championPointsUntilNextLevel": 497, "tokensEarned": 0, "championId": 89, "lastPlayTime": 1452552018000}, {"championLevel": 1, "chestGranted": false, "championPoints": 1207, "championPointsSinceLastLevel": 1207, "playerId": 21884, "championPointsUntilNextLevel": 593, "tokensEarned": 0, "championId": 80, "lastPlayTime": 1433191791000}, {"championLevel": 1, "chestGranted": false, "championPoints": 1199, "championPointsSinceLastLevel": 1199, "playerId": 21884, "championPointsUntilNextLevel": 601, "tokensEarned": 0, "championId": 36, "lastPlayTime": 1449450324000}, {"championLevel": 1, "chestGranted": false, "championPoints": 991, "championPointsSinceLastLevel": 991, "playerId": 21884, "championPointsUntilNextLevel": 809, "tokensEarned": 0, "championId": 98, "lastPlayTime": 1447459327000}, {"championLevel": 1, "chestGranted": false, "championPoints": 919, "championPointsSinceLastLevel": 919, "playerId": 21884, "championPointsUntilNextLevel": 881, "tokensEarned": 0, "championId": 90, "lastPlayTime": 1449596495000}, {"championLevel": 1, "chestGranted": false, "championPoints": 833, "championPointsSinceLastLevel": 833, "playerId": 21884, "championPointsUntilNextLevel": 967, "tokensEarned": 0, "championId": 3, "lastPlayTime": 1468289439000}, {"championLevel": 1, "chestGranted": true, "championPoints": 595, "championPointsSinceLastLevel": 595, "playerId": 21884, "championPointsUntilNextLevel": 1205, "tokensEarned": 0, "championId": 13, "lastPlayTime": 1468116110000}, {"championLevel": 1, "chestGranted": false, "championPoints": 588, "championPointsSinceLastLevel": 588, "playerId": 21884, "championPointsUntilNextLevel": 1212, "tokensEarned": 0, "championId": 131, "lastPlayTime": 1467748260000}, {"championLevel": 1, "chestGranted": false, "championPoints": 561, "championPointsSinceLastLevel": 561, "playerId": 21884, "championPointsUntilNextLevel": 1239, "tokensEarned": 0, "championId": 59, "lastPlayTime": 1432224726000}, {"championLevel": 1, "chestGranted": false, "championPoints": 469, "championPointsSinceLastLevel": 469, "playerId": 21884, "championPointsUntilNextLevel": 1331, "tokensEarned": 0, "championId": 76, "lastPlayTime": 1448739392000}, {"championLevel": 1, "chestGranted": false, "championPoints": 239, "championPointsSinceLastLevel": 239, "playerId": 21884, "championPointsUntilNextLevel": 1561, "tokensEarned": 0, "championId": 8, "lastPlayTime": 1458930930000}, {"championLevel": 1, "chestGranted": false, "championPoints": 237, "championPointsSinceLastLevel": 237, "playerId": 21884, "championPointsUntilNextLevel": 1563, "tokensEarned": 0, "championId": 102, "lastPlayTime": 1444254911000}, {"championLevel": 1, "chestGranted": false, "championPoints": 228, "championPointsSinceLastLevel": 228, "playerId": 21884, "championPointsUntilNextLevel": 1572, "tokensEarned": 0, "championId": 22, "lastPlayTime": 1440702804000}, {"championLevel": 1, "chestGranted": false, "championPoints": 224, "championPointsSinceLastLevel": 224, "playerId": 21884, "championPointsUntilNextLevel": 1576, "tokensEarned": 0, "championId": 85, "lastPlayTime": 1447365626000}, {"championLevel": 1, "chestGranted": false, "championPoints": 210, "championPointsSinceLastLevel": 210, "playerId": 21884, "championPointsUntilNextLevel": 1590, "tokensEarned": 0, "championId": 15, "lastPlayTime": 1433437508000}, {"championLevel": 1, "chestGranted": false, "championPoints": 196, "championPointsSinceLastLevel": 196, "playerId": 21884, "championPointsUntilNextLevel": 1604, "tokensEarned": 0, "championId": 9, "lastPlayTime": 1431472738000}, {"championLevel": 1, "chestGranted": false, "championPoints": 173, "championPointsSinceLastLevel": 173, "playerId": 21884, "championPointsUntilNextLevel": 1627, "tokensEarned": 0, "championId": 26, "lastPlayTime": 1440129535000}, {"championLevel": 1, "chestGranted": false, "championPoints": 159, "championPointsSinceLastLevel": 159, "playerId": 21884, "championPointsUntilNextLevel": 1641, "tokensEarned": 0, "championId": 23, "lastPlayTime": 1469060762000}, {"championLevel": 1, "chestGranted": false, "championPoints": 158, "championPointsSinceLastLevel": 158, "playerId": 21884, "championPointsUntilNextLevel": 1642, "tokensEarned": 0, "championId": 55, "lastPlayTime": 1449350626000}, {"championLevel": 1, "chestGranted": false, "championPoints": 153, "championPointsSinceLastLevel": 153, "playerId": 21884, "championPointsUntilNextLevel": 1647, "tokensEarned": 0, "championId": 113, "lastPlayTime": 1433100434000}, {"championLevel": 1, "chestGranted": false, "championPoints": 151, "championPointsSinceLastLevel": 151, "playerId": 21884, "championPointsUntilNextLevel": 1649, "tokensEarned": 0, "championId": 112, "lastPlayTime": 1468197995000}, {"championLevel": 1, "chestGranted": false, "championPoints": 150, "championPointsSinceLastLevel": 150, "playerId": 21884, "championPointsUntilNextLevel": 1650, "tokensEarned": 0, "championId": 1, "lastPlayTime": 1451368162000}, {"championLevel": 1, "chestGranted": false, "championPoints": 149, "championPointsSinceLastLevel": 149, "playerId": 21884, "championPointsUntilNextLevel": 1651, "tokensEarned": 0, "championId": 44, "lastPlayTime": 1439424735000}, {"championLevel": 1, "chestGranted": false, "championPoints": 149, "championPointsSinceLastLevel": 149, "playerId": 21884, "championPointsUntilNextLevel": 1651, "tokensEarned": 0, "championId": 4, "lastPlayTime": 1435952760000}, {"championLevel": 1, "chestGranted": false, "championPoints": 141, "championPointsSinceLastLevel": 141, "playerId": 21884, "championPointsUntilNextLevel": 1659, "tokensEarned": 0, "championId": 60, "lastPlayTime": 1468201001000}, {"championLevel": 1, "chestGranted": false, "championPoints": 124, "championPointsSinceLastLevel": 124, "playerId": 21884, "championPointsUntilNextLevel": 1676, "tokensEarned": 0, "championId": 42, "lastPlayTime": 1467505494000}]