[{"championLevel": 6, "chestGranted": true, "championPoints": 33688, "championPointsSinceLastLevel": 12088, "playerId": 21886, "championPointsUntilNextLevel": 0, "tokensEarned": 0, "championId": 67, "lastPlayTime": 1469169096000}, {"championLevel": 4, "chestGranted": false, "championPoints": 18684, "championPointsSinceLastLevel": 6084, "playerId": 21886, "championPointsUntilNextLevel": 2916, "tokensEarned": 0, "championId": 238, "lastPlayTime": 1466445620000}, {"championLevel": 3, "chestGranted": false, "championPoints": 10327, "championPointsSinceLastLevel": 4327, "playerId": 21886, "championPointsUntilNextLevel": 2273, "tokensEarned": 0, "championId": 203, "lastPlayTime": 1446447145000}, {"championLevel": 3, "chestGranted": false, "championPoints": 8844, "championPointsSinceLastLevel": 2844, "playerId": 21886, "championPointsUntilNextLevel": 3756, "tokensEarned": 0, "championId": 81, "lastPlayTime": 1466441392000}, {"championLevel": 3, "chestGranted": true, "championPoints": 8340, "championPointsSinceLastLevel": 2340, "playerId": 21886, "championPointsUntilNextLevel": 4260, "tokensEarned": 0, "championId": 157, "lastPlayTime": 1468889062000}, {"championLevel": 2, "chestGranted": true, "championPoints": 5069, "championPointsSinceLastLevel": 3269, "playerId": 21886, "championPointsUntilNextLevel": 931, "tokensEarned": 0, "championId": 17, "lastPlayTime": 1461395422000}, {"championLevel": 2, "chestGranted": true, "championPoints": 4916, "championPointsSinceLastLevel": 3116, "playerId": 21886, "championPointsUntilNextLevel": 1084, "tokensEarned": 0, "championId": 99, "lastPlayTime": 1467057467000}, {"championLevel": 2, "chestGranted": false, "championPoints": 4446, "championPointsSinceLastLevel": 2646, "playerId": 21886, "championPointsUntilNextLevel": 1554, "tokensEarned": 0, "championId": 25, "lastPlayTime": 1463771136000}, {"championLevel": 2, "chestGranted": false, "championPoints": 3893, "championPointsSinceLastLevel": 2093, "playerId": 21886, "championPointsUntilNextLevel": 2107, "tokensEarned": 0, "championId": 114, "lastPlayTime": 1460227197000}, {"championLevel": 2, "chestGranted": false, "championPoints": 3712, "championPointsSinceLastLevel": 1912, "playerId": 21886, "championPointsUntilNextLevel": 2288, "tokensEarned": 0, "championId": 236, "lastPlayTime": 1466447689000}, {"championLevel": 2, "chestGranted": true, "championPoints": 3586, "championPointsSinceLastLevel": 1786, "playerId": 21886, "championPointsUntilNextLevel": 2414, "tokensEarned": 0, "championId": 127, "lastPlayTime": 1463120456000}, {"championLevel": 2, "chestGranted": false, "championPoints": 3451, "championPointsSinceLastLevel": 1651, "playerId": 21886, "championPointsUntilNextLevel": 2549, "tokensEarned": 0, "championId": 51, "lastPlayTime": 1468886895000}, {"championLevel": 2, "chestGranted": true, "championPoints": 3377, "championPointsSinceLastLevel": 1577, "playerId": 21886, "championPointsUntilNextLevel": 2623, "tokensEarned": 0, "championId": 104, "lastPlayTime": 1463810913000}, {"championLevel": 2, "chestGranted": false, "championPoints": 3308, "championPointsSinceLastLevel": 1508, "playerId": 21886, "championPointsUntilNextLevel": 2692, "tokensEarned": 0, "championId": 222, "lastPlayTime": 1465181394000}, {"championLevel": 2, "chestGranted": false, "championPoints": 3055, "championPointsSinceLastLevel": 1255, "playerId": 21886, "championPointsUntilNextLevel": 2945, "tokensEarned": 0, "championId": 80, "lastPlayTime": 1431634516000}, {"championLevel": 2, "chestGranted": false, "championPoints": 3037, "championPointsSinceLastLevel": 1237, "playerId": 21886, "championPointsUntilNextLevel": 2963, "tokensEarned": 0, "championId": 41, "lastPlayTime": 1459352489000}, {"championLevel": 2, "chestGranted": false, "championPoints": 2954, "championPointsSinceLastLevel": 1154, "playerId": 21886, "championPointsUntilNextLevel": 3046, "tokensEarned": 0, "championId": 22, "lastPlayTime": 1465241329000}, {"championLevel": 2, "chestGranted": false, "championPoints": 2931, "championPointsSinceLastLevel": 1131, "playerId": 21886, "championPointsUntilNextLevel": 3069, "tokensEarned": 0, "championId": 35, "lastPlayTime": 1463958738000}, {"championLevel": 2, "chestGranted": false, "championPoints": 2886, "championPointsSinceLastLevel": 1086, "playerId": 21886, "championPointsUntilNextLevel": 3114, "tokensEarned": 0, "championId": 64, "lastPlayTime": 1464400247000}, {"championLevel": 2, "chestGranted": false, "championPoints": 2849, "championPointsSinceLastLevel": 1049, "playerId": 21886, "championPointsUntilNextLevel": 3151, "tokensEarned": 0, "championId": 136, "lastPlayTime": 1460512344000}, {"championLevel": 2, "chestGranted": false, "championPoints": 2763, "championPointsSinceLastLevel": 963, "playerId": 21886, "championPointsUntilNextLevel": 3237, "tokensEarned": 0, "championId": 119, "lastPlayTime": 1464057549000}, {"championLevel": 2, "chestGranted": false, "championPoints": 2735, "championPointsSinceLastLevel": 935, "playerId": 21886, "championPointsUntilNextLevel": 3265, "tokensEarned": 0, "championId": 267, "lastPlayTime": 1463118273000}, {"championLevel": 2, "chestGranted": false, "championPoints": 2624, "championPointsSinceLastLevel": 824, "playerId": 21886, "championPointsUntilNextLevel": 3376, "tokensEarned": 0, "championId": 202, "lastPlayTime": 1464401750000}, {"championLevel": 2, "chestGranted": false, "championPoints": 2368, "championPointsSinceLastLevel": 568, "playerId": 21886, "championPointsUntilNextLevel": 3632, "tokensEarned": 0, "championId": 53, "lastPlayTime": 1461355322000}, {"championLevel": 2, "chestGranted": false, "championPoints": 2272, "championPointsSinceLastLevel": 472, "playerId": 21886, "championPointsUntilNextLevel": 3728, "tokensEarned": 0, "championId": 18, "lastPlayTime": 1459604020000}, {"championLevel": 2, "chestGranted": false, "championPoints": 2247, "championPointsSinceLastLevel": 447, "playerId": 21886, "championPointsUntilNextLevel": 3753, "tokensEarned": 0, "championId": 9, "lastPlayTime": 1460686384000}, {"championLevel": 2, "chestGranted": false, "championPoints": 2176, "championPointsSinceLastLevel": 376, "playerId": 21886, "championPointsUntilNextLevel": 3824, "tokensEarned": 0, "championId": 1, "lastPlayTime": 1464052498000}, {"championLevel": 2, "chestGranted": false, "championPoints": 2094, "championPointsSinceLastLevel": 294, "playerId": 21886, "championPointsUntilNextLevel": 3906, "tokensEarned": 0, "championId": 19, "lastPlayTime": 1463778449000}, {"championLevel": 2, "chestGranted": false, "championPoints": 2009, "championPointsSinceLastLevel": 209, "playerId": 21886, "championPointsUntilNextLevel": 3991, "tokensEarned": 0, "championId": 6, "lastPlayTime": 1465083291000}, {"championLevel": 2, "chestGranted": false, "championPoints": 2001, "championPointsSinceLastLevel": 201, "playerId": 21886, "championPointsUntilNextLevel": 3999, "tokensEarned": 0, "championId": 121, "lastPlayTime": 1463966064000}, {"championLevel": 2, "chestGranted": false, "championPoints": 1898, "championPointsSinceLastLevel": 98, "playerId": 21886, "championPointsUntilNextLevel": 4102, "tokensEarned": 0, "championId": 77, "lastPlayTime": 1463723319000}, {"championLevel": 2, "chestGranted": false, "championPoints": 1821, "championPointsSinceLastLevel": 21, "playerId": 21886, "championPointsUntilNextLevel": 4179, "tokensEarned": 0, "championId": 89, "lastPlayTime": 1461390957000}, {"championLevel": 2, "chestGranted": false, "championPoints": 1816, "championPointsSinceLastLevel": 16, "playerId": 21886, "championPointsUntilNextLevel": 4184, "tokensEarned": 0, "championId": 11, "lastPlayTime": 1437940256000}, {"championLevel": 1, "chestGranted": true, "championPoints": 1744, "championPointsSinceLastLevel": 1744, "playerId": 21886, "championPointsUntilNextLevel": 56, "tokensEarned": 0, "championId": 20, "lastPlayTime": 1460757191000}, {"championLevel": 1, "chestGranted": true, "championPoints": 1663, "championPointsSinceLastLevel": 1663, "playerId": 21886, "championPointsUntilNextLevel": 137, "tokensEarned": 0, "championId": 412, "lastPlayTime": 1468203080000}, {"championLevel": 1, "chestGranted": false, "championPoints": 1643, "championPointsSinceLastLevel": 1643, "playerId": 21886, "championPointsUntilNextLevel": 157, "tokensEarned": 0, "championId": 27, "lastPlayTime": 1459442571000}, {"championLevel": 1, "chestGranted": false, "championPoints": 1624, "championPointsSinceLastLevel": 1624, "playerId": 21886, "championPointsUntilNextLevel": 176, "tokensEarned": 0, "championId": 26, "lastPlayTime": 1460695921000}, {"championLevel": 1, "chestGranted": false, "championPoints": 1552, "championPointsSinceLastLevel": 1552, "playerId": 21886, "championPointsUntilNextLevel": 248, "tokensEarned": 0, "championId": 24, "lastPlayTime": 1460158800000}, {"championLevel": 1, "chestGranted": true, "championPoints": 1535, "championPointsSinceLastLevel": 1535, "playerId": 21886, "championPointsUntilNextLevel": 265, "tokensEarned": 0, "championId": 4, "lastPlayTime": 1461353455000}, {"championLevel": 1, "chestGranted": true, "championPoints": 1496, "championPointsSinceLastLevel": 1496, "playerId": 21886, "championPointsUntilNextLevel": 304, "tokensEarned": 0, "championId": 103, "lastPlayTime": 1464403222000}, {"championLevel": 1, "chestGranted": false, "championPoints": 1460, "championPointsSinceLastLevel": 1460, "playerId": 21886, "championPointsUntilNextLevel": 340, "tokensEarned": 0, "championId": 21, "lastPlayTime": 1469068262000}, {"championLevel": 1, "chestGranted": false, "championPoints": 1433, "championPointsSinceLastLevel": 1433, "playerId": 21886, "championPointsUntilNextLevel": 367, "tokensEarned": 0, "championId": 90, "lastPlayTime": 1465781299000}, {"championLevel": 1, "chestGranted": false, "championPoints": 1421, "championPointsSinceLastLevel": 1421, "playerId": 21886, "championPointsUntilNextLevel": 379, "tokensEarned": 0, "championId": 63, "lastPlayTime": 1463960507000}, {"championLevel": 1, "chestGranted": false, "championPoints": 1380, "championPointsSinceLastLevel": 1380, "playerId": 21886, "championPointsUntilNextLevel": 420, "tokensEarned": 0, "championId": 40, "lastPlayTime": 1463779890000}, {"championLevel": 1, "chestGranted": false, "championPoints": 1359, "championPointsSinceLastLevel": 1359, "playerId": 21886, "championPointsUntilNextLevel": 441, "tokensEarned": 0, "championId": 55, "lastPlayTime": 1467511562000}, {"championLevel": 1, "chestGranted": false, "championPoints": 1337, "championPointsSinceLastLevel": 1337, "playerId": 21886, "championPointsUntilNextLevel": 463, "tokensEarned": 0, "championId": 112, "lastPlayTime": 1431637633000}, {"championLevel": 1, "chestGranted": false, "championPoints": 1329, "championPointsSinceLastLevel": 1329, "playerId": 21886, "championPointsUntilNextLevel": 471, "tokensEarned": 0, "championId": 432, "lastPlayTime": 1459613464000}, {"championLevel": 1, "chestGranted": false, "championPoints": 1313, "championPointsSinceLastLevel": 1313, "playerId": 21886, "championPointsUntilNextLevel": 487, "tokensEarned": 0, "championId": 163, "lastPlayTime": 1465779078000}, {"championLevel": 1, "chestGranted": false, "championPoints": 1305, "championPointsSinceLastLevel": 1305, "playerId": 21886, "championPointsUntilNextLevel": 495, "tokensEarned": 0, "championId": 420, "lastPlayTime": 1460415541000}, {"championLevel": 1, "chestGranted": false, "championPoints": 1304, "championPointsSinceLastLevel": 1304, "playerId": 21886, "championPointsUntilNextLevel": 496, "tokensEarned": 0, "championId": 39, "lastPlayTime": 1459367752000}, {"championLevel": 1, "chestGranted": false, "championPoints": 1301, "championPointsSinceLastLevel": 1301, "playerId": 21886, "championPointsUntilNextLevel": 499, "tokensEarned": 0, "championId": 76, "lastPlayTime": 1466439675000}, {"championLevel": 1, "chestGranted": false, "championPoints": 1255, "championPointsSinceLastLevel": 1255, "playerId": 21886, "championPointsUntilNextLevel": 545, "tokensEarned": 0, "championId": 105, "lastPlayTime": 1460324376000}, {"championLevel": 1, "chestGranted": false, "championPoints": 1204, "championPointsSinceLastLevel": 1204, "playerId": 21886, "championPointsUntilNextLevel": 596, "tokensEarned": 0, "championId": 45, "lastPlayTime": 1461360019000}, {"championLevel": 1, "chestGranted": false, "championPoints": 1198, "championPointsSinceLastLevel": 1198, "playerId": 21886, "championPointsUntilNextLevel": 602, "tokensEarned": 0, "championId": 16, "lastPlayTime": 1459686024000}, {"championLevel": 1, "chestGranted": false, "championPoints": 1122, "championPointsSinceLastLevel": 1122, "playerId": 21886, "championPointsUntilNextLevel": 678, "tokensEarned": 0, "championId": 56, "lastPlayTime": 1431305765000}, {"championLevel": 1, "chestGranted": false, "championPoints": 1116, "championPointsSinceLastLevel": 1116, "playerId": 21886, "championPointsUntilNextLevel": 684, "tokensEarned": 0, "championId": 126, "lastPlayTime": 1433064501000}, {"championLevel": 1, "chestGranted": false, "championPoints": 1103, "championPointsSinceLastLevel": 1103, "playerId": 21886, "championPointsUntilNextLevel": 697, "tokensEarned": 0, "championId": 59, "lastPlayTime": 1460397112000}, {"championLevel": 1, "chestGranted": false, "championPoints": 1097, "championPointsSinceLastLevel": 1097, "playerId": 21886, "championPointsUntilNextLevel": 703, "tokensEarned": 0, "championId": 98, "lastPlayTime": 1468208072000}, {"championLevel": 1, "chestGranted": false, "championPoints": 1004, "championPointsSinceLastLevel": 1004, "playerId": 21886, "championPointsUntilNextLevel": 796, "tokensEarned": 0, "championId": 54, "lastPlayTime": 1459533379000}, {"championLevel": 1, "chestGranted": false, "championPoints": 963, "championPointsSinceLastLevel": 963, "playerId": 21886, "championPointsUntilNextLevel": 837, "tokensEarned": 0, "championId": 131, "lastPlayTime": 1461387041000}, {"championLevel": 1, "chestGranted": false, "championPoints": 930, "championPointsSinceLastLevel": 930, "playerId": 21886, "championPointsUntilNextLevel": 870, "tokensEarned": 0, "championId": 42, "lastPlayTime": 1437177009000}, {"championLevel": 1, "chestGranted": false, "championPoints": 923, "championPointsSinceLastLevel": 923, "playerId": 21886, "championPointsUntilNextLevel": 877, "tokensEarned": 0, "championId": 13, "lastPlayTime": 1468818638000}, {"championLevel": 1, "chestGranted": false, "championPoints": 917, "championPointsSinceLastLevel": 917, "playerId": 21886, "championPointsUntilNextLevel": 883, "tokensEarned": 0, "championId": 36, "lastPlayTime": 1448650787000}, {"championLevel": 1, "chestGranted": false, "championPoints": 901, "championPointsSinceLastLevel": 901, "playerId": 21886, "championPointsUntilNextLevel": 899, "tokensEarned": 0, "championId": 33, "lastPlayTime": 1437168966000}, {"championLevel": 1, "chestGranted": false, "championPoints": 895, "championPointsSinceLastLevel": 895, "playerId": 21886, "championPointsUntilNextLevel": 905, "tokensEarned": 0, "championId": 113, "lastPlayTime": 1461383997000}, {"championLevel": 1, "chestGranted": false, "championPoints": 893, "championPointsSinceLastLevel": 893, "playerId": 21886, "championPointsUntilNextLevel": 907, "tokensEarned": 0, "championId": 15, "lastPlayTime": 1459369574000}, {"championLevel": 1, "chestGranted": false, "championPoints": 885, "championPointsSinceLastLevel": 885, "playerId": 21886, "championPointsUntilNextLevel": 915, "tokensEarned": 0, "championId": 133, "lastPlayTime": 1464560790000}, {"championLevel": 1, "chestGranted": false, "championPoints": 878, "championPointsSinceLastLevel": 878, "playerId": 21886, "championPointsUntilNextLevel": 922, "tokensEarned": 0, "championId": 111, "lastPlayTime": 1438576275000}, {"championLevel": 1, "chestGranted": false, "championPoints": 869, "championPointsSinceLastLevel": 869, "playerId": 21886, "championPointsUntilNextLevel": 931, "tokensEarned": 0, "championId": 23, "lastPlayTime": 1461348710000}, {"championLevel": 1, "chestGranted": false, "championPoints": 865, "championPointsSinceLastLevel": 865, "playerId": 21886, "championPointsUntilNextLevel": 935, "tokensEarned": 0, "championId": 92, "lastPlayTime": 1463968661000}, {"championLevel": 1, "chestGranted": false, "championPoints": 857, "championPointsSinceLastLevel": 857, "playerId": 21886, "championPointsUntilNextLevel": 943, "tokensEarned": 0, "championId": 31, "lastPlayTime": 1463781826000}, {"championLevel": 1, "chestGranted": false, "championPoints": 775, "championPointsSinceLastLevel": 775, "playerId": 21886, "championPointsUntilNextLevel": 1025, "tokensEarned": 0, "championId": 38, "lastPlayTime": 1460230762000}, {"championLevel": 1, "chestGranted": false, "championPoints": 721, "championPointsSinceLastLevel": 721, "playerId": 21886, "championPointsUntilNextLevel": 1079, "tokensEarned": 0, "championId": 421, "lastPlayTime": 1460162605000}, {"championLevel": 1, "chestGranted": false, "championPoints": 523, "championPointsSinceLastLevel": 523, "playerId": 21886, "championPointsUntilNextLevel": 1277, "tokensEarned": 0, "championId": 245, "lastPlayTime": 1433129902000}, {"championLevel": 1, "chestGranted": false, "championPoints": 503, "championPointsSinceLastLevel": 503, "playerId": 21886, "championPointsUntilNextLevel": 1297, "tokensEarned": 0, "championId": 7, "lastPlayTime": 1463962458000}, {"championLevel": 1, "chestGranted": true, "championPoints": 459, "championPointsSinceLastLevel": 459, "playerId": 21886, "championPointsUntilNextLevel": 1341, "tokensEarned": 0, "championId": 110, "lastPlayTime": 1459606820000}, {"championLevel": 1, "chestGranted": false, "championPoints": 409, "championPointsSinceLastLevel": 409, "playerId": 21886, "championPointsUntilNextLevel": 1391, "tokensEarned": 0, "championId": 429, "lastPlayTime": 1465536466000}, {"championLevel": 1, "chestGranted": false, "championPoints": 278, "championPointsSinceLastLevel": 278, "playerId": 21886, "championPointsUntilNextLevel": 1522, "tokensEarned": 0, "championId": 86, "lastPlayTime": 1431301433000}, {"championLevel": 1, "chestGranted": false, "championPoints": 254, "championPointsSinceLastLevel": 254, "playerId": 21886, "championPointsUntilNextLevel": 1546, "tokensEarned": 0, "championId": 201, "lastPlayTime": 1437266906000}, {"championLevel": 1, "chestGranted": false, "championPoints": 249, "championPointsSinceLastLevel": 249, "playerId": 21886, "championPointsUntilNextLevel": 1551, "tokensEarned": 0, "championId": 83, "lastPlayTime": 1437458923000}, {"championLevel": 1, "chestGranted": false, "championPoints": 240, "championPointsSinceLastLevel": 240, "playerId": 21886, "championPointsUntilNextLevel": 1560, "tokensEarned": 0, "championId": 34, "lastPlayTime": 1463123538000}, {"championLevel": 1, "chestGranted": false, "championPoints": 237, "championPointsSinceLastLevel": 237, "playerId": 21886, "championPointsUntilNextLevel": 1563, "tokensEarned": 0, "championId": 266, "lastPlayTime": 1431803539000}, {"championLevel": 1, "chestGranted": false, "championPoints": 210, "championPointsSinceLastLevel": 210, "playerId": 21886, "championPointsUntilNextLevel": 1590, "tokensEarned": 0, "championId": 3, "lastPlayTime": 1437238106000}, {"championLevel": 1, "chestGranted": false, "championPoints": 205, "championPointsSinceLastLevel": 205, "playerId": 21886, "championPointsUntilNextLevel": 1595, "tokensEarned": 0, "championId": 120, "lastPlayTime": 1463814958000}, {"championLevel": 1, "chestGranted": false, "championPoints": 186, "championPointsSinceLastLevel": 186, "playerId": 21886, "championPointsUntilNextLevel": 1614, "tokensEarned": 0, "championId": 268, "lastPlayTime": 1464054981000}, {"championLevel": 1, "chestGranted": false, "championPoints": 177, "championPointsSinceLastLevel": 177, "playerId": 21886, "championPointsUntilNextLevel": 1623, "tokensEarned": 0, "championId": 85, "lastPlayTime": 1460665785000}, {"championLevel": 1, "chestGranted": false, "championPoints": 173, "championPointsSinceLastLevel": 173, "playerId": 21886, "championPointsUntilNextLevel": 1627, "tokensEarned": 0, "championId": 107, "lastPlayTime": 1432237126000}, {"championLevel": 1, "chestGranted": false, "championPoints": 167, "championPointsSinceLastLevel": 167, "playerId": 21886, "championPointsUntilNextLevel": 1633, "tokensEarned": 0, "championId": 60, "lastPlayTime": 1460697665000}, {"championLevel": 1, "chestGranted": false, "championPoints": 161, "championPointsSinceLastLevel": 161, "playerId": 21886, "championPointsUntilNextLevel": 1639, "tokensEarned": 0, "championId": 254, "lastPlayTime": 1459428736000}, {"championLevel": 1, "chestGranted": false, "championPoints": 160, "championPointsSinceLastLevel": 160, "playerId": 21886, "championPointsUntilNextLevel": 1640, "tokensEarned": 0, "championId": 122, "lastPlayTime": 1438497697000}, {"championLevel": 1, "chestGranted": false, "championPoints": 158, "championPointsSinceLastLevel": 158, "playerId": 21886, "championPointsUntilNextLevel": 1642, "tokensEarned": 0, "championId": 5, "lastPlayTime": 1461352047000}, {"championLevel": 1, "chestGranted": false, "championPoints": 156, "championPointsSinceLastLevel": 156, "playerId": 21886, "championPointsUntilNextLevel": 1644, "tokensEarned": 0, "championId": 48, "lastPlayTime": 1437453586000}, {"championLevel": 1, "chestGranted": false, "championPoints": 154, "championPointsSinceLastLevel": 154, "playerId": 21886, "championPointsUntilNextLevel": 1646, "tokensEarned": 0, "championId": 28, "lastPlayTime": 1461357058000}]