[{"championLevel": 6, "chestGranted": true, "championPoints": 23707, "championPointsSinceLastLevel": 2107, "playerId": 21883, "championPointsUntilNextLevel": 0, "tokensEarned": 0, "championId": 102, "lastPlayTime": 1465330318000}, {"championLevel": 3, "chestGranted": true, "championPoints": 11079, "championPointsSinceLastLevel": 5079, "playerId": 21883, "championPointsUntilNextLevel": 1521, "tokensEarned": 0, "championId": 44, "lastPlayTime": 1465935952000}, {"championLevel": 3, "chestGranted": true, "championPoints": 9509, "championPointsSinceLastLevel": 3509, "playerId": 21883, "championPointsUntilNextLevel": 3091, "tokensEarned": 0, "championId": 83, "lastPlayTime": 1465543094000}, {"championLevel": 3, "chestGranted": true, "championPoints": 8016, "championPointsSinceLastLevel": 2016, "playerId": 21883, "championPointsUntilNextLevel": 4584, "tokensEarned": 0, "championId": 120, "lastPlayTime": 1466648783000}, {"championLevel": 3, "chestGranted": false, "championPoints": 6959, "championPointsSinceLastLevel": 959, "playerId": 21883, "championPointsUntilNextLevel": 5641, "tokensEarned": 0, "championId": 21, "lastPlayTime": 1465168814000}, {"championLevel": 3, "chestGranted": true, "championPoints": 6410, "championPointsSinceLastLevel": 410, "playerId": 21883, "championPointsUntilNextLevel": 6190, "tokensEarned": 0, "championId": 48, "lastPlayTime": 1462295527000}, {"championLevel": 2, "chestGranted": true, "championPoints": 5420, "championPointsSinceLastLevel": 3620, "playerId": 21883, "championPointsUntilNextLevel": 580, "tokensEarned": 0, "championId": 15, "lastPlayTime": 1464801656000}, {"championLevel": 2, "chestGranted": false, "championPoints": 5203, "championPointsSinceLastLevel": 3403, "playerId": 21883, "championPointsUntilNextLevel": 797, "tokensEarned": 0, "championId": 89, "lastPlayTime": 1463816377000}, {"championLevel": 2, "chestGranted": false, "championPoints": 4708, "championPointsSinceLastLevel": 2908, "playerId": 21883, "championPointsUntilNextLevel": 1292, "tokensEarned": 0, "championId": 37, "lastPlayTime": 1463792469000}, {"championLevel": 2, "chestGranted": false, "championPoints": 4441, "championPointsSinceLastLevel": 2641, "playerId": 21883, "championPointsUntilNextLevel": 1559, "tokensEarned": 0, "championId": 254, "lastPlayTime": 1464199959000}, {"championLevel": 2, "chestGranted": false, "championPoints": 3951, "championPointsSinceLastLevel": 2151, "playerId": 21883, "championPointsUntilNextLevel": 2049, "tokensEarned": 0, "championId": 54, "lastPlayTime": 1464651750000}, {"championLevel": 2, "chestGranted": false, "championPoints": 3896, "championPointsSinceLastLevel": 2096, "playerId": 21883, "championPointsUntilNextLevel": 2104, "tokensEarned": 0, "championId": 201, "lastPlayTime": 1461899164000}, {"championLevel": 2, "chestGranted": true, "championPoints": 3609, "championPointsSinceLastLevel": 1809, "playerId": 21883, "championPointsUntilNextLevel": 2391, "tokensEarned": 0, "championId": 57, "lastPlayTime": 1462989094000}, {"championLevel": 2, "chestGranted": true, "championPoints": 3556, "championPointsSinceLastLevel": 1756, "playerId": 21883, "championPointsUntilNextLevel": 2444, "tokensEarned": 0, "championId": 39, "lastPlayTime": 1462820995000}, {"championLevel": 2, "chestGranted": false, "championPoints": 3536, "championPointsSinceLastLevel": 1736, "playerId": 21883, "championPointsUntilNextLevel": 2464, "tokensEarned": 0, "championId": 41, "lastPlayTime": 1463928779000}, {"championLevel": 2, "chestGranted": true, "championPoints": 3393, "championPointsSinceLastLevel": 1593, "playerId": 21883, "championPointsUntilNextLevel": 2607, "tokensEarned": 0, "championId": 17, "lastPlayTime": 1464203127000}, {"championLevel": 2, "chestGranted": true, "championPoints": 2871, "championPointsSinceLastLevel": 1071, "playerId": 21883, "championPointsUntilNextLevel": 3129, "tokensEarned": 0, "championId": 25, "lastPlayTime": 1466383012000}, {"championLevel": 2, "chestGranted": false, "championPoints": 2319, "championPointsSinceLastLevel": 519, "playerId": 21883, "championPointsUntilNextLevel": 3681, "tokensEarned": 0, "championId": 67, "lastPlayTime": 1460132328000}, {"championLevel": 2, "chestGranted": false, "championPoints": 2277, "championPointsSinceLastLevel": 477, "playerId": 21883, "championPointsUntilNextLevel": 3723, "tokensEarned": 0, "championId": 90, "lastPlayTime": 1463893483000}, {"championLevel": 2, "chestGranted": true, "championPoints": 2217, "championPointsSinceLastLevel": 417, "playerId": 21883, "championPointsUntilNextLevel": 3783, "tokensEarned": 0, "championId": 16, "lastPlayTime": 1463563068000}, {"championLevel": 2, "chestGranted": false, "championPoints": 1895, "championPointsSinceLastLevel": 95, "playerId": 21883, "championPointsUntilNextLevel": 4105, "tokensEarned": 0, "championId": 22, "lastPlayTime": 1463871561000}, {"championLevel": 1, "chestGranted": true, "championPoints": 1694, "championPointsSinceLastLevel": 1694, "playerId": 21883, "championPointsUntilNextLevel": 106, "tokensEarned": 0, "championId": 268, "lastPlayTime": 1466237176000}, {"championLevel": 1, "chestGranted": false, "championPoints": 1629, "championPointsSinceLastLevel": 1629, "playerId": 21883, "championPointsUntilNextLevel": 171, "tokensEarned": 0, "championId": 110, "lastPlayTime": 1460692622000}, {"championLevel": 1, "chestGranted": false, "championPoints": 1588, "championPointsSinceLastLevel": 1588, "playerId": 21883, "championPointsUntilNextLevel": 212, "tokensEarned": 0, "championId": 161, "lastPlayTime": 1461376079000}, {"championLevel": 1, "chestGranted": false, "championPoints": 1391, "championPointsSinceLastLevel": 1391, "playerId": 21883, "championPointsUntilNextLevel": 409, "tokensEarned": 0, "championId": 126, "lastPlayTime": 1461387249000}, {"championLevel": 1, "chestGranted": false, "championPoints": 1369, "championPointsSinceLastLevel": 1369, "playerId": 21883, "championPointsUntilNextLevel": 431, "tokensEarned": 0, "championId": 53, "lastPlayTime": 1462557379000}, {"championLevel": 1, "chestGranted": false, "championPoints": 1362, "championPointsSinceLastLevel": 1362, "playerId": 21883, "championPointsUntilNextLevel": 438, "tokensEarned": 0, "championId": 20, "lastPlayTime": 1460346156000}, {"championLevel": 1, "chestGranted": false, "championPoints": 1324, "championPointsSinceLastLevel": 1324, "playerId": 21883, "championPointsUntilNextLevel": 476, "tokensEarned": 0, "championId": 69, "lastPlayTime": 1462847929000}, {"championLevel": 1, "chestGranted": false, "championPoints": 1314, "championPointsSinceLastLevel": 1314, "playerId": 21883, "championPointsUntilNextLevel": 486, "tokensEarned": 0, "championId": 23, "lastPlayTime": 1431747249000}, {"championLevel": 1, "chestGranted": false, "championPoints": 1304, "championPointsSinceLastLevel": 1304, "playerId": 21883, "championPointsUntilNextLevel": 496, "tokensEarned": 0, "championId": 50, "lastPlayTime": 1461358729000}, {"championLevel": 1, "chestGranted": false, "championPoints": 1302, "championPointsSinceLastLevel": 1302, "playerId": 21883, "championPointsUntilNextLevel": 498, "tokensEarned": 0, "championId": 80, "lastPlayTime": 1446757107000}, {"championLevel": 1, "chestGranted": false, "championPoints": 1255, "championPointsSinceLastLevel": 1255, "playerId": 21883, "championPointsUntilNextLevel": 545, "tokensEarned": 0, "championId": 111, "lastPlayTime": 1461956573000}, {"championLevel": 1, "chestGranted": false, "championPoints": 1246, "championPointsSinceLastLevel": 1246, "playerId": 21883, "championPointsUntilNextLevel": 554, "tokensEarned": 0, "championId": 61, "lastPlayTime": 1466187062000}, {"championLevel": 1, "chestGranted": false, "championPoints": 1223, "championPointsSinceLastLevel": 1223, "playerId": 21883, "championPointsUntilNextLevel": 577, "tokensEarned": 0, "championId": 64, "lastPlayTime": 1466403347000}, {"championLevel": 1, "chestGranted": false, "championPoints": 1189, "championPointsSinceLastLevel": 1189, "playerId": 21883, "championPointsUntilNextLevel": 611, "tokensEarned": 0, "championId": 27, "lastPlayTime": 1433999304000}, {"championLevel": 1, "chestGranted": false, "championPoints": 1113, "championPointsSinceLastLevel": 1113, "playerId": 21883, "championPointsUntilNextLevel": 687, "tokensEarned": 0, "championId": 51, "lastPlayTime": 1445367543000}, {"championLevel": 1, "chestGranted": false, "championPoints": 1024, "championPointsSinceLastLevel": 1024, "playerId": 21883, "championPointsUntilNextLevel": 776, "tokensEarned": 0, "championId": 10, "lastPlayTime": 1461119224000}, {"championLevel": 1, "chestGranted": false, "championPoints": 1020, "championPointsSinceLastLevel": 1020, "playerId": 21883, "championPointsUntilNextLevel": 780, "tokensEarned": 0, "championId": 12, "lastPlayTime": 1444533387000}, {"championLevel": 1, "chestGranted": false, "championPoints": 975, "championPointsSinceLastLevel": 975, "playerId": 21883, "championPointsUntilNextLevel": 825, "tokensEarned": 0, "championId": 18, "lastPlayTime": 1462309857000}, {"championLevel": 1, "chestGranted": false, "championPoints": 939, "championPointsSinceLastLevel": 939, "playerId": 21883, "championPointsUntilNextLevel": 861, "tokensEarned": 0, "championId": 74, "lastPlayTime": 1466234537000}, {"championLevel": 1, "chestGranted": false, "championPoints": 917, "championPointsSinceLastLevel": 917, "playerId": 21883, "championPointsUntilNextLevel": 883, "tokensEarned": 0, "championId": 34, "lastPlayTime": 1467020003000}, {"championLevel": 1, "chestGranted": false, "championPoints": 905, "championPointsSinceLastLevel": 905, "playerId": 21883, "championPointsUntilNextLevel": 895, "tokensEarned": 0, "championId": 29, "lastPlayTime": 1463023789000}, {"championLevel": 1, "chestGranted": false, "championPoints": 875, "championPointsSinceLastLevel": 875, "playerId": 21883, "championPointsUntilNextLevel": 925, "tokensEarned": 0, "championId": 62, "lastPlayTime": 1464646156000}, {"championLevel": 1, "chestGranted": false, "championPoints": 646, "championPointsSinceLastLevel": 646, "playerId": 21883, "championPointsUntilNextLevel": 1154, "tokensEarned": 0, "championId": 82, "lastPlayTime": 1451923414000}, {"championLevel": 1, "chestGranted": false, "championPoints": 624, "championPointsSinceLastLevel": 624, "playerId": 21883, "championPointsUntilNextLevel": 1176, "tokensEarned": 0, "championId": 136, "lastPlayTime": 1460914752000}, {"championLevel": 1, "chestGranted": false, "championPoints": 485, "championPointsSinceLastLevel": 485, "playerId": 21883, "championPointsUntilNextLevel": 1315, "tokensEarned": 0, "championId": 96, "lastPlayTime": 1461374456000}, {"championLevel": 1, "chestGranted": false, "championPoints": 434, "championPointsSinceLastLevel": 434, "playerId": 21883, "championPointsUntilNextLevel": 1366, "tokensEarned": 0, "championId": 86, "lastPlayTime": 1463809637000}, {"championLevel": 1, "chestGranted": true, "championPoints": 347, "championPointsSinceLastLevel": 347, "playerId": 21883, "championPointsUntilNextLevel": 1453, "tokensEarned": 0, "championId": 113, "lastPlayTime": 1466815091000}, {"championLevel": 1, "chestGranted": false, "championPoints": 292, "championPointsSinceLastLevel": 292, "playerId": 21883, "championPointsUntilNextLevel": 1508, "tokensEarned": 0, "championId": 75, "lastPlayTime": 1445657527000}, {"championLevel": 1, "chestGranted": false, "championPoints": 264, "championPointsSinceLastLevel": 264, "playerId": 21883, "championPointsUntilNextLevel": 1536, "tokensEarned": 0, "championId": 31, "lastPlayTime": 1446398264000}, {"championLevel": 1, "chestGranted": false, "championPoints": 246, "championPointsSinceLastLevel": 246, "playerId": 21883, "championPointsUntilNextLevel": 1554, "tokensEarned": 0, "championId": 112, "lastPlayTime": 1462403552000}, {"championLevel": 1, "chestGranted": false, "championPoints": 198, "championPointsSinceLastLevel": 198, "playerId": 21883, "championPointsUntilNextLevel": 1602, "tokensEarned": 0, "championId": 32, "lastPlayTime": 1448852313000}, {"championLevel": 1, "chestGranted": false, "championPoints": 189, "championPointsSinceLastLevel": 189, "playerId": 21883, "championPointsUntilNextLevel": 1611, "tokensEarned": 0, "championId": 8, "lastPlayTime": 1452826846000}, {"championLevel": 1, "chestGranted": false, "championPoints": 159, "championPointsSinceLastLevel": 159, "playerId": 21883, "championPointsUntilNextLevel": 1641, "tokensEarned": 0, "championId": 238, "lastPlayTime": 1462559809000}, {"championLevel": 1, "chestGranted": false, "championPoints": 156, "championPointsSinceLastLevel": 156, "playerId": 21883, "championPointsUntilNextLevel": 1644, "tokensEarned": 0, "championId": 36, "lastPlayTime": 1463812641000}, {"championLevel": 1, "chestGranted": false, "championPoints": 139, "championPointsSinceLastLevel": 139, "playerId": 21883, "championPointsUntilNextLevel": 1661, "tokensEarned": 0, "championId": 45, "lastPlayTime": 1445022277000}, {"championLevel": 1, "chestGranted": false, "championPoints": 139, "championPointsSinceLastLevel": 139, "playerId": 21883, "championPointsUntilNextLevel": 1661, "tokensEarned": 0, "championId": 14, "lastPlayTime": 1466184115000}, {"championLevel": 1, "chestGranted": false, "championPoints": 138, "championPointsSinceLastLevel": 138, "playerId": 21883, "championPointsUntilNextLevel": 1662, "tokensEarned": 0, "championId": 157, "lastPlayTime": 1466379717000}, {"championLevel": 1, "chestGranted": false, "championPoints": 68, "championPointsSinceLastLevel": 68, "playerId": 21883, "championPointsUntilNextLevel": 1732, "tokensEarned": 0, "championId": 143, "lastPlayTime": 1464489804000}]