[{"championLevel": 5, "chestGranted": true, "championPoints": 72100, "championPointsSinceLastLevel": 50500, "playerId": 21881, "championPointsUntilNextLevel": 0, "tokensEarned": 0, "championId": 34, "lastPlayTime": 1463191021000}, {"championLevel": 5, "chestGranted": false, "championPoints": 50599, "championPointsSinceLastLevel": 28999, "playerId": 21881, "championPointsUntilNextLevel": 0, "tokensEarned": 0, "championId": 60, "lastPlayTime": 1462234449000}, {"championLevel": 5, "chestGranted": true, "championPoints": 38240, "championPointsSinceLastLevel": 16640, "playerId": 21881, "championPointsUntilNextLevel": 0, "tokensEarned": 0, "championId": 22, "lastPlayTime": 1463543825000}, {"championLevel": 5, "chestGranted": true, "championPoints": 35235, "championPointsSinceLastLevel": 13635, "playerId": 21881, "championPointsUntilNextLevel": 0, "tokensEarned": 0, "championId": 7, "lastPlayTime": 1463196457000}, {"championLevel": 5, "chestGranted": false, "championPoints": 30897, "championPointsSinceLastLevel": 9297, "playerId": 21881, "championPointsUntilNextLevel": 0, "tokensEarned": 0, "championId": 245, "lastPlayTime": 1463032543000}, {"championLevel": 5, "chestGranted": true, "championPoints": 30419, "championPointsSinceLastLevel": 8819, "playerId": 21881, "championPointsUntilNextLevel": 0, "tokensEarned": 0, "championId": 103, "lastPlayTime": 1463465527000}, {"championLevel": 5, "chestGranted": false, "championPoints": 30303, "championPointsSinceLastLevel": 8703, "playerId": 21881, "championPointsUntilNextLevel": 0, "tokensEarned": 0, "championId": 8, "lastPlayTime": 1461718989000}, {"championLevel": 5, "chestGranted": false, "championPoints": 24277, "championPointsSinceLastLevel": 2677, "playerId": 21881, "championPointsUntilNextLevel": 0, "tokensEarned": 0, "championId": 67, "lastPlayTime": 1462904458000}, {"championLevel": 4, "chestGranted": true, "championPoints": 21093, "championPointsSinceLastLevel": 8493, "playerId": 21881, "championPointsUntilNextLevel": 507, "tokensEarned": 0, "championId": 53, "lastPlayTime": 1459784032000}, {"championLevel": 4, "chestGranted": false, "championPoints": 20683, "championPointsSinceLastLevel": 8083, "playerId": 21881, "championPointsUntilNextLevel": 917, "tokensEarned": 0, "championId": 429, "lastPlayTime": 1463496625000}, {"championLevel": 4, "chestGranted": false, "championPoints": 20286, "championPointsSinceLastLevel": 7686, "playerId": 21881, "championPointsUntilNextLevel": 1314, "tokensEarned": 0, "championId": 412, "lastPlayTime": 1463490939000}, {"championLevel": 4, "chestGranted": true, "championPoints": 18779, "championPointsSinceLastLevel": 6179, "playerId": 21881, "championPointsUntilNextLevel": 2821, "tokensEarned": 0, "championId": 12, "lastPlayTime": 1461623351000}, {"championLevel": 4, "chestGranted": false, "championPoints": 18145, "championPointsSinceLastLevel": 5545, "playerId": 21881, "championPointsUntilNextLevel": 3455, "tokensEarned": 0, "championId": 18, "lastPlayTime": 1463043230000}, {"championLevel": 4, "chestGranted": true, "championPoints": 18125, "championPointsSinceLastLevel": 5525, "playerId": 21881, "championPointsUntilNextLevel": 3475, "tokensEarned": 0, "championId": 64, "lastPlayTime": 1463470403000}, {"championLevel": 4, "chestGranted": false, "championPoints": 18072, "championPointsSinceLastLevel": 5472, "playerId": 21881, "championPointsUntilNextLevel": 3528, "tokensEarned": 0, "championId": 16, "lastPlayTime": 1463493817000}, {"championLevel": 4, "chestGranted": false, "championPoints": 16159, "championPointsSinceLastLevel": 3559, "playerId": 21881, "championPointsUntilNextLevel": 5441, "tokensEarned": 0, "championId": 68, "lastPlayTime": 1463091012000}, {"championLevel": 4, "chestGranted": false, "championPoints": 13709, "championPointsSinceLastLevel": 1109, "playerId": 21881, "championPointsUntilNextLevel": 7891, "tokensEarned": 0, "championId": 40, "lastPlayTime": 1461628235000}, {"championLevel": 4, "chestGranted": false, "championPoints": 13147, "championPointsSinceLastLevel": 547, "playerId": 21881, "championPointsUntilNextLevel": 8453, "tokensEarned": 0, "championId": 61, "lastPlayTime": 1462242903000}, {"championLevel": 4, "chestGranted": false, "championPoints": 12973, "championPointsSinceLastLevel": 373, "playerId": 21881, "championPointsUntilNextLevel": 8627, "tokensEarned": 0, "championId": 238, "lastPlayTime": 1461659800000}, {"championLevel": 4, "chestGranted": false, "championPoints": 12882, "championPointsSinceLastLevel": 282, "playerId": 21881, "championPointsUntilNextLevel": 8718, "tokensEarned": 0, "championId": 99, "lastPlayTime": 1462421827000}, {"championLevel": 4, "chestGranted": false, "championPoints": 12740, "championPointsSinceLastLevel": 140, "playerId": 21881, "championPointsUntilNextLevel": 8860, "tokensEarned": 0, "championId": 81, "lastPlayTime": 1463029305000}, {"championLevel": 3, "chestGranted": true, "championPoints": 11489, "championPointsSinceLastLevel": 5489, "playerId": 21881, "championPointsUntilNextLevel": 1111, "tokensEarned": 0, "championId": 432, "lastPlayTime": 1461641766000}, {"championLevel": 3, "chestGranted": false, "championPoints": 10441, "championPointsSinceLastLevel": 4441, "playerId": 21881, "championPointsUntilNextLevel": 2159, "tokensEarned": 0, "championId": 203, "lastPlayTime": 1463540337000}, {"championLevel": 3, "chestGranted": false, "championPoints": 9123, "championPointsSinceLastLevel": 3123, "playerId": 21881, "championPointsUntilNextLevel": 3477, "tokensEarned": 0, "championId": 112, "lastPlayTime": 1462239873000}, {"championLevel": 3, "chestGranted": false, "championPoints": 8948, "championPointsSinceLastLevel": 2948, "playerId": 21881, "championPointsUntilNextLevel": 3652, "tokensEarned": 0, "championId": 267, "lastPlayTime": 1461557872000}, {"championLevel": 3, "chestGranted": false, "championPoints": 8686, "championPointsSinceLastLevel": 2686, "playerId": 21881, "championPointsUntilNextLevel": 3914, "tokensEarned": 0, "championId": 222, "lastPlayTime": 1462314154000}, {"championLevel": 3, "chestGranted": false, "championPoints": 8595, "championPointsSinceLastLevel": 2595, "playerId": 21881, "championPointsUntilNextLevel": 4005, "tokensEarned": 0, "championId": 86, "lastPlayTime": 1446145796000}, {"championLevel": 3, "chestGranted": false, "championPoints": 8135, "championPointsSinceLastLevel": 2135, "playerId": 21881, "championPointsUntilNextLevel": 4465, "tokensEarned": 0, "championId": 63, "lastPlayTime": 1462783426000}, {"championLevel": 3, "chestGranted": false, "championPoints": 8132, "championPointsSinceLastLevel": 2132, "playerId": 21881, "championPointsUntilNextLevel": 4468, "tokensEarned": 0, "championId": 25, "lastPlayTime": 1461360603000}, {"championLevel": 3, "chestGranted": false, "championPoints": 7656, "championPointsSinceLastLevel": 1656, "playerId": 21881, "championPointsUntilNextLevel": 4944, "tokensEarned": 0, "championId": 76, "lastPlayTime": 1449168803000}, {"championLevel": 3, "chestGranted": false, "championPoints": 6883, "championPointsSinceLastLevel": 883, "playerId": 21881, "championPointsUntilNextLevel": 5717, "tokensEarned": 0, "championId": 107, "lastPlayTime": 1461649517000}, {"championLevel": 3, "chestGranted": false, "championPoints": 6738, "championPointsSinceLastLevel": 738, "playerId": 21881, "championPointsUntilNextLevel": 5862, "tokensEarned": 0, "championId": 24, "lastPlayTime": 1461595091000}, {"championLevel": 3, "chestGranted": false, "championPoints": 6261, "championPointsSinceLastLevel": 261, "playerId": 21881, "championPointsUntilNextLevel": 6339, "tokensEarned": 0, "championId": 13, "lastPlayTime": 1447017286000}, {"championLevel": 3, "chestGranted": false, "championPoints": 6229, "championPointsSinceLastLevel": 229, "playerId": 21881, "championPointsUntilNextLevel": 6371, "tokensEarned": 0, "championId": 92, "lastPlayTime": 1448695100000}, {"championLevel": 2, "chestGranted": false, "championPoints": 5596, "championPointsSinceLastLevel": 3796, "playerId": 21881, "championPointsUntilNextLevel": 404, "tokensEarned": 0, "championId": 15, "lastPlayTime": 1463273697000}, {"championLevel": 2, "chestGranted": false, "championPoints": 4985, "championPointsSinceLastLevel": 3185, "playerId": 21881, "championPointsUntilNextLevel": 1015, "tokensEarned": 0, "championId": 39, "lastPlayTime": 1461633468000}, {"championLevel": 2, "chestGranted": false, "championPoints": 4752, "championPointsSinceLastLevel": 2952, "playerId": 21881, "championPointsUntilNextLevel": 1248, "tokensEarned": 0, "championId": 157, "lastPlayTime": 1462340351000}, {"championLevel": 2, "chestGranted": false, "championPoints": 4680, "championPointsSinceLastLevel": 2880, "playerId": 21881, "championPointsUntilNextLevel": 1320, "tokensEarned": 0, "championId": 117, "lastPlayTime": 1448080690000}, {"championLevel": 2, "chestGranted": false, "championPoints": 4127, "championPointsSinceLastLevel": 2327, "playerId": 21881, "championPointsUntilNextLevel": 1873, "tokensEarned": 0, "championId": 58, "lastPlayTime": 1446445363000}, {"championLevel": 2, "chestGranted": false, "championPoints": 4121, "championPointsSinceLastLevel": 2321, "playerId": 21881, "championPointsUntilNextLevel": 1879, "tokensEarned": 0, "championId": 26, "lastPlayTime": 1463271242000}, {"championLevel": 2, "chestGranted": false, "championPoints": 3905, "championPointsSinceLastLevel": 2105, "playerId": 21881, "championPointsUntilNextLevel": 2095, "tokensEarned": 0, "championId": 254, "lastPlayTime": 1448044993000}, {"championLevel": 2, "chestGranted": false, "championPoints": 3831, "championPointsSinceLastLevel": 2031, "playerId": 21881, "championPointsUntilNextLevel": 2169, "tokensEarned": 0, "championId": 236, "lastPlayTime": 1463357117000}, {"championLevel": 2, "chestGranted": false, "championPoints": 3826, "championPointsSinceLastLevel": 2026, "playerId": 21881, "championPointsUntilNextLevel": 2174, "tokensEarned": 0, "championId": 10, "lastPlayTime": 1447739568000}, {"championLevel": 2, "chestGranted": false, "championPoints": 3798, "championPointsSinceLastLevel": 1998, "playerId": 21881, "championPointsUntilNextLevel": 2202, "tokensEarned": 0, "championId": 104, "lastPlayTime": 1447531924000}, {"championLevel": 2, "chestGranted": false, "championPoints": 3112, "championPointsSinceLastLevel": 1312, "playerId": 21881, "championPointsUntilNextLevel": 2888, "tokensEarned": 0, "championId": 127, "lastPlayTime": 1448688512000}, {"championLevel": 2, "chestGranted": true, "championPoints": 2720, "championPointsSinceLastLevel": 920, "playerId": 21881, "championPointsUntilNextLevel": 3280, "tokensEarned": 0, "championId": 105, "lastPlayTime": 1463199844000}, {"championLevel": 2, "chestGranted": false, "championPoints": 2680, "championPointsSinceLastLevel": 880, "playerId": 21881, "championPointsUntilNextLevel": 3320, "tokensEarned": 0, "championId": 1, "lastPlayTime": 1462493869000}, {"championLevel": 2, "chestGranted": false, "championPoints": 2634, "championPointsSinceLastLevel": 834, "playerId": 21881, "championPointsUntilNextLevel": 3366, "tokensEarned": 0, "championId": 51, "lastPlayTime": 1463262228000}, {"championLevel": 2, "chestGranted": false, "championPoints": 2514, "championPointsSinceLastLevel": 714, "playerId": 21881, "championPointsUntilNextLevel": 3486, "tokensEarned": 0, "championId": 55, "lastPlayTime": 1462854238000}, {"championLevel": 2, "chestGranted": false, "championPoints": 2441, "championPointsSinceLastLevel": 641, "playerId": 21881, "championPointsUntilNextLevel": 3559, "tokensEarned": 0, "championId": 28, "lastPlayTime": 1447101611000}, {"championLevel": 2, "chestGranted": false, "championPoints": 2412, "championPointsSinceLastLevel": 612, "playerId": 21881, "championPointsUntilNextLevel": 3588, "tokensEarned": 0, "championId": 119, "lastPlayTime": 1449767660000}, {"championLevel": 2, "chestGranted": false, "championPoints": 2368, "championPointsSinceLastLevel": 568, "playerId": 21881, "championPointsUntilNextLevel": 3632, "tokensEarned": 0, "championId": 17, "lastPlayTime": 1449111691000}, {"championLevel": 2, "chestGranted": false, "championPoints": 2339, "championPointsSinceLastLevel": 539, "playerId": 21881, "championPointsUntilNextLevel": 3661, "tokensEarned": 0, "championId": 29, "lastPlayTime": 1462941455000}, {"championLevel": 2, "chestGranted": false, "championPoints": 2232, "championPointsSinceLastLevel": 432, "playerId": 21881, "championPointsUntilNextLevel": 3768, "tokensEarned": 0, "championId": 420, "lastPlayTime": 1448424145000}, {"championLevel": 2, "chestGranted": false, "championPoints": 2226, "championPointsSinceLastLevel": 426, "playerId": 21881, "championPointsUntilNextLevel": 3774, "tokensEarned": 0, "championId": 20, "lastPlayTime": 1459782107000}, {"championLevel": 2, "chestGranted": false, "championPoints": 2201, "championPointsSinceLastLevel": 401, "playerId": 21881, "championPointsUntilNextLevel": 3799, "tokensEarned": 0, "championId": 101, "lastPlayTime": 1445108700000}, {"championLevel": 2, "chestGranted": false, "championPoints": 2124, "championPointsSinceLastLevel": 324, "playerId": 21881, "championPointsUntilNextLevel": 3876, "tokensEarned": 0, "championId": 111, "lastPlayTime": 1446069835000}, {"championLevel": 2, "chestGranted": false, "championPoints": 2118, "championPointsSinceLastLevel": 318, "playerId": 21881, "championPointsUntilNextLevel": 3882, "tokensEarned": 0, "championId": 98, "lastPlayTime": 1463260409000}, {"championLevel": 2, "chestGranted": false, "championPoints": 2057, "championPointsSinceLastLevel": 257, "playerId": 21881, "championPointsUntilNextLevel": 3943, "tokensEarned": 0, "championId": 48, "lastPlayTime": 1463379485000}, {"championLevel": 2, "chestGranted": false, "championPoints": 1945, "championPointsSinceLastLevel": 145, "playerId": 21881, "championPointsUntilNextLevel": 4055, "tokensEarned": 0, "championId": 131, "lastPlayTime": 1447608991000}, {"championLevel": 2, "chestGranted": false, "championPoints": 1916, "championPointsSinceLastLevel": 116, "playerId": 21881, "championPointsUntilNextLevel": 4084, "tokensEarned": 0, "championId": 201, "lastPlayTime": 1462482093000}, {"championLevel": 1, "chestGranted": false, "championPoints": 1733, "championPointsSinceLastLevel": 1733, "playerId": 21881, "championPointsUntilNextLevel": 67, "tokensEarned": 0, "championId": 54, "lastPlayTime": 1445117822000}, {"championLevel": 1, "chestGranted": false, "championPoints": 1661, "championPointsSinceLastLevel": 1661, "playerId": 21881, "championPointsUntilNextLevel": 139, "tokensEarned": 0, "championId": 79, "lastPlayTime": 1443676859000}, {"championLevel": 1, "chestGranted": false, "championPoints": 1585, "championPointsSinceLastLevel": 1585, "playerId": 21881, "championPointsUntilNextLevel": 215, "tokensEarned": 0, "championId": 43, "lastPlayTime": 1461362933000}, {"championLevel": 1, "chestGranted": false, "championPoints": 1552, "championPointsSinceLastLevel": 1552, "playerId": 21881, "championPointsUntilNextLevel": 248, "tokensEarned": 0, "championId": 115, "lastPlayTime": 1461747199000}, {"championLevel": 1, "chestGranted": false, "championPoints": 1508, "championPointsSinceLastLevel": 1508, "playerId": 21881, "championPointsUntilNextLevel": 292, "tokensEarned": 0, "championId": 102, "lastPlayTime": 1446097631000}, {"championLevel": 1, "chestGranted": false, "championPoints": 1481, "championPointsSinceLastLevel": 1481, "playerId": 21881, "championPointsUntilNextLevel": 319, "tokensEarned": 0, "championId": 89, "lastPlayTime": 1448518513000}, {"championLevel": 1, "chestGranted": false, "championPoints": 1293, "championPointsSinceLastLevel": 1293, "playerId": 21881, "championPointsUntilNextLevel": 507, "tokensEarned": 0, "championId": 62, "lastPlayTime": 1446500932000}, {"championLevel": 1, "chestGranted": false, "championPoints": 1190, "championPointsSinceLastLevel": 1190, "playerId": 21881, "championPointsUntilNextLevel": 610, "tokensEarned": 0, "championId": 9, "lastPlayTime": 1443255611000}, {"championLevel": 1, "chestGranted": false, "championPoints": 1081, "championPointsSinceLastLevel": 1081, "playerId": 21881, "championPointsUntilNextLevel": 719, "tokensEarned": 0, "championId": 45, "lastPlayTime": 1444718601000}, {"championLevel": 1, "chestGranted": false, "championPoints": 1015, "championPointsSinceLastLevel": 1015, "playerId": 21881, "championPointsUntilNextLevel": 785, "tokensEarned": 0, "championId": 136, "lastPlayTime": 1459777582000}, {"championLevel": 1, "chestGranted": false, "championPoints": 993, "championPointsSinceLastLevel": 993, "playerId": 21881, "championPointsUntilNextLevel": 807, "tokensEarned": 0, "championId": 150, "lastPlayTime": 1460443994000}, {"championLevel": 1, "chestGranted": false, "championPoints": 705, "championPointsSinceLastLevel": 705, "playerId": 21881, "championPointsUntilNextLevel": 1095, "tokensEarned": 0, "championId": 44, "lastPlayTime": 1461218869000}, {"championLevel": 1, "chestGranted": false, "championPoints": 652, "championPointsSinceLastLevel": 652, "playerId": 21881, "championPointsUntilNextLevel": 1148, "tokensEarned": 0, "championId": 134, "lastPlayTime": 1462261096000}, {"championLevel": 1, "chestGranted": false, "championPoints": 478, "championPointsSinceLastLevel": 478, "playerId": 21881, "championPointsUntilNextLevel": 1322, "tokensEarned": 0, "championId": 223, "lastPlayTime": 1457941759000}, {"championLevel": 1, "chestGranted": false, "championPoints": 452, "championPointsSinceLastLevel": 452, "playerId": 21881, "championPointsUntilNextLevel": 1348, "tokensEarned": 0, "championId": 421, "lastPlayTime": 1444185343000}, {"championLevel": 1, "chestGranted": false, "championPoints": 437, "championPointsSinceLastLevel": 437, "playerId": 21881, "championPointsUntilNextLevel": 1363, "tokensEarned": 0, "championId": 114, "lastPlayTime": 1446099361000}, {"championLevel": 1, "chestGranted": false, "championPoints": 352, "championPointsSinceLastLevel": 352, "playerId": 21881, "championPointsUntilNextLevel": 1448, "tokensEarned": 0, "championId": 37, "lastPlayTime": 1461357751000}, {"championLevel": 1, "chestGranted": false, "championPoints": 336, "championPointsSinceLastLevel": 336, "playerId": 21881, "championPointsUntilNextLevel": 1464, "tokensEarned": 0, "championId": 59, "lastPlayTime": 1447565034000}, {"championLevel": 1, "chestGranted": false, "championPoints": 307, "championPointsSinceLastLevel": 307, "playerId": 21881, "championPointsUntilNextLevel": 1493, "tokensEarned": 0, "championId": 268, "lastPlayTime": 1463080693000}, {"championLevel": 1, "chestGranted": false, "championPoints": 280, "championPointsSinceLastLevel": 280, "playerId": 21881, "championPointsUntilNextLevel": 1520, "tokensEarned": 0, "championId": 36, "lastPlayTime": 1448310578000}, {"championLevel": 1, "chestGranted": false, "championPoints": 279, "championPointsSinceLastLevel": 279, "playerId": 21881, "championPointsUntilNextLevel": 1521, "tokensEarned": 0, "championId": 4, "lastPlayTime": 1462329976000}, {"championLevel": 1, "chestGranted": false, "championPoints": 255, "championPointsSinceLastLevel": 255, "playerId": 21881, "championPointsUntilNextLevel": 1545, "tokensEarned": 0, "championId": 78, "lastPlayTime": 1447058710000}, {"championLevel": 1, "chestGranted": false, "championPoints": 250, "championPointsSinceLastLevel": 250, "playerId": 21881, "championPointsUntilNextLevel": 1550, "tokensEarned": 0, "championId": 57, "lastPlayTime": 1463383650000}, {"championLevel": 1, "chestGranted": false, "championPoints": 240, "championPointsSinceLastLevel": 240, "playerId": 21881, "championPointsUntilNextLevel": 1560, "tokensEarned": 0, "championId": 5, "lastPlayTime": 1443854405000}, {"championLevel": 1, "chestGranted": false, "championPoints": 213, "championPointsSinceLastLevel": 213, "playerId": 21881, "championPointsUntilNextLevel": 1587, "tokensEarned": 0, "championId": 41, "lastPlayTime": 1444596989000}, {"championLevel": 1, "chestGranted": false, "championPoints": 190, "championPointsSinceLastLevel": 190, "playerId": 21881, "championPointsUntilNextLevel": 1610, "tokensEarned": 0, "championId": 122, "lastPlayTime": 1444700452000}, {"championLevel": 1, "chestGranted": false, "championPoints": 189, "championPointsSinceLastLevel": 189, "playerId": 21881, "championPointsUntilNextLevel": 1611, "tokensEarned": 0, "championId": 38, "lastPlayTime": 1447528995000}, {"championLevel": 1, "chestGranted": false, "championPoints": 188, "championPointsSinceLastLevel": 188, "playerId": 21881, "championPointsUntilNextLevel": 1612, "tokensEarned": 0, "championId": 91, "lastPlayTime": 1448299703000}, {"championLevel": 1, "chestGranted": false, "championPoints": 180, "championPointsSinceLastLevel": 180, "playerId": 21881, "championPointsUntilNextLevel": 1620, "tokensEarned": 0, "championId": 32, "lastPlayTime": 1444607593000}, {"championLevel": 1, "chestGranted": false, "championPoints": 178, "championPointsSinceLastLevel": 178, "playerId": 21881, "championPointsUntilNextLevel": 1622, "tokensEarned": 0, "championId": 23, "lastPlayTime": 1449511062000}, {"championLevel": 1, "chestGranted": false, "championPoints": 174, "championPointsSinceLastLevel": 174, "playerId": 21881, "championPointsUntilNextLevel": 1626, "tokensEarned": 0, "championId": 85, "lastPlayTime": 1448986562000}, {"championLevel": 1, "chestGranted": false, "championPoints": 172, "championPointsSinceLastLevel": 172, "playerId": 21881, "championPointsUntilNextLevel": 1628, "tokensEarned": 0, "championId": 106, "lastPlayTime": 1445575579000}, {"championLevel": 1, "chestGranted": false, "championPoints": 163, "championPointsSinceLastLevel": 163, "playerId": 21881, "championPointsUntilNextLevel": 1637, "tokensEarned": 0, "championId": 110, "lastPlayTime": 1447746586000}, {"championLevel": 1, "chestGranted": false, "championPoints": 156, "championPointsSinceLastLevel": 156, "playerId": 21881, "championPointsUntilNextLevel": 1644, "tokensEarned": 0, "championId": 11, "lastPlayTime": 1447525832000}, {"championLevel": 1, "chestGranted": false, "championPoints": 149, "championPointsSinceLastLevel": 149, "playerId": 21881, "championPointsUntilNextLevel": 1651, "tokensEarned": 0, "championId": 27, "lastPlayTime": 1448256221000}]