[{"championLevel": 5, "chestGranted": true, "championPoints": 68394, "championPointsSinceLastLevel": 46794, "playerId": 21899, "championPointsUntilNextLevel": 0, "tokensEarned": 0, "championId": 63, "lastPlayTime": 1467947613000}, {"championLevel": 5, "chestGranted": true, "championPoints": 63722, "championPointsSinceLastLevel": 42122, "playerId": 21899, "championPointsUntilNextLevel": 0, "tokensEarned": 0, "championId": 267, "lastPlayTime": 1468980613000}, {"championLevel": 5, "chestGranted": true, "championPoints": 59986, "championPointsSinceLastLevel": 38386, "playerId": 21899, "championPointsUntilNextLevel": 0, "tokensEarned": 0, "championId": 98, "lastPlayTime": 1468724107000}, {"championLevel": 5, "chestGranted": true, "championPoints": 53561, "championPointsSinceLastLevel": 31961, "playerId": 21899, "championPointsUntilNextLevel": 0, "tokensEarned": 1, "championId": 61, "lastPlayTime": 1468379413000}, {"championLevel": 6, "chestGranted": true, "championPoints": 36851, "championPointsSinceLastLevel": 15251, "playerId": 21899, "championPointsUntilNextLevel": 0, "tokensEarned": 0, "championId": 115, "lastPlayTime": 1467859937000}, {"championLevel": 5, "chestGranted": true, "championPoints": 34571, "championPointsSinceLastLevel": 12971, "playerId": 21899, "championPointsUntilNextLevel": 0, "tokensEarned": 0, "championId": 78, "lastPlayTime": 1468984329000}, {"championLevel": 5, "chestGranted": false, "championPoints": 34472, "championPointsSinceLastLevel": 12872, "playerId": 21899, "championPointsUntilNextLevel": 0, "tokensEarned": 0, "championId": 117, "lastPlayTime": 1467857021000}, {"championLevel": 5, "chestGranted": true, "championPoints": 30743, "championPointsSinceLastLevel": 9143, "playerId": 21899, "championPointsUntilNextLevel": 0, "tokensEarned": 0, "championId": 102, "lastPlayTime": 1469069286000}, {"championLevel": 5, "chestGranted": true, "championPoints": 26345, "championPointsSinceLastLevel": 4745, "playerId": 21899, "championPointsUntilNextLevel": 0, "tokensEarned": 0, "championId": 35, "lastPlayTime": 1467081496000}, {"championLevel": 4, "chestGranted": true, "championPoints": 19841, "championPointsSinceLastLevel": 7241, "playerId": 21899, "championPointsUntilNextLevel": 1759, "tokensEarned": 0, "championId": 133, "lastPlayTime": 1466646910000}, {"championLevel": 4, "chestGranted": true, "championPoints": 17777, "championPointsSinceLastLevel": 5177, "playerId": 21899, "championPointsUntilNextLevel": 3823, "tokensEarned": 0, "championId": 113, "lastPlayTime": 1459033845000}, {"championLevel": 4, "chestGranted": false, "championPoints": 16733, "championPointsSinceLastLevel": 4133, "playerId": 21899, "championPointsUntilNextLevel": 4867, "tokensEarned": 0, "championId": 81, "lastPlayTime": 1468032663000}, {"championLevel": 4, "chestGranted": false, "championPoints": 12672, "championPointsSinceLastLevel": 72, "playerId": 21899, "championPointsUntilNextLevel": 8928, "tokensEarned": 0, "championId": 4, "lastPlayTime": 1467249422000}, {"championLevel": 3, "chestGranted": false, "championPoints": 8486, "championPointsSinceLastLevel": 2486, "playerId": 21899, "championPointsUntilNextLevel": 4114, "tokensEarned": 0, "championId": 41, "lastPlayTime": 1468727090000}, {"championLevel": 3, "chestGranted": true, "championPoints": 8368, "championPointsSinceLastLevel": 2368, "playerId": 21899, "championPointsUntilNextLevel": 4232, "tokensEarned": 0, "championId": 201, "lastPlayTime": 1464914567000}, {"championLevel": 3, "chestGranted": false, "championPoints": 7704, "championPointsSinceLastLevel": 1704, "playerId": 21899, "championPointsUntilNextLevel": 4896, "tokensEarned": 0, "championId": 91, "lastPlayTime": 1447800204000}, {"championLevel": 3, "chestGranted": false, "championPoints": 6865, "championPointsSinceLastLevel": 865, "playerId": 21899, "championPointsUntilNextLevel": 5735, "tokensEarned": 0, "championId": 236, "lastPlayTime": 1449064497000}, {"championLevel": 3, "chestGranted": false, "championPoints": 6698, "championPointsSinceLastLevel": 698, "playerId": 21899, "championPointsUntilNextLevel": 5902, "tokensEarned": 0, "championId": 51, "lastPlayTime": 1448548854000}, {"championLevel": 3, "chestGranted": false, "championPoints": 6412, "championPointsSinceLastLevel": 412, "playerId": 21899, "championPointsUntilNextLevel": 6188, "tokensEarned": 0, "championId": 412, "lastPlayTime": 1457054069000}, {"championLevel": 3, "chestGranted": false, "championPoints": 6320, "championPointsSinceLastLevel": 320, "playerId": 21899, "championPointsUntilNextLevel": 6280, "tokensEarned": 0, "championId": 18, "lastPlayTime": 1466377677000}, {"championLevel": 2, "chestGranted": true, "championPoints": 4851, "championPointsSinceLastLevel": 3051, "playerId": 21899, "championPointsUntilNextLevel": 1149, "tokensEarned": 0, "championId": 17, "lastPlayTime": 1468120884000}, {"championLevel": 2, "chestGranted": false, "championPoints": 4733, "championPointsSinceLastLevel": 2933, "playerId": 21899, "championPointsUntilNextLevel": 1267, "tokensEarned": 0, "championId": 111, "lastPlayTime": 1468290305000}, {"championLevel": 2, "chestGranted": false, "championPoints": 3858, "championPointsSinceLastLevel": 2058, "playerId": 21899, "championPointsUntilNextLevel": 2142, "tokensEarned": 0, "championId": 99, "lastPlayTime": 1468714865000}, {"championLevel": 2, "chestGranted": false, "championPoints": 3580, "championPointsSinceLastLevel": 1780, "playerId": 21899, "championPointsUntilNextLevel": 2420, "tokensEarned": 0, "championId": 11, "lastPlayTime": 1447857990000}, {"championLevel": 2, "chestGranted": false, "championPoints": 3576, "championPointsSinceLastLevel": 1776, "playerId": 21899, "championPointsUntilNextLevel": 2424, "tokensEarned": 0, "championId": 7, "lastPlayTime": 1460254878000}, {"championLevel": 2, "chestGranted": false, "championPoints": 3251, "championPointsSinceLastLevel": 1451, "playerId": 21899, "championPointsUntilNextLevel": 2749, "tokensEarned": 0, "championId": 1, "lastPlayTime": 1447866184000}, {"championLevel": 2, "chestGranted": false, "championPoints": 2638, "championPointsSinceLastLevel": 838, "playerId": 21899, "championPointsUntilNextLevel": 3362, "tokensEarned": 0, "championId": 57, "lastPlayTime": 1468289174000}, {"championLevel": 2, "chestGranted": false, "championPoints": 2425, "championPointsSinceLastLevel": 625, "playerId": 21899, "championPointsUntilNextLevel": 3575, "tokensEarned": 0, "championId": 25, "lastPlayTime": 1447019776000}, {"championLevel": 2, "chestGranted": false, "championPoints": 2156, "championPointsSinceLastLevel": 356, "playerId": 21899, "championPointsUntilNextLevel": 3844, "tokensEarned": 0, "championId": 24, "lastPlayTime": 1467161302000}, {"championLevel": 2, "chestGranted": false, "championPoints": 2011, "championPointsSinceLastLevel": 211, "playerId": 21899, "championPointsUntilNextLevel": 3989, "tokensEarned": 0, "championId": 119, "lastPlayTime": 1448899744000}, {"championLevel": 2, "chestGranted": false, "championPoints": 1997, "championPointsSinceLastLevel": 197, "playerId": 21899, "championPointsUntilNextLevel": 4003, "tokensEarned": 0, "championId": 67, "lastPlayTime": 1447505559000}, {"championLevel": 1, "chestGranted": false, "championPoints": 1799, "championPointsSinceLastLevel": 1799, "playerId": 21899, "championPointsUntilNextLevel": 1, "tokensEarned": 0, "championId": 268, "lastPlayTime": 1443823068000}, {"championLevel": 1, "chestGranted": false, "championPoints": 1780, "championPointsSinceLastLevel": 1780, "playerId": 21899, "championPointsUntilNextLevel": 20, "tokensEarned": 0, "championId": 22, "lastPlayTime": 1452904419000}, {"championLevel": 1, "chestGranted": false, "championPoints": 1724, "championPointsSinceLastLevel": 1724, "playerId": 21899, "championPointsUntilNextLevel": 76, "tokensEarned": 0, "championId": 56, "lastPlayTime": 1450893211000}, {"championLevel": 1, "chestGranted": false, "championPoints": 1620, "championPointsSinceLastLevel": 1620, "playerId": 21899, "championPointsUntilNextLevel": 180, "tokensEarned": 0, "championId": 421, "lastPlayTime": 1434122424000}, {"championLevel": 1, "chestGranted": true, "championPoints": 1615, "championPointsSinceLastLevel": 1615, "playerId": 21899, "championPointsUntilNextLevel": 185, "tokensEarned": 0, "championId": 53, "lastPlayTime": 1468119426000}, {"championLevel": 1, "chestGranted": false, "championPoints": 1569, "championPointsSinceLastLevel": 1569, "playerId": 21899, "championPointsUntilNextLevel": 231, "tokensEarned": 0, "championId": 254, "lastPlayTime": 1460139948000}, {"championLevel": 1, "chestGranted": false, "championPoints": 1494, "championPointsSinceLastLevel": 1494, "playerId": 21899, "championPointsUntilNextLevel": 306, "tokensEarned": 0, "championId": 31, "lastPlayTime": 1447167373000}, {"championLevel": 1, "chestGranted": false, "championPoints": 1489, "championPointsSinceLastLevel": 1489, "playerId": 21899, "championPointsUntilNextLevel": 311, "tokensEarned": 0, "championId": 238, "lastPlayTime": 1447822022000}, {"championLevel": 1, "chestGranted": false, "championPoints": 1439, "championPointsSinceLastLevel": 1439, "playerId": 21899, "championPointsUntilNextLevel": 361, "tokensEarned": 0, "championId": 85, "lastPlayTime": 1449203654000}, {"championLevel": 1, "chestGranted": false, "championPoints": 1397, "championPointsSinceLastLevel": 1397, "playerId": 21899, "championPointsUntilNextLevel": 403, "tokensEarned": 0, "championId": 429, "lastPlayTime": 1449030258000}, {"championLevel": 1, "chestGranted": false, "championPoints": 1350, "championPointsSinceLastLevel": 1350, "playerId": 21899, "championPointsUntilNextLevel": 450, "tokensEarned": 0, "championId": 21, "lastPlayTime": 1447468163000}, {"championLevel": 1, "chestGranted": false, "championPoints": 1291, "championPointsSinceLastLevel": 1291, "playerId": 21899, "championPointsUntilNextLevel": 509, "tokensEarned": 0, "championId": 9, "lastPlayTime": 1448723805000}, {"championLevel": 1, "chestGranted": false, "championPoints": 1284, "championPointsSinceLastLevel": 1284, "playerId": 21899, "championPointsUntilNextLevel": 516, "tokensEarned": 0, "championId": 2, "lastPlayTime": 1449062066000}, {"championLevel": 1, "chestGranted": false, "championPoints": 1112, "championPointsSinceLastLevel": 1112, "playerId": 21899, "championPointsUntilNextLevel": 688, "tokensEarned": 0, "championId": 90, "lastPlayTime": 1449370422000}, {"championLevel": 1, "chestGranted": false, "championPoints": 1093, "championPointsSinceLastLevel": 1093, "playerId": 21899, "championPointsUntilNextLevel": 707, "tokensEarned": 0, "championId": 222, "lastPlayTime": 1449372580000}, {"championLevel": 1, "chestGranted": false, "championPoints": 1068, "championPointsSinceLastLevel": 1068, "playerId": 21899, "championPointsUntilNextLevel": 732, "tokensEarned": 0, "championId": 19, "lastPlayTime": 1446318918000}, {"championLevel": 1, "chestGranted": false, "championPoints": 828, "championPointsSinceLastLevel": 828, "playerId": 21899, "championPointsUntilNextLevel": 972, "tokensEarned": 0, "championId": 8, "lastPlayTime": 1450118422000}, {"championLevel": 1, "chestGranted": false, "championPoints": 499, "championPointsSinceLastLevel": 499, "playerId": 21899, "championPointsUntilNextLevel": 1301, "tokensEarned": 0, "championId": 10, "lastPlayTime": 1468121922000}, {"championLevel": 1, "chestGranted": false, "championPoints": 472, "championPointsSinceLastLevel": 472, "playerId": 21899, "championPointsUntilNextLevel": 1328, "tokensEarned": 0, "championId": 86, "lastPlayTime": 1448917899000}, {"championLevel": 1, "chestGranted": false, "championPoints": 450, "championPointsSinceLastLevel": 450, "playerId": 21899, "championPointsUntilNextLevel": 1350, "tokensEarned": 0, "championId": 12, "lastPlayTime": 1468291585000}, {"championLevel": 1, "chestGranted": false, "championPoints": 250, "championPointsSinceLastLevel": 250, "playerId": 21899, "championPointsUntilNextLevel": 1550, "tokensEarned": 0, "championId": 89, "lastPlayTime": 1447335982000}, {"championLevel": 1, "chestGranted": false, "championPoints": 210, "championPointsSinceLastLevel": 210, "playerId": 21899, "championPointsUntilNextLevel": 1590, "tokensEarned": 0, "championId": 75, "lastPlayTime": 1446297973000}, {"championLevel": 1, "chestGranted": false, "championPoints": 210, "championPointsSinceLastLevel": 210, "playerId": 21899, "championPointsUntilNextLevel": 1590, "tokensEarned": 0, "championId": 37, "lastPlayTime": 1448947618000}, {"championLevel": 1, "chestGranted": false, "championPoints": 192, "championPointsSinceLastLevel": 192, "playerId": 21899, "championPointsUntilNextLevel": 1608, "tokensEarned": 0, "championId": 28, "lastPlayTime": 1436070585000}, {"championLevel": 1, "chestGranted": false, "championPoints": 169, "championPointsSinceLastLevel": 169, "playerId": 21899, "championPointsUntilNextLevel": 1631, "tokensEarned": 0, "championId": 15, "lastPlayTime": 1446311508000}, {"championLevel": 1, "chestGranted": false, "championPoints": 161, "championPointsSinceLastLevel": 161, "playerId": 21899, "championPointsUntilNextLevel": 1639, "tokensEarned": 0, "championId": 44, "lastPlayTime": 1460263183000}, {"championLevel": 1, "chestGranted": false, "championPoints": 154, "championPointsSinceLastLevel": 154, "playerId": 21899, "championPointsUntilNextLevel": 1646, "tokensEarned": 0, "championId": 74, "lastPlayTime": 1462679478000}, {"championLevel": 1, "chestGranted": false, "championPoints": 137, "championPointsSinceLastLevel": 137, "playerId": 21899, "championPointsUntilNextLevel": 1663, "tokensEarned": 0, "championId": 54, "lastPlayTime": 1460143087000}, {"championLevel": 1, "chestGranted": false, "championPoints": 131, "championPointsSinceLastLevel": 131, "playerId": 21899, "championPointsUntilNextLevel": 1669, "tokensEarned": 0, "championId": 23, "lastPlayTime": 1443825069000}]