[{"championLevel": 5, "chestGranted": true, "championPoints": 69381, "championPointsSinceLastLevel": 47781, "playerId": 21891, "championPointsUntilNextLevel": 0, "tokensEarned": 1, "championId": 67, "lastPlayTime": 1468633583000}, {"championLevel": 5, "chestGranted": true, "championPoints": 38171, "championPointsSinceLastLevel": 16571, "playerId": 21891, "championPointsUntilNextLevel": 0, "tokensEarned": 0, "championId": 64, "lastPlayTime": 1467083429000}, {"championLevel": 5, "chestGranted": true, "championPoints": 29819, "championPointsSinceLastLevel": 8219, "playerId": 21891, "championPointsUntilNextLevel": 0, "tokensEarned": 0, "championId": 412, "lastPlayTime": 1468676997000}, {"championLevel": 5, "chestGranted": true, "championPoints": 22039, "championPointsSinceLastLevel": 439, "playerId": 21891, "championPointsUntilNextLevel": 0, "tokensEarned": 0, "championId": 53, "lastPlayTime": 1468281847000}, {"championLevel": 5, "chestGranted": true, "championPoints": 21775, "championPointsSinceLastLevel": 175, "playerId": 21891, "championPointsUntilNextLevel": 0, "tokensEarned": 0, "championId": 11, "lastPlayTime": 1468889448000}, {"championLevel": 4, "chestGranted": true, "championPoints": 20150, "championPointsSinceLastLevel": 7550, "playerId": 21891, "championPointsUntilNextLevel": 1450, "tokensEarned": 0, "championId": 81, "lastPlayTime": 1463849518000}, {"championLevel": 4, "chestGranted": true, "championPoints": 16179, "championPointsSinceLastLevel": 3579, "playerId": 21891, "championPointsUntilNextLevel": 5421, "tokensEarned": 0, "championId": 76, "lastPlayTime": 1466129901000}, {"championLevel": 4, "chestGranted": true, "championPoints": 14447, "championPointsSinceLastLevel": 1847, "playerId": 21891, "championPointsUntilNextLevel": 7153, "tokensEarned": 0, "championId": 236, "lastPlayTime": 1466038121000}, {"championLevel": 3, "chestGranted": false, "championPoints": 12111, "championPointsSinceLastLevel": 6111, "playerId": 21891, "championPointsUntilNextLevel": 489, "tokensEarned": 0, "championId": 98, "lastPlayTime": 1455105112000}, {"championLevel": 3, "chestGranted": false, "championPoints": 11343, "championPointsSinceLastLevel": 5343, "playerId": 21891, "championPointsUntilNextLevel": 1257, "tokensEarned": 0, "championId": 39, "lastPlayTime": 1463260644000}, {"championLevel": 3, "chestGranted": true, "championPoints": 10044, "championPointsSinceLastLevel": 4044, "playerId": 21891, "championPointsUntilNextLevel": 2556, "tokensEarned": 0, "championId": 69, "lastPlayTime": 1466294415000}, {"championLevel": 3, "chestGranted": false, "championPoints": 9466, "championPointsSinceLastLevel": 3466, "playerId": 21891, "championPointsUntilNextLevel": 3134, "tokensEarned": 0, "championId": 238, "lastPlayTime": 1467852015000}, {"championLevel": 3, "chestGranted": false, "championPoints": 8926, "championPointsSinceLastLevel": 2926, "playerId": 21891, "championPointsUntilNextLevel": 3674, "tokensEarned": 0, "championId": 99, "lastPlayTime": 1466317877000}, {"championLevel": 3, "chestGranted": false, "championPoints": 8629, "championPointsSinceLastLevel": 2629, "playerId": 21891, "championPointsUntilNextLevel": 3971, "tokensEarned": 0, "championId": 5, "lastPlayTime": 1466314844000}, {"championLevel": 3, "chestGranted": true, "championPoints": 8624, "championPointsSinceLastLevel": 2624, "playerId": 21891, "championPointsUntilNextLevel": 3976, "tokensEarned": 0, "championId": 22, "lastPlayTime": 1468793659000}, {"championLevel": 3, "chestGranted": true, "championPoints": 8544, "championPointsSinceLastLevel": 2544, "playerId": 21891, "championPointsUntilNextLevel": 4056, "tokensEarned": 0, "championId": 432, "lastPlayTime": 1466312351000}, {"championLevel": 3, "chestGranted": false, "championPoints": 8177, "championPointsSinceLastLevel": 2177, "playerId": 21891, "championPointsUntilNextLevel": 4423, "tokensEarned": 0, "championId": 58, "lastPlayTime": 1466296615000}, {"championLevel": 3, "chestGranted": false, "championPoints": 7682, "championPointsSinceLastLevel": 1682, "playerId": 21891, "championPointsUntilNextLevel": 4918, "tokensEarned": 0, "championId": 92, "lastPlayTime": 1463807428000}, {"championLevel": 3, "chestGranted": false, "championPoints": 7535, "championPointsSinceLastLevel": 1535, "playerId": 21891, "championPointsUntilNextLevel": 5065, "tokensEarned": 0, "championId": 122, "lastPlayTime": 1460961765000}, {"championLevel": 3, "chestGranted": false, "championPoints": 7319, "championPointsSinceLastLevel": 1319, "playerId": 21891, "championPointsUntilNextLevel": 5281, "tokensEarned": 0, "championId": 75, "lastPlayTime": 1458535952000}, {"championLevel": 3, "chestGranted": true, "championPoints": 6454, "championPointsSinceLastLevel": 454, "playerId": 21891, "championPointsUntilNextLevel": 6146, "tokensEarned": 0, "championId": 157, "lastPlayTime": 1460244899000}, {"championLevel": 3, "chestGranted": false, "championPoints": 6328, "championPointsSinceLastLevel": 328, "playerId": 21891, "championPointsUntilNextLevel": 6272, "tokensEarned": 0, "championId": 103, "lastPlayTime": 1452821961000}, {"championLevel": 3, "chestGranted": true, "championPoints": 6024, "championPointsSinceLastLevel": 24, "playerId": 21891, "championPointsUntilNextLevel": 6576, "tokensEarned": 0, "championId": 24, "lastPlayTime": 1463851834000}, {"championLevel": 2, "chestGranted": false, "championPoints": 5726, "championPointsSinceLastLevel": 3926, "playerId": 21891, "championPointsUntilNextLevel": 274, "tokensEarned": 0, "championId": 89, "lastPlayTime": 1459909885000}, {"championLevel": 2, "chestGranted": false, "championPoints": 5591, "championPointsSinceLastLevel": 3791, "playerId": 21891, "championPointsUntilNextLevel": 409, "tokensEarned": 0, "championId": 19, "lastPlayTime": 1466298209000}, {"championLevel": 2, "chestGranted": true, "championPoints": 5571, "championPointsSinceLastLevel": 3771, "playerId": 21891, "championPointsUntilNextLevel": 429, "tokensEarned": 0, "championId": 245, "lastPlayTime": 1462679242000}, {"championLevel": 2, "chestGranted": false, "championPoints": 5409, "championPointsSinceLastLevel": 3609, "playerId": 21891, "championPointsUntilNextLevel": 591, "tokensEarned": 0, "championId": 105, "lastPlayTime": 1465093141000}, {"championLevel": 2, "chestGranted": false, "championPoints": 5144, "championPointsSinceLastLevel": 3344, "playerId": 21891, "championPointsUntilNextLevel": 856, "tokensEarned": 0, "championId": 131, "lastPlayTime": 1463949719000}, {"championLevel": 2, "chestGranted": false, "championPoints": 4997, "championPointsSinceLastLevel": 3197, "playerId": 21891, "championPointsUntilNextLevel": 1003, "tokensEarned": 0, "championId": 12, "lastPlayTime": 1466383339000}, {"championLevel": 2, "chestGranted": true, "championPoints": 4830, "championPointsSinceLastLevel": 3030, "playerId": 21891, "championPointsUntilNextLevel": 1170, "tokensEarned": 0, "championId": 104, "lastPlayTime": 1460242536000}, {"championLevel": 2, "chestGranted": false, "championPoints": 4819, "championPointsSinceLastLevel": 3019, "playerId": 21891, "championPointsUntilNextLevel": 1181, "tokensEarned": 0, "championId": 429, "lastPlayTime": 1453433405000}, {"championLevel": 2, "chestGranted": true, "championPoints": 4681, "championPointsSinceLastLevel": 2881, "playerId": 21891, "championPointsUntilNextLevel": 1319, "tokensEarned": 0, "championId": 35, "lastPlayTime": 1463861749000}, {"championLevel": 2, "chestGranted": false, "championPoints": 4107, "championPointsSinceLastLevel": 2307, "playerId": 21891, "championPointsUntilNextLevel": 1893, "tokensEarned": 0, "championId": 86, "lastPlayTime": 1464552778000}, {"championLevel": 2, "chestGranted": false, "championPoints": 3657, "championPointsSinceLastLevel": 1857, "playerId": 21891, "championPointsUntilNextLevel": 2343, "tokensEarned": 0, "championId": 222, "lastPlayTime": 1466308992000}, {"championLevel": 2, "chestGranted": false, "championPoints": 3180, "championPointsSinceLastLevel": 1380, "playerId": 21891, "championPointsUntilNextLevel": 2820, "tokensEarned": 0, "championId": 51, "lastPlayTime": 1462494653000}, {"championLevel": 2, "chestGranted": false, "championPoints": 3169, "championPointsSinceLastLevel": 1369, "playerId": 21891, "championPointsUntilNextLevel": 2831, "tokensEarned": 0, "championId": 126, "lastPlayTime": 1461111050000}, {"championLevel": 2, "chestGranted": false, "championPoints": 3136, "championPointsSinceLastLevel": 1336, "playerId": 21891, "championPointsUntilNextLevel": 2864, "tokensEarned": 0, "championId": 55, "lastPlayTime": 1463870022000}, {"championLevel": 2, "chestGranted": false, "championPoints": 3118, "championPointsSinceLastLevel": 1318, "playerId": 21891, "championPointsUntilNextLevel": 2882, "tokensEarned": 0, "championId": 7, "lastPlayTime": 1463947928000}, {"championLevel": 2, "chestGranted": false, "championPoints": 3100, "championPointsSinceLastLevel": 1300, "playerId": 21891, "championPointsUntilNextLevel": 2900, "tokensEarned": 0, "championId": 4, "lastPlayTime": 1452665052000}, {"championLevel": 2, "chestGranted": false, "championPoints": 3094, "championPointsSinceLastLevel": 1294, "playerId": 21891, "championPointsUntilNextLevel": 2906, "tokensEarned": 0, "championId": 61, "lastPlayTime": 1464549759000}, {"championLevel": 2, "chestGranted": false, "championPoints": 3089, "championPointsSinceLastLevel": 1289, "playerId": 21891, "championPointsUntilNextLevel": 2911, "tokensEarned": 0, "championId": 119, "lastPlayTime": 1458707849000}, {"championLevel": 2, "chestGranted": false, "championPoints": 2979, "championPointsSinceLastLevel": 1179, "playerId": 21891, "championPointsUntilNextLevel": 3021, "tokensEarned": 0, "championId": 63, "lastPlayTime": 1461441922000}, {"championLevel": 2, "chestGranted": false, "championPoints": 2922, "championPointsSinceLastLevel": 1122, "playerId": 21891, "championPointsUntilNextLevel": 3078, "tokensEarned": 0, "championId": 60, "lastPlayTime": 1446587178000}, {"championLevel": 2, "chestGranted": false, "championPoints": 2885, "championPointsSinceLastLevel": 1085, "playerId": 21891, "championPointsUntilNextLevel": 3115, "tokensEarned": 0, "championId": 201, "lastPlayTime": 1461047726000}, {"championLevel": 2, "chestGranted": false, "championPoints": 2876, "championPointsSinceLastLevel": 1076, "playerId": 21891, "championPointsUntilNextLevel": 3124, "tokensEarned": 0, "championId": 18, "lastPlayTime": 1444088585000}, {"championLevel": 2, "chestGranted": true, "championPoints": 2758, "championPointsSinceLastLevel": 958, "playerId": 21891, "championPointsUntilNextLevel": 3242, "tokensEarned": 0, "championId": 15, "lastPlayTime": 1458882166000}, {"championLevel": 2, "chestGranted": false, "championPoints": 2651, "championPointsSinceLastLevel": 851, "playerId": 21891, "championPointsUntilNextLevel": 3349, "tokensEarned": 0, "championId": 59, "lastPlayTime": 1460184956000}, {"championLevel": 2, "chestGranted": false, "championPoints": 2306, "championPointsSinceLastLevel": 506, "playerId": 21891, "championPointsUntilNextLevel": 3694, "tokensEarned": 0, "championId": 8, "lastPlayTime": 1460191889000}, {"championLevel": 2, "chestGranted": false, "championPoints": 2249, "championPointsSinceLastLevel": 449, "playerId": 21891, "championPointsUntilNextLevel": 3751, "tokensEarned": 0, "championId": 3, "lastPlayTime": 1460789651000}, {"championLevel": 2, "chestGranted": false, "championPoints": 2184, "championPointsSinceLastLevel": 384, "playerId": 21891, "championPointsUntilNextLevel": 3816, "tokensEarned": 0, "championId": 23, "lastPlayTime": 1464551292000}, {"championLevel": 2, "chestGranted": true, "championPoints": 1868, "championPointsSinceLastLevel": 68, "playerId": 21891, "championPointsUntilNextLevel": 4132, "tokensEarned": 0, "championId": 202, "lastPlayTime": 1468886560000}, {"championLevel": 1, "chestGranted": false, "championPoints": 1740, "championPointsSinceLastLevel": 1740, "playerId": 21891, "championPointsUntilNextLevel": 60, "tokensEarned": 0, "championId": 54, "lastPlayTime": 1463266395000}, {"championLevel": 1, "chestGranted": false, "championPoints": 1655, "championPointsSinceLastLevel": 1655, "playerId": 21891, "championPointsUntilNextLevel": 145, "tokensEarned": 0, "championId": 56, "lastPlayTime": 1446639938000}, {"championLevel": 1, "chestGranted": false, "championPoints": 1637, "championPointsSinceLastLevel": 1637, "playerId": 21891, "championPointsUntilNextLevel": 163, "tokensEarned": 0, "championId": 29, "lastPlayTime": 1431467931000}, {"championLevel": 1, "chestGranted": false, "championPoints": 1609, "championPointsSinceLastLevel": 1609, "playerId": 21891, "championPointsUntilNextLevel": 191, "tokensEarned": 0, "championId": 134, "lastPlayTime": 1462650862000}, {"championLevel": 1, "chestGranted": false, "championPoints": 1557, "championPointsSinceLastLevel": 1557, "playerId": 21891, "championPointsUntilNextLevel": 243, "tokensEarned": 0, "championId": 110, "lastPlayTime": 1458771077000}, {"championLevel": 1, "chestGranted": false, "championPoints": 1540, "championPointsSinceLastLevel": 1540, "playerId": 21891, "championPointsUntilNextLevel": 260, "tokensEarned": 0, "championId": 85, "lastPlayTime": 1458542303000}, {"championLevel": 1, "chestGranted": false, "championPoints": 1379, "championPointsSinceLastLevel": 1379, "playerId": 21891, "championPointsUntilNextLevel": 421, "tokensEarned": 0, "championId": 111, "lastPlayTime": 1463875433000}, {"championLevel": 1, "chestGranted": false, "championPoints": 1370, "championPointsSinceLastLevel": 1370, "playerId": 21891, "championPointsUntilNextLevel": 430, "tokensEarned": 0, "championId": 1, "lastPlayTime": 1444004901000}, {"championLevel": 1, "chestGranted": false, "championPoints": 1365, "championPointsSinceLastLevel": 1365, "playerId": 21891, "championPointsUntilNextLevel": 435, "tokensEarned": 0, "championId": 117, "lastPlayTime": 1443549031000}, {"championLevel": 1, "chestGranted": false, "championPoints": 1216, "championPointsSinceLastLevel": 1216, "playerId": 21891, "championPointsUntilNextLevel": 584, "tokensEarned": 0, "championId": 17, "lastPlayTime": 1449381353000}, {"championLevel": 1, "chestGranted": false, "championPoints": 1161, "championPointsSinceLastLevel": 1161, "playerId": 21891, "championPointsUntilNextLevel": 639, "tokensEarned": 0, "championId": 77, "lastPlayTime": 1460848600000}, {"championLevel": 1, "chestGranted": false, "championPoints": 1094, "championPointsSinceLastLevel": 1094, "playerId": 21891, "championPointsUntilNextLevel": 706, "tokensEarned": 0, "championId": 13, "lastPlayTime": 1449374931000}, {"championLevel": 1, "chestGranted": false, "championPoints": 1091, "championPointsSinceLastLevel": 1091, "playerId": 21891, "championPointsUntilNextLevel": 709, "tokensEarned": 0, "championId": 74, "lastPlayTime": 1466385025000}, {"championLevel": 1, "chestGranted": false, "championPoints": 1000, "championPointsSinceLastLevel": 1000, "playerId": 21891, "championPointsUntilNextLevel": 800, "tokensEarned": 0, "championId": 150, "lastPlayTime": 1446147479000}, {"championLevel": 1, "chestGranted": false, "championPoints": 978, "championPointsSinceLastLevel": 978, "playerId": 21891, "championPointsUntilNextLevel": 822, "tokensEarned": 0, "championId": 27, "lastPlayTime": 1463871618000}, {"championLevel": 1, "chestGranted": false, "championPoints": 939, "championPointsSinceLastLevel": 939, "playerId": 21891, "championPointsUntilNextLevel": 861, "tokensEarned": 0, "championId": 25, "lastPlayTime": 1463794105000}, {"championLevel": 1, "chestGranted": false, "championPoints": 937, "championPointsSinceLastLevel": 937, "playerId": 21891, "championPointsUntilNextLevel": 863, "tokensEarned": 0, "championId": 136, "lastPlayTime": 1462654713000}, {"championLevel": 1, "chestGranted": false, "championPoints": 927, "championPointsSinceLastLevel": 927, "playerId": 21891, "championPointsUntilNextLevel": 873, "tokensEarned": 0, "championId": 113, "lastPlayTime": 1466321306000}, {"championLevel": 1, "chestGranted": false, "championPoints": 454, "championPointsSinceLastLevel": 454, "playerId": 21891, "championPointsUntilNextLevel": 1346, "tokensEarned": 0, "championId": 57, "lastPlayTime": 1438542540000}, {"championLevel": 1, "chestGranted": false, "championPoints": 386, "championPointsSinceLastLevel": 386, "playerId": 21891, "championPointsUntilNextLevel": 1414, "tokensEarned": 0, "championId": 20, "lastPlayTime": 1463873925000}, {"championLevel": 1, "chestGranted": false, "championPoints": 386, "championPointsSinceLastLevel": 386, "playerId": 21891, "championPointsUntilNextLevel": 1414, "tokensEarned": 0, "championId": 40, "lastPlayTime": 1451805914000}, {"championLevel": 1, "chestGranted": false, "championPoints": 375, "championPointsSinceLastLevel": 375, "playerId": 21891, "championPointsUntilNextLevel": 1425, "tokensEarned": 0, "championId": 33, "lastPlayTime": 1458361764000}, {"championLevel": 1, "chestGranted": false, "championPoints": 339, "championPointsSinceLastLevel": 339, "playerId": 21891, "championPointsUntilNextLevel": 1461, "tokensEarned": 0, "championId": 101, "lastPlayTime": 1452824327000}, {"championLevel": 1, "chestGranted": false, "championPoints": 338, "championPointsSinceLastLevel": 338, "playerId": 21891, "championPointsUntilNextLevel": 1462, "tokensEarned": 0, "championId": 114, "lastPlayTime": 1463944420000}, {"championLevel": 1, "chestGranted": false, "championPoints": 326, "championPointsSinceLastLevel": 326, "playerId": 21891, "championPointsUntilNextLevel": 1474, "tokensEarned": 0, "championId": 143, "lastPlayTime": 1466325133000}, {"championLevel": 1, "chestGranted": false, "championPoints": 268, "championPointsSinceLastLevel": 268, "playerId": 21891, "championPointsUntilNextLevel": 1532, "tokensEarned": 0, "championId": 268, "lastPlayTime": 1449770556000}, {"championLevel": 1, "chestGranted": false, "championPoints": 248, "championPointsSinceLastLevel": 248, "playerId": 21891, "championPointsUntilNextLevel": 1552, "tokensEarned": 0, "championId": 44, "lastPlayTime": 1462657541000}, {"championLevel": 1, "chestGranted": false, "championPoints": 224, "championPointsSinceLastLevel": 224, "playerId": 21891, "championPointsUntilNextLevel": 1576, "tokensEarned": 0, "championId": 45, "lastPlayTime": 1453320010000}, {"championLevel": 1, "chestGranted": false, "championPoints": 184, "championPointsSinceLastLevel": 184, "playerId": 21891, "championPointsUntilNextLevel": 1616, "tokensEarned": 0, "championId": 91, "lastPlayTime": 1432955343000}, {"championLevel": 1, "chestGranted": false, "championPoints": 180, "championPointsSinceLastLevel": 180, "playerId": 21891, "championPointsUntilNextLevel": 1620, "tokensEarned": 0, "championId": 14, "lastPlayTime": 1453523617000}, {"championLevel": 1, "chestGranted": false, "championPoints": 177, "championPointsSinceLastLevel": 177, "playerId": 21891, "championPointsUntilNextLevel": 1623, "tokensEarned": 0, "championId": 203, "lastPlayTime": 1451337068000}, {"championLevel": 1, "chestGranted": false, "championPoints": 171, "championPointsSinceLastLevel": 171, "playerId": 21891, "championPointsUntilNextLevel": 1629, "tokensEarned": 0, "championId": 2, "lastPlayTime": 1442958364000}, {"championLevel": 1, "chestGranted": false, "championPoints": 171, "championPointsSinceLastLevel": 171, "playerId": 21891, "championPointsUntilNextLevel": 1629, "tokensEarned": 0, "championId": 120, "lastPlayTime": 1463876960000}, {"championLevel": 1, "chestGranted": false, "championPoints": 170, "championPointsSinceLastLevel": 170, "playerId": 21891, "championPointsUntilNextLevel": 1630, "tokensEarned": 0, "championId": 10, "lastPlayTime": 1460326575000}, {"championLevel": 1, "chestGranted": false, "championPoints": 169, "championPointsSinceLastLevel": 169, "playerId": 21891, "championPointsUntilNextLevel": 1631, "tokensEarned": 0, "championId": 107, "lastPlayTime": 1462647239000}, {"championLevel": 1, "chestGranted": false, "championPoints": 166, "championPointsSinceLastLevel": 166, "playerId": 21891, "championPointsUntilNextLevel": 1634, "tokensEarned": 0, "championId": 30, "lastPlayTime": 1446928413000}, {"championLevel": 1, "chestGranted": false, "championPoints": 164, "championPointsSinceLastLevel": 164, "playerId": 21891, "championPointsUntilNextLevel": 1636, "tokensEarned": 0, "championId": 62, "lastPlayTime": 1457755402000}, {"championLevel": 1, "chestGranted": false, "championPoints": 156, "championPointsSinceLastLevel": 156, "playerId": 21891, "championPointsUntilNextLevel": 1644, "tokensEarned": 0, "championId": 420, "lastPlayTime": 1460190216000}, {"championLevel": 1, "chestGranted": false, "championPoints": 155, "championPointsSinceLastLevel": 155, "playerId": 21891, "championPointsUntilNextLevel": 1645, "tokensEarned": 0, "championId": 6, "lastPlayTime": 1466319430000}]