[{"championLevel": 7, "chestGranted": true, "championPoints": 120351, "championPointsSinceLastLevel": 98751, "playerId": 21893, "championPointsUntilNextLevel": 0, "tokensEarned": 0, "championId": 64, "lastPlayTime": 1469076122000}, {"championLevel": 6, "chestGranted": true, "championPoints": 84082, "championPointsSinceLastLevel": 62482, "playerId": 21893, "championPointsUntilNextLevel": 0, "tokensEarned": 1, "championId": 92, "lastPlayTime": 1468810061000}, {"championLevel": 5, "chestGranted": true, "championPoints": 42069, "championPointsSinceLastLevel": 20469, "playerId": 21893, "championPointsUntilNextLevel": 0, "tokensEarned": 0, "championId": 236, "lastPlayTime": 1467688658000}, {"championLevel": 7, "chestGranted": true, "championPoints": 35177, "championPointsSinceLastLevel": 13577, "playerId": 21893, "championPointsUntilNextLevel": 0, "tokensEarned": 0, "championId": 51, "lastPlayTime": 1468987835000}, {"championLevel": 5, "chestGranted": true, "championPoints": 31421, "championPointsSinceLastLevel": 9821, "playerId": 21893, "championPointsUntilNextLevel": 0, "tokensEarned": 2, "championId": 202, "lastPlayTime": 1467691205000}, {"championLevel": 5, "chestGranted": true, "championPoints": 28178, "championPointsSinceLastLevel": 6578, "playerId": 21893, "championPointsUntilNextLevel": 0, "tokensEarned": 0, "championId": 59, "lastPlayTime": 1468886016000}, {"championLevel": 5, "chestGranted": false, "championPoints": 23674, "championPointsSinceLastLevel": 2074, "playerId": 21893, "championPointsUntilNextLevel": 0, "tokensEarned": 0, "championId": 120, "lastPlayTime": 1468123101000}, {"championLevel": 5, "chestGranted": true, "championPoints": 23521, "championPointsSinceLastLevel": 1921, "playerId": 21893, "championPointsUntilNextLevel": 0, "tokensEarned": 0, "championId": 203, "lastPlayTime": 1468742088000}, {"championLevel": 4, "chestGranted": false, "championPoints": 20426, "championPointsSinceLastLevel": 7826, "playerId": 21893, "championPointsUntilNextLevel": 1174, "tokensEarned": 0, "championId": 102, "lastPlayTime": 1467877025000}, {"championLevel": 4, "chestGranted": true, "championPoints": 18226, "championPointsSinceLastLevel": 5626, "playerId": 21893, "championPointsUntilNextLevel": 3374, "tokensEarned": 0, "championId": 412, "lastPlayTime": 1469072796000}, {"championLevel": 4, "chestGranted": false, "championPoints": 18118, "championPointsSinceLastLevel": 5518, "playerId": 21893, "championPointsUntilNextLevel": 3482, "tokensEarned": 0, "championId": 103, "lastPlayTime": 1469079709000}, {"championLevel": 4, "chestGranted": true, "championPoints": 17792, "championPointsSinceLastLevel": 5192, "playerId": 21893, "championPointsUntilNextLevel": 3808, "tokensEarned": 0, "championId": 37, "lastPlayTime": 1469064212000}, {"championLevel": 4, "chestGranted": false, "championPoints": 17371, "championPointsSinceLastLevel": 4771, "playerId": 21893, "championPointsUntilNextLevel": 4229, "tokensEarned": 0, "championId": 111, "lastPlayTime": 1465355801000}, {"championLevel": 4, "chestGranted": true, "championPoints": 15906, "championPointsSinceLastLevel": 3306, "playerId": 21893, "championPointsUntilNextLevel": 5694, "tokensEarned": 0, "championId": 254, "lastPlayTime": 1467610165000}, {"championLevel": 4, "chestGranted": false, "championPoints": 15411, "championPointsSinceLastLevel": 2811, "playerId": 21893, "championPointsUntilNextLevel": 6189, "tokensEarned": 0, "championId": 121, "lastPlayTime": 1467925791000}, {"championLevel": 4, "chestGranted": true, "championPoints": 14323, "championPointsSinceLastLevel": 1723, "playerId": 21893, "championPointsUntilNextLevel": 7277, "tokensEarned": 0, "championId": 44, "lastPlayTime": 1464326963000}, {"championLevel": 4, "chestGranted": true, "championPoints": 14275, "championPointsSinceLastLevel": 1675, "playerId": 21893, "championPointsUntilNextLevel": 7325, "tokensEarned": 0, "championId": 421, "lastPlayTime": 1468549112000}, {"championLevel": 4, "chestGranted": false, "championPoints": 14247, "championPointsSinceLastLevel": 1647, "playerId": 21893, "championPointsUntilNextLevel": 7353, "tokensEarned": 0, "championId": 81, "lastPlayTime": 1468799688000}, {"championLevel": 4, "chestGranted": false, "championPoints": 14137, "championPointsSinceLastLevel": 1537, "playerId": 21893, "championPointsUntilNextLevel": 7463, "tokensEarned": 0, "championId": 21, "lastPlayTime": 1468115924000}, {"championLevel": 4, "chestGranted": false, "championPoints": 14021, "championPointsSinceLastLevel": 1421, "playerId": 21893, "championPointsUntilNextLevel": 7579, "tokensEarned": 0, "championId": 75, "lastPlayTime": 1468380791000}, {"championLevel": 4, "chestGranted": false, "championPoints": 13465, "championPointsSinceLastLevel": 865, "playerId": 21893, "championPointsUntilNextLevel": 8135, "tokensEarned": 0, "championId": 5, "lastPlayTime": 1467795162000}, {"championLevel": 4, "chestGranted": true, "championPoints": 12629, "championPointsSinceLastLevel": 29, "playerId": 21893, "championPointsUntilNextLevel": 8971, "tokensEarned": 0, "championId": 32, "lastPlayTime": 1468747444000}, {"championLevel": 3, "chestGranted": false, "championPoints": 12012, "championPointsSinceLastLevel": 6012, "playerId": 21893, "championPointsUntilNextLevel": 588, "tokensEarned": 0, "championId": 56, "lastPlayTime": 1469068626000}, {"championLevel": 3, "chestGranted": false, "championPoints": 11522, "championPointsSinceLastLevel": 5522, "playerId": 21893, "championPointsUntilNextLevel": 1078, "tokensEarned": 0, "championId": 50, "lastPlayTime": 1459009000000}, {"championLevel": 3, "chestGranted": false, "championPoints": 10991, "championPointsSinceLastLevel": 4991, "playerId": 21893, "championPointsUntilNextLevel": 1609, "tokensEarned": 0, "championId": 57, "lastPlayTime": 1465063504000}, {"championLevel": 3, "chestGranted": false, "championPoints": 10716, "championPointsSinceLastLevel": 4716, "playerId": 21893, "championPointsUntilNextLevel": 1884, "tokensEarned": 0, "championId": 98, "lastPlayTime": 1464062805000}, {"championLevel": 3, "chestGranted": false, "championPoints": 9414, "championPointsSinceLastLevel": 3414, "playerId": 21893, "championPointsUntilNextLevel": 3186, "tokensEarned": 0, "championId": 113, "lastPlayTime": 1468910711000}, {"championLevel": 3, "chestGranted": false, "championPoints": 9299, "championPointsSinceLastLevel": 3299, "playerId": 21893, "championPointsUntilNextLevel": 3301, "tokensEarned": 0, "championId": 80, "lastPlayTime": 1468812211000}, {"championLevel": 3, "chestGranted": false, "championPoints": 9029, "championPointsSinceLastLevel": 3029, "playerId": 21893, "championPointsUntilNextLevel": 3571, "tokensEarned": 0, "championId": 24, "lastPlayTime": 1467066194000}, {"championLevel": 3, "chestGranted": true, "championPoints": 8627, "championPointsSinceLastLevel": 2627, "playerId": 21893, "championPointsUntilNextLevel": 3973, "tokensEarned": 0, "championId": 12, "lastPlayTime": 1461466653000}, {"championLevel": 3, "chestGranted": true, "championPoints": 8573, "championPointsSinceLastLevel": 2573, "playerId": 21893, "championPointsUntilNextLevel": 4027, "tokensEarned": 0, "championId": 84, "lastPlayTime": 1468990770000}, {"championLevel": 3, "chestGranted": false, "championPoints": 8417, "championPointsSinceLastLevel": 2417, "playerId": 21893, "championPointsUntilNextLevel": 4183, "tokensEarned": 0, "championId": 105, "lastPlayTime": 1467865279000}, {"championLevel": 3, "chestGranted": false, "championPoints": 8396, "championPointsSinceLastLevel": 2396, "playerId": 21893, "championPointsUntilNextLevel": 4204, "tokensEarned": 0, "championId": 104, "lastPlayTime": 1464212237000}, {"championLevel": 3, "chestGranted": false, "championPoints": 8308, "championPointsSinceLastLevel": 2308, "playerId": 21893, "championPointsUntilNextLevel": 4292, "tokensEarned": 0, "championId": 107, "lastPlayTime": 1468897863000}, {"championLevel": 3, "chestGranted": false, "championPoints": 8128, "championPointsSinceLastLevel": 2128, "playerId": 21893, "championPointsUntilNextLevel": 4472, "tokensEarned": 0, "championId": 78, "lastPlayTime": 1459112828000}, {"championLevel": 3, "chestGranted": true, "championPoints": 7172, "championPointsSinceLastLevel": 1172, "playerId": 21893, "championPointsUntilNextLevel": 5428, "tokensEarned": 0, "championId": 222, "lastPlayTime": 1466881567000}, {"championLevel": 3, "chestGranted": false, "championPoints": 6875, "championPointsSinceLastLevel": 875, "playerId": 21893, "championPointsUntilNextLevel": 5725, "tokensEarned": 0, "championId": 238, "lastPlayTime": 1468729761000}, {"championLevel": 3, "chestGranted": true, "championPoints": 6834, "championPointsSinceLastLevel": 834, "playerId": 21893, "championPointsUntilNextLevel": 5766, "tokensEarned": 0, "championId": 25, "lastPlayTime": 1467428149000}, {"championLevel": 3, "chestGranted": false, "championPoints": 6805, "championPointsSinceLastLevel": 805, "playerId": 21893, "championPointsUntilNextLevel": 5795, "tokensEarned": 0, "championId": 223, "lastPlayTime": 1455762724000}, {"championLevel": 3, "chestGranted": false, "championPoints": 6774, "championPointsSinceLastLevel": 774, "playerId": 21893, "championPointsUntilNextLevel": 5826, "tokensEarned": 0, "championId": 60, "lastPlayTime": 1468807788000}, {"championLevel": 3, "chestGranted": false, "championPoints": 6700, "championPointsSinceLastLevel": 700, "playerId": 21893, "championPointsUntilNextLevel": 5900, "tokensEarned": 0, "championId": 154, "lastPlayTime": 1468535905000}, {"championLevel": 3, "chestGranted": false, "championPoints": 6627, "championPointsSinceLastLevel": 627, "playerId": 21893, "championPointsUntilNextLevel": 5973, "tokensEarned": 0, "championId": 53, "lastPlayTime": 1467069925000}, {"championLevel": 3, "chestGranted": false, "championPoints": 6476, "championPointsSinceLastLevel": 476, "playerId": 21893, "championPointsUntilNextLevel": 6124, "tokensEarned": 0, "championId": 72, "lastPlayTime": 1468355490000}, {"championLevel": 3, "chestGranted": false, "championPoints": 6119, "championPointsSinceLastLevel": 119, "playerId": 21893, "championPointsUntilNextLevel": 6481, "tokensEarned": 0, "championId": 11, "lastPlayTime": 1466053936000}, {"championLevel": 3, "chestGranted": false, "championPoints": 6086, "championPointsSinceLastLevel": 86, "playerId": 21893, "championPointsUntilNextLevel": 6514, "tokensEarned": 0, "championId": 106, "lastPlayTime": 1467846271000}, {"championLevel": 3, "chestGranted": false, "championPoints": 6069, "championPointsSinceLastLevel": 69, "playerId": 21893, "championPointsUntilNextLevel": 6531, "tokensEarned": 0, "championId": 157, "lastPlayTime": 1467836706000}, {"championLevel": 2, "chestGranted": false, "championPoints": 5504, "championPointsSinceLastLevel": 3704, "playerId": 21893, "championPointsUntilNextLevel": 496, "tokensEarned": 0, "championId": 54, "lastPlayTime": 1465535208000}, {"championLevel": 2, "chestGranted": false, "championPoints": 5208, "championPointsSinceLastLevel": 3408, "playerId": 21893, "championPointsUntilNextLevel": 792, "tokensEarned": 0, "championId": 31, "lastPlayTime": 1468623049000}, {"championLevel": 2, "chestGranted": false, "championPoints": 5131, "championPointsSinceLastLevel": 3331, "playerId": 21893, "championPointsUntilNextLevel": 869, "tokensEarned": 0, "championId": 89, "lastPlayTime": 1468736509000}, {"championLevel": 2, "chestGranted": false, "championPoints": 5076, "championPointsSinceLastLevel": 3276, "playerId": 21893, "championPointsUntilNextLevel": 924, "tokensEarned": 0, "championId": 35, "lastPlayTime": 1459020176000}, {"championLevel": 2, "chestGranted": false, "championPoints": 5023, "championPointsSinceLastLevel": 3223, "playerId": 21893, "championPointsUntilNextLevel": 977, "tokensEarned": 0, "championId": 1, "lastPlayTime": 1459296260000}, {"championLevel": 2, "chestGranted": false, "championPoints": 5001, "championPointsSinceLastLevel": 3201, "playerId": 21893, "championPointsUntilNextLevel": 999, "tokensEarned": 0, "championId": 131, "lastPlayTime": 1455570590000}, {"championLevel": 2, "chestGranted": false, "championPoints": 4852, "championPointsSinceLastLevel": 3052, "playerId": 21893, "championPointsUntilNextLevel": 1148, "tokensEarned": 0, "championId": 28, "lastPlayTime": 1462998216000}, {"championLevel": 2, "chestGranted": false, "championPoints": 4756, "championPointsSinceLastLevel": 2956, "playerId": 21893, "championPointsUntilNextLevel": 1244, "tokensEarned": 0, "championId": 99, "lastPlayTime": 1459814106000}, {"championLevel": 2, "chestGranted": false, "championPoints": 4650, "championPointsSinceLastLevel": 2850, "playerId": 21893, "championPointsUntilNextLevel": 1350, "tokensEarned": 0, "championId": 63, "lastPlayTime": 1458702667000}, {"championLevel": 2, "chestGranted": true, "championPoints": 4625, "championPointsSinceLastLevel": 2825, "playerId": 21893, "championPointsUntilNextLevel": 1375, "tokensEarned": 0, "championId": 14, "lastPlayTime": 1468566339000}, {"championLevel": 2, "chestGranted": false, "championPoints": 4507, "championPointsSinceLastLevel": 2707, "playerId": 21893, "championPointsUntilNextLevel": 1493, "tokensEarned": 0, "championId": 58, "lastPlayTime": 1468384347000}, {"championLevel": 2, "chestGranted": false, "championPoints": 4145, "championPointsSinceLastLevel": 2345, "playerId": 21893, "championPointsUntilNextLevel": 1855, "tokensEarned": 0, "championId": 7, "lastPlayTime": 1467590549000}, {"championLevel": 2, "chestGranted": false, "championPoints": 4080, "championPointsSinceLastLevel": 2280, "playerId": 21893, "championPointsUntilNextLevel": 1920, "tokensEarned": 0, "championId": 36, "lastPlayTime": 1456690291000}, {"championLevel": 2, "chestGranted": false, "championPoints": 3995, "championPointsSinceLastLevel": 2195, "playerId": 21893, "championPointsUntilNextLevel": 2005, "tokensEarned": 0, "championId": 13, "lastPlayTime": 1453496529000}, {"championLevel": 2, "chestGranted": false, "championPoints": 3949, "championPointsSinceLastLevel": 2149, "playerId": 21893, "championPointsUntilNextLevel": 2051, "tokensEarned": 0, "championId": 39, "lastPlayTime": 1457905672000}, {"championLevel": 2, "chestGranted": false, "championPoints": 3912, "championPointsSinceLastLevel": 2112, "playerId": 21893, "championPointsUntilNextLevel": 2088, "tokensEarned": 0, "championId": 55, "lastPlayTime": 1461560337000}, {"championLevel": 2, "chestGranted": false, "championPoints": 3903, "championPointsSinceLastLevel": 2103, "playerId": 21893, "championPointsUntilNextLevel": 2097, "tokensEarned": 0, "championId": 76, "lastPlayTime": 1467676101000}, {"championLevel": 2, "chestGranted": false, "championPoints": 3690, "championPointsSinceLastLevel": 1890, "playerId": 21893, "championPointsUntilNextLevel": 2310, "tokensEarned": 0, "championId": 62, "lastPlayTime": 1463344533000}, {"championLevel": 2, "chestGranted": false, "championPoints": 3499, "championPointsSinceLastLevel": 1699, "playerId": 21893, "championPointsUntilNextLevel": 2501, "tokensEarned": 0, "championId": 2, "lastPlayTime": 1467269695000}, {"championLevel": 2, "chestGranted": true, "championPoints": 3371, "championPointsSinceLastLevel": 1571, "playerId": 21893, "championPointsUntilNextLevel": 2629, "tokensEarned": 0, "championId": 245, "lastPlayTime": 1461562151000}, {"championLevel": 2, "chestGranted": false, "championPoints": 3299, "championPointsSinceLastLevel": 1499, "playerId": 21893, "championPointsUntilNextLevel": 2701, "tokensEarned": 0, "championId": 127, "lastPlayTime": 1458870902000}, {"championLevel": 2, "chestGranted": false, "championPoints": 3242, "championPointsSinceLastLevel": 1442, "playerId": 21893, "championPointsUntilNextLevel": 2758, "tokensEarned": 0, "championId": 201, "lastPlayTime": 1457313616000}, {"championLevel": 2, "chestGranted": false, "championPoints": 3205, "championPointsSinceLastLevel": 1405, "playerId": 21893, "championPointsUntilNextLevel": 2795, "tokensEarned": 0, "championId": 432, "lastPlayTime": 1456694981000}, {"championLevel": 2, "chestGranted": false, "championPoints": 3131, "championPointsSinceLastLevel": 1331, "playerId": 21893, "championPointsUntilNextLevel": 2869, "tokensEarned": 0, "championId": 22, "lastPlayTime": 1468705280000}, {"championLevel": 2, "chestGranted": false, "championPoints": 2818, "championPointsSinceLastLevel": 1018, "playerId": 21893, "championPointsUntilNextLevel": 3182, "tokensEarned": 0, "championId": 16, "lastPlayTime": 1461635577000}, {"championLevel": 2, "chestGranted": false, "championPoints": 2768, "championPointsSinceLastLevel": 968, "playerId": 21893, "championPointsUntilNextLevel": 3232, "tokensEarned": 0, "championId": 126, "lastPlayTime": 1467928811000}, {"championLevel": 2, "chestGranted": false, "championPoints": 2614, "championPointsSinceLastLevel": 814, "playerId": 21893, "championPointsUntilNextLevel": 3386, "tokensEarned": 0, "championId": 117, "lastPlayTime": 1452291299000}, {"championLevel": 2, "chestGranted": false, "championPoints": 2456, "championPointsSinceLastLevel": 656, "playerId": 21893, "championPointsUntilNextLevel": 3544, "tokensEarned": 0, "championId": 82, "lastPlayTime": 1468893044000}, {"championLevel": 2, "chestGranted": false, "championPoints": 2423, "championPointsSinceLastLevel": 623, "playerId": 21893, "championPointsUntilNextLevel": 3577, "tokensEarned": 0, "championId": 4, "lastPlayTime": 1449710827000}, {"championLevel": 2, "chestGranted": false, "championPoints": 2354, "championPointsSinceLastLevel": 554, "playerId": 21893, "championPointsUntilNextLevel": 3646, "tokensEarned": 0, "championId": 150, "lastPlayTime": 1454109729000}, {"championLevel": 2, "chestGranted": false, "championPoints": 2351, "championPointsSinceLastLevel": 551, "playerId": 21893, "championPointsUntilNextLevel": 3649, "tokensEarned": 0, "championId": 45, "lastPlayTime": 1454272129000}, {"championLevel": 2, "chestGranted": false, "championPoints": 2175, "championPointsSinceLastLevel": 375, "playerId": 21893, "championPointsUntilNextLevel": 3825, "tokensEarned": 0, "championId": 268, "lastPlayTime": 1466302450000}, {"championLevel": 2, "chestGranted": false, "championPoints": 2032, "championPointsSinceLastLevel": 232, "playerId": 21893, "championPointsUntilNextLevel": 3968, "tokensEarned": 0, "championId": 8, "lastPlayTime": 1466394776000}, {"championLevel": 2, "chestGranted": false, "championPoints": 1887, "championPointsSinceLastLevel": 87, "playerId": 21893, "championPointsUntilNextLevel": 4113, "tokensEarned": 0, "championId": 77, "lastPlayTime": 1456111615000}, {"championLevel": 2, "chestGranted": false, "championPoints": 1849, "championPointsSinceLastLevel": 49, "playerId": 21893, "championPointsUntilNextLevel": 4151, "tokensEarned": 0, "championId": 143, "lastPlayTime": 1466292383000}, {"championLevel": 1, "chestGranted": false, "championPoints": 1724, "championPointsSinceLastLevel": 1724, "playerId": 21893, "championPointsUntilNextLevel": 76, "tokensEarned": 0, "championId": 86, "lastPlayTime": 1453948537000}, {"championLevel": 1, "chestGranted": false, "championPoints": 1644, "championPointsSinceLastLevel": 1644, "playerId": 21893, "championPointsUntilNextLevel": 156, "tokensEarned": 0, "championId": 96, "lastPlayTime": 1456095411000}, {"championLevel": 1, "chestGranted": false, "championPoints": 1625, "championPointsSinceLastLevel": 1625, "playerId": 21893, "championPointsUntilNextLevel": 175, "tokensEarned": 0, "championId": 91, "lastPlayTime": 1456539227000}, {"championLevel": 1, "chestGranted": false, "championPoints": 1612, "championPointsSinceLastLevel": 1612, "playerId": 21893, "championPointsUntilNextLevel": 188, "tokensEarned": 0, "championId": 67, "lastPlayTime": 1449285185000}, {"championLevel": 1, "chestGranted": true, "championPoints": 1518, "championPointsSinceLastLevel": 1518, "playerId": 21893, "championPointsUntilNextLevel": 282, "tokensEarned": 0, "championId": 38, "lastPlayTime": 1466048143000}, {"championLevel": 1, "chestGranted": false, "championPoints": 1419, "championPointsSinceLastLevel": 1419, "playerId": 21893, "championPointsUntilNextLevel": 381, "tokensEarned": 0, "championId": 68, "lastPlayTime": 1446862983000}, {"championLevel": 1, "chestGranted": false, "championPoints": 1332, "championPointsSinceLastLevel": 1332, "playerId": 21893, "championPointsUntilNextLevel": 468, "tokensEarned": 0, "championId": 267, "lastPlayTime": 1445650843000}, {"championLevel": 1, "chestGranted": false, "championPoints": 1309, "championPointsSinceLastLevel": 1309, "playerId": 21893, "championPointsUntilNextLevel": 491, "tokensEarned": 0, "championId": 15, "lastPlayTime": 1459040469000}, {"championLevel": 1, "chestGranted": false, "championPoints": 1274, "championPointsSinceLastLevel": 1274, "playerId": 21893, "championPointsUntilNextLevel": 526, "tokensEarned": 0, "championId": 69, "lastPlayTime": 1435714792000}, {"championLevel": 1, "chestGranted": false, "championPoints": 1269, "championPointsSinceLastLevel": 1269, "playerId": 21893, "championPointsUntilNextLevel": 531, "tokensEarned": 0, "championId": 74, "lastPlayTime": 1432778585000}, {"championLevel": 1, "chestGranted": false, "championPoints": 1268, "championPointsSinceLastLevel": 1268, "playerId": 21893, "championPointsUntilNextLevel": 532, "tokensEarned": 0, "championId": 61, "lastPlayTime": 1436993632000}, {"championLevel": 1, "chestGranted": false, "championPoints": 1221, "championPointsSinceLastLevel": 1221, "playerId": 21893, "championPointsUntilNextLevel": 579, "tokensEarned": 0, "championId": 41, "lastPlayTime": 1467151013000}, {"championLevel": 1, "chestGranted": false, "championPoints": 1176, "championPointsSinceLastLevel": 1176, "playerId": 21893, "championPointsUntilNextLevel": 624, "tokensEarned": 0, "championId": 114, "lastPlayTime": 1451352938000}, {"championLevel": 1, "chestGranted": false, "championPoints": 1156, "championPointsSinceLastLevel": 1156, "playerId": 21893, "championPointsUntilNextLevel": 644, "tokensEarned": 0, "championId": 18, "lastPlayTime": 1456464357000}, {"championLevel": 1, "chestGranted": false, "championPoints": 1148, "championPointsSinceLastLevel": 1148, "playerId": 21893, "championPointsUntilNextLevel": 652, "tokensEarned": 0, "championId": 42, "lastPlayTime": 1459032034000}, {"championLevel": 1, "chestGranted": false, "championPoints": 1142, "championPointsSinceLastLevel": 1142, "playerId": 21893, "championPointsUntilNextLevel": 658, "tokensEarned": 0, "championId": 19, "lastPlayTime": 1436917807000}, {"championLevel": 1, "chestGranted": false, "championPoints": 1112, "championPointsSinceLastLevel": 1112, "playerId": 21893, "championPointsUntilNextLevel": 688, "tokensEarned": 0, "championId": 119, "lastPlayTime": 1458418156000}, {"championLevel": 1, "chestGranted": false, "championPoints": 968, "championPointsSinceLastLevel": 968, "playerId": 21893, "championPointsUntilNextLevel": 832, "tokensEarned": 0, "championId": 10, "lastPlayTime": 1437093019000}, {"championLevel": 1, "chestGranted": false, "championPoints": 952, "championPointsSinceLastLevel": 952, "playerId": 21893, "championPointsUntilNextLevel": 848, "tokensEarned": 0, "championId": 34, "lastPlayTime": 1453401484000}, {"championLevel": 1, "chestGranted": false, "championPoints": 876, "championPointsSinceLastLevel": 876, "playerId": 21893, "championPointsUntilNextLevel": 924, "tokensEarned": 0, "championId": 23, "lastPlayTime": 1452409778000}, {"championLevel": 1, "chestGranted": false, "championPoints": 687, "championPointsSinceLastLevel": 687, "playerId": 21893, "championPointsUntilNextLevel": 1113, "tokensEarned": 0, "championId": 79, "lastPlayTime": 1457396307000}, {"championLevel": 1, "chestGranted": false, "championPoints": 627, "championPointsSinceLastLevel": 627, "playerId": 21893, "championPointsUntilNextLevel": 1173, "tokensEarned": 0, "championId": 9, "lastPlayTime": 1468215135000}, {"championLevel": 1, "chestGranted": false, "championPoints": 342, "championPointsSinceLastLevel": 342, "playerId": 21893, "championPointsUntilNextLevel": 1458, "tokensEarned": 0, "championId": 266, "lastPlayTime": 1442531213000}, {"championLevel": 1, "chestGranted": false, "championPoints": 322, "championPointsSinceLastLevel": 322, "playerId": 21893, "championPointsUntilNextLevel": 1478, "tokensEarned": 0, "championId": 136, "lastPlayTime": 1460837238000}, {"championLevel": 1, "chestGranted": false, "championPoints": 211, "championPointsSinceLastLevel": 211, "playerId": 21893, "championPointsUntilNextLevel": 1589, "tokensEarned": 0, "championId": 122, "lastPlayTime": 1446505993000}, {"championLevel": 1, "chestGranted": false, "championPoints": 185, "championPointsSinceLastLevel": 185, "playerId": 21893, "championPointsUntilNextLevel": 1615, "tokensEarned": 0, "championId": 20, "lastPlayTime": 1432955726000}, {"championLevel": 1, "chestGranted": false, "championPoints": 168, "championPointsSinceLastLevel": 168, "playerId": 21893, "championPointsUntilNextLevel": 1632, "tokensEarned": 0, "championId": 40, "lastPlayTime": 1434771413000}, {"championLevel": 1, "chestGranted": false, "championPoints": 162, "championPointsSinceLastLevel": 162, "playerId": 21893, "championPointsUntilNextLevel": 1638, "tokensEarned": 0, "championId": 43, "lastPlayTime": 1447286834000}, {"championLevel": 1, "chestGranted": false, "championPoints": 155, "championPointsSinceLastLevel": 155, "playerId": 21893, "championPointsUntilNextLevel": 1645, "tokensEarned": 0, "championId": 26, "lastPlayTime": 1450739779000}, {"championLevel": 1, "chestGranted": false, "championPoints": 150, "championPointsSinceLastLevel": 150, "playerId": 21893, "championPointsUntilNextLevel": 1650, "tokensEarned": 0, "championId": 48, "lastPlayTime": 1455765502000}, {"championLevel": 1, "chestGranted": false, "championPoints": 143, "championPointsSinceLastLevel": 143, "playerId": 21893, "championPointsUntilNextLevel": 1657, "tokensEarned": 0, "championId": 85, "lastPlayTime": 1465080243000}]