[{"championLevel": 5, "chestGranted": true, "championPoints": 93213, "championPointsSinceLastLevel": 71613, "playerId": 21890, "championPointsUntilNextLevel": 0, "tokensEarned": 0, "championId": 5, "lastPlayTime": 1459993904000}, {"championLevel": 5, "chestGranted": false, "championPoints": 57101, "championPointsSinceLastLevel": 35501, "playerId": 21890, "championPointsUntilNextLevel": 0, "tokensEarned": 0, "championId": 42, "lastPlayTime": 1462126091000}, {"championLevel": 5, "chestGranted": true, "championPoints": 31250, "championPointsSinceLastLevel": 9650, "playerId": 21890, "championPointsUntilNextLevel": 0, "tokensEarned": 0, "championId": 102, "lastPlayTime": 1461282446000}, {"championLevel": 5, "chestGranted": false, "championPoints": 31049, "championPointsSinceLastLevel": 9449, "playerId": 21890, "championPointsUntilNextLevel": 0, "tokensEarned": 0, "championId": 81, "lastPlayTime": 1462116031000}, {"championLevel": 5, "chestGranted": false, "championPoints": 29051, "championPointsSinceLastLevel": 7451, "playerId": 21890, "championPointsUntilNextLevel": 0, "tokensEarned": 0, "championId": 254, "lastPlayTime": 1460307414000}, {"championLevel": 5, "chestGranted": false, "championPoints": 28988, "championPointsSinceLastLevel": 7388, "playerId": 21890, "championPointsUntilNextLevel": 0, "tokensEarned": 0, "championId": 11, "lastPlayTime": 1461535972000}, {"championLevel": 5, "chestGranted": false, "championPoints": 26491, "championPointsSinceLastLevel": 4891, "playerId": 21890, "championPointsUntilNextLevel": 0, "tokensEarned": 0, "championId": 74, "lastPlayTime": 1457641416000}, {"championLevel": 5, "chestGranted": false, "championPoints": 24787, "championPointsSinceLastLevel": 3187, "playerId": 21890, "championPointsUntilNextLevel": 0, "tokensEarned": 0, "championId": 24, "lastPlayTime": 1458853952000}, {"championLevel": 5, "chestGranted": false, "championPoints": 22780, "championPointsSinceLastLevel": 1180, "playerId": 21890, "championPointsUntilNextLevel": 0, "tokensEarned": 0, "championId": 236, "lastPlayTime": 1461801166000}, {"championLevel": 4, "chestGranted": true, "championPoints": 20414, "championPointsSinceLastLevel": 7814, "playerId": 21890, "championPointsUntilNextLevel": 1186, "tokensEarned": 0, "championId": 136, "lastPlayTime": 1461879763000}, {"championLevel": 4, "chestGranted": true, "championPoints": 17702, "championPointsSinceLastLevel": 5102, "playerId": 21890, "championPointsUntilNextLevel": 3898, "tokensEarned": 0, "championId": 154, "lastPlayTime": 1462229826000}, {"championLevel": 4, "chestGranted": false, "championPoints": 16143, "championPointsSinceLastLevel": 3543, "playerId": 21890, "championPointsUntilNextLevel": 5457, "tokensEarned": 0, "championId": 245, "lastPlayTime": 1460577019000}, {"championLevel": 4, "chestGranted": false, "championPoints": 14696, "championPointsSinceLastLevel": 2096, "playerId": 21890, "championPointsUntilNextLevel": 6904, "tokensEarned": 0, "championId": 106, "lastPlayTime": 1460899531000}, {"championLevel": 4, "chestGranted": false, "championPoints": 13932, "championPointsSinceLastLevel": 1332, "playerId": 21890, "championPointsUntilNextLevel": 7668, "tokensEarned": 0, "championId": 104, "lastPlayTime": 1458919004000}, {"championLevel": 3, "chestGranted": true, "championPoints": 10281, "championPointsSinceLastLevel": 4281, "playerId": 21890, "championPointsUntilNextLevel": 2319, "tokensEarned": 0, "championId": 77, "lastPlayTime": 1459732269000}, {"championLevel": 3, "chestGranted": false, "championPoints": 10039, "championPointsSinceLastLevel": 4039, "playerId": 21890, "championPointsUntilNextLevel": 2561, "tokensEarned": 0, "championId": 19, "lastPlayTime": 1453966044000}, {"championLevel": 3, "chestGranted": false, "championPoints": 9699, "championPointsSinceLastLevel": 3699, "playerId": 21890, "championPointsUntilNextLevel": 2901, "tokensEarned": 0, "championId": 107, "lastPlayTime": 1449034059000}, {"championLevel": 3, "chestGranted": true, "championPoints": 8886, "championPointsSinceLastLevel": 2886, "playerId": 21890, "championPointsUntilNextLevel": 3714, "tokensEarned": 0, "championId": 222, "lastPlayTime": 1462217467000}, {"championLevel": 3, "chestGranted": false, "championPoints": 8885, "championPointsSinceLastLevel": 2885, "playerId": 21890, "championPointsUntilNextLevel": 3715, "tokensEarned": 0, "championId": 12, "lastPlayTime": 1461705995000}, {"championLevel": 3, "chestGranted": false, "championPoints": 8439, "championPointsSinceLastLevel": 2439, "playerId": 21890, "championPointsUntilNextLevel": 4161, "tokensEarned": 0, "championId": 76, "lastPlayTime": 1461523373000}, {"championLevel": 3, "chestGranted": false, "championPoints": 8393, "championPointsSinceLastLevel": 2393, "playerId": 21890, "championPointsUntilNextLevel": 4207, "tokensEarned": 0, "championId": 58, "lastPlayTime": 1454463346000}, {"championLevel": 3, "chestGranted": false, "championPoints": 8082, "championPointsSinceLastLevel": 2082, "playerId": 21890, "championPointsUntilNextLevel": 4518, "tokensEarned": 0, "championId": 105, "lastPlayTime": 1461507700000}, {"championLevel": 3, "chestGranted": false, "championPoints": 8080, "championPointsSinceLastLevel": 2080, "playerId": 21890, "championPointsUntilNextLevel": 4520, "tokensEarned": 0, "championId": 72, "lastPlayTime": 1454471770000}, {"championLevel": 3, "chestGranted": false, "championPoints": 7932, "championPointsSinceLastLevel": 1932, "playerId": 21890, "championPointsUntilNextLevel": 4668, "tokensEarned": 0, "championId": 412, "lastPlayTime": 1460838128000}, {"championLevel": 3, "chestGranted": false, "championPoints": 7580, "championPointsSinceLastLevel": 1580, "playerId": 21890, "championPointsUntilNextLevel": 5020, "tokensEarned": 0, "championId": 92, "lastPlayTime": 1460159869000}, {"championLevel": 3, "chestGranted": false, "championPoints": 7406, "championPointsSinceLastLevel": 1406, "playerId": 21890, "championPointsUntilNextLevel": 5194, "tokensEarned": 0, "championId": 131, "lastPlayTime": 1461503058000}, {"championLevel": 3, "chestGranted": false, "championPoints": 7003, "championPointsSinceLastLevel": 1003, "playerId": 21890, "championPointsUntilNextLevel": 5597, "tokensEarned": 0, "championId": 96, "lastPlayTime": 1460319524000}, {"championLevel": 3, "chestGranted": false, "championPoints": 6595, "championPointsSinceLastLevel": 595, "playerId": 21890, "championPointsUntilNextLevel": 6005, "tokensEarned": 0, "championId": 32, "lastPlayTime": 1455771408000}, {"championLevel": 3, "chestGranted": false, "championPoints": 6363, "championPointsSinceLastLevel": 363, "playerId": 21890, "championPointsUntilNextLevel": 6237, "tokensEarned": 0, "championId": 80, "lastPlayTime": 1453692241000}, {"championLevel": 3, "chestGranted": false, "championPoints": 6041, "championPointsSinceLastLevel": 41, "playerId": 21890, "championPointsUntilNextLevel": 6559, "tokensEarned": 0, "championId": 85, "lastPlayTime": 1453702195000}, {"championLevel": 3, "chestGranted": false, "championPoints": 6038, "championPointsSinceLastLevel": 38, "playerId": 21890, "championPointsUntilNextLevel": 6562, "tokensEarned": 0, "championId": 120, "lastPlayTime": 1458244507000}, {"championLevel": 2, "chestGranted": false, "championPoints": 5882, "championPointsSinceLastLevel": 4082, "playerId": 21890, "championPointsUntilNextLevel": 118, "tokensEarned": 0, "championId": 79, "lastPlayTime": 1461538757000}, {"championLevel": 2, "chestGranted": false, "championPoints": 5731, "championPointsSinceLastLevel": 3931, "playerId": 21890, "championPointsUntilNextLevel": 269, "tokensEarned": 0, "championId": 67, "lastPlayTime": 1453878032000}, {"championLevel": 2, "chestGranted": false, "championPoints": 5703, "championPointsSinceLastLevel": 3903, "playerId": 21890, "championPointsUntilNextLevel": 297, "tokensEarned": 0, "championId": 17, "lastPlayTime": 1461350379000}, {"championLevel": 2, "chestGranted": false, "championPoints": 5321, "championPointsSinceLastLevel": 3521, "playerId": 21890, "championPointsUntilNextLevel": 679, "tokensEarned": 0, "championId": 44, "lastPlayTime": 1445634162000}, {"championLevel": 2, "chestGranted": false, "championPoints": 5292, "championPointsSinceLastLevel": 3492, "playerId": 21890, "championPointsUntilNextLevel": 708, "tokensEarned": 0, "championId": 3, "lastPlayTime": 1460853532000}, {"championLevel": 2, "chestGranted": false, "championPoints": 5247, "championPointsSinceLastLevel": 3447, "playerId": 21890, "championPointsUntilNextLevel": 753, "tokensEarned": 0, "championId": 31, "lastPlayTime": 1456255347000}, {"championLevel": 2, "chestGranted": true, "championPoints": 5197, "championPointsSinceLastLevel": 3397, "playerId": 21890, "championPointsUntilNextLevel": 803, "tokensEarned": 0, "championId": 64, "lastPlayTime": 1458851526000}, {"championLevel": 2, "chestGranted": false, "championPoints": 5096, "championPointsSinceLastLevel": 3296, "playerId": 21890, "championPointsUntilNextLevel": 904, "tokensEarned": 0, "championId": 113, "lastPlayTime": 1457550004000}, {"championLevel": 2, "chestGranted": false, "championPoints": 5027, "championPointsSinceLastLevel": 3227, "playerId": 21890, "championPointsUntilNextLevel": 973, "tokensEarned": 0, "championId": 57, "lastPlayTime": 1454116188000}, {"championLevel": 2, "chestGranted": false, "championPoints": 4925, "championPointsSinceLastLevel": 3125, "playerId": 21890, "championPointsUntilNextLevel": 1075, "tokensEarned": 0, "championId": 51, "lastPlayTime": 1462220946000}, {"championLevel": 2, "chestGranted": false, "championPoints": 4701, "championPointsSinceLastLevel": 2901, "playerId": 21890, "championPointsUntilNextLevel": 1299, "tokensEarned": 0, "championId": 4, "lastPlayTime": 1457748597000}, {"championLevel": 2, "chestGranted": false, "championPoints": 4497, "championPointsSinceLastLevel": 2697, "playerId": 21890, "championPointsUntilNextLevel": 1503, "tokensEarned": 0, "championId": 53, "lastPlayTime": 1460821098000}, {"championLevel": 2, "chestGranted": true, "championPoints": 4368, "championPointsSinceLastLevel": 2568, "playerId": 21890, "championPointsUntilNextLevel": 1632, "tokensEarned": 0, "championId": 33, "lastPlayTime": 1462141353000}, {"championLevel": 2, "chestGranted": false, "championPoints": 4313, "championPointsSinceLastLevel": 2513, "playerId": 21890, "championPointsUntilNextLevel": 1687, "tokensEarned": 0, "championId": 223, "lastPlayTime": 1457636135000}, {"championLevel": 2, "chestGranted": false, "championPoints": 4293, "championPointsSinceLastLevel": 2493, "playerId": 21890, "championPointsUntilNextLevel": 1707, "tokensEarned": 0, "championId": 126, "lastPlayTime": 1442764095000}, {"championLevel": 2, "chestGranted": false, "championPoints": 4190, "championPointsSinceLastLevel": 2390, "playerId": 21890, "championPointsUntilNextLevel": 1810, "tokensEarned": 0, "championId": 59, "lastPlayTime": 1457638205000}, {"championLevel": 2, "chestGranted": false, "championPoints": 4132, "championPointsSinceLastLevel": 2332, "playerId": 21890, "championPointsUntilNextLevel": 1868, "tokensEarned": 0, "championId": 40, "lastPlayTime": 1460833147000}, {"championLevel": 2, "chestGranted": false, "championPoints": 4124, "championPointsSinceLastLevel": 2324, "playerId": 21890, "championPointsUntilNextLevel": 1876, "tokensEarned": 0, "championId": 28, "lastPlayTime": 1462223034000}, {"championLevel": 2, "chestGranted": false, "championPoints": 3850, "championPointsSinceLastLevel": 2050, "playerId": 21890, "championPointsUntilNextLevel": 2150, "tokensEarned": 0, "championId": 78, "lastPlayTime": 1456902448000}, {"championLevel": 2, "chestGranted": false, "championPoints": 3739, "championPointsSinceLastLevel": 1939, "playerId": 21890, "championPointsUntilNextLevel": 2261, "tokensEarned": 0, "championId": 201, "lastPlayTime": 1468091757000}, {"championLevel": 2, "chestGranted": false, "championPoints": 3587, "championPointsSinceLastLevel": 1787, "playerId": 21890, "championPointsUntilNextLevel": 2413, "tokensEarned": 0, "championId": 420, "lastPlayTime": 1456316567000}, {"championLevel": 2, "chestGranted": false, "championPoints": 3512, "championPointsSinceLastLevel": 1712, "playerId": 21890, "championPointsUntilNextLevel": 2488, "tokensEarned": 0, "championId": 203, "lastPlayTime": 1458445214000}, {"championLevel": 2, "chestGranted": false, "championPoints": 3451, "championPointsSinceLastLevel": 1651, "playerId": 21890, "championPointsUntilNextLevel": 2549, "tokensEarned": 0, "championId": 421, "lastPlayTime": 1454650185000}, {"championLevel": 2, "chestGranted": false, "championPoints": 3298, "championPointsSinceLastLevel": 1498, "playerId": 21890, "championPointsUntilNextLevel": 2702, "tokensEarned": 0, "championId": 56, "lastPlayTime": 1449800930000}, {"championLevel": 2, "chestGranted": false, "championPoints": 3253, "championPointsSinceLastLevel": 1453, "playerId": 21890, "championPointsUntilNextLevel": 2747, "tokensEarned": 0, "championId": 75, "lastPlayTime": 1461184062000}, {"championLevel": 2, "chestGranted": false, "championPoints": 3116, "championPointsSinceLastLevel": 1316, "playerId": 21890, "championPointsUntilNextLevel": 2884, "tokensEarned": 0, "championId": 99, "lastPlayTime": 1459695582000}, {"championLevel": 2, "chestGranted": false, "championPoints": 3029, "championPointsSinceLastLevel": 1229, "playerId": 21890, "championPointsUntilNextLevel": 2971, "tokensEarned": 0, "championId": 117, "lastPlayTime": 1455245473000}, {"championLevel": 2, "chestGranted": false, "championPoints": 3015, "championPointsSinceLastLevel": 1215, "playerId": 21890, "championPointsUntilNextLevel": 2985, "tokensEarned": 0, "championId": 54, "lastPlayTime": 1460673237000}, {"championLevel": 2, "chestGranted": false, "championPoints": 2932, "championPointsSinceLastLevel": 1132, "playerId": 21890, "championPointsUntilNextLevel": 3068, "tokensEarned": 0, "championId": 121, "lastPlayTime": 1460498709000}, {"championLevel": 2, "chestGranted": true, "championPoints": 2930, "championPointsSinceLastLevel": 1130, "playerId": 21890, "championPointsUntilNextLevel": 3070, "tokensEarned": 0, "championId": 8, "lastPlayTime": 1460746989000}, {"championLevel": 2, "chestGranted": false, "championPoints": 2766, "championPointsSinceLastLevel": 966, "playerId": 21890, "championPointsUntilNextLevel": 3234, "tokensEarned": 0, "championId": 69, "lastPlayTime": 1454801535000}, {"championLevel": 2, "chestGranted": false, "championPoints": 2758, "championPointsSinceLastLevel": 958, "playerId": 21890, "championPointsUntilNextLevel": 3242, "tokensEarned": 0, "championId": 27, "lastPlayTime": 1452480228000}, {"championLevel": 2, "chestGranted": false, "championPoints": 2652, "championPointsSinceLastLevel": 852, "playerId": 21890, "championPointsUntilNextLevel": 3348, "tokensEarned": 0, "championId": 50, "lastPlayTime": 1455570130000}, {"championLevel": 2, "chestGranted": false, "championPoints": 2554, "championPointsSinceLastLevel": 754, "playerId": 21890, "championPointsUntilNextLevel": 3446, "tokensEarned": 0, "championId": 35, "lastPlayTime": 1449797929000}, {"championLevel": 2, "chestGranted": false, "championPoints": 2506, "championPointsSinceLastLevel": 706, "playerId": 21890, "championPointsUntilNextLevel": 3494, "tokensEarned": 0, "championId": 39, "lastPlayTime": 1453524977000}, {"championLevel": 2, "chestGranted": false, "championPoints": 2409, "championPointsSinceLastLevel": 609, "playerId": 21890, "championPointsUntilNextLevel": 3591, "tokensEarned": 0, "championId": 103, "lastPlayTime": 1460255281000}, {"championLevel": 2, "chestGranted": false, "championPoints": 2409, "championPointsSinceLastLevel": 609, "playerId": 21890, "championPointsUntilNextLevel": 3591, "tokensEarned": 0, "championId": 86, "lastPlayTime": 1446954470000}, {"championLevel": 2, "chestGranted": false, "championPoints": 2284, "championPointsSinceLastLevel": 484, "playerId": 21890, "championPointsUntilNextLevel": 3716, "tokensEarned": 0, "championId": 60, "lastPlayTime": 1456185596000}, {"championLevel": 2, "chestGranted": false, "championPoints": 2234, "championPointsSinceLastLevel": 434, "playerId": 21890, "championPointsUntilNextLevel": 3766, "tokensEarned": 0, "championId": 30, "lastPlayTime": 1457123410000}, {"championLevel": 2, "chestGranted": false, "championPoints": 2089, "championPointsSinceLastLevel": 289, "playerId": 21890, "championPointsUntilNextLevel": 3911, "tokensEarned": 0, "championId": 98, "lastPlayTime": 1462224657000}, {"championLevel": 2, "chestGranted": false, "championPoints": 2060, "championPointsSinceLastLevel": 260, "playerId": 21890, "championPointsUntilNextLevel": 3940, "tokensEarned": 0, "championId": 157, "lastPlayTime": 1460777503000}, {"championLevel": 2, "chestGranted": false, "championPoints": 2060, "championPointsSinceLastLevel": 260, "playerId": 21890, "championPointsUntilNextLevel": 3940, "tokensEarned": 0, "championId": 84, "lastPlayTime": 1460583203000}, {"championLevel": 2, "chestGranted": false, "championPoints": 2009, "championPointsSinceLastLevel": 209, "playerId": 21890, "championPointsUntilNextLevel": 3991, "tokensEarned": 0, "championId": 111, "lastPlayTime": 1457189230000}, {"championLevel": 2, "chestGranted": false, "championPoints": 2003, "championPointsSinceLastLevel": 203, "playerId": 21890, "championPointsUntilNextLevel": 3997, "tokensEarned": 0, "championId": 127, "lastPlayTime": 1459369075000}, {"championLevel": 2, "chestGranted": false, "championPoints": 1801, "championPointsSinceLastLevel": 1, "playerId": 21890, "championPointsUntilNextLevel": 4199, "tokensEarned": 0, "championId": 61, "lastPlayTime": 1461181879000}, {"championLevel": 1, "chestGranted": false, "championPoints": 1759, "championPointsSinceLastLevel": 1759, "playerId": 21890, "championPointsUntilNextLevel": 41, "tokensEarned": 0, "championId": 429, "lastPlayTime": 1455487234000}, {"championLevel": 1, "chestGranted": false, "championPoints": 1758, "championPointsSinceLastLevel": 1758, "playerId": 21890, "championPointsUntilNextLevel": 42, "tokensEarned": 0, "championId": 10, "lastPlayTime": 1440010279000}, {"championLevel": 1, "chestGranted": true, "championPoints": 1743, "championPointsSinceLastLevel": 1743, "playerId": 21890, "championPointsUntilNextLevel": 57, "tokensEarned": 0, "championId": 238, "lastPlayTime": 1465871503000}, {"championLevel": 1, "chestGranted": false, "championPoints": 1670, "championPointsSinceLastLevel": 1670, "playerId": 21890, "championPointsUntilNextLevel": 130, "tokensEarned": 0, "championId": 89, "lastPlayTime": 1457120900000}, {"championLevel": 1, "chestGranted": false, "championPoints": 1636, "championPointsSinceLastLevel": 1636, "playerId": 21890, "championPointsUntilNextLevel": 164, "tokensEarned": 0, "championId": 21, "lastPlayTime": 1455916563000}, {"championLevel": 1, "chestGranted": false, "championPoints": 1486, "championPointsSinceLastLevel": 1486, "playerId": 21890, "championPointsUntilNextLevel": 314, "tokensEarned": 0, "championId": 13, "lastPlayTime": 1461186728000}, {"championLevel": 1, "chestGranted": false, "championPoints": 1479, "championPointsSinceLastLevel": 1479, "playerId": 21890, "championPointsUntilNextLevel": 321, "tokensEarned": 0, "championId": 18, "lastPlayTime": 1455408602000}, {"championLevel": 1, "chestGranted": false, "championPoints": 1441, "championPointsSinceLastLevel": 1441, "playerId": 21890, "championPointsUntilNextLevel": 359, "tokensEarned": 0, "championId": 267, "lastPlayTime": 1438663439000}, {"championLevel": 1, "chestGranted": false, "championPoints": 1398, "championPointsSinceLastLevel": 1398, "playerId": 21890, "championPointsUntilNextLevel": 402, "tokensEarned": 0, "championId": 2, "lastPlayTime": 1449959438000}, {"championLevel": 1, "chestGranted": false, "championPoints": 1396, "championPointsSinceLastLevel": 1396, "playerId": 21890, "championPointsUntilNextLevel": 404, "tokensEarned": 0, "championId": 83, "lastPlayTime": 1453858346000}, {"championLevel": 1, "chestGranted": false, "championPoints": 1395, "championPointsSinceLastLevel": 1395, "playerId": 21890, "championPointsUntilNextLevel": 405, "tokensEarned": 0, "championId": 432, "lastPlayTime": 1461803583000}, {"championLevel": 1, "chestGranted": false, "championPoints": 1367, "championPointsSinceLastLevel": 1367, "playerId": 21890, "championPointsUntilNextLevel": 433, "tokensEarned": 0, "championId": 16, "lastPlayTime": 1445887746000}, {"championLevel": 1, "chestGranted": false, "championPoints": 1347, "championPointsSinceLastLevel": 1347, "playerId": 21890, "championPointsUntilNextLevel": 453, "tokensEarned": 0, "championId": 91, "lastPlayTime": 1455302396000}, {"championLevel": 1, "chestGranted": false, "championPoints": 1344, "championPointsSinceLastLevel": 1344, "playerId": 21890, "championPointsUntilNextLevel": 456, "tokensEarned": 0, "championId": 150, "lastPlayTime": 1446059055000}, {"championLevel": 1, "chestGranted": false, "championPoints": 1266, "championPointsSinceLastLevel": 1266, "playerId": 21890, "championPointsUntilNextLevel": 534, "tokensEarned": 0, "championId": 68, "lastPlayTime": 1456846773000}, {"championLevel": 1, "chestGranted": false, "championPoints": 1250, "championPointsSinceLastLevel": 1250, "playerId": 21890, "championPointsUntilNextLevel": 550, "tokensEarned": 0, "championId": 63, "lastPlayTime": 1432153752000}, {"championLevel": 1, "chestGranted": false, "championPoints": 1216, "championPointsSinceLastLevel": 1216, "playerId": 21890, "championPointsUntilNextLevel": 584, "tokensEarned": 0, "championId": 15, "lastPlayTime": 1462226945000}, {"championLevel": 1, "chestGranted": false, "championPoints": 1172, "championPointsSinceLastLevel": 1172, "playerId": 21890, "championPointsUntilNextLevel": 628, "tokensEarned": 0, "championId": 14, "lastPlayTime": 1439600352000}, {"championLevel": 1, "chestGranted": false, "championPoints": 1010, "championPointsSinceLastLevel": 1010, "playerId": 21890, "championPointsUntilNextLevel": 790, "tokensEarned": 0, "championId": 48, "lastPlayTime": 1452644141000}, {"championLevel": 1, "chestGranted": false, "championPoints": 938, "championPointsSinceLastLevel": 938, "playerId": 21890, "championPointsUntilNextLevel": 862, "tokensEarned": 0, "championId": 90, "lastPlayTime": 1459599995000}, {"championLevel": 1, "chestGranted": false, "championPoints": 929, "championPointsSinceLastLevel": 929, "playerId": 21890, "championPointsUntilNextLevel": 871, "tokensEarned": 0, "championId": 1, "lastPlayTime": 1454525285000}, {"championLevel": 1, "chestGranted": false, "championPoints": 892, "championPointsSinceLastLevel": 892, "playerId": 21890, "championPointsUntilNextLevel": 908, "tokensEarned": 0, "championId": 37, "lastPlayTime": 1461351687000}, {"championLevel": 1, "chestGranted": false, "championPoints": 796, "championPointsSinceLastLevel": 796, "playerId": 21890, "championPointsUntilNextLevel": 1004, "tokensEarned": 0, "championId": 82, "lastPlayTime": 1460217293000}, {"championLevel": 1, "chestGranted": false, "championPoints": 741, "championPointsSinceLastLevel": 741, "playerId": 21890, "championPointsUntilNextLevel": 1059, "tokensEarned": 0, "championId": 6, "lastPlayTime": 1460776015000}, {"championLevel": 1, "chestGranted": false, "championPoints": 739, "championPointsSinceLastLevel": 739, "playerId": 21890, "championPointsUntilNextLevel": 1061, "tokensEarned": 0, "championId": 122, "lastPlayTime": 1444425732000}, {"championLevel": 1, "chestGranted": false, "championPoints": 681, "championPointsSinceLastLevel": 681, "playerId": 21890, "championPointsUntilNextLevel": 1119, "tokensEarned": 0, "championId": 23, "lastPlayTime": 1449523344000}, {"championLevel": 1, "chestGranted": false, "championPoints": 505, "championPointsSinceLastLevel": 505, "playerId": 21890, "championPointsUntilNextLevel": 1295, "tokensEarned": 0, "championId": 119, "lastPlayTime": 1454032268000}, {"championLevel": 1, "chestGranted": false, "championPoints": 434, "championPointsSinceLastLevel": 434, "playerId": 21890, "championPointsUntilNextLevel": 1366, "tokensEarned": 0, "championId": 55, "lastPlayTime": 1443931918000}, {"championLevel": 1, "chestGranted": false, "championPoints": 403, "championPointsSinceLastLevel": 403, "playerId": 21890, "championPointsUntilNextLevel": 1397, "tokensEarned": 0, "championId": 41, "lastPlayTime": 1441928354000}, {"championLevel": 1, "chestGranted": false, "championPoints": 359, "championPointsSinceLastLevel": 359, "playerId": 21890, "championPointsUntilNextLevel": 1441, "tokensEarned": 0, "championId": 268, "lastPlayTime": 1461524906000}, {"championLevel": 1, "chestGranted": false, "championPoints": 352, "championPointsSinceLastLevel": 352, "playerId": 21890, "championPointsUntilNextLevel": 1448, "tokensEarned": 0, "championId": 133, "lastPlayTime": 1457555738000}, {"championLevel": 1, "chestGranted": false, "championPoints": 228, "championPointsSinceLastLevel": 228, "playerId": 21890, "championPointsUntilNextLevel": 1572, "tokensEarned": 0, "championId": 26, "lastPlayTime": 1456905469000}, {"championLevel": 1, "chestGranted": false, "championPoints": 215, "championPointsSinceLastLevel": 215, "playerId": 21890, "championPointsUntilNextLevel": 1585, "tokensEarned": 0, "championId": 22, "lastPlayTime": 1433536738000}, {"championLevel": 1, "chestGranted": false, "championPoints": 204, "championPointsSinceLastLevel": 204, "playerId": 21890, "championPointsUntilNextLevel": 1596, "tokensEarned": 0, "championId": 112, "lastPlayTime": 1437397590000}, {"championLevel": 1, "chestGranted": false, "championPoints": 197, "championPointsSinceLastLevel": 197, "playerId": 21890, "championPointsUntilNextLevel": 1603, "tokensEarned": 0, "championId": 115, "lastPlayTime": 1447514978000}, {"championLevel": 1, "chestGranted": false, "championPoints": 184, "championPointsSinceLastLevel": 184, "playerId": 21890, "championPointsUntilNextLevel": 1616, "tokensEarned": 0, "championId": 36, "lastPlayTime": 1445197802000}, {"championLevel": 1, "chestGranted": false, "championPoints": 179, "championPointsSinceLastLevel": 179, "playerId": 21890, "championPointsUntilNextLevel": 1621, "tokensEarned": 0, "championId": 114, "lastPlayTime": 1441489901000}, {"championLevel": 1, "chestGranted": false, "championPoints": 156, "championPointsSinceLastLevel": 156, "playerId": 21890, "championPointsUntilNextLevel": 1644, "tokensEarned": 0, "championId": 62, "lastPlayTime": 1441145373000}, {"championLevel": 1, "chestGranted": false, "championPoints": 136, "championPointsSinceLastLevel": 136, "playerId": 21890, "championPointsUntilNextLevel": 1664, "tokensEarned": 0, "championId": 202, "lastPlayTime": 1460774588000}]