[{"championLevel": 3, "chestGranted": false, "championPoints": 8825, "championPointsSinceLastLevel": 2825, "playerId": 21904, "championPointsUntilNextLevel": 3775, "tokensEarned": 0, "championId": 81, "lastPlayTime": 1461428777000}, {"championLevel": 3, "chestGranted": false, "championPoints": 8054, "championPointsSinceLastLevel": 2054, "playerId": 21904, "championPointsUntilNextLevel": 4546, "tokensEarned": 0, "championId": 28, "lastPlayTime": 1442731384000}, {"championLevel": 3, "chestGranted": false, "championPoints": 7902, "championPointsSinceLastLevel": 1902, "playerId": 21904, "championPointsUntilNextLevel": 4698, "tokensEarned": 0, "championId": 86, "lastPlayTime": 1454652915000}, {"championLevel": 3, "chestGranted": false, "championPoints": 7582, "championPointsSinceLastLevel": 1582, "playerId": 21904, "championPointsUntilNextLevel": 5018, "tokensEarned": 0, "championId": 157, "lastPlayTime": 1460954537000}, {"championLevel": 2, "chestGranted": false, "championPoints": 5503, "championPointsSinceLastLevel": 3703, "playerId": 21904, "championPointsUntilNextLevel": 497, "tokensEarned": 0, "championId": 245, "lastPlayTime": 1461542520000}, {"championLevel": 2, "chestGranted": false, "championPoints": 4796, "championPointsSinceLastLevel": 2996, "playerId": 21904, "championPointsUntilNextLevel": 1204, "tokensEarned": 0, "championId": 82, "lastPlayTime": 1442866002000}, {"championLevel": 2, "chestGranted": false, "championPoints": 4688, "championPointsSinceLastLevel": 2888, "playerId": 21904, "championPointsUntilNextLevel": 1312, "tokensEarned": 0, "championId": 99, "lastPlayTime": 1461437994000}, {"championLevel": 2, "chestGranted": false, "championPoints": 4194, "championPointsSinceLastLevel": 2394, "playerId": 21904, "championPointsUntilNextLevel": 1806, "tokensEarned": 0, "championId": 122, "lastPlayTime": 1442371141000}, {"championLevel": 2, "chestGranted": false, "championPoints": 3548, "championPointsSinceLastLevel": 1748, "playerId": 21904, "championPointsUntilNextLevel": 2452, "tokensEarned": 0, "championId": 53, "lastPlayTime": 1460929846000}, {"championLevel": 2, "chestGranted": false, "championPoints": 3090, "championPointsSinceLastLevel": 1290, "playerId": 21904, "championPointsUntilNextLevel": 2910, "tokensEarned": 0, "championId": 222, "lastPlayTime": 1460941083000}, {"championLevel": 2, "chestGranted": false, "championPoints": 2969, "championPointsSinceLastLevel": 1169, "playerId": 21904, "championPointsUntilNextLevel": 3031, "tokensEarned": 0, "championId": 105, "lastPlayTime": 1448288318000}, {"championLevel": 2, "chestGranted": false, "championPoints": 2960, "championPointsSinceLastLevel": 1160, "playerId": 21904, "championPointsUntilNextLevel": 3040, "tokensEarned": 0, "championId": 75, "lastPlayTime": 1460962963000}, {"championLevel": 2, "chestGranted": false, "championPoints": 2772, "championPointsSinceLastLevel": 972, "playerId": 21904, "championPointsUntilNextLevel": 3228, "tokensEarned": 0, "championId": 7, "lastPlayTime": 1439927231000}, {"championLevel": 2, "chestGranted": false, "championPoints": 2677, "championPointsSinceLastLevel": 877, "playerId": 21904, "championPointsUntilNextLevel": 3323, "tokensEarned": 0, "championId": 161, "lastPlayTime": 1460961008000}, {"championLevel": 2, "chestGranted": false, "championPoints": 2558, "championPointsSinceLastLevel": 758, "playerId": 21904, "championPointsUntilNextLevel": 3442, "tokensEarned": 0, "championId": 55, "lastPlayTime": 1458865402000}, {"championLevel": 2, "chestGranted": true, "championPoints": 1859, "championPointsSinceLastLevel": 59, "playerId": 21904, "championPointsUntilNextLevel": 4141, "tokensEarned": 0, "championId": 61, "lastPlayTime": 1460873822000}, {"championLevel": 2, "chestGranted": true, "championPoints": 1846, "championPointsSinceLastLevel": 46, "playerId": 21904, "championPointsUntilNextLevel": 4154, "tokensEarned": 0, "championId": 64, "lastPlayTime": 1458862507000}, {"championLevel": 1, "chestGranted": false, "championPoints": 1618, "championPointsSinceLastLevel": 1618, "playerId": 21904, "championPointsUntilNextLevel": 182, "tokensEarned": 0, "championId": 5, "lastPlayTime": 1461427350000}, {"championLevel": 1, "chestGranted": false, "championPoints": 1433, "championPointsSinceLastLevel": 1433, "playerId": 21904, "championPointsUntilNextLevel": 367, "tokensEarned": 0, "championId": 68, "lastPlayTime": 1442801179000}, {"championLevel": 1, "chestGranted": false, "championPoints": 1426, "championPointsSinceLastLevel": 1426, "playerId": 21904, "championPointsUntilNextLevel": 374, "tokensEarned": 0, "championId": 103, "lastPlayTime": 1454022747000}, {"championLevel": 1, "chestGranted": false, "championPoints": 1391, "championPointsSinceLastLevel": 1391, "playerId": 21904, "championPointsUntilNextLevel": 409, "tokensEarned": 0, "championId": 134, "lastPlayTime": 1460958319000}, {"championLevel": 1, "chestGranted": false, "championPoints": 1380, "championPointsSinceLastLevel": 1380, "playerId": 21904, "championPointsUntilNextLevel": 420, "tokensEarned": 0, "championId": 36, "lastPlayTime": 1434419181000}, {"championLevel": 1, "chestGranted": false, "championPoints": 1367, "championPointsSinceLastLevel": 1367, "playerId": 21904, "championPointsUntilNextLevel": 433, "tokensEarned": 0, "championId": 60, "lastPlayTime": 1448169861000}, {"championLevel": 1, "chestGranted": false, "championPoints": 1329, "championPointsSinceLastLevel": 1329, "playerId": 21904, "championPointsUntilNextLevel": 471, "tokensEarned": 0, "championId": 120, "lastPlayTime": 1443937459000}, {"championLevel": 1, "chestGranted": false, "championPoints": 1239, "championPointsSinceLastLevel": 1239, "playerId": 21904, "championPointsUntilNextLevel": 561, "tokensEarned": 0, "championId": 133, "lastPlayTime": 1441656317000}, {"championLevel": 1, "chestGranted": false, "championPoints": 1208, "championPointsSinceLastLevel": 1208, "playerId": 21904, "championPointsUntilNextLevel": 592, "tokensEarned": 0, "championId": 84, "lastPlayTime": 1433427787000}, {"championLevel": 1, "chestGranted": false, "championPoints": 1203, "championPointsSinceLastLevel": 1203, "playerId": 21904, "championPointsUntilNextLevel": 597, "tokensEarned": 0, "championId": 268, "lastPlayTime": 1436155446000}, {"championLevel": 1, "chestGranted": false, "championPoints": 1200, "championPointsSinceLastLevel": 1200, "playerId": 21904, "championPointsUntilNextLevel": 600, "tokensEarned": 0, "championId": 89, "lastPlayTime": 1443940071000}, {"championLevel": 1, "chestGranted": false, "championPoints": 1199, "championPointsSinceLastLevel": 1199, "playerId": 21904, "championPointsUntilNextLevel": 601, "tokensEarned": 0, "championId": 104, "lastPlayTime": 1460938040000}, {"championLevel": 1, "chestGranted": true, "championPoints": 1193, "championPointsSinceLastLevel": 1193, "playerId": 21904, "championPointsUntilNextLevel": 607, "tokensEarned": 0, "championId": 74, "lastPlayTime": 1460951345000}, {"championLevel": 1, "chestGranted": false, "championPoints": 1148, "championPointsSinceLastLevel": 1148, "playerId": 21904, "championPointsUntilNextLevel": 652, "tokensEarned": 0, "championId": 115, "lastPlayTime": 1454655228000}, {"championLevel": 1, "chestGranted": false, "championPoints": 1085, "championPointsSinceLastLevel": 1085, "playerId": 21904, "championPointsUntilNextLevel": 715, "tokensEarned": 0, "championId": 96, "lastPlayTime": 1442704084000}, {"championLevel": 1, "chestGranted": false, "championPoints": 1061, "championPointsSinceLastLevel": 1061, "playerId": 21904, "championPointsUntilNextLevel": 739, "tokensEarned": 0, "championId": 92, "lastPlayTime": 1460781296000}, {"championLevel": 1, "chestGranted": false, "championPoints": 1046, "championPointsSinceLastLevel": 1046, "playerId": 21904, "championPointsUntilNextLevel": 754, "tokensEarned": 0, "championId": 43, "lastPlayTime": 1461552161000}, {"championLevel": 1, "chestGranted": true, "championPoints": 1019, "championPointsSinceLastLevel": 1019, "playerId": 21904, "championPointsUntilNextLevel": 781, "tokensEarned": 0, "championId": 110, "lastPlayTime": 1460881956000}, {"championLevel": 1, "chestGranted": false, "championPoints": 1007, "championPointsSinceLastLevel": 1007, "playerId": 21904, "championPointsUntilNextLevel": 793, "tokensEarned": 0, "championId": 48, "lastPlayTime": 1454557550000}, {"championLevel": 1, "chestGranted": false, "championPoints": 995, "championPointsSinceLastLevel": 995, "playerId": 21904, "championPointsUntilNextLevel": 805, "tokensEarned": 0, "championId": 16, "lastPlayTime": 1445579717000}, {"championLevel": 1, "chestGranted": false, "championPoints": 990, "championPointsSinceLastLevel": 990, "playerId": 21904, "championPointsUntilNextLevel": 810, "tokensEarned": 0, "championId": 1, "lastPlayTime": 1440186992000}, {"championLevel": 1, "chestGranted": false, "championPoints": 981, "championPointsSinceLastLevel": 981, "playerId": 21904, "championPointsUntilNextLevel": 819, "tokensEarned": 0, "championId": 58, "lastPlayTime": 1454560221000}, {"championLevel": 1, "chestGranted": false, "championPoints": 869, "championPointsSinceLastLevel": 869, "playerId": 21904, "championPointsUntilNextLevel": 931, "tokensEarned": 0, "championId": 59, "lastPlayTime": 1440399814000}, {"championLevel": 1, "chestGranted": true, "championPoints": 868, "championPointsSinceLastLevel": 868, "playerId": 21904, "championPointsUntilNextLevel": 932, "tokensEarned": 0, "championId": 26, "lastPlayTime": 1460952951000}, {"championLevel": 1, "chestGranted": false, "championPoints": 812, "championPointsSinceLastLevel": 812, "playerId": 21904, "championPointsUntilNextLevel": 988, "tokensEarned": 0, "championId": 154, "lastPlayTime": 1460931763000}, {"championLevel": 1, "chestGranted": false, "championPoints": 548, "championPointsSinceLastLevel": 548, "playerId": 21904, "championPointsUntilNextLevel": 1252, "tokensEarned": 0, "championId": 254, "lastPlayTime": 1461546886000}, {"championLevel": 1, "chestGranted": false, "championPoints": 453, "championPointsSinceLastLevel": 453, "playerId": 21904, "championPointsUntilNextLevel": 1347, "tokensEarned": 0, "championId": 67, "lastPlayTime": 1454004566000}, {"championLevel": 1, "chestGranted": false, "championPoints": 433, "championPointsSinceLastLevel": 433, "playerId": 21904, "championPointsUntilNextLevel": 1367, "tokensEarned": 0, "championId": 131, "lastPlayTime": 1454645794000}, {"championLevel": 1, "chestGranted": false, "championPoints": 317, "championPointsSinceLastLevel": 317, "playerId": 21904, "championPointsUntilNextLevel": 1483, "tokensEarned": 0, "championId": 25, "lastPlayTime": 1461548933000}, {"championLevel": 1, "chestGranted": false, "championPoints": 297, "championPointsSinceLastLevel": 297, "playerId": 21904, "championPointsUntilNextLevel": 1503, "tokensEarned": 0, "championId": 150, "lastPlayTime": 1433424082000}, {"championLevel": 1, "chestGranted": false, "championPoints": 296, "championPointsSinceLastLevel": 296, "playerId": 21904, "championPointsUntilNextLevel": 1504, "tokensEarned": 0, "championId": 429, "lastPlayTime": 1440470767000}, {"championLevel": 1, "chestGranted": false, "championPoints": 225, "championPointsSinceLastLevel": 225, "playerId": 21904, "championPointsUntilNextLevel": 1575, "tokensEarned": 0, "championId": 10, "lastPlayTime": 1454854263000}, {"championLevel": 1, "chestGranted": false, "championPoints": 210, "championPointsSinceLastLevel": 210, "playerId": 21904, "championPointsUntilNextLevel": 1590, "tokensEarned": 0, "championId": 106, "lastPlayTime": 1442249948000}, {"championLevel": 1, "chestGranted": false, "championPoints": 196, "championPointsSinceLastLevel": 196, "playerId": 21904, "championPointsUntilNextLevel": 1604, "tokensEarned": 0, "championId": 8, "lastPlayTime": 1445759372000}, {"championLevel": 1, "chestGranted": false, "championPoints": 194, "championPointsSinceLastLevel": 194, "playerId": 21904, "championPointsUntilNextLevel": 1606, "tokensEarned": 0, "championId": 76, "lastPlayTime": 1442563776000}, {"championLevel": 1, "chestGranted": false, "championPoints": 188, "championPointsSinceLastLevel": 188, "playerId": 21904, "championPointsUntilNextLevel": 1612, "tokensEarned": 0, "championId": 90, "lastPlayTime": 1443994098000}, {"championLevel": 1, "chestGranted": false, "championPoints": 175, "championPointsSinceLastLevel": 175, "playerId": 21904, "championPointsUntilNextLevel": 1625, "tokensEarned": 0, "championId": 31, "lastPlayTime": 1433597442000}, {"championLevel": 1, "chestGranted": false, "championPoints": 170, "championPointsSinceLastLevel": 170, "playerId": 21904, "championPointsUntilNextLevel": 1630, "tokensEarned": 0, "championId": 22, "lastPlayTime": 1438712015000}, {"championLevel": 1, "chestGranted": false, "championPoints": 168, "championPointsSinceLastLevel": 168, "playerId": 21904, "championPointsUntilNextLevel": 1632, "tokensEarned": 0, "championId": 54, "lastPlayTime": 1454551765000}, {"championLevel": 1, "chestGranted": false, "championPoints": 161, "championPointsSinceLastLevel": 161, "playerId": 21904, "championPointsUntilNextLevel": 1639, "tokensEarned": 0, "championId": 51, "lastPlayTime": 1443970302000}, {"championLevel": 1, "chestGranted": false, "championPoints": 156, "championPointsSinceLastLevel": 156, "playerId": 21904, "championPointsUntilNextLevel": 1644, "tokensEarned": 0, "championId": 238, "lastPlayTime": 1448165957000}, {"championLevel": 1, "chestGranted": false, "championPoints": 155, "championPointsSinceLastLevel": 155, "playerId": 21904, "championPointsUntilNextLevel": 1645, "tokensEarned": 0, "championId": 143, "lastPlayTime": 1461550902000}, {"championLevel": 1, "chestGranted": false, "championPoints": 145, "championPointsSinceLastLevel": 145, "playerId": 21904, "championPointsUntilNextLevel": 1655, "tokensEarned": 0, "championId": 35, "lastPlayTime": 1460942729000}, {"championLevel": 1, "chestGranted": false, "championPoints": 129, "championPointsSinceLastLevel": 129, "playerId": 21904, "championPointsUntilNextLevel": 1671, "tokensEarned": 0, "championId": 266, "lastPlayTime": 1439868751000}]