[{"championLevel": 6, "chestGranted": true, "championPoints": 45684, "championPointsSinceLastLevel": 24084, "playerId": 21907, "championPointsUntilNextLevel": 0, "tokensEarned": 0, "championId": 86, "lastPlayTime": 1468610841000}, {"championLevel": 4, "chestGranted": false, "championPoints": 15491, "championPointsSinceLastLevel": 2891, "playerId": 21907, "championPointsUntilNextLevel": 6109, "tokensEarned": 0, "championId": 8, "lastPlayTime": 1467942833000}, {"championLevel": 4, "chestGranted": true, "championPoints": 14975, "championPointsSinceLastLevel": 2375, "playerId": 21907, "championPointsUntilNextLevel": 6625, "tokensEarned": 0, "championId": 35, "lastPlayTime": 1468007750000}, {"championLevel": 3, "chestGranted": false, "championPoints": 10644, "championPointsSinceLastLevel": 4644, "playerId": 21907, "championPointsUntilNextLevel": 1956, "tokensEarned": 0, "championId": 82, "lastPlayTime": 1468608065000}, {"championLevel": 3, "chestGranted": false, "championPoints": 10608, "championPointsSinceLastLevel": 4608, "playerId": 21907, "championPointsUntilNextLevel": 1992, "tokensEarned": 0, "championId": 420, "lastPlayTime": 1467342592000}, {"championLevel": 3, "chestGranted": true, "championPoints": 9042, "championPointsSinceLastLevel": 3042, "playerId": 21907, "championPointsUntilNextLevel": 3558, "tokensEarned": 0, "championId": 104, "lastPlayTime": 1468533875000}, {"championLevel": 3, "chestGranted": true, "championPoints": 8957, "championPointsSinceLastLevel": 2957, "playerId": 21907, "championPointsUntilNextLevel": 3643, "tokensEarned": 0, "championId": 268, "lastPlayTime": 1468096240000}, {"championLevel": 3, "chestGranted": false, "championPoints": 8467, "championPointsSinceLastLevel": 2467, "playerId": 21907, "championPointsUntilNextLevel": 4133, "tokensEarned": 0, "championId": 44, "lastPlayTime": 1448939280000}, {"championLevel": 3, "chestGranted": true, "championPoints": 6193, "championPointsSinceLastLevel": 193, "playerId": 21907, "championPointsUntilNextLevel": 6407, "tokensEarned": 0, "championId": 17, "lastPlayTime": 1468006437000}, {"championLevel": 3, "chestGranted": false, "championPoints": 6193, "championPointsSinceLastLevel": 193, "playerId": 21907, "championPointsUntilNextLevel": 6407, "tokensEarned": 0, "championId": 79, "lastPlayTime": 1467258434000}, {"championLevel": 3, "chestGranted": false, "championPoints": 6008, "championPointsSinceLastLevel": 8, "playerId": 21907, "championPointsUntilNextLevel": 6592, "tokensEarned": 0, "championId": 25, "lastPlayTime": 1450325774000}, {"championLevel": 2, "chestGranted": true, "championPoints": 5912, "championPointsSinceLastLevel": 4112, "playerId": 21907, "championPointsUntilNextLevel": 88, "tokensEarned": 0, "championId": 77, "lastPlayTime": 1467171546000}, {"championLevel": 2, "chestGranted": false, "championPoints": 5782, "championPointsSinceLastLevel": 3982, "playerId": 21907, "championPointsUntilNextLevel": 218, "tokensEarned": 0, "championId": 11, "lastPlayTime": 1463863291000}, {"championLevel": 2, "chestGranted": true, "championPoints": 5707, "championPointsSinceLastLevel": 3907, "playerId": 21907, "championPointsUntilNextLevel": 293, "tokensEarned": 0, "championId": 41, "lastPlayTime": 1467507252000}, {"championLevel": 2, "chestGranted": true, "championPoints": 5569, "championPointsSinceLastLevel": 3769, "playerId": 21907, "championPointsUntilNextLevel": 431, "tokensEarned": 0, "championId": 90, "lastPlayTime": 1463980564000}, {"championLevel": 2, "chestGranted": false, "championPoints": 4570, "championPointsSinceLastLevel": 2770, "playerId": 21907, "championPointsUntilNextLevel": 1430, "tokensEarned": 0, "championId": 63, "lastPlayTime": 1467529797000}, {"championLevel": 2, "chestGranted": false, "championPoints": 4522, "championPointsSinceLastLevel": 2722, "playerId": 21907, "championPointsUntilNextLevel": 1478, "tokensEarned": 0, "championId": 99, "lastPlayTime": 1466784171000}, {"championLevel": 2, "chestGranted": true, "championPoints": 4218, "championPointsSinceLastLevel": 2418, "playerId": 21907, "championPointsUntilNextLevel": 1782, "tokensEarned": 0, "championId": 74, "lastPlayTime": 1468304411000}, {"championLevel": 2, "chestGranted": false, "championPoints": 3680, "championPointsSinceLastLevel": 1880, "playerId": 21907, "championPointsUntilNextLevel": 2320, "tokensEarned": 0, "championId": 245, "lastPlayTime": 1467532279000}, {"championLevel": 2, "chestGranted": false, "championPoints": 3477, "championPointsSinceLastLevel": 1677, "playerId": 21907, "championPointsUntilNextLevel": 2523, "tokensEarned": 0, "championId": 27, "lastPlayTime": 1468098027000}, {"championLevel": 2, "chestGranted": true, "championPoints": 3290, "championPointsSinceLastLevel": 1490, "playerId": 21907, "championPointsUntilNextLevel": 2710, "tokensEarned": 0, "championId": 9, "lastPlayTime": 1467154042000}, {"championLevel": 2, "chestGranted": false, "championPoints": 3278, "championPointsSinceLastLevel": 1478, "playerId": 21907, "championPointsUntilNextLevel": 2722, "tokensEarned": 0, "championId": 22, "lastPlayTime": 1450323084000}, {"championLevel": 2, "chestGranted": true, "championPoints": 2915, "championPointsSinceLastLevel": 1115, "playerId": 21907, "championPointsUntilNextLevel": 3085, "tokensEarned": 0, "championId": 12, "lastPlayTime": 1465187754000}, {"championLevel": 2, "chestGranted": false, "championPoints": 2419, "championPointsSinceLastLevel": 619, "playerId": 21907, "championPointsUntilNextLevel": 3581, "tokensEarned": 0, "championId": 30, "lastPlayTime": 1467496201000}, {"championLevel": 2, "chestGranted": false, "championPoints": 2398, "championPointsSinceLastLevel": 598, "playerId": 21907, "championPointsUntilNextLevel": 3602, "tokensEarned": 0, "championId": 58, "lastPlayTime": 1464799071000}, {"championLevel": 2, "chestGranted": false, "championPoints": 2385, "championPointsSinceLastLevel": 585, "playerId": 21907, "championPointsUntilNextLevel": 3615, "tokensEarned": 0, "championId": 115, "lastPlayTime": 1466269167000}, {"championLevel": 2, "chestGranted": false, "championPoints": 2208, "championPointsSinceLastLevel": 408, "playerId": 21907, "championPointsUntilNextLevel": 3792, "tokensEarned": 0, "championId": 15, "lastPlayTime": 1467428349000}, {"championLevel": 2, "chestGranted": false, "championPoints": 2163, "championPointsSinceLastLevel": 363, "playerId": 21907, "championPointsUntilNextLevel": 3837, "tokensEarned": 0, "championId": 81, "lastPlayTime": 1464562209000}, {"championLevel": 2, "chestGranted": false, "championPoints": 2109, "championPointsSinceLastLevel": 309, "playerId": 21907, "championPointsUntilNextLevel": 3891, "tokensEarned": 0, "championId": 5, "lastPlayTime": 1463883171000}, {"championLevel": 2, "chestGranted": false, "championPoints": 1823, "championPointsSinceLastLevel": 23, "playerId": 21907, "championPointsUntilNextLevel": 4177, "tokensEarned": 0, "championId": 254, "lastPlayTime": 1467246270000}, {"championLevel": 2, "chestGranted": false, "championPoints": 1814, "championPointsSinceLastLevel": 14, "playerId": 21907, "championPointsUntilNextLevel": 4186, "tokensEarned": 0, "championId": 1, "lastPlayTime": 1467220152000}, {"championLevel": 1, "chestGranted": false, "championPoints": 1723, "championPointsSinceLastLevel": 1723, "playerId": 21907, "championPointsUntilNextLevel": 77, "tokensEarned": 0, "championId": 236, "lastPlayTime": 1444784508000}, {"championLevel": 1, "chestGranted": false, "championPoints": 1648, "championPointsSinceLastLevel": 1648, "playerId": 21907, "championPointsUntilNextLevel": 152, "tokensEarned": 0, "championId": 2, "lastPlayTime": 1468348868000}, {"championLevel": 1, "chestGranted": false, "championPoints": 1353, "championPointsSinceLastLevel": 1353, "playerId": 21907, "championPointsUntilNextLevel": 447, "tokensEarned": 0, "championId": 143, "lastPlayTime": 1466299233000}, {"championLevel": 1, "chestGranted": false, "championPoints": 1304, "championPointsSinceLastLevel": 1304, "playerId": 21907, "championPointsUntilNextLevel": 496, "tokensEarned": 0, "championId": 54, "lastPlayTime": 1466313343000}, {"championLevel": 1, "chestGranted": false, "championPoints": 1155, "championPointsSinceLastLevel": 1155, "playerId": 21907, "championPointsUntilNextLevel": 645, "tokensEarned": 0, "championId": 222, "lastPlayTime": 1466488097000}, {"championLevel": 1, "chestGranted": false, "championPoints": 1148, "championPointsSinceLastLevel": 1148, "playerId": 21907, "championPointsUntilNextLevel": 652, "tokensEarned": 0, "championId": 43, "lastPlayTime": 1466724286000}, {"championLevel": 1, "chestGranted": false, "championPoints": 1136, "championPointsSinceLastLevel": 1136, "playerId": 21907, "championPointsUntilNextLevel": 664, "tokensEarned": 0, "championId": 110, "lastPlayTime": 1463975066000}, {"championLevel": 1, "chestGranted": false, "championPoints": 1107, "championPointsSinceLastLevel": 1107, "playerId": 21907, "championPointsUntilNextLevel": 693, "tokensEarned": 0, "championId": 101, "lastPlayTime": 1466379401000}, {"championLevel": 1, "chestGranted": false, "championPoints": 1086, "championPointsSinceLastLevel": 1086, "playerId": 21907, "championPointsUntilNextLevel": 714, "tokensEarned": 0, "championId": 4, "lastPlayTime": 1467505471000}, {"championLevel": 1, "chestGranted": false, "championPoints": 1080, "championPointsSinceLastLevel": 1080, "playerId": 21907, "championPointsUntilNextLevel": 720, "tokensEarned": 0, "championId": 122, "lastPlayTime": 1444787058000}, {"championLevel": 1, "chestGranted": false, "championPoints": 1072, "championPointsSinceLastLevel": 1072, "playerId": 21907, "championPointsUntilNextLevel": 728, "tokensEarned": 0, "championId": 412, "lastPlayTime": 1444599576000}, {"championLevel": 1, "chestGranted": false, "championPoints": 1062, "championPointsSinceLastLevel": 1062, "playerId": 21907, "championPointsUntilNextLevel": 738, "tokensEarned": 0, "championId": 80, "lastPlayTime": 1463871378000}, {"championLevel": 1, "chestGranted": false, "championPoints": 980, "championPointsSinceLastLevel": 980, "playerId": 21907, "championPointsUntilNextLevel": 820, "tokensEarned": 0, "championId": 223, "lastPlayTime": 1464354724000}, {"championLevel": 1, "chestGranted": false, "championPoints": 947, "championPointsSinceLastLevel": 947, "playerId": 21907, "championPointsUntilNextLevel": 853, "tokensEarned": 0, "championId": 106, "lastPlayTime": 1466469233000}, {"championLevel": 1, "chestGranted": false, "championPoints": 924, "championPointsSinceLastLevel": 924, "playerId": 21907, "championPointsUntilNextLevel": 876, "tokensEarned": 0, "championId": 3, "lastPlayTime": 1463976757000}, {"championLevel": 1, "chestGranted": false, "championPoints": 910, "championPointsSinceLastLevel": 910, "playerId": 21907, "championPointsUntilNextLevel": 890, "tokensEarned": 0, "championId": 202, "lastPlayTime": 1466792150000}, {"championLevel": 1, "chestGranted": false, "championPoints": 901, "championPointsSinceLastLevel": 901, "playerId": 21907, "championPointsUntilNextLevel": 899, "tokensEarned": 0, "championId": 21, "lastPlayTime": 1463888060000}, {"championLevel": 1, "chestGranted": false, "championPoints": 885, "championPointsSinceLastLevel": 885, "playerId": 21907, "championPointsUntilNextLevel": 915, "tokensEarned": 0, "championId": 120, "lastPlayTime": 1464553162000}, {"championLevel": 1, "chestGranted": false, "championPoints": 875, "championPointsSinceLastLevel": 875, "playerId": 21907, "championPointsUntilNextLevel": 925, "tokensEarned": 0, "championId": 127, "lastPlayTime": 1467571333000}, {"championLevel": 1, "chestGranted": true, "championPoints": 864, "championPointsSinceLastLevel": 864, "playerId": 21907, "championPointsUntilNextLevel": 936, "tokensEarned": 0, "championId": 10, "lastPlayTime": 1466127477000}, {"championLevel": 1, "chestGranted": false, "championPoints": 689, "championPointsSinceLastLevel": 689, "playerId": 21907, "championPointsUntilNextLevel": 1111, "tokensEarned": 0, "championId": 48, "lastPlayTime": 1450844963000}, {"championLevel": 1, "chestGranted": false, "championPoints": 515, "championPointsSinceLastLevel": 515, "playerId": 21907, "championPointsUntilNextLevel": 1285, "tokensEarned": 0, "championId": 61, "lastPlayTime": 1467492225000}, {"championLevel": 1, "chestGranted": false, "championPoints": 411, "championPointsSinceLastLevel": 411, "playerId": 21907, "championPointsUntilNextLevel": 1389, "tokensEarned": 0, "championId": 45, "lastPlayTime": 1467499217000}, {"championLevel": 1, "chestGranted": false, "championPoints": 378, "championPointsSinceLastLevel": 378, "playerId": 21907, "championPointsUntilNextLevel": 1422, "tokensEarned": 0, "championId": 26, "lastPlayTime": 1468346433000}, {"championLevel": 1, "chestGranted": false, "championPoints": 342, "championPointsSinceLastLevel": 342, "playerId": 21907, "championPointsUntilNextLevel": 1458, "tokensEarned": 0, "championId": 18, "lastPlayTime": 1466725772000}, {"championLevel": 1, "chestGranted": false, "championPoints": 280, "championPointsSinceLastLevel": 280, "playerId": 21907, "championPointsUntilNextLevel": 1520, "tokensEarned": 0, "championId": 7, "lastPlayTime": 1468099270000}, {"championLevel": 1, "chestGranted": false, "championPoints": 253, "championPointsSinceLastLevel": 253, "playerId": 21907, "championPointsUntilNextLevel": 1547, "tokensEarned": 0, "championId": 121, "lastPlayTime": 1464357600000}, {"championLevel": 1, "chestGranted": false, "championPoints": 193, "championPointsSinceLastLevel": 193, "playerId": 21907, "championPointsUntilNextLevel": 1607, "tokensEarned": 0, "championId": 84, "lastPlayTime": 1467573735000}, {"championLevel": 1, "chestGranted": false, "championPoints": 193, "championPointsSinceLastLevel": 193, "playerId": 21907, "championPointsUntilNextLevel": 1607, "tokensEarned": 0, "championId": 201, "lastPlayTime": 1442827754000}, {"championLevel": 1, "chestGranted": false, "championPoints": 191, "championPointsSinceLastLevel": 191, "playerId": 21907, "championPointsUntilNextLevel": 1609, "tokensEarned": 0, "championId": 42, "lastPlayTime": 1467344493000}, {"championLevel": 1, "chestGranted": false, "championPoints": 189, "championPointsSinceLastLevel": 189, "playerId": 21907, "championPointsUntilNextLevel": 1611, "tokensEarned": 0, "championId": 40, "lastPlayTime": 1441854720000}, {"championLevel": 1, "chestGranted": false, "championPoints": 187, "championPointsSinceLastLevel": 187, "playerId": 21907, "championPointsUntilNextLevel": 1613, "tokensEarned": 0, "championId": 29, "lastPlayTime": 1465167675000}, {"championLevel": 1, "chestGranted": false, "championPoints": 185, "championPointsSinceLastLevel": 185, "playerId": 21907, "championPointsUntilNextLevel": 1615, "tokensEarned": 0, "championId": 76, "lastPlayTime": 1466374921000}, {"championLevel": 1, "chestGranted": false, "championPoints": 172, "championPointsSinceLastLevel": 172, "playerId": 21907, "championPointsUntilNextLevel": 1628, "tokensEarned": 0, "championId": 34, "lastPlayTime": 1463896048000}, {"championLevel": 1, "chestGranted": false, "championPoints": 169, "championPointsSinceLastLevel": 169, "playerId": 21907, "championPointsUntilNextLevel": 1631, "tokensEarned": 0, "championId": 75, "lastPlayTime": 1464801275000}, {"championLevel": 1, "chestGranted": false, "championPoints": 152, "championPointsSinceLastLevel": 152, "playerId": 21907, "championPointsUntilNextLevel": 1648, "tokensEarned": 0, "championId": 53, "lastPlayTime": 1466795507000}, {"championLevel": 1, "chestGranted": false, "championPoints": 146, "championPointsSinceLastLevel": 146, "playerId": 21907, "championPointsUntilNextLevel": 1654, "tokensEarned": 0, "championId": 23, "lastPlayTime": 1467265552000}, {"championLevel": 1, "chestGranted": false, "championPoints": 140, "championPointsSinceLastLevel": 140, "playerId": 21907, "championPointsUntilNextLevel": 1660, "tokensEarned": 0, "championId": 96, "lastPlayTime": 1464545209000}, {"championLevel": 1, "chestGranted": false, "championPoints": 131, "championPointsSinceLastLevel": 131, "playerId": 21907, "championPointsUntilNextLevel": 1669, "tokensEarned": 0, "championId": 32, "lastPlayTime": 1465180792000}]