[{"championLevel": 5, "chestGranted": false, "championPoints": 66970, "championPointsSinceLastLevel": 45370, "playerId": 21900, "championPointsUntilNextLevel": 0, "tokensEarned": 0, "championId": 429, "lastPlayTime": 1446068287000}, {"championLevel": 5, "chestGranted": false, "championPoints": 27919, "championPointsSinceLastLevel": 6319, "playerId": 21900, "championPointsUntilNextLevel": 0, "tokensEarned": 0, "championId": 119, "lastPlayTime": 1443064958000}, {"championLevel": 4, "chestGranted": false, "championPoints": 15643, "championPointsSinceLastLevel": 3043, "playerId": 21900, "championPointsUntilNextLevel": 5957, "tokensEarned": 0, "championId": 107, "lastPlayTime": 1442993873000}, {"championLevel": 4, "chestGranted": false, "championPoints": 12857, "championPointsSinceLastLevel": 257, "playerId": 21900, "championPointsUntilNextLevel": 8743, "tokensEarned": 0, "championId": 55, "lastPlayTime": 1445665918000}, {"championLevel": 3, "chestGranted": false, "championPoints": 12016, "championPointsSinceLastLevel": 6016, "playerId": 21900, "championPointsUntilNextLevel": 584, "tokensEarned": 0, "championId": 112, "lastPlayTime": 1445995149000}, {"championLevel": 3, "chestGranted": false, "championPoints": 10120, "championPointsSinceLastLevel": 4120, "playerId": 21900, "championPointsUntilNextLevel": 2480, "tokensEarned": 0, "championId": 150, "lastPlayTime": 1445907632000}, {"championLevel": 3, "chestGranted": false, "championPoints": 9040, "championPointsSinceLastLevel": 3040, "playerId": 21900, "championPointsUntilNextLevel": 3560, "tokensEarned": 0, "championId": 67, "lastPlayTime": 1441678298000}, {"championLevel": 3, "chestGranted": false, "championPoints": 8988, "championPointsSinceLastLevel": 2988, "playerId": 21900, "championPointsUntilNextLevel": 3612, "tokensEarned": 0, "championId": 13, "lastPlayTime": 1439784432000}, {"championLevel": 3, "chestGranted": false, "championPoints": 8161, "championPointsSinceLastLevel": 2161, "playerId": 21900, "championPointsUntilNextLevel": 4439, "tokensEarned": 0, "championId": 64, "lastPlayTime": 1443417163000}, {"championLevel": 3, "chestGranted": false, "championPoints": 8119, "championPointsSinceLastLevel": 2119, "playerId": 21900, "championPointsUntilNextLevel": 4481, "tokensEarned": 0, "championId": 222, "lastPlayTime": 1446073889000}, {"championLevel": 3, "chestGranted": false, "championPoints": 7565, "championPointsSinceLastLevel": 1565, "playerId": 21900, "championPointsUntilNextLevel": 5035, "tokensEarned": 0, "championId": 18, "lastPlayTime": 1445623313000}, {"championLevel": 3, "chestGranted": false, "championPoints": 6736, "championPointsSinceLastLevel": 736, "playerId": 21900, "championPointsUntilNextLevel": 5864, "tokensEarned": 0, "championId": 157, "lastPlayTime": 1445904575000}, {"championLevel": 3, "chestGranted": false, "championPoints": 6726, "championPointsSinceLastLevel": 726, "playerId": 21900, "championPointsUntilNextLevel": 5874, "tokensEarned": 0, "championId": 92, "lastPlayTime": 1441574480000}, {"championLevel": 3, "chestGranted": false, "championPoints": 6678, "championPointsSinceLastLevel": 678, "playerId": 21900, "championPointsUntilNextLevel": 5922, "tokensEarned": 0, "championId": 104, "lastPlayTime": 1441681964000}, {"championLevel": 3, "chestGranted": false, "championPoints": 6284, "championPointsSinceLastLevel": 284, "playerId": 21900, "championPointsUntilNextLevel": 6316, "tokensEarned": 0, "championId": 12, "lastPlayTime": 1445802026000}, {"championLevel": 2, "chestGranted": false, "championPoints": 5966, "championPointsSinceLastLevel": 4166, "playerId": 21900, "championPointsUntilNextLevel": 34, "tokensEarned": 0, "championId": 39, "lastPlayTime": 1445756036000}, {"championLevel": 2, "chestGranted": false, "championPoints": 5196, "championPointsSinceLastLevel": 3396, "playerId": 21900, "championPointsUntilNextLevel": 804, "tokensEarned": 0, "championId": 15, "lastPlayTime": 1439831693000}, {"championLevel": 2, "chestGranted": false, "championPoints": 4501, "championPointsSinceLastLevel": 2701, "playerId": 21900, "championPointsUntilNextLevel": 1499, "tokensEarned": 0, "championId": 101, "lastPlayTime": 1440478166000}, {"championLevel": 2, "chestGranted": false, "championPoints": 3922, "championPointsSinceLastLevel": 2122, "playerId": 21900, "championPointsUntilNextLevel": 2078, "tokensEarned": 0, "championId": 69, "lastPlayTime": 1441938297000}, {"championLevel": 2, "chestGranted": false, "championPoints": 3817, "championPointsSinceLastLevel": 2017, "playerId": 21900, "championPointsUntilNextLevel": 2183, "tokensEarned": 0, "championId": 59, "lastPlayTime": 1446070398000}, {"championLevel": 2, "chestGranted": false, "championPoints": 3172, "championPointsSinceLastLevel": 1372, "playerId": 21900, "championPointsUntilNextLevel": 2828, "tokensEarned": 0, "championId": 412, "lastPlayTime": 1441487451000}, {"championLevel": 2, "chestGranted": false, "championPoints": 2885, "championPointsSinceLastLevel": 1085, "playerId": 21900, "championPointsUntilNextLevel": 3115, "tokensEarned": 0, "championId": 7, "lastPlayTime": 1440707605000}, {"championLevel": 1, "chestGranted": false, "championPoints": 1658, "championPointsSinceLastLevel": 1658, "playerId": 21900, "championPointsUntilNextLevel": 142, "tokensEarned": 0, "championId": 51, "lastPlayTime": 1443334217000}, {"championLevel": 1, "chestGranted": false, "championPoints": 1647, "championPointsSinceLastLevel": 1647, "playerId": 21900, "championPointsUntilNextLevel": 153, "tokensEarned": 0, "championId": 11, "lastPlayTime": 1442205845000}, {"championLevel": 1, "chestGranted": false, "championPoints": 1595, "championPointsSinceLastLevel": 1595, "playerId": 21900, "championPointsUntilNextLevel": 205, "tokensEarned": 0, "championId": 154, "lastPlayTime": 1434872338000}, {"championLevel": 1, "chestGranted": false, "championPoints": 1429, "championPointsSinceLastLevel": 1429, "playerId": 21900, "championPointsUntilNextLevel": 371, "tokensEarned": 0, "championId": 76, "lastPlayTime": 1439684673000}, {"championLevel": 1, "chestGranted": false, "championPoints": 1306, "championPointsSinceLastLevel": 1306, "playerId": 21900, "championPointsUntilNextLevel": 494, "tokensEarned": 0, "championId": 134, "lastPlayTime": 1445990840000}, {"championLevel": 1, "chestGranted": false, "championPoints": 1289, "championPointsSinceLastLevel": 1289, "playerId": 21900, "championPointsUntilNextLevel": 511, "tokensEarned": 0, "championId": 60, "lastPlayTime": 1442126722000}, {"championLevel": 1, "chestGranted": false, "championPoints": 1255, "championPointsSinceLastLevel": 1255, "playerId": 21900, "championPointsUntilNextLevel": 545, "tokensEarned": 0, "championId": 63, "lastPlayTime": 1440181830000}, {"championLevel": 1, "chestGranted": false, "championPoints": 1216, "championPointsSinceLastLevel": 1216, "playerId": 21900, "championPointsUntilNextLevel": 584, "tokensEarned": 0, "championId": 82, "lastPlayTime": 1442211641000}, {"championLevel": 1, "chestGranted": false, "championPoints": 1160, "championPointsSinceLastLevel": 1160, "playerId": 21900, "championPointsUntilNextLevel": 640, "tokensEarned": 0, "championId": 61, "lastPlayTime": 1440213173000}, {"championLevel": 1, "chestGranted": false, "championPoints": 1128, "championPointsSinceLastLevel": 1128, "playerId": 21900, "championPointsUntilNextLevel": 672, "tokensEarned": 0, "championId": 28, "lastPlayTime": 1441423864000}, {"championLevel": 1, "chestGranted": false, "championPoints": 1115, "championPointsSinceLastLevel": 1115, "playerId": 21900, "championPointsUntilNextLevel": 685, "tokensEarned": 0, "championId": 25, "lastPlayTime": 1439856246000}, {"championLevel": 1, "chestGranted": false, "championPoints": 931, "championPointsSinceLastLevel": 931, "playerId": 21900, "championPointsUntilNextLevel": 869, "tokensEarned": 0, "championId": 4, "lastPlayTime": 1441895325000}, {"championLevel": 1, "chestGranted": false, "championPoints": 824, "championPointsSinceLastLevel": 824, "playerId": 21900, "championPointsUntilNextLevel": 976, "tokensEarned": 0, "championId": 8, "lastPlayTime": 1440317767000}, {"championLevel": 1, "chestGranted": false, "championPoints": 651, "championPointsSinceLastLevel": 651, "playerId": 21900, "championPointsUntilNextLevel": 1149, "tokensEarned": 0, "championId": 40, "lastPlayTime": 1440638799000}, {"championLevel": 1, "chestGranted": false, "championPoints": 284, "championPointsSinceLastLevel": 284, "playerId": 21900, "championPointsUntilNextLevel": 1516, "tokensEarned": 0, "championId": 68, "lastPlayTime": 1437200273000}, {"championLevel": 1, "chestGranted": false, "championPoints": 280, "championPointsSinceLastLevel": 280, "playerId": 21900, "championPointsUntilNextLevel": 1520, "tokensEarned": 0, "championId": 10, "lastPlayTime": 1437066438000}, {"championLevel": 1, "chestGranted": false, "championPoints": 250, "championPointsSinceLastLevel": 250, "playerId": 21900, "championPointsUntilNextLevel": 1550, "tokensEarned": 0, "championId": 77, "lastPlayTime": 1441429808000}, {"championLevel": 1, "chestGranted": false, "championPoints": 244, "championPointsSinceLastLevel": 244, "playerId": 21900, "championPointsUntilNextLevel": 1556, "tokensEarned": 0, "championId": 126, "lastPlayTime": 1440290658000}, {"championLevel": 1, "chestGranted": false, "championPoints": 242, "championPointsSinceLastLevel": 242, "playerId": 21900, "championPointsUntilNextLevel": 1558, "tokensEarned": 0, "championId": 85, "lastPlayTime": 1440369244000}, {"championLevel": 1, "chestGranted": false, "championPoints": 219, "championPointsSinceLastLevel": 219, "playerId": 21900, "championPointsUntilNextLevel": 1581, "tokensEarned": 0, "championId": 38, "lastPlayTime": 1437196522000}, {"championLevel": 1, "chestGranted": false, "championPoints": 211, "championPointsSinceLastLevel": 211, "playerId": 21900, "championPointsUntilNextLevel": 1589, "tokensEarned": 0, "championId": 29, "lastPlayTime": 1441945966000}, {"championLevel": 1, "chestGranted": false, "championPoints": 206, "championPointsSinceLastLevel": 206, "playerId": 21900, "championPointsUntilNextLevel": 1594, "tokensEarned": 0, "championId": 45, "lastPlayTime": 1445910549000}, {"championLevel": 1, "chestGranted": false, "championPoints": 196, "championPointsSinceLastLevel": 196, "playerId": 21900, "championPointsUntilNextLevel": 1604, "tokensEarned": 0, "championId": 6, "lastPlayTime": 1442030207000}, {"championLevel": 1, "chestGranted": false, "championPoints": 191, "championPointsSinceLastLevel": 191, "playerId": 21900, "championPointsUntilNextLevel": 1609, "tokensEarned": 0, "championId": 114, "lastPlayTime": 1443068044000}, {"championLevel": 1, "chestGranted": false, "championPoints": 178, "championPointsSinceLastLevel": 178, "playerId": 21900, "championPointsUntilNextLevel": 1622, "tokensEarned": 0, "championId": 203, "lastPlayTime": 1446076100000}, {"championLevel": 1, "chestGranted": false, "championPoints": 168, "championPointsSinceLastLevel": 168, "playerId": 21900, "championPointsUntilNextLevel": 1632, "tokensEarned": 0, "championId": 91, "lastPlayTime": 1442130579000}, {"championLevel": 1, "chestGranted": false, "championPoints": 165, "championPointsSinceLastLevel": 165, "playerId": 21900, "championPointsUntilNextLevel": 1635, "tokensEarned": 0, "championId": 131, "lastPlayTime": 1442128711000}, {"championLevel": 1, "chestGranted": false, "championPoints": 162, "championPointsSinceLastLevel": 162, "playerId": 21900, "championPointsUntilNextLevel": 1638, "tokensEarned": 0, "championId": 254, "lastPlayTime": 1440781540000}, {"championLevel": 1, "chestGranted": false, "championPoints": 160, "championPointsSinceLastLevel": 160, "playerId": 21900, "championPointsUntilNextLevel": 1640, "tokensEarned": 0, "championId": 74, "lastPlayTime": 1439687692000}, {"championLevel": 1, "chestGranted": false, "championPoints": 149, "championPointsSinceLastLevel": 149, "playerId": 21900, "championPointsUntilNextLevel": 1651, "tokensEarned": 0, "championId": 17, "lastPlayTime": 1438503502000}]