[{"championLevel": 7, "chestGranted": true, "championPoints": 138389, "championPointsSinceLastLevel": 116789, "playerId": 21903, "championPointsUntilNextLevel": 0, "tokensEarned": 0, "championId": 8, "lastPlayTime": 1467015885000}, {"championLevel": 5, "chestGranted": true, "championPoints": 72699, "championPointsSinceLastLevel": 51099, "playerId": 21903, "championPointsUntilNextLevel": 0, "tokensEarned": 0, "championId": 110, "lastPlayTime": 1460345423000}, {"championLevel": 5, "chestGranted": true, "championPoints": 54339, "championPointsSinceLastLevel": 32739, "playerId": 21903, "championPointsUntilNextLevel": 0, "tokensEarned": 1, "championId": 75, "lastPlayTime": 1465417280000}, {"championLevel": 5, "chestGranted": true, "championPoints": 30399, "championPointsSinceLastLevel": 8799, "playerId": 21903, "championPointsUntilNextLevel": 0, "tokensEarned": 1, "championId": 236, "lastPlayTime": 1464639436000}, {"championLevel": 4, "chestGranted": true, "championPoints": 19348, "championPointsSinceLastLevel": 6748, "playerId": 21903, "championPointsUntilNextLevel": 2252, "tokensEarned": 0, "championId": 24, "lastPlayTime": 1468566633000}, {"championLevel": 3, "chestGranted": false, "championPoints": 8004, "championPointsSinceLastLevel": 2004, "playerId": 21903, "championPointsUntilNextLevel": 4596, "tokensEarned": 0, "championId": 48, "lastPlayTime": 1463293494000}, {"championLevel": 3, "chestGranted": true, "championPoints": 7797, "championPointsSinceLastLevel": 1797, "playerId": 21903, "championPointsUntilNextLevel": 4803, "tokensEarned": 0, "championId": 81, "lastPlayTime": 1468383146000}, {"championLevel": 3, "chestGranted": false, "championPoints": 7311, "championPointsSinceLastLevel": 1311, "playerId": 21903, "championPointsUntilNextLevel": 5289, "tokensEarned": 0, "championId": 51, "lastPlayTime": 1465268800000}, {"championLevel": 3, "chestGranted": true, "championPoints": 6605, "championPointsSinceLastLevel": 605, "playerId": 21903, "championPointsUntilNextLevel": 5995, "tokensEarned": 0, "championId": 86, "lastPlayTime": 1460356597000}, {"championLevel": 2, "chestGranted": true, "championPoints": 5227, "championPointsSinceLastLevel": 3427, "playerId": 21903, "championPointsUntilNextLevel": 773, "tokensEarned": 0, "championId": 122, "lastPlayTime": 1465532132000}, {"championLevel": 2, "chestGranted": false, "championPoints": 4985, "championPointsSinceLastLevel": 3185, "playerId": 21903, "championPointsUntilNextLevel": 1015, "tokensEarned": 0, "championId": 2, "lastPlayTime": 1463782039000}, {"championLevel": 2, "chestGranted": false, "championPoints": 4686, "championPointsSinceLastLevel": 2886, "playerId": 21903, "championPointsUntilNextLevel": 1314, "tokensEarned": 0, "championId": 67, "lastPlayTime": 1460736388000}, {"championLevel": 2, "chestGranted": true, "championPoints": 4267, "championPointsSinceLastLevel": 2467, "playerId": 21903, "championPointsUntilNextLevel": 1733, "tokensEarned": 0, "championId": 106, "lastPlayTime": 1461612848000}, {"championLevel": 2, "chestGranted": true, "championPoints": 3729, "championPointsSinceLastLevel": 1929, "playerId": 21903, "championPointsUntilNextLevel": 2271, "tokensEarned": 0, "championId": 54, "lastPlayTime": 1460482398000}, {"championLevel": 2, "chestGranted": true, "championPoints": 3161, "championPointsSinceLastLevel": 1361, "playerId": 21903, "championPointsUntilNextLevel": 2839, "tokensEarned": 0, "championId": 13, "lastPlayTime": 1468283048000}, {"championLevel": 2, "chestGranted": false, "championPoints": 2876, "championPointsSinceLastLevel": 1076, "playerId": 21903, "championPointsUntilNextLevel": 3124, "tokensEarned": 0, "championId": 21, "lastPlayTime": 1465103157000}, {"championLevel": 2, "chestGranted": true, "championPoints": 2473, "championPointsSinceLastLevel": 673, "playerId": 21903, "championPointsUntilNextLevel": 3527, "tokensEarned": 0, "championId": 36, "lastPlayTime": 1459032134000}, {"championLevel": 2, "chestGranted": false, "championPoints": 2426, "championPointsSinceLastLevel": 626, "playerId": 21903, "championPointsUntilNextLevel": 3574, "tokensEarned": 0, "championId": 58, "lastPlayTime": 1457819090000}, {"championLevel": 2, "chestGranted": false, "championPoints": 1907, "championPointsSinceLastLevel": 107, "playerId": 21903, "championPointsUntilNextLevel": 4093, "tokensEarned": 0, "championId": 15, "lastPlayTime": 1465272578000}, {"championLevel": 1, "chestGranted": true, "championPoints": 1766, "championPointsSinceLastLevel": 1766, "playerId": 21903, "championPointsUntilNextLevel": 34, "tokensEarned": 0, "championId": 69, "lastPlayTime": 1462478212000}, {"championLevel": 1, "chestGranted": false, "championPoints": 1645, "championPointsSinceLastLevel": 1645, "playerId": 21903, "championPointsUntilNextLevel": 155, "tokensEarned": 0, "championId": 202, "lastPlayTime": 1463387223000}, {"championLevel": 1, "chestGranted": false, "championPoints": 1537, "championPointsSinceLastLevel": 1537, "playerId": 21903, "championPointsUntilNextLevel": 263, "tokensEarned": 0, "championId": 78, "lastPlayTime": 1458825796000}, {"championLevel": 1, "chestGranted": false, "championPoints": 1370, "championPointsSinceLastLevel": 1370, "playerId": 21903, "championPointsUntilNextLevel": 430, "tokensEarned": 0, "championId": 107, "lastPlayTime": 1456901970000}, {"championLevel": 1, "chestGranted": false, "championPoints": 1354, "championPointsSinceLastLevel": 1354, "playerId": 21903, "championPointsUntilNextLevel": 446, "tokensEarned": 0, "championId": 14, "lastPlayTime": 1457748114000}, {"championLevel": 1, "chestGranted": false, "championPoints": 1351, "championPointsSinceLastLevel": 1351, "playerId": 21903, "championPointsUntilNextLevel": 449, "tokensEarned": 0, "championId": 114, "lastPlayTime": 1457675825000}, {"championLevel": 1, "chestGranted": false, "championPoints": 1306, "championPointsSinceLastLevel": 1306, "playerId": 21903, "championPointsUntilNextLevel": 494, "tokensEarned": 0, "championId": 29, "lastPlayTime": 1464962825000}, {"championLevel": 1, "chestGranted": false, "championPoints": 1303, "championPointsSinceLastLevel": 1303, "playerId": 21903, "championPointsUntilNextLevel": 497, "tokensEarned": 0, "championId": 104, "lastPlayTime": 1459301405000}, {"championLevel": 1, "chestGranted": false, "championPoints": 1230, "championPointsSinceLastLevel": 1230, "playerId": 21903, "championPointsUntilNextLevel": 570, "tokensEarned": 0, "championId": 45, "lastPlayTime": 1457183474000}, {"championLevel": 1, "chestGranted": true, "championPoints": 1212, "championPointsSinceLastLevel": 1212, "playerId": 21903, "championPointsUntilNextLevel": 588, "tokensEarned": 0, "championId": 98, "lastPlayTime": 1463120930000}, {"championLevel": 1, "chestGranted": false, "championPoints": 1096, "championPointsSinceLastLevel": 1096, "playerId": 21903, "championPointsUntilNextLevel": 704, "tokensEarned": 0, "championId": 11, "lastPlayTime": 1456734414000}, {"championLevel": 1, "chestGranted": false, "championPoints": 1000, "championPointsSinceLastLevel": 1000, "playerId": 21903, "championPointsUntilNextLevel": 800, "tokensEarned": 0, "championId": 56, "lastPlayTime": 1468206430000}, {"championLevel": 1, "chestGranted": false, "championPoints": 948, "championPointsSinceLastLevel": 948, "playerId": 21903, "championPointsUntilNextLevel": 852, "tokensEarned": 0, "championId": 119, "lastPlayTime": 1456813255000}, {"championLevel": 1, "chestGranted": false, "championPoints": 875, "championPointsSinceLastLevel": 875, "playerId": 21903, "championPointsUntilNextLevel": 925, "tokensEarned": 0, "championId": 64, "lastPlayTime": 1468019962000}, {"championLevel": 1, "chestGranted": false, "championPoints": 782, "championPointsSinceLastLevel": 782, "playerId": 21903, "championPointsUntilNextLevel": 1018, "tokensEarned": 0, "championId": 60, "lastPlayTime": 1468201136000}, {"championLevel": 1, "chestGranted": false, "championPoints": 780, "championPointsSinceLastLevel": 780, "playerId": 21903, "championPointsUntilNextLevel": 1020, "tokensEarned": 0, "championId": 34, "lastPlayTime": 1468292390000}, {"championLevel": 1, "chestGranted": false, "championPoints": 737, "championPointsSinceLastLevel": 737, "playerId": 21903, "championPointsUntilNextLevel": 1063, "tokensEarned": 0, "championId": 238, "lastPlayTime": 1463203238000}, {"championLevel": 1, "chestGranted": false, "championPoints": 538, "championPointsSinceLastLevel": 538, "playerId": 21903, "championPointsUntilNextLevel": 1262, "tokensEarned": 0, "championId": 133, "lastPlayTime": 1459305254000}, {"championLevel": 1, "chestGranted": false, "championPoints": 493, "championPointsSinceLastLevel": 493, "playerId": 21903, "championPointsUntilNextLevel": 1307, "tokensEarned": 0, "championId": 50, "lastPlayTime": 1463117744000}, {"championLevel": 1, "chestGranted": false, "championPoints": 357, "championPointsSinceLastLevel": 357, "playerId": 21903, "championPointsUntilNextLevel": 1443, "tokensEarned": 0, "championId": 266, "lastPlayTime": 1459450101000}, {"championLevel": 1, "chestGranted": false, "championPoints": 348, "championPointsSinceLastLevel": 348, "playerId": 21903, "championPointsUntilNextLevel": 1452, "tokensEarned": 0, "championId": 18, "lastPlayTime": 1457007818000}, {"championLevel": 1, "chestGranted": false, "championPoints": 229, "championPointsSinceLastLevel": 229, "playerId": 21903, "championPointsUntilNextLevel": 1571, "tokensEarned": 0, "championId": 163, "lastPlayTime": 1465351197000}, {"championLevel": 1, "chestGranted": false, "championPoints": 216, "championPointsSinceLastLevel": 216, "playerId": 21903, "championPointsUntilNextLevel": 1584, "tokensEarned": 0, "championId": 39, "lastPlayTime": 1460267431000}, {"championLevel": 1, "chestGranted": false, "championPoints": 203, "championPointsSinceLastLevel": 203, "playerId": 21903, "championPointsUntilNextLevel": 1597, "tokensEarned": 0, "championId": 96, "lastPlayTime": 1461016041000}, {"championLevel": 1, "chestGranted": false, "championPoints": 194, "championPointsSinceLastLevel": 194, "playerId": 21903, "championPointsUntilNextLevel": 1606, "tokensEarned": 0, "championId": 41, "lastPlayTime": 1458154925000}, {"championLevel": 1, "chestGranted": false, "championPoints": 183, "championPointsSinceLastLevel": 183, "playerId": 21903, "championPointsUntilNextLevel": 1617, "tokensEarned": 0, "championId": 72, "lastPlayTime": 1460666126000}]