[{"championLevel": 4, "chestGranted": false, "championPoints": 16472, "championPointsSinceLastLevel": 3872, "playerId": 21915, "championPointsUntilNextLevel": 5128, "tokensEarned": 0, "championId": 62, "lastPlayTime": 1468607186000}, {"championLevel": 4, "chestGranted": false, "championPoints": 14231, "championPointsSinceLastLevel": 1631, "playerId": 21915, "championPointsUntilNextLevel": 7369, "tokensEarned": 0, "championId": 41, "lastPlayTime": 1454281507000}, {"championLevel": 4, "chestGranted": false, "championPoints": 13446, "championPointsSinceLastLevel": 846, "playerId": 21915, "championPointsUntilNextLevel": 8154, "tokensEarned": 0, "championId": 106, "lastPlayTime": 1468703653000}, {"championLevel": 3, "chestGranted": true, "championPoints": 11014, "championPointsSinceLastLevel": 5014, "playerId": 21915, "championPointsUntilNextLevel": 1586, "tokensEarned": 0, "championId": 154, "lastPlayTime": 1468799488000}, {"championLevel": 3, "chestGranted": false, "championPoints": 6086, "championPointsSinceLastLevel": 86, "playerId": 21915, "championPointsUntilNextLevel": 6514, "tokensEarned": 0, "championId": 150, "lastPlayTime": 1454284902000}, {"championLevel": 2, "chestGranted": true, "championPoints": 5778, "championPointsSinceLastLevel": 3978, "playerId": 21915, "championPointsUntilNextLevel": 222, "tokensEarned": 0, "championId": 77, "lastPlayTime": 1468290251000}, {"championLevel": 2, "chestGranted": false, "championPoints": 5635, "championPointsSinceLastLevel": 3835, "playerId": 21915, "championPointsUntilNextLevel": 365, "tokensEarned": 0, "championId": 268, "lastPlayTime": 1454179465000}, {"championLevel": 2, "chestGranted": true, "championPoints": 5124, "championPointsSinceLastLevel": 3324, "playerId": 21915, "championPointsUntilNextLevel": 876, "tokensEarned": 0, "championId": 120, "lastPlayTime": 1468706819000}, {"championLevel": 2, "chestGranted": true, "championPoints": 4760, "championPointsSinceLastLevel": 2960, "playerId": 21915, "championPointsUntilNextLevel": 1240, "tokensEarned": 0, "championId": 45, "lastPlayTime": 1466122172000}, {"championLevel": 2, "chestGranted": true, "championPoints": 3748, "championPointsSinceLastLevel": 1948, "playerId": 21915, "championPointsUntilNextLevel": 2252, "tokensEarned": 0, "championId": 122, "lastPlayTime": 1465273155000}, {"championLevel": 2, "chestGranted": false, "championPoints": 3683, "championPointsSinceLastLevel": 1883, "playerId": 21915, "championPointsUntilNextLevel": 2317, "tokensEarned": 0, "championId": 111, "lastPlayTime": 1452775461000}, {"championLevel": 2, "chestGranted": false, "championPoints": 3331, "championPointsSinceLastLevel": 1531, "playerId": 21915, "championPointsUntilNextLevel": 2669, "tokensEarned": 0, "championId": 51, "lastPlayTime": 1446323757000}, {"championLevel": 2, "chestGranted": false, "championPoints": 3252, "championPointsSinceLastLevel": 1452, "playerId": 21915, "championPointsUntilNextLevel": 2748, "tokensEarned": 0, "championId": 18, "lastPlayTime": 1446490526000}, {"championLevel": 2, "chestGranted": false, "championPoints": 3163, "championPointsSinceLastLevel": 1363, "playerId": 21915, "championPointsUntilNextLevel": 2837, "tokensEarned": 0, "championId": 24, "lastPlayTime": 1467171529000}, {"championLevel": 2, "chestGranted": false, "championPoints": 3150, "championPointsSinceLastLevel": 1350, "playerId": 21915, "championPointsUntilNextLevel": 2850, "tokensEarned": 0, "championId": 31, "lastPlayTime": 1468797049000}, {"championLevel": 2, "chestGranted": true, "championPoints": 2711, "championPointsSinceLastLevel": 911, "playerId": 21915, "championPointsUntilNextLevel": 3289, "tokensEarned": 0, "championId": 29, "lastPlayTime": 1466039574000}, {"championLevel": 2, "chestGranted": true, "championPoints": 2190, "championPointsSinceLastLevel": 390, "playerId": 21915, "championPointsUntilNextLevel": 3810, "tokensEarned": 0, "championId": 12, "lastPlayTime": 1466133460000}, {"championLevel": 2, "chestGranted": false, "championPoints": 2099, "championPointsSinceLastLevel": 299, "playerId": 21915, "championPointsUntilNextLevel": 3901, "tokensEarned": 0, "championId": 107, "lastPlayTime": 1454252968000}, {"championLevel": 2, "chestGranted": false, "championPoints": 2065, "championPointsSinceLastLevel": 265, "playerId": 21915, "championPointsUntilNextLevel": 3935, "tokensEarned": 0, "championId": 56, "lastPlayTime": 1467600457000}, {"championLevel": 2, "chestGranted": false, "championPoints": 1817, "championPointsSinceLastLevel": 17, "playerId": 21915, "championPointsUntilNextLevel": 4183, "tokensEarned": 0, "championId": 11, "lastPlayTime": 1468177231000}, {"championLevel": 1, "chestGranted": false, "championPoints": 1798, "championPointsSinceLastLevel": 1798, "playerId": 21915, "championPointsUntilNextLevel": 2, "tokensEarned": 0, "championId": 420, "lastPlayTime": 1468609070000}, {"championLevel": 1, "chestGranted": false, "championPoints": 1346, "championPointsSinceLastLevel": 1346, "playerId": 21915, "championPointsUntilNextLevel": 454, "tokensEarned": 0, "championId": 254, "lastPlayTime": 1438273335000}, {"championLevel": 1, "chestGranted": true, "championPoints": 1299, "championPointsSinceLastLevel": 1299, "playerId": 21915, "championPointsUntilNextLevel": 501, "tokensEarned": 0, "championId": 75, "lastPlayTime": 1465189155000}, {"championLevel": 1, "chestGranted": false, "championPoints": 1267, "championPointsSinceLastLevel": 1267, "playerId": 21915, "championPointsUntilNextLevel": 533, "tokensEarned": 0, "championId": 64, "lastPlayTime": 1445993383000}, {"championLevel": 1, "chestGranted": false, "championPoints": 1177, "championPointsSinceLastLevel": 1177, "playerId": 21915, "championPointsUntilNextLevel": 623, "tokensEarned": 0, "championId": 236, "lastPlayTime": 1453485299000}, {"championLevel": 1, "chestGranted": false, "championPoints": 1116, "championPointsSinceLastLevel": 1116, "playerId": 21915, "championPointsUntilNextLevel": 684, "tokensEarned": 0, "championId": 266, "lastPlayTime": 1466650664000}, {"championLevel": 1, "chestGranted": false, "championPoints": 1064, "championPointsSinceLastLevel": 1064, "playerId": 21915, "championPointsUntilNextLevel": 736, "tokensEarned": 0, "championId": 114, "lastPlayTime": 1452520112000}, {"championLevel": 1, "chestGranted": false, "championPoints": 1046, "championPointsSinceLastLevel": 1046, "playerId": 21915, "championPointsUntilNextLevel": 754, "tokensEarned": 0, "championId": 55, "lastPlayTime": 1446843426000}, {"championLevel": 1, "chestGranted": false, "championPoints": 967, "championPointsSinceLastLevel": 967, "playerId": 21915, "championPointsUntilNextLevel": 833, "tokensEarned": 0, "championId": 90, "lastPlayTime": 1446251237000}, {"championLevel": 1, "chestGranted": false, "championPoints": 867, "championPointsSinceLastLevel": 867, "playerId": 21915, "championPointsUntilNextLevel": 933, "tokensEarned": 0, "championId": 84, "lastPlayTime": 1467327827000}, {"championLevel": 1, "chestGranted": true, "championPoints": 853, "championPointsSinceLastLevel": 853, "playerId": 21915, "championPointsUntilNextLevel": 947, "tokensEarned": 0, "championId": 27, "lastPlayTime": 1468039060000}, {"championLevel": 1, "chestGranted": false, "championPoints": 618, "championPointsSinceLastLevel": 618, "playerId": 21915, "championPointsUntilNextLevel": 1182, "tokensEarned": 0, "championId": 54, "lastPlayTime": 1467603908000}, {"championLevel": 1, "chestGranted": false, "championPoints": 587, "championPointsSinceLastLevel": 587, "playerId": 21915, "championPointsUntilNextLevel": 1213, "tokensEarned": 0, "championId": 7, "lastPlayTime": 1453488251000}, {"championLevel": 1, "chestGranted": false, "championPoints": 346, "championPointsSinceLastLevel": 346, "playerId": 21915, "championPointsUntilNextLevel": 1454, "tokensEarned": 0, "championId": 19, "lastPlayTime": 1467848563000}, {"championLevel": 1, "chestGranted": false, "championPoints": 236, "championPointsSinceLastLevel": 236, "playerId": 21915, "championPointsUntilNextLevel": 1564, "tokensEarned": 0, "championId": 23, "lastPlayTime": 1446254973000}, {"championLevel": 1, "chestGranted": false, "championPoints": 215, "championPointsSinceLastLevel": 215, "playerId": 21915, "championPointsUntilNextLevel": 1585, "tokensEarned": 0, "championId": 59, "lastPlayTime": 1446488063000}, {"championLevel": 1, "chestGranted": false, "championPoints": 213, "championPointsSinceLastLevel": 213, "playerId": 21915, "championPointsUntilNextLevel": 1587, "tokensEarned": 0, "championId": 57, "lastPlayTime": 1468295375000}, {"championLevel": 1, "chestGranted": false, "championPoints": 205, "championPointsSinceLastLevel": 205, "playerId": 21915, "championPointsUntilNextLevel": 1595, "tokensEarned": 0, "championId": 121, "lastPlayTime": 1446079950000}, {"championLevel": 1, "chestGranted": false, "championPoints": 189, "championPointsSinceLastLevel": 189, "playerId": 21915, "championPointsUntilNextLevel": 1611, "tokensEarned": 0, "championId": 22, "lastPlayTime": 1437335381000}, {"championLevel": 1, "chestGranted": false, "championPoints": 180, "championPointsSinceLastLevel": 180, "playerId": 21915, "championPointsUntilNextLevel": 1620, "tokensEarned": 0, "championId": 28, "lastPlayTime": 1467248829000}, {"championLevel": 1, "chestGranted": false, "championPoints": 170, "championPointsSinceLastLevel": 170, "playerId": 21915, "championPointsUntilNextLevel": 1630, "tokensEarned": 0, "championId": 105, "lastPlayTime": 1466998879000}, {"championLevel": 1, "chestGranted": false, "championPoints": 159, "championPointsSinceLastLevel": 159, "playerId": 21915, "championPointsUntilNextLevel": 1641, "tokensEarned": 0, "championId": 429, "lastPlayTime": 1445908496000}, {"championLevel": 1, "chestGranted": false, "championPoints": 158, "championPointsSinceLastLevel": 158, "playerId": 21915, "championPointsUntilNextLevel": 1642, "tokensEarned": 0, "championId": 48, "lastPlayTime": 1437445304000}, {"championLevel": 1, "chestGranted": false, "championPoints": 150, "championPointsSinceLastLevel": 150, "playerId": 21915, "championPointsUntilNextLevel": 1650, "tokensEarned": 0, "championId": 421, "lastPlayTime": 1467162678000}, {"championLevel": 1, "chestGranted": false, "championPoints": 122, "championPointsSinceLastLevel": 122, "playerId": 21915, "championPointsUntilNextLevel": 1678, "tokensEarned": 0, "championId": 20, "lastPlayTime": 1468560676000}, {"championLevel": 1, "chestGranted": false, "championPoints": 108, "championPointsSinceLastLevel": 108, "playerId": 21915, "championPointsUntilNextLevel": 1692, "tokensEarned": 0, "championId": 50, "lastPlayTime": 1467852763000}]