[{"championLevel": 5, "chestGranted": false, "championPoints": 39414, "championPointsSinceLastLevel": 17814, "playerId": 21917, "championPointsUntilNextLevel": 0, "tokensEarned": 0, "championId": 78, "lastPlayTime": 1453432596000}, {"championLevel": 4, "chestGranted": false, "championPoints": 17803, "championPointsSinceLastLevel": 5203, "playerId": 21917, "championPointsUntilNextLevel": 3797, "tokensEarned": 0, "championId": 203, "lastPlayTime": 1453486776000}, {"championLevel": 3, "chestGranted": false, "championPoints": 11689, "championPointsSinceLastLevel": 5689, "playerId": 21917, "championPointsUntilNextLevel": 911, "tokensEarned": 0, "championId": 14, "lastPlayTime": 1451595628000}, {"championLevel": 3, "chestGranted": false, "championPoints": 10632, "championPointsSinceLastLevel": 4632, "playerId": 21917, "championPointsUntilNextLevel": 1968, "tokensEarned": 0, "championId": 19, "lastPlayTime": 1451290923000}, {"championLevel": 3, "chestGranted": false, "championPoints": 10254, "championPointsSinceLastLevel": 4254, "playerId": 21917, "championPointsUntilNextLevel": 2346, "tokensEarned": 0, "championId": 161, "lastPlayTime": 1452417909000}, {"championLevel": 3, "chestGranted": false, "championPoints": 10106, "championPointsSinceLastLevel": 4106, "playerId": 21917, "championPointsUntilNextLevel": 2494, "tokensEarned": 0, "championId": 1, "lastPlayTime": 1452455457000}, {"championLevel": 3, "chestGranted": false, "championPoints": 9490, "championPointsSinceLastLevel": 3490, "playerId": 21917, "championPointsUntilNextLevel": 3110, "tokensEarned": 0, "championId": 11, "lastPlayTime": 1453484062000}, {"championLevel": 3, "chestGranted": false, "championPoints": 8807, "championPointsSinceLastLevel": 2807, "playerId": 21917, "championPointsUntilNextLevel": 3793, "tokensEarned": 0, "championId": 412, "lastPlayTime": 1451712231000}, {"championLevel": 3, "chestGranted": false, "championPoints": 7541, "championPointsSinceLastLevel": 1541, "playerId": 21917, "championPointsUntilNextLevel": 5059, "tokensEarned": 0, "championId": 24, "lastPlayTime": 1451417334000}, {"championLevel": 3, "chestGranted": false, "championPoints": 7390, "championPointsSinceLastLevel": 1390, "playerId": 21917, "championPointsUntilNextLevel": 5210, "tokensEarned": 0, "championId": 21, "lastPlayTime": 1452210105000}, {"championLevel": 2, "chestGranted": false, "championPoints": 5497, "championPointsSinceLastLevel": 3697, "playerId": 21917, "championPointsUntilNextLevel": 503, "tokensEarned": 0, "championId": 22, "lastPlayTime": 1436149457000}, {"championLevel": 2, "chestGranted": false, "championPoints": 5370, "championPointsSinceLastLevel": 3570, "playerId": 21917, "championPointsUntilNextLevel": 630, "tokensEarned": 0, "championId": 114, "lastPlayTime": 1452481644000}, {"championLevel": 2, "chestGranted": false, "championPoints": 4021, "championPointsSinceLastLevel": 2221, "playerId": 21917, "championPointsUntilNextLevel": 1979, "tokensEarned": 0, "championId": 23, "lastPlayTime": 1448772530000}, {"championLevel": 2, "chestGranted": false, "championPoints": 3179, "championPointsSinceLastLevel": 1379, "playerId": 21917, "championPointsUntilNextLevel": 2821, "tokensEarned": 0, "championId": 421, "lastPlayTime": 1453401038000}, {"championLevel": 2, "chestGranted": false, "championPoints": 2536, "championPointsSinceLastLevel": 736, "playerId": 21917, "championPointsUntilNextLevel": 3464, "tokensEarned": 0, "championId": 16, "lastPlayTime": 1448783620000}, {"championLevel": 2, "chestGranted": false, "championPoints": 2433, "championPointsSinceLastLevel": 633, "playerId": 21917, "championPointsUntilNextLevel": 3567, "tokensEarned": 0, "championId": 75, "lastPlayTime": 1451242689000}, {"championLevel": 1, "chestGranted": false, "championPoints": 1722, "championPointsSinceLastLevel": 1722, "playerId": 21917, "championPointsUntilNextLevel": 78, "tokensEarned": 0, "championId": 38, "lastPlayTime": 1451265617000}, {"championLevel": 1, "chestGranted": false, "championPoints": 1675, "championPointsSinceLastLevel": 1675, "playerId": 21917, "championPointsUntilNextLevel": 125, "tokensEarned": 0, "championId": 15, "lastPlayTime": 1451353104000}, {"championLevel": 1, "chestGranted": false, "championPoints": 1607, "championPointsSinceLastLevel": 1607, "playerId": 21917, "championPointsUntilNextLevel": 193, "tokensEarned": 0, "championId": 25, "lastPlayTime": 1452461787000}, {"championLevel": 1, "chestGranted": false, "championPoints": 1532, "championPointsSinceLastLevel": 1532, "playerId": 21917, "championPointsUntilNextLevel": 268, "tokensEarned": 0, "championId": 121, "lastPlayTime": 1451274574000}, {"championLevel": 1, "chestGranted": false, "championPoints": 1522, "championPointsSinceLastLevel": 1522, "playerId": 21917, "championPointsUntilNextLevel": 278, "tokensEarned": 0, "championId": 18, "lastPlayTime": 1452285237000}, {"championLevel": 1, "chestGranted": false, "championPoints": 1355, "championPointsSinceLastLevel": 1355, "playerId": 21917, "championPointsUntilNextLevel": 445, "tokensEarned": 0, "championId": 420, "lastPlayTime": 1452310559000}, {"championLevel": 1, "chestGranted": false, "championPoints": 1183, "championPointsSinceLastLevel": 1183, "playerId": 21917, "championPointsUntilNextLevel": 617, "tokensEarned": 0, "championId": 10, "lastPlayTime": 1436152451000}, {"championLevel": 1, "chestGranted": false, "championPoints": 1081, "championPointsSinceLastLevel": 1081, "playerId": 21917, "championPointsUntilNextLevel": 719, "tokensEarned": 0, "championId": 5, "lastPlayTime": 1448823691000}, {"championLevel": 1, "chestGranted": false, "championPoints": 999, "championPointsSinceLastLevel": 999, "playerId": 21917, "championPointsUntilNextLevel": 801, "tokensEarned": 0, "championId": 86, "lastPlayTime": 1448164235000}, {"championLevel": 1, "chestGranted": false, "championPoints": 280, "championPointsSinceLastLevel": 280, "playerId": 21917, "championPointsUntilNextLevel": 1520, "tokensEarned": 0, "championId": 35, "lastPlayTime": 1447984568000}, {"championLevel": 1, "chestGranted": false, "championPoints": 240, "championPointsSinceLastLevel": 240, "playerId": 21917, "championPointsUntilNextLevel": 1560, "tokensEarned": 0, "championId": 45, "lastPlayTime": 1448829447000}, {"championLevel": 1, "chestGranted": false, "championPoints": 188, "championPointsSinceLastLevel": 188, "playerId": 21917, "championPointsUntilNextLevel": 1612, "tokensEarned": 0, "championId": 31, "lastPlayTime": 1451103318000}, {"championLevel": 1, "chestGranted": false, "championPoints": 186, "championPointsSinceLastLevel": 186, "playerId": 21917, "championPointsUntilNextLevel": 1614, "tokensEarned": 0, "championId": 29, "lastPlayTime": 1448063819000}, {"championLevel": 1, "chestGranted": false, "championPoints": 154, "championPointsSinceLastLevel": 154, "playerId": 21917, "championPointsUntilNextLevel": 1646, "tokensEarned": 0, "championId": 76, "lastPlayTime": 1451107331000}]