[{"championLevel": 5, "chestGranted": true, "championPoints": 93698, "championPointsSinceLastLevel": 72098, "playerId": 21910, "championPointsUntilNextLevel": 0, "tokensEarned": 0, "championId": 117, "lastPlayTime": 1468780119000}, {"championLevel": 5, "chestGranted": true, "championPoints": 57936, "championPointsSinceLastLevel": 36336, "playerId": 21910, "championPointsUntilNextLevel": 0, "tokensEarned": 1, "championId": 222, "lastPlayTime": 1468369898000}, {"championLevel": 5, "chestGranted": true, "championPoints": 52625, "championPointsSinceLastLevel": 31025, "playerId": 21910, "championPointsUntilNextLevel": 0, "tokensEarned": 1, "championId": 61, "lastPlayTime": 1468720389000}, {"championLevel": 5, "chestGranted": false, "championPoints": 46136, "championPointsSinceLastLevel": 24536, "playerId": 21910, "championPointsUntilNextLevel": 0, "tokensEarned": 0, "championId": 34, "lastPlayTime": 1456969547000}, {"championLevel": 4, "chestGranted": true, "championPoints": 14889, "championPointsSinceLastLevel": 2289, "playerId": 21910, "championPointsUntilNextLevel": 6711, "tokensEarned": 0, "championId": 74, "lastPlayTime": 1467072927000}, {"championLevel": 3, "chestGranted": false, "championPoints": 8935, "championPointsSinceLastLevel": 2935, "playerId": 21910, "championPointsUntilNextLevel": 3665, "tokensEarned": 0, "championId": 112, "lastPlayTime": 1466733141000}, {"championLevel": 3, "chestGranted": false, "championPoints": 6652, "championPointsSinceLastLevel": 652, "playerId": 21910, "championPointsUntilNextLevel": 5948, "tokensEarned": 0, "championId": 267, "lastPlayTime": 1444857399000}, {"championLevel": 3, "chestGranted": false, "championPoints": 6365, "championPointsSinceLastLevel": 365, "playerId": 21910, "championPointsUntilNextLevel": 6235, "tokensEarned": 0, "championId": 115, "lastPlayTime": 1463946221000}, {"championLevel": 2, "chestGranted": false, "championPoints": 5886, "championPointsSinceLastLevel": 4086, "playerId": 21910, "championPointsUntilNextLevel": 114, "tokensEarned": 0, "championId": 113, "lastPlayTime": 1468364629000}, {"championLevel": 2, "chestGranted": false, "championPoints": 3619, "championPointsSinceLastLevel": 1819, "playerId": 21910, "championPointsUntilNextLevel": 2381, "tokensEarned": 0, "championId": 99, "lastPlayTime": 1465065087000}, {"championLevel": 2, "chestGranted": false, "championPoints": 3196, "championPointsSinceLastLevel": 1396, "playerId": 21910, "championPointsUntilNextLevel": 2804, "tokensEarned": 0, "championId": 3, "lastPlayTime": 1466970544000}, {"championLevel": 2, "chestGranted": false, "championPoints": 2530, "championPointsSinceLastLevel": 730, "playerId": 21910, "championPointsUntilNextLevel": 3470, "tokensEarned": 0, "championId": 50, "lastPlayTime": 1451769792000}, {"championLevel": 2, "chestGranted": false, "championPoints": 2272, "championPointsSinceLastLevel": 472, "playerId": 21910, "championPointsUntilNextLevel": 3728, "tokensEarned": 0, "championId": 69, "lastPlayTime": 1453854086000}, {"championLevel": 1, "chestGranted": false, "championPoints": 1660, "championPointsSinceLastLevel": 1660, "playerId": 21910, "championPointsUntilNextLevel": 140, "tokensEarned": 0, "championId": 72, "lastPlayTime": 1434160818000}, {"championLevel": 1, "chestGranted": false, "championPoints": 1462, "championPointsSinceLastLevel": 1462, "playerId": 21910, "championPointsUntilNextLevel": 338, "tokensEarned": 0, "championId": 7, "lastPlayTime": 1434331490000}, {"championLevel": 1, "chestGranted": false, "championPoints": 1425, "championPointsSinceLastLevel": 1425, "playerId": 21910, "championPointsUntilNextLevel": 375, "tokensEarned": 0, "championId": 127, "lastPlayTime": 1466823059000}, {"championLevel": 1, "chestGranted": false, "championPoints": 965, "championPointsSinceLastLevel": 965, "playerId": 21910, "championPointsUntilNextLevel": 835, "tokensEarned": 0, "championId": 79, "lastPlayTime": 1468291519000}, {"championLevel": 1, "chestGranted": false, "championPoints": 747, "championPointsSinceLastLevel": 747, "playerId": 21910, "championPointsUntilNextLevel": 1053, "tokensEarned": 0, "championId": 1, "lastPlayTime": 1468035788000}, {"championLevel": 1, "chestGranted": false, "championPoints": 422, "championPointsSinceLastLevel": 422, "playerId": 21910, "championPointsUntilNextLevel": 1378, "tokensEarned": 0, "championId": 133, "lastPlayTime": 1449548352000}, {"championLevel": 1, "chestGranted": false, "championPoints": 224, "championPointsSinceLastLevel": 224, "playerId": 21910, "championPointsUntilNextLevel": 1576, "tokensEarned": 0, "championId": 134, "lastPlayTime": 1435183721000}, {"championLevel": 1, "chestGranted": false, "championPoints": 150, "championPointsSinceLastLevel": 150, "playerId": 21910, "championPointsUntilNextLevel": 1650, "tokensEarned": 0, "championId": 63, "lastPlayTime": 1461543988000}, {"championLevel": 1, "chestGranted": false, "championPoints": 120, "championPointsSinceLastLevel": 120, "playerId": 21910, "championPointsUntilNextLevel": 1680, "tokensEarned": 0, "championId": 27, "lastPlayTime": 1466350671000}]