[{"championLevel": 5, "chestGranted": false, "championPoints": 102067, "championPointsSinceLastLevel": 80467, "playerId": 21912, "championPointsUntilNextLevel": 0, "tokensEarned": 0, "championId": 117, "lastPlayTime": 1463803812000}, {"championLevel": 5, "chestGranted": true, "championPoints": 47156, "championPointsSinceLastLevel": 25556, "playerId": 21912, "championPointsUntilNextLevel": 0, "tokensEarned": 0, "championId": 89, "lastPlayTime": 1463633546000}, {"championLevel": 5, "chestGranted": false, "championPoints": 46353, "championPointsSinceLastLevel": 24753, "playerId": 21912, "championPointsUntilNextLevel": 0, "tokensEarned": 0, "championId": 16, "lastPlayTime": 1463955845000}, {"championLevel": 5, "chestGranted": false, "championPoints": 41116, "championPointsSinceLastLevel": 19516, "playerId": 21912, "championPointsUntilNextLevel": 0, "tokensEarned": 0, "championId": 58, "lastPlayTime": 1447180744000}, {"championLevel": 4, "chestGranted": false, "championPoints": 15461, "championPointsSinceLastLevel": 2861, "playerId": 21912, "championPointsUntilNextLevel": 6139, "tokensEarned": 0, "championId": 1, "lastPlayTime": 1446336118000}, {"championLevel": 4, "chestGranted": true, "championPoints": 15420, "championPointsSinceLastLevel": 2820, "playerId": 21912, "championPointsUntilNextLevel": 6180, "tokensEarned": 0, "championId": 17, "lastPlayTime": 1463022086000}, {"championLevel": 3, "chestGranted": true, "championPoints": 11920, "championPointsSinceLastLevel": 5920, "playerId": 21912, "championPointsUntilNextLevel": 680, "tokensEarned": 0, "championId": 12, "lastPlayTime": 1463952506000}, {"championLevel": 3, "chestGranted": true, "championPoints": 8980, "championPointsSinceLastLevel": 2980, "playerId": 21912, "championPointsUntilNextLevel": 3620, "tokensEarned": 0, "championId": 3, "lastPlayTime": 1463781367000}, {"championLevel": 3, "chestGranted": true, "championPoints": 6827, "championPointsSinceLastLevel": 827, "playerId": 21912, "championPointsUntilNextLevel": 5773, "tokensEarned": 0, "championId": 62, "lastPlayTime": 1465024484000}, {"championLevel": 2, "chestGranted": false, "championPoints": 5444, "championPointsSinceLastLevel": 3644, "playerId": 21912, "championPointsUntilNextLevel": 556, "tokensEarned": 0, "championId": 122, "lastPlayTime": 1462593528000}, {"championLevel": 2, "chestGranted": false, "championPoints": 5147, "championPointsSinceLastLevel": 3347, "playerId": 21912, "championPointsUntilNextLevel": 853, "tokensEarned": 0, "championId": 31, "lastPlayTime": 1437253775000}, {"championLevel": 2, "chestGranted": false, "championPoints": 4563, "championPointsSinceLastLevel": 2763, "playerId": 21912, "championPointsUntilNextLevel": 1437, "tokensEarned": 0, "championId": 40, "lastPlayTime": 1447711722000}, {"championLevel": 2, "chestGranted": false, "championPoints": 3762, "championPointsSinceLastLevel": 1962, "playerId": 21912, "championPointsUntilNextLevel": 2238, "tokensEarned": 0, "championId": 39, "lastPlayTime": 1463891645000}, {"championLevel": 2, "chestGranted": false, "championPoints": 3722, "championPointsSinceLastLevel": 1922, "playerId": 21912, "championPointsUntilNextLevel": 2278, "tokensEarned": 0, "championId": 22, "lastPlayTime": 1431908742000}, {"championLevel": 2, "chestGranted": false, "championPoints": 3569, "championPointsSinceLastLevel": 1769, "playerId": 21912, "championPointsUntilNextLevel": 2431, "tokensEarned": 0, "championId": 99, "lastPlayTime": 1463805358000}, {"championLevel": 2, "chestGranted": false, "championPoints": 3355, "championPointsSinceLastLevel": 1555, "playerId": 21912, "championPointsUntilNextLevel": 2645, "tokensEarned": 0, "championId": 223, "lastPlayTime": 1444099301000}, {"championLevel": 2, "chestGranted": false, "championPoints": 3151, "championPointsSinceLastLevel": 1351, "playerId": 21912, "championPointsUntilNextLevel": 2849, "tokensEarned": 0, "championId": 201, "lastPlayTime": 1447106992000}, {"championLevel": 2, "chestGranted": false, "championPoints": 2926, "championPointsSinceLastLevel": 1126, "playerId": 21912, "championPointsUntilNextLevel": 3074, "tokensEarned": 0, "championId": 25, "lastPlayTime": 1431489013000}, {"championLevel": 2, "chestGranted": false, "championPoints": 2904, "championPointsSinceLastLevel": 1104, "playerId": 21912, "championPointsUntilNextLevel": 3096, "tokensEarned": 0, "championId": 69, "lastPlayTime": 1461380778000}, {"championLevel": 2, "chestGranted": false, "championPoints": 2454, "championPointsSinceLastLevel": 654, "playerId": 21912, "championPointsUntilNextLevel": 3546, "tokensEarned": 0, "championId": 51, "lastPlayTime": 1443235599000}, {"championLevel": 2, "chestGranted": true, "championPoints": 2156, "championPointsSinceLastLevel": 356, "playerId": 21912, "championPointsUntilNextLevel": 3844, "tokensEarned": 0, "championId": 24, "lastPlayTime": 1461556158000}, {"championLevel": 2, "chestGranted": true, "championPoints": 2095, "championPointsSinceLastLevel": 295, "playerId": 21912, "championPointsUntilNextLevel": 3905, "tokensEarned": 0, "championId": 74, "lastPlayTime": 1462683247000}, {"championLevel": 2, "chestGranted": false, "championPoints": 1992, "championPointsSinceLastLevel": 192, "playerId": 21912, "championPointsUntilNextLevel": 4008, "tokensEarned": 0, "championId": 72, "lastPlayTime": 1463363055000}, {"championLevel": 2, "chestGranted": false, "championPoints": 1916, "championPointsSinceLastLevel": 116, "playerId": 21912, "championPointsUntilNextLevel": 4084, "tokensEarned": 0, "championId": 80, "lastPlayTime": 1447899529000}, {"championLevel": 2, "chestGranted": true, "championPoints": 1908, "championPointsSinceLastLevel": 108, "playerId": 21912, "championPointsUntilNextLevel": 4092, "tokensEarned": 0, "championId": 13, "lastPlayTime": 1465022971000}, {"championLevel": 1, "chestGranted": false, "championPoints": 1501, "championPointsSinceLastLevel": 1501, "playerId": 21912, "championPointsUntilNextLevel": 299, "tokensEarned": 0, "championId": 41, "lastPlayTime": 1436482561000}, {"championLevel": 1, "chestGranted": false, "championPoints": 1370, "championPointsSinceLastLevel": 1370, "playerId": 21912, "championPointsUntilNextLevel": 430, "tokensEarned": 0, "championId": 27, "lastPlayTime": 1461477748000}, {"championLevel": 1, "chestGranted": false, "championPoints": 1308, "championPointsSinceLastLevel": 1308, "playerId": 21912, "championPointsUntilNextLevel": 492, "tokensEarned": 0, "championId": 9, "lastPlayTime": 1462591740000}, {"championLevel": 1, "chestGranted": false, "championPoints": 1292, "championPointsSinceLastLevel": 1292, "playerId": 21912, "championPointsUntilNextLevel": 508, "tokensEarned": 0, "championId": 133, "lastPlayTime": 1447354517000}, {"championLevel": 1, "chestGranted": false, "championPoints": 1232, "championPointsSinceLastLevel": 1232, "playerId": 21912, "championPointsUntilNextLevel": 568, "tokensEarned": 0, "championId": 43, "lastPlayTime": 1461939453000}, {"championLevel": 1, "chestGranted": false, "championPoints": 1230, "championPointsSinceLastLevel": 1230, "playerId": 21912, "championPointsUntilNextLevel": 570, "tokensEarned": 0, "championId": 26, "lastPlayTime": 1465021209000}, {"championLevel": 1, "chestGranted": true, "championPoints": 1152, "championPointsSinceLastLevel": 1152, "playerId": 21912, "championPointsUntilNextLevel": 648, "tokensEarned": 0, "championId": 420, "lastPlayTime": 1469078418000}, {"championLevel": 1, "chestGranted": false, "championPoints": 1045, "championPointsSinceLastLevel": 1045, "playerId": 21912, "championPointsUntilNextLevel": 755, "tokensEarned": 0, "championId": 86, "lastPlayTime": 1463786867000}, {"championLevel": 1, "chestGranted": false, "championPoints": 1004, "championPointsSinceLastLevel": 1004, "playerId": 21912, "championPointsUntilNextLevel": 796, "tokensEarned": 0, "championId": 92, "lastPlayTime": 1445031975000}, {"championLevel": 1, "chestGranted": false, "championPoints": 964, "championPointsSinceLastLevel": 964, "playerId": 21912, "championPointsUntilNextLevel": 836, "tokensEarned": 0, "championId": 267, "lastPlayTime": 1432414730000}, {"championLevel": 1, "chestGranted": false, "championPoints": 655, "championPointsSinceLastLevel": 655, "playerId": 21912, "championPointsUntilNextLevel": 1145, "tokensEarned": 0, "championId": 33, "lastPlayTime": 1463203315000}, {"championLevel": 1, "chestGranted": false, "championPoints": 481, "championPointsSinceLastLevel": 481, "playerId": 21912, "championPointsUntilNextLevel": 1319, "tokensEarned": 0, "championId": 10, "lastPlayTime": 1433535644000}, {"championLevel": 1, "chestGranted": false, "championPoints": 402, "championPointsSinceLastLevel": 402, "playerId": 21912, "championPointsUntilNextLevel": 1398, "tokensEarned": 0, "championId": 35, "lastPlayTime": 1462685343000}, {"championLevel": 1, "chestGranted": false, "championPoints": 388, "championPointsSinceLastLevel": 388, "playerId": 21912, "championPointsUntilNextLevel": 1412, "tokensEarned": 0, "championId": 44, "lastPlayTime": 1461463202000}, {"championLevel": 1, "chestGranted": false, "championPoints": 352, "championPointsSinceLastLevel": 352, "playerId": 21912, "championPointsUntilNextLevel": 1448, "tokensEarned": 0, "championId": 37, "lastPlayTime": 1463774256000}, {"championLevel": 1, "chestGranted": false, "championPoints": 306, "championPointsSinceLastLevel": 306, "playerId": 21912, "championPointsUntilNextLevel": 1494, "tokensEarned": 0, "championId": 63, "lastPlayTime": 1431492606000}, {"championLevel": 1, "chestGranted": false, "championPoints": 299, "championPointsSinceLastLevel": 299, "playerId": 21912, "championPointsUntilNextLevel": 1501, "tokensEarned": 0, "championId": 150, "lastPlayTime": 1436847433000}, {"championLevel": 1, "chestGranted": false, "championPoints": 258, "championPointsSinceLastLevel": 258, "playerId": 21912, "championPointsUntilNextLevel": 1542, "tokensEarned": 0, "championId": 53, "lastPlayTime": 1462680491000}, {"championLevel": 1, "chestGranted": false, "championPoints": 252, "championPointsSinceLastLevel": 252, "playerId": 21912, "championPointsUntilNextLevel": 1548, "tokensEarned": 0, "championId": 111, "lastPlayTime": 1433548006000}, {"championLevel": 1, "chestGranted": false, "championPoints": 242, "championPointsSinceLastLevel": 242, "playerId": 21912, "championPointsUntilNextLevel": 1558, "tokensEarned": 0, "championId": 21, "lastPlayTime": 1446521285000}, {"championLevel": 1, "chestGranted": false, "championPoints": 228, "championPointsSinceLastLevel": 228, "playerId": 21912, "championPointsUntilNextLevel": 1572, "tokensEarned": 0, "championId": 115, "lastPlayTime": 1462688042000}, {"championLevel": 1, "chestGranted": false, "championPoints": 226, "championPointsSinceLastLevel": 226, "playerId": 21912, "championPointsUntilNextLevel": 1574, "tokensEarned": 0, "championId": 163, "lastPlayTime": 1466303633000}, {"championLevel": 1, "chestGranted": false, "championPoints": 207, "championPointsSinceLastLevel": 207, "playerId": 21912, "championPointsUntilNextLevel": 1593, "tokensEarned": 0, "championId": 48, "lastPlayTime": 1450930444000}, {"championLevel": 1, "chestGranted": false, "championPoints": 155, "championPointsSinceLastLevel": 155, "playerId": 21912, "championPointsUntilNextLevel": 1645, "tokensEarned": 0, "championId": 126, "lastPlayTime": 1461387018000}, {"championLevel": 1, "chestGranted": false, "championPoints": 108, "championPointsSinceLastLevel": 108, "playerId": 21912, "championPointsUntilNextLevel": 1692, "tokensEarned": 0, "championId": 120, "lastPlayTime": 1463205223000}]