[{"championLevel": 5, "chestGranted": false, "championPoints": 69995, "championPointsSinceLastLevel": 48395, "playerId": 21916, "championPointsUntilNextLevel": 0, "tokensEarned": 0, "championId": 432, "lastPlayTime": 1468138679000}, {"championLevel": 5, "chestGranted": true, "championPoints": 60209, "championPointsSinceLastLevel": 38609, "playerId": 21916, "championPointsUntilNextLevel": 0, "tokensEarned": 0, "championId": 53, "lastPlayTime": 1467742494000}, {"championLevel": 5, "chestGranted": false, "championPoints": 27602, "championPointsSinceLastLevel": 6002, "playerId": 21916, "championPointsUntilNextLevel": 0, "tokensEarned": 0, "championId": 222, "lastPlayTime": 1468300115000}, {"championLevel": 5, "chestGranted": true, "championPoints": 27399, "championPointsSinceLastLevel": 5799, "playerId": 21916, "championPointsUntilNextLevel": 0, "tokensEarned": 0, "championId": 202, "lastPlayTime": 1466979900000}, {"championLevel": 5, "chestGranted": true, "championPoints": 27036, "championPointsSinceLastLevel": 5436, "playerId": 21916, "championPointsUntilNextLevel": 0, "tokensEarned": 1, "championId": 201, "lastPlayTime": 1466840860000}, {"championLevel": 5, "chestGranted": true, "championPoints": 25063, "championPointsSinceLastLevel": 3463, "playerId": 21916, "championPointsUntilNextLevel": 0, "tokensEarned": 0, "championId": 412, "lastPlayTime": 1468048371000}, {"championLevel": 5, "chestGranted": false, "championPoints": 22395, "championPointsSinceLastLevel": 795, "playerId": 21916, "championPointsUntilNextLevel": 0, "tokensEarned": 0, "championId": 236, "lastPlayTime": 1457585527000}, {"championLevel": 4, "chestGranted": false, "championPoints": 19769, "championPointsSinceLastLevel": 7169, "playerId": 21916, "championPointsUntilNextLevel": 1831, "tokensEarned": 0, "championId": 16, "lastPlayTime": 1466226095000}, {"championLevel": 4, "chestGranted": true, "championPoints": 17212, "championPointsSinceLastLevel": 4612, "playerId": 21916, "championPointsUntilNextLevel": 4388, "tokensEarned": 0, "championId": 223, "lastPlayTime": 1467247876000}, {"championLevel": 4, "chestGranted": false, "championPoints": 16181, "championPointsSinceLastLevel": 3581, "playerId": 21916, "championPointsUntilNextLevel": 5419, "tokensEarned": 0, "championId": 98, "lastPlayTime": 1468219560000}, {"championLevel": 4, "chestGranted": false, "championPoints": 15725, "championPointsSinceLastLevel": 3125, "playerId": 21916, "championPointsUntilNextLevel": 5875, "tokensEarned": 0, "championId": 86, "lastPlayTime": 1468465765000}, {"championLevel": 4, "chestGranted": false, "championPoints": 14194, "championPointsSinceLastLevel": 1594, "playerId": 21916, "championPointsUntilNextLevel": 7406, "tokensEarned": 0, "championId": 43, "lastPlayTime": 1457128491000}, {"championLevel": 4, "chestGranted": true, "championPoints": 14022, "championPointsSinceLastLevel": 1422, "playerId": 21916, "championPointsUntilNextLevel": 7578, "tokensEarned": 0, "championId": 41, "lastPlayTime": 1468140234000}, {"championLevel": 4, "chestGranted": false, "championPoints": 13632, "championPointsSinceLastLevel": 1032, "playerId": 21916, "championPointsUntilNextLevel": 7968, "tokensEarned": 0, "championId": 25, "lastPlayTime": 1466062103000}, {"championLevel": 4, "chestGranted": false, "championPoints": 13345, "championPointsSinceLastLevel": 745, "playerId": 21916, "championPointsUntilNextLevel": 8255, "tokensEarned": 0, "championId": 14, "lastPlayTime": 1467925172000}, {"championLevel": 4, "chestGranted": false, "championPoints": 13263, "championPointsSinceLastLevel": 663, "playerId": 21916, "championPointsUntilNextLevel": 8337, "tokensEarned": 0, "championId": 161, "lastPlayTime": 1467410404000}, {"championLevel": 4, "chestGranted": false, "championPoints": 13185, "championPointsSinceLastLevel": 585, "playerId": 21916, "championPointsUntilNextLevel": 8415, "tokensEarned": 0, "championId": 22, "lastPlayTime": 1457412689000}, {"championLevel": 3, "chestGranted": true, "championPoints": 11861, "championPointsSinceLastLevel": 5861, "playerId": 21916, "championPointsUntilNextLevel": 739, "tokensEarned": 0, "championId": 122, "lastPlayTime": 1467056145000}, {"championLevel": 3, "chestGranted": false, "championPoints": 11649, "championPointsSinceLastLevel": 5649, "playerId": 21916, "championPointsUntilNextLevel": 951, "tokensEarned": 0, "championId": 420, "lastPlayTime": 1467141651000}, {"championLevel": 3, "chestGranted": false, "championPoints": 11419, "championPointsSinceLastLevel": 5419, "playerId": 21916, "championPointsUntilNextLevel": 1181, "tokensEarned": 0, "championId": 99, "lastPlayTime": 1467137909000}, {"championLevel": 3, "chestGranted": true, "championPoints": 11245, "championPointsSinceLastLevel": 5245, "playerId": 21916, "championPointsUntilNextLevel": 1355, "tokensEarned": 0, "championId": 51, "lastPlayTime": 1464285957000}, {"championLevel": 3, "chestGranted": true, "championPoints": 10816, "championPointsSinceLastLevel": 4816, "playerId": 21916, "championPointsUntilNextLevel": 1784, "tokensEarned": 0, "championId": 81, "lastPlayTime": 1466394544000}, {"championLevel": 3, "chestGranted": true, "championPoints": 9069, "championPointsSinceLastLevel": 3069, "playerId": 21916, "championPointsUntilNextLevel": 3531, "tokensEarned": 0, "championId": 17, "lastPlayTime": 1467840852000}, {"championLevel": 3, "chestGranted": true, "championPoints": 9001, "championPointsSinceLastLevel": 3001, "playerId": 21916, "championPointsUntilNextLevel": 3599, "tokensEarned": 0, "championId": 13, "lastPlayTime": 1468624696000}, {"championLevel": 3, "chestGranted": true, "championPoints": 8193, "championPointsSinceLastLevel": 2193, "playerId": 21916, "championPointsUntilNextLevel": 4407, "tokensEarned": 0, "championId": 48, "lastPlayTime": 1466681256000}, {"championLevel": 3, "chestGranted": false, "championPoints": 8163, "championPointsSinceLastLevel": 2163, "playerId": 21916, "championPointsUntilNextLevel": 4437, "tokensEarned": 0, "championId": 75, "lastPlayTime": 1463862629000}, {"championLevel": 3, "chestGranted": false, "championPoints": 8026, "championPointsSinceLastLevel": 2026, "playerId": 21916, "championPointsUntilNextLevel": 4574, "tokensEarned": 0, "championId": 12, "lastPlayTime": 1461465465000}, {"championLevel": 3, "chestGranted": false, "championPoints": 7266, "championPointsSinceLastLevel": 1266, "playerId": 21916, "championPointsUntilNextLevel": 5334, "tokensEarned": 0, "championId": 89, "lastPlayTime": 1452090769000}, {"championLevel": 3, "chestGranted": true, "championPoints": 7157, "championPointsSinceLastLevel": 1157, "playerId": 21916, "championPointsUntilNextLevel": 5443, "tokensEarned": 0, "championId": 64, "lastPlayTime": 1468137463000}, {"championLevel": 3, "chestGranted": false, "championPoints": 6500, "championPointsSinceLastLevel": 500, "playerId": 21916, "championPointsUntilNextLevel": 6100, "tokensEarned": 0, "championId": 111, "lastPlayTime": 1468141702000}, {"championLevel": 3, "chestGranted": false, "championPoints": 6208, "championPointsSinceLastLevel": 208, "playerId": 21916, "championPointsUntilNextLevel": 6392, "tokensEarned": 0, "championId": 117, "lastPlayTime": 1454307392000}, {"championLevel": 2, "chestGranted": false, "championPoints": 5742, "championPointsSinceLastLevel": 3942, "playerId": 21916, "championPointsUntilNextLevel": 258, "tokensEarned": 0, "championId": 63, "lastPlayTime": 1467322096000}, {"championLevel": 2, "chestGranted": false, "championPoints": 5703, "championPointsSinceLastLevel": 3903, "playerId": 21916, "championPointsUntilNextLevel": 297, "tokensEarned": 0, "championId": 4, "lastPlayTime": 1457330054000}, {"championLevel": 2, "chestGranted": true, "championPoints": 5485, "championPointsSinceLastLevel": 3685, "playerId": 21916, "championPointsUntilNextLevel": 515, "tokensEarned": 0, "championId": 79, "lastPlayTime": 1466791889000}, {"championLevel": 2, "chestGranted": false, "championPoints": 5416, "championPointsSinceLastLevel": 3616, "playerId": 21916, "championPointsUntilNextLevel": 584, "tokensEarned": 0, "championId": 54, "lastPlayTime": 1467927310000}, {"championLevel": 2, "chestGranted": false, "championPoints": 5325, "championPointsSinceLastLevel": 3525, "playerId": 21916, "championPointsUntilNextLevel": 675, "tokensEarned": 0, "championId": 90, "lastPlayTime": 1466231422000}, {"championLevel": 2, "chestGranted": false, "championPoints": 4963, "championPointsSinceLastLevel": 3163, "playerId": 21916, "championPointsUntilNextLevel": 1037, "tokensEarned": 0, "championId": 37, "lastPlayTime": 1466248221000}, {"championLevel": 2, "chestGranted": false, "championPoints": 4890, "championPointsSinceLastLevel": 3090, "playerId": 21916, "championPointsUntilNextLevel": 1110, "tokensEarned": 0, "championId": 21, "lastPlayTime": 1468468298000}, {"championLevel": 2, "chestGranted": false, "championPoints": 4861, "championPointsSinceLastLevel": 3061, "playerId": 21916, "championPointsUntilNextLevel": 1139, "tokensEarned": 0, "championId": 78, "lastPlayTime": 1461448558000}, {"championLevel": 2, "chestGranted": false, "championPoints": 4234, "championPointsSinceLastLevel": 2434, "playerId": 21916, "championPointsUntilNextLevel": 1766, "tokensEarned": 0, "championId": 101, "lastPlayTime": 1461450512000}, {"championLevel": 2, "chestGranted": false, "championPoints": 4201, "championPointsSinceLastLevel": 2401, "playerId": 21916, "championPointsUntilNextLevel": 1799, "tokensEarned": 0, "championId": 254, "lastPlayTime": 1466618955000}, {"championLevel": 2, "chestGranted": false, "championPoints": 4012, "championPointsSinceLastLevel": 2212, "playerId": 21916, "championPointsUntilNextLevel": 1988, "tokensEarned": 0, "championId": 59, "lastPlayTime": 1467401181000}, {"championLevel": 2, "chestGranted": false, "championPoints": 3920, "championPointsSinceLastLevel": 2120, "playerId": 21916, "championPointsUntilNextLevel": 2080, "tokensEarned": 0, "championId": 44, "lastPlayTime": 1461866488000}, {"championLevel": 2, "chestGranted": false, "championPoints": 3875, "championPointsSinceLastLevel": 2075, "playerId": 21916, "championPointsUntilNextLevel": 2125, "tokensEarned": 0, "championId": 57, "lastPlayTime": 1457663528000}, {"championLevel": 2, "chestGranted": false, "championPoints": 3669, "championPointsSinceLastLevel": 1869, "playerId": 21916, "championPointsUntilNextLevel": 2331, "tokensEarned": 0, "championId": 5, "lastPlayTime": 1460230603000}, {"championLevel": 2, "chestGranted": false, "championPoints": 3588, "championPointsSinceLastLevel": 1788, "playerId": 21916, "championPointsUntilNextLevel": 2412, "tokensEarned": 0, "championId": 45, "lastPlayTime": 1468557971000}, {"championLevel": 2, "chestGranted": false, "championPoints": 3575, "championPointsSinceLastLevel": 1775, "playerId": 21916, "championPointsUntilNextLevel": 2425, "tokensEarned": 0, "championId": 36, "lastPlayTime": 1467836172000}, {"championLevel": 2, "chestGranted": false, "championPoints": 3338, "championPointsSinceLastLevel": 1538, "playerId": 21916, "championPointsUntilNextLevel": 2662, "tokensEarned": 0, "championId": 115, "lastPlayTime": 1467144311000}, {"championLevel": 2, "chestGranted": false, "championPoints": 3283, "championPointsSinceLastLevel": 1483, "playerId": 21916, "championPointsUntilNextLevel": 2717, "tokensEarned": 0, "championId": 38, "lastPlayTime": 1468220968000}, {"championLevel": 2, "chestGranted": false, "championPoints": 3181, "championPointsSinceLastLevel": 1381, "playerId": 21916, "championPointsUntilNextLevel": 2819, "tokensEarned": 0, "championId": 113, "lastPlayTime": 1468559218000}, {"championLevel": 2, "chestGranted": true, "championPoints": 3024, "championPointsSinceLastLevel": 1224, "playerId": 21916, "championPointsUntilNextLevel": 2976, "tokensEarned": 0, "championId": 27, "lastPlayTime": 1468469432000}, {"championLevel": 2, "chestGranted": false, "championPoints": 2908, "championPointsSinceLastLevel": 1108, "playerId": 21916, "championPointsUntilNextLevel": 3092, "tokensEarned": 0, "championId": 104, "lastPlayTime": 1468471225000}, {"championLevel": 2, "chestGranted": true, "championPoints": 2860, "championPointsSinceLastLevel": 1060, "playerId": 21916, "championPointsUntilNextLevel": 3140, "tokensEarned": 0, "championId": 136, "lastPlayTime": 1459565916000}, {"championLevel": 2, "chestGranted": false, "championPoints": 2837, "championPointsSinceLastLevel": 1037, "playerId": 21916, "championPointsUntilNextLevel": 3163, "tokensEarned": 0, "championId": 40, "lastPlayTime": 1466699711000}, {"championLevel": 2, "chestGranted": true, "championPoints": 2818, "championPointsSinceLastLevel": 1018, "playerId": 21916, "championPointsUntilNextLevel": 3182, "tokensEarned": 0, "championId": 8, "lastPlayTime": 1466967377000}, {"championLevel": 2, "chestGranted": false, "championPoints": 2729, "championPointsSinceLastLevel": 929, "playerId": 21916, "championPointsUntilNextLevel": 3271, "tokensEarned": 0, "championId": 31, "lastPlayTime": 1468006394000}, {"championLevel": 2, "chestGranted": false, "championPoints": 2703, "championPointsSinceLastLevel": 903, "playerId": 21916, "championPointsUntilNextLevel": 3297, "tokensEarned": 0, "championId": 58, "lastPlayTime": 1455360969000}, {"championLevel": 2, "chestGranted": false, "championPoints": 2660, "championPointsSinceLastLevel": 860, "playerId": 21916, "championPointsUntilNextLevel": 3340, "tokensEarned": 0, "championId": 103, "lastPlayTime": 1453485249000}, {"championLevel": 2, "chestGranted": false, "championPoints": 2601, "championPointsSinceLastLevel": 801, "playerId": 21916, "championPointsUntilNextLevel": 3399, "tokensEarned": 0, "championId": 68, "lastPlayTime": 1467844007000}, {"championLevel": 2, "chestGranted": false, "championPoints": 2428, "championPointsSinceLastLevel": 628, "playerId": 21916, "championPointsUntilNextLevel": 3572, "tokensEarned": 0, "championId": 107, "lastPlayTime": 1452086974000}, {"championLevel": 2, "chestGranted": false, "championPoints": 2423, "championPointsSinceLastLevel": 623, "playerId": 21916, "championPointsUntilNextLevel": 3577, "tokensEarned": 0, "championId": 3, "lastPlayTime": 1467259734000}, {"championLevel": 2, "chestGranted": false, "championPoints": 2377, "championPointsSinceLastLevel": 577, "playerId": 21916, "championPointsUntilNextLevel": 3623, "tokensEarned": 0, "championId": 150, "lastPlayTime": 1461459807000}, {"championLevel": 2, "chestGranted": false, "championPoints": 2343, "championPointsSinceLastLevel": 543, "playerId": 21916, "championPointsUntilNextLevel": 3657, "tokensEarned": 0, "championId": 32, "lastPlayTime": 1462641683000}, {"championLevel": 2, "chestGranted": false, "championPoints": 2241, "championPointsSinceLastLevel": 441, "playerId": 21916, "championPointsUntilNextLevel": 3759, "tokensEarned": 0, "championId": 119, "lastPlayTime": 1452976975000}, {"championLevel": 2, "chestGranted": false, "championPoints": 2079, "championPointsSinceLastLevel": 279, "playerId": 21916, "championPointsUntilNextLevel": 3921, "tokensEarned": 0, "championId": 105, "lastPlayTime": 1466178839000}, {"championLevel": 2, "chestGranted": true, "championPoints": 1958, "championPointsSinceLastLevel": 158, "playerId": 21916, "championPointsUntilNextLevel": 4042, "tokensEarned": 0, "championId": 35, "lastPlayTime": 1468007344000}, {"championLevel": 2, "chestGranted": false, "championPoints": 1807, "championPointsSinceLastLevel": 7, "playerId": 21916, "championPointsUntilNextLevel": 4193, "tokensEarned": 0, "championId": 163, "lastPlayTime": 1465619570000}, {"championLevel": 1, "chestGranted": false, "championPoints": 1659, "championPointsSinceLastLevel": 1659, "playerId": 21916, "championPointsUntilNextLevel": 141, "tokensEarned": 0, "championId": 55, "lastPlayTime": 1467245902000}, {"championLevel": 1, "chestGranted": false, "championPoints": 1604, "championPointsSinceLastLevel": 1604, "playerId": 21916, "championPointsUntilNextLevel": 196, "tokensEarned": 0, "championId": 20, "lastPlayTime": 1432009591000}, {"championLevel": 1, "chestGranted": false, "championPoints": 1561, "championPointsSinceLastLevel": 1561, "playerId": 21916, "championPointsUntilNextLevel": 239, "tokensEarned": 0, "championId": 245, "lastPlayTime": 1457323590000}, {"championLevel": 1, "chestGranted": false, "championPoints": 1548, "championPointsSinceLastLevel": 1548, "playerId": 21916, "championPointsUntilNextLevel": 252, "tokensEarned": 0, "championId": 15, "lastPlayTime": 1455348655000}, {"championLevel": 1, "chestGranted": false, "championPoints": 1523, "championPointsSinceLastLevel": 1523, "playerId": 21916, "championPointsUntilNextLevel": 277, "tokensEarned": 0, "championId": 50, "lastPlayTime": 1453334695000}, {"championLevel": 1, "chestGranted": false, "championPoints": 1502, "championPointsSinceLastLevel": 1502, "playerId": 21916, "championPointsUntilNextLevel": 298, "tokensEarned": 0, "championId": 42, "lastPlayTime": 1454677653000}, {"championLevel": 1, "chestGranted": false, "championPoints": 1370, "championPointsSinceLastLevel": 1370, "playerId": 21916, "championPointsUntilNextLevel": 430, "tokensEarned": 0, "championId": 112, "lastPlayTime": 1455376282000}, {"championLevel": 1, "chestGranted": false, "championPoints": 1366, "championPointsSinceLastLevel": 1366, "playerId": 21916, "championPointsUntilNextLevel": 434, "tokensEarned": 0, "championId": 6, "lastPlayTime": 1457667398000}, {"championLevel": 1, "chestGranted": false, "championPoints": 1360, "championPointsSinceLastLevel": 1360, "playerId": 21916, "championPointsUntilNextLevel": 440, "tokensEarned": 0, "championId": 157, "lastPlayTime": 1462549379000}, {"championLevel": 1, "chestGranted": false, "championPoints": 1354, "championPointsSinceLastLevel": 1354, "playerId": 21916, "championPointsUntilNextLevel": 446, "tokensEarned": 0, "championId": 268, "lastPlayTime": 1466530444000}, {"championLevel": 1, "chestGranted": false, "championPoints": 1348, "championPointsSinceLastLevel": 1348, "playerId": 21916, "championPointsUntilNextLevel": 452, "tokensEarned": 0, "championId": 18, "lastPlayTime": 1466612370000}, {"championLevel": 1, "chestGranted": false, "championPoints": 1344, "championPointsSinceLastLevel": 1344, "playerId": 21916, "championPointsUntilNextLevel": 456, "tokensEarned": 0, "championId": 33, "lastPlayTime": 1466532675000}, {"championLevel": 1, "chestGranted": false, "championPoints": 1326, "championPointsSinceLastLevel": 1326, "playerId": 21916, "championPointsUntilNextLevel": 474, "tokensEarned": 0, "championId": 19, "lastPlayTime": 1467073874000}, {"championLevel": 1, "chestGranted": false, "championPoints": 1133, "championPointsSinceLastLevel": 1133, "playerId": 21916, "championPointsUntilNextLevel": 667, "tokensEarned": 0, "championId": 34, "lastPlayTime": 1461554623000}, {"championLevel": 1, "chestGranted": true, "championPoints": 1121, "championPointsSinceLastLevel": 1121, "playerId": 21916, "championPointsUntilNextLevel": 679, "tokensEarned": 0, "championId": 266, "lastPlayTime": 1468013105000}, {"championLevel": 1, "chestGranted": false, "championPoints": 1093, "championPointsSinceLastLevel": 1093, "playerId": 21916, "championPointsUntilNextLevel": 707, "tokensEarned": 0, "championId": 26, "lastPlayTime": 1461552425000}, {"championLevel": 1, "chestGranted": false, "championPoints": 1072, "championPointsSinceLastLevel": 1072, "playerId": 21916, "championPointsUntilNextLevel": 728, "tokensEarned": 0, "championId": 267, "lastPlayTime": 1452543751000}, {"championLevel": 1, "chestGranted": false, "championPoints": 1019, "championPointsSinceLastLevel": 1019, "playerId": 21916, "championPointsUntilNextLevel": 781, "tokensEarned": 0, "championId": 82, "lastPlayTime": 1466983174000}, {"championLevel": 1, "chestGranted": false, "championPoints": 916, "championPointsSinceLastLevel": 916, "playerId": 21916, "championPointsUntilNextLevel": 884, "tokensEarned": 0, "championId": 134, "lastPlayTime": 1466227624000}, {"championLevel": 1, "chestGranted": false, "championPoints": 809, "championPointsSinceLastLevel": 809, "playerId": 21916, "championPointsUntilNextLevel": 991, "tokensEarned": 0, "championId": 23, "lastPlayTime": 1467834318000}, {"championLevel": 1, "chestGranted": false, "championPoints": 523, "championPointsSinceLastLevel": 523, "playerId": 21916, "championPointsUntilNextLevel": 1277, "tokensEarned": 0, "championId": 9, "lastPlayTime": 1457754236000}, {"championLevel": 1, "chestGranted": false, "championPoints": 451, "championPointsSinceLastLevel": 451, "playerId": 21916, "championPointsUntilNextLevel": 1349, "tokensEarned": 0, "championId": 96, "lastPlayTime": 1457965046000}, {"championLevel": 1, "chestGranted": false, "championPoints": 439, "championPointsSinceLastLevel": 439, "playerId": 21916, "championPointsUntilNextLevel": 1361, "tokensEarned": 0, "championId": 1, "lastPlayTime": 1467066961000}, {"championLevel": 1, "chestGranted": false, "championPoints": 394, "championPointsSinceLastLevel": 394, "playerId": 21916, "championPointsUntilNextLevel": 1406, "tokensEarned": 0, "championId": 80, "lastPlayTime": 1466446560000}, {"championLevel": 1, "chestGranted": false, "championPoints": 390, "championPointsSinceLastLevel": 390, "playerId": 21916, "championPointsUntilNextLevel": 1410, "tokensEarned": 0, "championId": 127, "lastPlayTime": 1443161914000}, {"championLevel": 1, "chestGranted": false, "championPoints": 373, "championPointsSinceLastLevel": 373, "playerId": 21916, "championPointsUntilNextLevel": 1427, "tokensEarned": 0, "championId": 7, "lastPlayTime": 1461480181000}, {"championLevel": 1, "chestGranted": false, "championPoints": 368, "championPointsSinceLastLevel": 368, "playerId": 21916, "championPointsUntilNextLevel": 1432, "tokensEarned": 0, "championId": 67, "lastPlayTime": 1452634523000}, {"championLevel": 1, "chestGranted": false, "championPoints": 301, "championPointsSinceLastLevel": 301, "playerId": 21916, "championPointsUntilNextLevel": 1499, "tokensEarned": 0, "championId": 62, "lastPlayTime": 1431292751000}, {"championLevel": 1, "chestGranted": false, "championPoints": 296, "championPointsSinceLastLevel": 296, "playerId": 21916, "championPointsUntilNextLevel": 1504, "tokensEarned": 0, "championId": 24, "lastPlayTime": 1460251746000}, {"championLevel": 1, "chestGranted": false, "championPoints": 198, "championPointsSinceLastLevel": 198, "playerId": 21916, "championPointsUntilNextLevel": 1602, "tokensEarned": 0, "championId": 2, "lastPlayTime": 1466397017000}, {"championLevel": 1, "chestGranted": false, "championPoints": 192, "championPointsSinceLastLevel": 192, "playerId": 21916, "championPointsUntilNextLevel": 1608, "tokensEarned": 0, "championId": 11, "lastPlayTime": 1444440140000}, {"championLevel": 1, "chestGranted": false, "championPoints": 187, "championPointsSinceLastLevel": 187, "playerId": 21916, "championPointsUntilNextLevel": 1613, "tokensEarned": 0, "championId": 114, "lastPlayTime": 1462773959000}, {"championLevel": 1, "chestGranted": false, "championPoints": 172, "championPointsSinceLastLevel": 172, "playerId": 21916, "championPointsUntilNextLevel": 1628, "tokensEarned": 0, "championId": 110, "lastPlayTime": 1457410511000}, {"championLevel": 1, "chestGranted": false, "championPoints": 169, "championPointsSinceLastLevel": 169, "playerId": 21916, "championPointsUntilNextLevel": 1631, "tokensEarned": 0, "championId": 76, "lastPlayTime": 1467262413000}, {"championLevel": 1, "chestGranted": false, "championPoints": 167, "championPointsSinceLastLevel": 167, "playerId": 21916, "championPointsUntilNextLevel": 1633, "tokensEarned": 0, "championId": 203, "lastPlayTime": 1462757331000}, {"championLevel": 1, "chestGranted": false, "championPoints": 164, "championPointsSinceLastLevel": 164, "playerId": 21916, "championPointsUntilNextLevel": 1636, "tokensEarned": 0, "championId": 106, "lastPlayTime": 1450328822000}, {"championLevel": 1, "chestGranted": false, "championPoints": 152, "championPointsSinceLastLevel": 152, "playerId": 21916, "championPointsUntilNextLevel": 1648, "tokensEarned": 0, "championId": 154, "lastPlayTime": 1466615818000}, {"championLevel": 1, "chestGranted": false, "championPoints": 136, "championPointsSinceLastLevel": 136, "playerId": 21916, "championPointsUntilNextLevel": 1664, "tokensEarned": 0, "championId": 84, "lastPlayTime": 1468472928000}, {"championLevel": 1, "chestGranted": false, "championPoints": 131, "championPointsSinceLastLevel": 131, "playerId": 21916, "championPointsUntilNextLevel": 1669, "tokensEarned": 0, "championId": 74, "lastPlayTime": 1467929289000}, {"championLevel": 1, "chestGranted": false, "championPoints": 105, "championPointsSinceLastLevel": 105, "playerId": 21916, "championPointsUntilNextLevel": 1695, "tokensEarned": 0, "championId": 429, "lastPlayTime": 1467838547000}]