[{"championLevel": 5, "chestGranted": false, "championPoints": 26798, "championPointsSinceLastLevel": 5198, "playerId": 21926, "championPointsUntilNextLevel": 0, "tokensEarned": 0, "championId": 67, "lastPlayTime": 1455741270000}, {"championLevel": 4, "chestGranted": true, "championPoints": 17386, "championPointsSinceLastLevel": 4786, "playerId": 21926, "championPointsUntilNextLevel": 4214, "tokensEarned": 0, "championId": 117, "lastPlayTime": 1465586264000}, {"championLevel": 4, "chestGranted": false, "championPoints": 16624, "championPointsSinceLastLevel": 4024, "playerId": 21926, "championPointsUntilNextLevel": 4976, "tokensEarned": 0, "championId": 81, "lastPlayTime": 1461441775000}, {"championLevel": 4, "chestGranted": false, "championPoints": 15675, "championPointsSinceLastLevel": 3075, "playerId": 21926, "championPointsUntilNextLevel": 5925, "tokensEarned": 0, "championId": 51, "lastPlayTime": 1456099070000}, {"championLevel": 4, "chestGranted": false, "championPoints": 15069, "championPointsSinceLastLevel": 2469, "playerId": 21926, "championPointsUntilNextLevel": 6531, "tokensEarned": 0, "championId": 412, "lastPlayTime": 1456186007000}, {"championLevel": 3, "chestGranted": false, "championPoints": 11918, "championPointsSinceLastLevel": 5918, "playerId": 21926, "championPointsUntilNextLevel": 682, "tokensEarned": 0, "championId": 203, "lastPlayTime": 1455223553000}, {"championLevel": 3, "chestGranted": false, "championPoints": 10281, "championPointsSinceLastLevel": 4281, "playerId": 21926, "championPointsUntilNextLevel": 2319, "tokensEarned": 0, "championId": 222, "lastPlayTime": 1452220754000}, {"championLevel": 3, "chestGranted": false, "championPoints": 10177, "championPointsSinceLastLevel": 4177, "playerId": 21926, "championPointsUntilNextLevel": 2423, "tokensEarned": 0, "championId": 1, "lastPlayTime": 1462579836000}, {"championLevel": 3, "chestGranted": false, "championPoints": 8657, "championPointsSinceLastLevel": 2657, "playerId": 21926, "championPointsUntilNextLevel": 3943, "tokensEarned": 0, "championId": 25, "lastPlayTime": 1455228055000}, {"championLevel": 3, "chestGranted": false, "championPoints": 8514, "championPointsSinceLastLevel": 2514, "playerId": 21926, "championPointsUntilNextLevel": 4086, "tokensEarned": 0, "championId": 21, "lastPlayTime": 1461376524000}, {"championLevel": 3, "chestGranted": false, "championPoints": 7894, "championPointsSinceLastLevel": 1894, "playerId": 21926, "championPointsUntilNextLevel": 4706, "tokensEarned": 0, "championId": 223, "lastPlayTime": 1452472327000}, {"championLevel": 3, "chestGranted": false, "championPoints": 7556, "championPointsSinceLastLevel": 1556, "playerId": 21926, "championPointsUntilNextLevel": 5044, "tokensEarned": 0, "championId": 37, "lastPlayTime": 1460774517000}, {"championLevel": 3, "chestGranted": false, "championPoints": 7493, "championPointsSinceLastLevel": 1493, "playerId": 21926, "championPointsUntilNextLevel": 5107, "tokensEarned": 0, "championId": 99, "lastPlayTime": 1460936312000}, {"championLevel": 3, "chestGranted": false, "championPoints": 6813, "championPointsSinceLastLevel": 813, "playerId": 21926, "championPointsUntilNextLevel": 5787, "tokensEarned": 0, "championId": 432, "lastPlayTime": 1456967486000}, {"championLevel": 3, "chestGranted": false, "championPoints": 6441, "championPointsSinceLastLevel": 441, "playerId": 21926, "championPointsUntilNextLevel": 6159, "tokensEarned": 0, "championId": 98, "lastPlayTime": 1449198842000}, {"championLevel": 3, "chestGranted": true, "championPoints": 6183, "championPointsSinceLastLevel": 183, "playerId": 21926, "championPointsUntilNextLevel": 6417, "tokensEarned": 0, "championId": 53, "lastPlayTime": 1462657462000}, {"championLevel": 2, "chestGranted": false, "championPoints": 5158, "championPointsSinceLastLevel": 3358, "playerId": 21926, "championPointsUntilNextLevel": 842, "tokensEarned": 0, "championId": 22, "lastPlayTime": 1461446627000}, {"championLevel": 2, "chestGranted": false, "championPoints": 4914, "championPointsSinceLastLevel": 3114, "playerId": 21926, "championPointsUntilNextLevel": 1086, "tokensEarned": 0, "championId": 92, "lastPlayTime": 1443557510000}, {"championLevel": 2, "chestGranted": false, "championPoints": 4476, "championPointsSinceLastLevel": 2676, "playerId": 21926, "championPointsUntilNextLevel": 1524, "tokensEarned": 0, "championId": 238, "lastPlayTime": 1455331775000}, {"championLevel": 2, "chestGranted": false, "championPoints": 4124, "championPointsSinceLastLevel": 2324, "playerId": 21926, "championPointsUntilNextLevel": 1876, "tokensEarned": 0, "championId": 429, "lastPlayTime": 1452108464000}, {"championLevel": 2, "chestGranted": false, "championPoints": 3597, "championPointsSinceLastLevel": 1797, "playerId": 21926, "championPointsUntilNextLevel": 2403, "tokensEarned": 0, "championId": 267, "lastPlayTime": 1452366035000}, {"championLevel": 2, "chestGranted": false, "championPoints": 3474, "championPointsSinceLastLevel": 1674, "playerId": 21926, "championPointsUntilNextLevel": 2526, "tokensEarned": 0, "championId": 89, "lastPlayTime": 1454560756000}, {"championLevel": 2, "chestGranted": false, "championPoints": 3451, "championPointsSinceLastLevel": 1651, "playerId": 21926, "championPointsUntilNextLevel": 2549, "tokensEarned": 0, "championId": 62, "lastPlayTime": 1460823760000}, {"championLevel": 2, "chestGranted": false, "championPoints": 3250, "championPointsSinceLastLevel": 1450, "playerId": 21926, "championPointsUntilNextLevel": 2750, "tokensEarned": 0, "championId": 15, "lastPlayTime": 1451764703000}, {"championLevel": 2, "chestGranted": false, "championPoints": 3221, "championPointsSinceLastLevel": 1421, "playerId": 21926, "championPointsUntilNextLevel": 2779, "tokensEarned": 0, "championId": 85, "lastPlayTime": 1460759033000}, {"championLevel": 2, "chestGranted": false, "championPoints": 3182, "championPointsSinceLastLevel": 1382, "playerId": 21926, "championPointsUntilNextLevel": 2818, "tokensEarned": 0, "championId": 75, "lastPlayTime": 1446325754000}, {"championLevel": 2, "chestGranted": false, "championPoints": 3102, "championPointsSinceLastLevel": 1302, "playerId": 21926, "championPointsUntilNextLevel": 2898, "tokensEarned": 0, "championId": 40, "lastPlayTime": 1452469221000}, {"championLevel": 2, "chestGranted": false, "championPoints": 3080, "championPointsSinceLastLevel": 1280, "playerId": 21926, "championPointsUntilNextLevel": 2920, "tokensEarned": 0, "championId": 114, "lastPlayTime": 1448758132000}, {"championLevel": 2, "chestGranted": false, "championPoints": 2703, "championPointsSinceLastLevel": 903, "playerId": 21926, "championPointsUntilNextLevel": 3297, "tokensEarned": 0, "championId": 18, "lastPlayTime": 1454793741000}, {"championLevel": 2, "chestGranted": false, "championPoints": 2568, "championPointsSinceLastLevel": 768, "playerId": 21926, "championPointsUntilNextLevel": 3432, "tokensEarned": 0, "championId": 36, "lastPlayTime": 1447305605000}, {"championLevel": 2, "chestGranted": false, "championPoints": 2559, "championPointsSinceLastLevel": 759, "playerId": 21926, "championPointsUntilNextLevel": 3441, "tokensEarned": 0, "championId": 16, "lastPlayTime": 1454615032000}, {"championLevel": 2, "chestGranted": false, "championPoints": 2471, "championPointsSinceLastLevel": 671, "playerId": 21926, "championPointsUntilNextLevel": 3529, "tokensEarned": 0, "championId": 57, "lastPlayTime": 1445060195000}, {"championLevel": 2, "chestGranted": false, "championPoints": 2332, "championPointsSinceLastLevel": 532, "playerId": 21926, "championPointsUntilNextLevel": 3668, "tokensEarned": 0, "championId": 44, "lastPlayTime": 1460762634000}, {"championLevel": 2, "chestGranted": false, "championPoints": 1917, "championPointsSinceLastLevel": 117, "playerId": 21926, "championPointsUntilNextLevel": 4083, "tokensEarned": 0, "championId": 28, "lastPlayTime": 1461378887000}, {"championLevel": 2, "chestGranted": false, "championPoints": 1894, "championPointsSinceLastLevel": 94, "playerId": 21926, "championPointsUntilNextLevel": 4106, "tokensEarned": 0, "championId": 64, "lastPlayTime": 1441570244000}, {"championLevel": 2, "chestGranted": false, "championPoints": 1868, "championPointsSinceLastLevel": 68, "playerId": 21926, "championPointsUntilNextLevel": 4132, "tokensEarned": 0, "championId": 55, "lastPlayTime": 1460937677000}, {"championLevel": 2, "chestGranted": false, "championPoints": 1804, "championPointsSinceLastLevel": 4, "playerId": 21926, "championPointsUntilNextLevel": 4196, "tokensEarned": 0, "championId": 103, "lastPlayTime": 1460825293000}, {"championLevel": 1, "chestGranted": false, "championPoints": 1660, "championPointsSinceLastLevel": 1660, "playerId": 21926, "championPointsUntilNextLevel": 140, "tokensEarned": 0, "championId": 69, "lastPlayTime": 1441920281000}, {"championLevel": 1, "chestGranted": false, "championPoints": 1655, "championPointsSinceLastLevel": 1655, "playerId": 21926, "championPointsUntilNextLevel": 145, "tokensEarned": 0, "championId": 60, "lastPlayTime": 1455313648000}, {"championLevel": 1, "chestGranted": false, "championPoints": 1560, "championPointsSinceLastLevel": 1560, "playerId": 21926, "championPointsUntilNextLevel": 240, "tokensEarned": 0, "championId": 76, "lastPlayTime": 1460939370000}, {"championLevel": 1, "chestGranted": false, "championPoints": 1539, "championPointsSinceLastLevel": 1539, "playerId": 21926, "championPointsUntilNextLevel": 261, "tokensEarned": 0, "championId": 72, "lastPlayTime": 1451332962000}, {"championLevel": 1, "chestGranted": false, "championPoints": 1517, "championPointsSinceLastLevel": 1517, "playerId": 21926, "championPointsUntilNextLevel": 283, "tokensEarned": 0, "championId": 122, "lastPlayTime": 1448209377000}, {"championLevel": 1, "chestGranted": false, "championPoints": 1511, "championPointsSinceLastLevel": 1511, "playerId": 21926, "championPointsUntilNextLevel": 289, "tokensEarned": 0, "championId": 110, "lastPlayTime": 1451855634000}, {"championLevel": 1, "chestGranted": false, "championPoints": 1487, "championPointsSinceLastLevel": 1487, "playerId": 21926, "championPointsUntilNextLevel": 313, "tokensEarned": 0, "championId": 202, "lastPlayTime": 1456970295000}, {"championLevel": 1, "chestGranted": false, "championPoints": 1447, "championPointsSinceLastLevel": 1447, "playerId": 21926, "championPointsUntilNextLevel": 353, "tokensEarned": 0, "championId": 58, "lastPlayTime": 1452624964000}, {"championLevel": 1, "chestGranted": false, "championPoints": 1425, "championPointsSinceLastLevel": 1425, "playerId": 21926, "championPointsUntilNextLevel": 375, "tokensEarned": 0, "championId": 131, "lastPlayTime": 1445818860000}, {"championLevel": 1, "chestGranted": false, "championPoints": 1407, "championPointsSinceLastLevel": 1407, "playerId": 21926, "championPointsUntilNextLevel": 393, "tokensEarned": 0, "championId": 8, "lastPlayTime": 1445713654000}, {"championLevel": 1, "chestGranted": false, "championPoints": 1397, "championPointsSinceLastLevel": 1397, "playerId": 21926, "championPointsUntilNextLevel": 403, "tokensEarned": 0, "championId": 43, "lastPlayTime": 1444604700000}, {"championLevel": 1, "chestGranted": false, "championPoints": 1346, "championPointsSinceLastLevel": 1346, "playerId": 21926, "championPointsUntilNextLevel": 454, "tokensEarned": 0, "championId": 127, "lastPlayTime": 1431563023000}, {"championLevel": 1, "chestGranted": false, "championPoints": 1257, "championPointsSinceLastLevel": 1257, "playerId": 21926, "championPointsUntilNextLevel": 543, "tokensEarned": 0, "championId": 150, "lastPlayTime": 1439248002000}, {"championLevel": 1, "chestGranted": false, "championPoints": 1253, "championPointsSinceLastLevel": 1253, "playerId": 21926, "championPointsUntilNextLevel": 547, "tokensEarned": 0, "championId": 20, "lastPlayTime": 1432512243000}, {"championLevel": 1, "chestGranted": false, "championPoints": 1203, "championPointsSinceLastLevel": 1203, "playerId": 21926, "championPointsUntilNextLevel": 597, "tokensEarned": 0, "championId": 120, "lastPlayTime": 1444509949000}, {"championLevel": 1, "chestGranted": false, "championPoints": 1194, "championPointsSinceLastLevel": 1194, "playerId": 21926, "championPointsUntilNextLevel": 606, "tokensEarned": 0, "championId": 143, "lastPlayTime": 1455308561000}, {"championLevel": 1, "chestGranted": false, "championPoints": 1162, "championPointsSinceLastLevel": 1162, "playerId": 21926, "championPointsUntilNextLevel": 638, "tokensEarned": 0, "championId": 201, "lastPlayTime": 1448859836000}, {"championLevel": 1, "chestGranted": false, "championPoints": 1096, "championPointsSinceLastLevel": 1096, "playerId": 21926, "championPointsUntilNextLevel": 704, "tokensEarned": 0, "championId": 30, "lastPlayTime": 1461443390000}, {"championLevel": 1, "chestGranted": false, "championPoints": 1053, "championPointsSinceLastLevel": 1053, "playerId": 21926, "championPointsUntilNextLevel": 747, "tokensEarned": 0, "championId": 78, "lastPlayTime": 1451335217000}, {"championLevel": 1, "chestGranted": false, "championPoints": 1049, "championPointsSinceLastLevel": 1049, "playerId": 21926, "championPointsUntilNextLevel": 751, "tokensEarned": 0, "championId": 63, "lastPlayTime": 1448294797000}, {"championLevel": 1, "chestGranted": false, "championPoints": 980, "championPointsSinceLastLevel": 980, "playerId": 21926, "championPointsUntilNextLevel": 820, "tokensEarned": 0, "championId": 112, "lastPlayTime": 1447639452000}, {"championLevel": 1, "chestGranted": false, "championPoints": 878, "championPointsSinceLastLevel": 878, "playerId": 21926, "championPointsUntilNextLevel": 922, "tokensEarned": 0, "championId": 90, "lastPlayTime": 1462654911000}, {"championLevel": 1, "chestGranted": false, "championPoints": 839, "championPointsSinceLastLevel": 839, "playerId": 21926, "championPointsUntilNextLevel": 961, "tokensEarned": 0, "championId": 245, "lastPlayTime": 1462577907000}, {"championLevel": 1, "chestGranted": false, "championPoints": 694, "championPointsSinceLastLevel": 694, "playerId": 21926, "championPointsUntilNextLevel": 1106, "tokensEarned": 0, "championId": 104, "lastPlayTime": 1444622250000}, {"championLevel": 1, "chestGranted": false, "championPoints": 591, "championPointsSinceLastLevel": 591, "playerId": 21926, "championPointsUntilNextLevel": 1209, "tokensEarned": 0, "championId": 420, "lastPlayTime": 1449801244000}, {"championLevel": 1, "chestGranted": false, "championPoints": 477, "championPointsSinceLastLevel": 477, "playerId": 21926, "championPointsUntilNextLevel": 1323, "tokensEarned": 0, "championId": 105, "lastPlayTime": 1441574396000}, {"championLevel": 1, "chestGranted": false, "championPoints": 473, "championPointsSinceLastLevel": 473, "playerId": 21926, "championPointsUntilNextLevel": 1327, "tokensEarned": 0, "championId": 42, "lastPlayTime": 1447308132000}, {"championLevel": 1, "chestGranted": false, "championPoints": 411, "championPointsSinceLastLevel": 411, "playerId": 21926, "championPointsUntilNextLevel": 1389, "tokensEarned": 0, "championId": 134, "lastPlayTime": 1456102169000}, {"championLevel": 1, "chestGranted": false, "championPoints": 363, "championPointsSinceLastLevel": 363, "playerId": 21926, "championPointsUntilNextLevel": 1437, "tokensEarned": 0, "championId": 32, "lastPlayTime": 1454784556000}, {"championLevel": 1, "chestGranted": false, "championPoints": 317, "championPointsSinceLastLevel": 317, "playerId": 21926, "championPointsUntilNextLevel": 1483, "tokensEarned": 0, "championId": 12, "lastPlayTime": 1452628759000}, {"championLevel": 1, "chestGranted": false, "championPoints": 315, "championPointsSinceLastLevel": 315, "playerId": 21926, "championPointsUntilNextLevel": 1485, "tokensEarned": 0, "championId": 161, "lastPlayTime": 1456191031000}, {"championLevel": 1, "chestGranted": false, "championPoints": 296, "championPointsSinceLastLevel": 296, "playerId": 21926, "championPointsUntilNextLevel": 1504, "tokensEarned": 0, "championId": 102, "lastPlayTime": 1446320074000}, {"championLevel": 1, "chestGranted": false, "championPoints": 277, "championPointsSinceLastLevel": 277, "playerId": 21926, "championPointsUntilNextLevel": 1523, "tokensEarned": 0, "championId": 7, "lastPlayTime": 1440731902000}, {"championLevel": 1, "chestGranted": false, "championPoints": 249, "championPointsSinceLastLevel": 249, "playerId": 21926, "championPointsUntilNextLevel": 1551, "tokensEarned": 0, "championId": 126, "lastPlayTime": 1441331219000}, {"championLevel": 1, "chestGranted": false, "championPoints": 198, "championPointsSinceLastLevel": 198, "playerId": 21926, "championPointsUntilNextLevel": 1602, "tokensEarned": 0, "championId": 107, "lastPlayTime": 1445827685000}, {"championLevel": 1, "chestGranted": false, "championPoints": 172, "championPointsSinceLastLevel": 172, "playerId": 21926, "championPointsUntilNextLevel": 1628, "tokensEarned": 0, "championId": 421, "lastPlayTime": 1446599370000}, {"championLevel": 1, "chestGranted": false, "championPoints": 168, "championPointsSinceLastLevel": 168, "playerId": 21926, "championPointsUntilNextLevel": 1632, "tokensEarned": 0, "championId": 236, "lastPlayTime": 1448654992000}, {"championLevel": 1, "chestGranted": false, "championPoints": 164, "championPointsSinceLastLevel": 164, "playerId": 21926, "championPointsUntilNextLevel": 1636, "tokensEarned": 0, "championId": 61, "lastPlayTime": 1445823228000}]