[{"championLevel": 5, "chestGranted": true, "championPoints": 131689, "championPointsSinceLastLevel": 110089, "playerId": 21938, "championPointsUntilNextLevel": 0, "tokensEarned": 0, "championId": 51, "lastPlayTime": 1467854276000}, {"championLevel": 5, "chestGranted": true, "championPoints": 67382, "championPointsSinceLastLevel": 45782, "playerId": 21938, "championPointsUntilNextLevel": 0, "tokensEarned": 1, "championId": 86, "lastPlayTime": 1466621821000}, {"championLevel": 6, "chestGranted": true, "championPoints": 46005, "championPointsSinceLastLevel": 24405, "playerId": 21938, "championPointsUntilNextLevel": 0, "tokensEarned": 1, "championId": 90, "lastPlayTime": 1467144054000}, {"championLevel": 5, "chestGranted": true, "championPoints": 44913, "championPointsSinceLastLevel": 23313, "playerId": 21938, "championPointsUntilNextLevel": 0, "tokensEarned": 0, "championId": 31, "lastPlayTime": 1466924030000}, {"championLevel": 5, "chestGranted": true, "championPoints": 27970, "championPointsSinceLastLevel": 6370, "playerId": 21938, "championPointsUntilNextLevel": 0, "tokensEarned": 0, "championId": 5, "lastPlayTime": 1467858533000}, {"championLevel": 5, "chestGranted": true, "championPoints": 21991, "championPointsSinceLastLevel": 391, "playerId": 21938, "championPointsUntilNextLevel": 0, "tokensEarned": 0, "championId": 37, "lastPlayTime": 1468214382000}, {"championLevel": 4, "chestGranted": false, "championPoints": 18618, "championPointsSinceLastLevel": 6018, "playerId": 21938, "championPointsUntilNextLevel": 2982, "tokensEarned": 0, "championId": 122, "lastPlayTime": 1464816243000}, {"championLevel": 4, "chestGranted": false, "championPoints": 15708, "championPointsSinceLastLevel": 3108, "playerId": 21938, "championPointsUntilNextLevel": 5892, "tokensEarned": 0, "championId": 41, "lastPlayTime": 1439435231000}, {"championLevel": 4, "chestGranted": false, "championPoints": 15228, "championPointsSinceLastLevel": 2628, "playerId": 21938, "championPointsUntilNextLevel": 6372, "tokensEarned": 0, "championId": 75, "lastPlayTime": 1459141937000}, {"championLevel": 4, "chestGranted": false, "championPoints": 15176, "championPointsSinceLastLevel": 2576, "playerId": 21938, "championPointsUntilNextLevel": 6424, "tokensEarned": 0, "championId": 81, "lastPlayTime": 1468315017000}, {"championLevel": 4, "chestGranted": true, "championPoints": 13736, "championPointsSinceLastLevel": 1136, "playerId": 21938, "championPointsUntilNextLevel": 7864, "tokensEarned": 0, "championId": 17, "lastPlayTime": 1468307554000}, {"championLevel": 3, "chestGranted": false, "championPoints": 11280, "championPointsSinceLastLevel": 5280, "playerId": 21938, "championPointsUntilNextLevel": 1320, "tokensEarned": 0, "championId": 89, "lastPlayTime": 1461537580000}, {"championLevel": 3, "chestGranted": true, "championPoints": 10829, "championPointsSinceLastLevel": 4829, "playerId": 21938, "championPointsUntilNextLevel": 1771, "tokensEarned": 0, "championId": 22, "lastPlayTime": 1468806075000}, {"championLevel": 3, "chestGranted": false, "championPoints": 9872, "championPointsSinceLastLevel": 3872, "playerId": 21938, "championPointsUntilNextLevel": 2728, "tokensEarned": 0, "championId": 25, "lastPlayTime": 1467497117000}, {"championLevel": 3, "chestGranted": false, "championPoints": 8140, "championPointsSinceLastLevel": 2140, "playerId": 21938, "championPointsUntilNextLevel": 4460, "tokensEarned": 0, "championId": 119, "lastPlayTime": 1467100414000}, {"championLevel": 3, "chestGranted": false, "championPoints": 7777, "championPointsSinceLastLevel": 1777, "playerId": 21938, "championPointsUntilNextLevel": 4823, "tokensEarned": 0, "championId": 45, "lastPlayTime": 1467103496000}, {"championLevel": 3, "chestGranted": false, "championPoints": 7601, "championPointsSinceLastLevel": 1601, "playerId": 21938, "championPointsUntilNextLevel": 4999, "tokensEarned": 0, "championId": 68, "lastPlayTime": 1442348380000}, {"championLevel": 3, "chestGranted": true, "championPoints": 6254, "championPointsSinceLastLevel": 254, "playerId": 21938, "championPointsUntilNextLevel": 6346, "tokensEarned": 0, "championId": 115, "lastPlayTime": 1467092887000}, {"championLevel": 2, "chestGranted": false, "championPoints": 4972, "championPointsSinceLastLevel": 3172, "playerId": 21938, "championPointsUntilNextLevel": 1028, "tokensEarned": 0, "championId": 21, "lastPlayTime": 1466447080000}, {"championLevel": 2, "chestGranted": false, "championPoints": 4930, "championPointsSinceLastLevel": 3130, "playerId": 21938, "championPointsUntilNextLevel": 1070, "tokensEarned": 0, "championId": 63, "lastPlayTime": 1468215821000}, {"championLevel": 2, "chestGranted": true, "championPoints": 4897, "championPointsSinceLastLevel": 3097, "playerId": 21938, "championPointsUntilNextLevel": 1103, "tokensEarned": 0, "championId": 58, "lastPlayTime": 1465450351000}, {"championLevel": 2, "chestGranted": false, "championPoints": 4460, "championPointsSinceLastLevel": 2660, "playerId": 21938, "championPointsUntilNextLevel": 1540, "tokensEarned": 0, "championId": 36, "lastPlayTime": 1459323493000}, {"championLevel": 2, "chestGranted": false, "championPoints": 3885, "championPointsSinceLastLevel": 2085, "playerId": 21938, "championPointsUntilNextLevel": 2115, "tokensEarned": 0, "championId": 96, "lastPlayTime": 1466922161000}, {"championLevel": 2, "chestGranted": false, "championPoints": 3572, "championPointsSinceLastLevel": 1772, "playerId": 21938, "championPointsUntilNextLevel": 2428, "tokensEarned": 0, "championId": 106, "lastPlayTime": 1451544816000}, {"championLevel": 2, "chestGranted": true, "championPoints": 3345, "championPointsSinceLastLevel": 1545, "playerId": 21938, "championPointsUntilNextLevel": 2655, "tokensEarned": 0, "championId": 48, "lastPlayTime": 1468192876000}, {"championLevel": 2, "chestGranted": true, "championPoints": 3102, "championPointsSinceLastLevel": 1302, "playerId": 21938, "championPointsUntilNextLevel": 2898, "tokensEarned": 0, "championId": 53, "lastPlayTime": 1466672666000}, {"championLevel": 2, "chestGranted": false, "championPoints": 3093, "championPointsSinceLastLevel": 1293, "playerId": 21938, "championPointsUntilNextLevel": 2907, "tokensEarned": 0, "championId": 99, "lastPlayTime": 1465778352000}, {"championLevel": 2, "chestGranted": false, "championPoints": 2869, "championPointsSinceLastLevel": 1069, "playerId": 21938, "championPointsUntilNextLevel": 3131, "tokensEarned": 0, "championId": 222, "lastPlayTime": 1465535349000}, {"championLevel": 2, "chestGranted": true, "championPoints": 2824, "championPointsSinceLastLevel": 1024, "playerId": 21938, "championPointsUntilNextLevel": 3176, "tokensEarned": 0, "championId": 83, "lastPlayTime": 1462950871000}, {"championLevel": 2, "chestGranted": true, "championPoints": 2812, "championPointsSinceLastLevel": 1012, "playerId": 21938, "championPointsUntilNextLevel": 3188, "tokensEarned": 0, "championId": 79, "lastPlayTime": 1468311565000}, {"championLevel": 2, "chestGranted": false, "championPoints": 2398, "championPointsSinceLastLevel": 598, "playerId": 21938, "championPointsUntilNextLevel": 3602, "tokensEarned": 0, "championId": 69, "lastPlayTime": 1467142311000}, {"championLevel": 1, "chestGranted": false, "championPoints": 1745, "championPointsSinceLastLevel": 1745, "playerId": 21938, "championPointsUntilNextLevel": 55, "tokensEarned": 0, "championId": 412, "lastPlayTime": 1449629394000}, {"championLevel": 1, "chestGranted": false, "championPoints": 1701, "championPointsSinceLastLevel": 1701, "playerId": 21938, "championPointsUntilNextLevel": 99, "tokensEarned": 0, "championId": 120, "lastPlayTime": 1440206090000}, {"championLevel": 1, "chestGranted": false, "championPoints": 1512, "championPointsSinceLastLevel": 1512, "playerId": 21938, "championPointsUntilNextLevel": 288, "tokensEarned": 0, "championId": 266, "lastPlayTime": 1446695018000}, {"championLevel": 1, "chestGranted": false, "championPoints": 1503, "championPointsSinceLastLevel": 1503, "playerId": 21938, "championPointsUntilNextLevel": 297, "tokensEarned": 0, "championId": 161, "lastPlayTime": 1462572967000}, {"championLevel": 1, "chestGranted": false, "championPoints": 1420, "championPointsSinceLastLevel": 1420, "playerId": 21938, "championPointsUntilNextLevel": 380, "tokensEarned": 0, "championId": 82, "lastPlayTime": 1431150472000}, {"championLevel": 1, "chestGranted": false, "championPoints": 1264, "championPointsSinceLastLevel": 1264, "playerId": 21938, "championPointsUntilNextLevel": 536, "tokensEarned": 0, "championId": 54, "lastPlayTime": 1467062502000}, {"championLevel": 1, "chestGranted": false, "championPoints": 1240, "championPointsSinceLastLevel": 1240, "playerId": 21938, "championPointsUntilNextLevel": 560, "tokensEarned": 0, "championId": 16, "lastPlayTime": 1458152980000}, {"championLevel": 1, "chestGranted": false, "championPoints": 1181, "championPointsSinceLastLevel": 1181, "playerId": 21938, "championPointsUntilNextLevel": 619, "tokensEarned": 0, "championId": 236, "lastPlayTime": 1466676338000}, {"championLevel": 1, "chestGranted": false, "championPoints": 1167, "championPointsSinceLastLevel": 1167, "playerId": 21938, "championPointsUntilNextLevel": 633, "tokensEarned": 0, "championId": 126, "lastPlayTime": 1441917156000}, {"championLevel": 1, "chestGranted": false, "championPoints": 1024, "championPointsSinceLastLevel": 1024, "playerId": 21938, "championPointsUntilNextLevel": 776, "tokensEarned": 0, "championId": 24, "lastPlayTime": 1466281378000}, {"championLevel": 1, "chestGranted": false, "championPoints": 1012, "championPointsSinceLastLevel": 1012, "playerId": 21938, "championPointsUntilNextLevel": 788, "tokensEarned": 0, "championId": 38, "lastPlayTime": 1463950465000}, {"championLevel": 1, "chestGranted": false, "championPoints": 947, "championPointsSinceLastLevel": 947, "playerId": 21938, "championPointsUntilNextLevel": 853, "tokensEarned": 0, "championId": 42, "lastPlayTime": 1467785892000}, {"championLevel": 1, "chestGranted": false, "championPoints": 850, "championPointsSinceLastLevel": 850, "playerId": 21938, "championPointsUntilNextLevel": 950, "tokensEarned": 0, "championId": 105, "lastPlayTime": 1466146815000}, {"championLevel": 1, "chestGranted": false, "championPoints": 830, "championPointsSinceLastLevel": 830, "playerId": 21938, "championPointsUntilNextLevel": 970, "tokensEarned": 0, "championId": 77, "lastPlayTime": 1467872575000}, {"championLevel": 1, "chestGranted": false, "championPoints": 802, "championPointsSinceLastLevel": 802, "playerId": 21938, "championPointsUntilNextLevel": 998, "tokensEarned": 0, "championId": 29, "lastPlayTime": 1466794560000}, {"championLevel": 1, "chestGranted": false, "championPoints": 448, "championPointsSinceLastLevel": 448, "playerId": 21938, "championPointsUntilNextLevel": 1352, "tokensEarned": 0, "championId": 62, "lastPlayTime": 1466796401000}, {"championLevel": 1, "chestGranted": false, "championPoints": 373, "championPointsSinceLastLevel": 373, "playerId": 21938, "championPointsUntilNextLevel": 1427, "tokensEarned": 0, "championId": 134, "lastPlayTime": 1452297732000}, {"championLevel": 1, "chestGranted": true, "championPoints": 344, "championPointsSinceLastLevel": 344, "playerId": 21938, "championPointsUntilNextLevel": 1456, "tokensEarned": 0, "championId": 13, "lastPlayTime": 1466674966000}, {"championLevel": 1, "chestGranted": false, "championPoints": 315, "championPointsSinceLastLevel": 315, "playerId": 21938, "championPointsUntilNextLevel": 1485, "tokensEarned": 0, "championId": 1, "lastPlayTime": 1447122062000}, {"championLevel": 1, "chestGranted": false, "championPoints": 314, "championPointsSinceLastLevel": 314, "playerId": 21938, "championPointsUntilNextLevel": 1486, "tokensEarned": 0, "championId": 110, "lastPlayTime": 1468191701000}, {"championLevel": 1, "chestGranted": false, "championPoints": 285, "championPointsSinceLastLevel": 285, "playerId": 21938, "championPointsUntilNextLevel": 1515, "tokensEarned": 0, "championId": 136, "lastPlayTime": 1461359588000}, {"championLevel": 1, "chestGranted": false, "championPoints": 283, "championPointsSinceLastLevel": 283, "playerId": 21938, "championPointsUntilNextLevel": 1517, "tokensEarned": 0, "championId": 12, "lastPlayTime": 1468213138000}, {"championLevel": 1, "chestGranted": false, "championPoints": 234, "championPointsSinceLastLevel": 234, "playerId": 21938, "championPointsUntilNextLevel": 1566, "tokensEarned": 0, "championId": 7, "lastPlayTime": 1441901130000}, {"championLevel": 1, "chestGranted": false, "championPoints": 229, "championPointsSinceLastLevel": 229, "playerId": 21938, "championPointsUntilNextLevel": 1571, "tokensEarned": 0, "championId": 26, "lastPlayTime": 1456983661000}, {"championLevel": 1, "chestGranted": false, "championPoints": 225, "championPointsSinceLastLevel": 225, "playerId": 21938, "championPointsUntilNextLevel": 1575, "tokensEarned": 0, "championId": 202, "lastPlayTime": 1456441983000}, {"championLevel": 1, "chestGranted": false, "championPoints": 189, "championPointsSinceLastLevel": 189, "playerId": 21938, "championPointsUntilNextLevel": 1611, "tokensEarned": 0, "championId": 44, "lastPlayTime": 1452250985000}, {"championLevel": 1, "chestGranted": false, "championPoints": 188, "championPointsSinceLastLevel": 188, "playerId": 21938, "championPointsUntilNextLevel": 1612, "tokensEarned": 0, "championId": 157, "lastPlayTime": 1466373533000}, {"championLevel": 1, "chestGranted": false, "championPoints": 180, "championPointsSinceLastLevel": 180, "playerId": 21938, "championPointsUntilNextLevel": 1620, "tokensEarned": 0, "championId": 76, "lastPlayTime": 1432493471000}, {"championLevel": 1, "chestGranted": false, "championPoints": 170, "championPointsSinceLastLevel": 170, "playerId": 21938, "championPointsUntilNextLevel": 1630, "tokensEarned": 0, "championId": 112, "lastPlayTime": 1467102152000}, {"championLevel": 1, "chestGranted": false, "championPoints": 169, "championPointsSinceLastLevel": 169, "playerId": 21938, "championPointsUntilNextLevel": 1631, "tokensEarned": 0, "championId": 245, "lastPlayTime": 1468309754000}, {"championLevel": 1, "chestGranted": false, "championPoints": 161, "championPointsSinceLastLevel": 161, "playerId": 21938, "championPointsUntilNextLevel": 1639, "tokensEarned": 0, "championId": 10, "lastPlayTime": 1466905470000}, {"championLevel": 1, "chestGranted": false, "championPoints": 153, "championPointsSinceLastLevel": 153, "playerId": 21938, "championPointsUntilNextLevel": 1647, "tokensEarned": 0, "championId": 92, "lastPlayTime": 1448153740000}, {"championLevel": 1, "chestGranted": false, "championPoints": 153, "championPointsSinceLastLevel": 153, "playerId": 21938, "championPointsUntilNextLevel": 1647, "tokensEarned": 0, "championId": 9, "lastPlayTime": 1461439477000}, {"championLevel": 1, "chestGranted": true, "championPoints": 134, "championPointsSinceLastLevel": 134, "playerId": 21938, "championPointsUntilNextLevel": 1666, "tokensEarned": 0, "championId": 78, "lastPlayTime": 1468313293000}, {"championLevel": 1, "chestGranted": false, "championPoints": 133, "championPointsSinceLastLevel": 133, "playerId": 21938, "championPointsUntilNextLevel": 1667, "tokensEarned": 0, "championId": 101, "lastPlayTime": 1467060346000}, {"championLevel": 1, "chestGranted": false, "championPoints": 124, "championPointsSinceLastLevel": 124, "playerId": 21938, "championPointsUntilNextLevel": 1676, "tokensEarned": 0, "championId": 30, "lastPlayTime": 1461426771000}]