[{"championLevel": 5, "chestGranted": false, "championPoints": 72264, "championPointsSinceLastLevel": 50664, "playerId": 21931, "championPointsUntilNextLevel": 0, "tokensEarned": 0, "championId": 119, "lastPlayTime": 1466565134000}, {"championLevel": 5, "chestGranted": true, "championPoints": 66469, "championPointsSinceLastLevel": 44869, "playerId": 21931, "championPointsUntilNextLevel": 0, "tokensEarned": 0, "championId": 67, "lastPlayTime": 1465952946000}, {"championLevel": 5, "chestGranted": true, "championPoints": 53690, "championPointsSinceLastLevel": 32090, "playerId": 21931, "championPointsUntilNextLevel": 0, "tokensEarned": 1, "championId": 222, "lastPlayTime": 1466642789000}, {"championLevel": 5, "chestGranted": false, "championPoints": 48917, "championPointsSinceLastLevel": 27317, "playerId": 21931, "championPointsUntilNextLevel": 0, "tokensEarned": 0, "championId": 21, "lastPlayTime": 1465705088000}, {"championLevel": 5, "chestGranted": false, "championPoints": 42335, "championPointsSinceLastLevel": 20735, "playerId": 21931, "championPointsUntilNextLevel": 0, "tokensEarned": 0, "championId": 104, "lastPlayTime": 1461116967000}, {"championLevel": 5, "chestGranted": false, "championPoints": 41987, "championPointsSinceLastLevel": 20387, "playerId": 21931, "championPointsUntilNextLevel": 0, "tokensEarned": 0, "championId": 81, "lastPlayTime": 1461782955000}, {"championLevel": 5, "chestGranted": true, "championPoints": 40019, "championPointsSinceLastLevel": 18419, "playerId": 21931, "championPointsUntilNextLevel": 0, "tokensEarned": 1, "championId": 110, "lastPlayTime": 1466572543000}, {"championLevel": 5, "chestGranted": false, "championPoints": 39004, "championPointsSinceLastLevel": 17404, "playerId": 21931, "championPointsUntilNextLevel": 0, "tokensEarned": 0, "championId": 1, "lastPlayTime": 1465710312000}, {"championLevel": 5, "chestGranted": true, "championPoints": 33434, "championPointsSinceLastLevel": 11834, "playerId": 21931, "championPointsUntilNextLevel": 0, "tokensEarned": 1, "championId": 42, "lastPlayTime": 1466315049000}, {"championLevel": 5, "chestGranted": true, "championPoints": 27461, "championPointsSinceLastLevel": 5861, "playerId": 21931, "championPointsUntilNextLevel": 0, "tokensEarned": 0, "championId": 64, "lastPlayTime": 1466300771000}, {"championLevel": 5, "chestGranted": true, "championPoints": 27222, "championPointsSinceLastLevel": 5622, "playerId": 21931, "championPointsUntilNextLevel": 0, "tokensEarned": 0, "championId": 236, "lastPlayTime": 1465698508000}, {"championLevel": 5, "chestGranted": false, "championPoints": 26687, "championPointsSinceLastLevel": 5087, "playerId": 21931, "championPointsUntilNextLevel": 0, "tokensEarned": 0, "championId": 35, "lastPlayTime": 1462762804000}, {"championLevel": 5, "chestGranted": true, "championPoints": 25693, "championPointsSinceLastLevel": 4093, "playerId": 21931, "championPointsUntilNextLevel": 0, "tokensEarned": 0, "championId": 53, "lastPlayTime": 1468979135000}, {"championLevel": 5, "chestGranted": true, "championPoints": 24457, "championPointsSinceLastLevel": 2857, "playerId": 21931, "championPointsUntilNextLevel": 0, "tokensEarned": 0, "championId": 126, "lastPlayTime": 1462754217000}, {"championLevel": 5, "chestGranted": true, "championPoints": 22669, "championPointsSinceLastLevel": 1069, "playerId": 21931, "championPointsUntilNextLevel": 0, "tokensEarned": 0, "championId": 202, "lastPlayTime": 1466819158000}, {"championLevel": 4, "chestGranted": false, "championPoints": 19546, "championPointsSinceLastLevel": 6946, "playerId": 21931, "championPointsUntilNextLevel": 2054, "tokensEarned": 0, "championId": 99, "lastPlayTime": 1461195997000}, {"championLevel": 4, "chestGranted": false, "championPoints": 16154, "championPointsSinceLastLevel": 3554, "playerId": 21931, "championPointsUntilNextLevel": 5446, "tokensEarned": 0, "championId": 29, "lastPlayTime": 1466568294000}, {"championLevel": 4, "chestGranted": false, "championPoints": 14792, "championPointsSinceLastLevel": 2192, "playerId": 21931, "championPointsUntilNextLevel": 6808, "tokensEarned": 0, "championId": 56, "lastPlayTime": 1445727057000}, {"championLevel": 4, "chestGranted": true, "championPoints": 13024, "championPointsSinceLastLevel": 424, "playerId": 21931, "championPointsUntilNextLevel": 8576, "tokensEarned": 0, "championId": 105, "lastPlayTime": 1459124731000}, {"championLevel": 3, "chestGranted": false, "championPoints": 12511, "championPointsSinceLastLevel": 6511, "playerId": 21931, "championPointsUntilNextLevel": 89, "tokensEarned": 0, "championId": 103, "lastPlayTime": 1453241259000}, {"championLevel": 3, "chestGranted": true, "championPoints": 12482, "championPointsSinceLastLevel": 6482, "playerId": 21931, "championPointsUntilNextLevel": 118, "tokensEarned": 0, "championId": 120, "lastPlayTime": 1464129010000}, {"championLevel": 3, "chestGranted": false, "championPoints": 11435, "championPointsSinceLastLevel": 5435, "playerId": 21931, "championPointsUntilNextLevel": 1165, "tokensEarned": 0, "championId": 15, "lastPlayTime": 1462683411000}, {"championLevel": 3, "chestGranted": false, "championPoints": 11021, "championPointsSinceLastLevel": 5021, "playerId": 21931, "championPointsUntilNextLevel": 1579, "tokensEarned": 0, "championId": 76, "lastPlayTime": 1463971901000}, {"championLevel": 3, "chestGranted": false, "championPoints": 10177, "championPointsSinceLastLevel": 4177, "playerId": 21931, "championPointsUntilNextLevel": 2423, "tokensEarned": 0, "championId": 223, "lastPlayTime": 1457579650000}, {"championLevel": 3, "chestGranted": false, "championPoints": 9973, "championPointsSinceLastLevel": 3973, "playerId": 21931, "championPointsUntilNextLevel": 2627, "tokensEarned": 0, "championId": 60, "lastPlayTime": 1459743915000}, {"championLevel": 3, "chestGranted": false, "championPoints": 8987, "championPointsSinceLastLevel": 2987, "playerId": 21931, "championPointsUntilNextLevel": 3613, "tokensEarned": 0, "championId": 131, "lastPlayTime": 1468188931000}, {"championLevel": 3, "chestGranted": false, "championPoints": 8940, "championPointsSinceLastLevel": 2940, "playerId": 21931, "championPointsUntilNextLevel": 3660, "tokensEarned": 0, "championId": 90, "lastPlayTime": 1450984963000}, {"championLevel": 3, "chestGranted": false, "championPoints": 8432, "championPointsSinceLastLevel": 2432, "playerId": 21931, "championPointsUntilNextLevel": 4168, "tokensEarned": 0, "championId": 134, "lastPlayTime": 1465961371000}, {"championLevel": 3, "chestGranted": false, "championPoints": 7879, "championPointsSinceLastLevel": 1879, "playerId": 21931, "championPointsUntilNextLevel": 4721, "tokensEarned": 0, "championId": 268, "lastPlayTime": 1462940520000}, {"championLevel": 3, "chestGranted": true, "championPoints": 7835, "championPointsSinceLastLevel": 1835, "playerId": 21931, "championPointsUntilNextLevel": 4765, "tokensEarned": 0, "championId": 43, "lastPlayTime": 1460679087000}, {"championLevel": 3, "chestGranted": false, "championPoints": 7761, "championPointsSinceLastLevel": 1761, "playerId": 21931, "championPointsUntilNextLevel": 4839, "tokensEarned": 0, "championId": 32, "lastPlayTime": 1465855690000}, {"championLevel": 3, "chestGranted": false, "championPoints": 7541, "championPointsSinceLastLevel": 1541, "playerId": 21931, "championPointsUntilNextLevel": 5059, "tokensEarned": 0, "championId": 37, "lastPlayTime": 1446518220000}, {"championLevel": 3, "chestGranted": false, "championPoints": 7229, "championPointsSinceLastLevel": 1229, "playerId": 21931, "championPointsUntilNextLevel": 5371, "tokensEarned": 0, "championId": 107, "lastPlayTime": 1462690362000}, {"championLevel": 3, "chestGranted": false, "championPoints": 6508, "championPointsSinceLastLevel": 508, "playerId": 21931, "championPointsUntilNextLevel": 6092, "tokensEarned": 0, "championId": 3, "lastPlayTime": 1445032657000}, {"championLevel": 3, "chestGranted": false, "championPoints": 6497, "championPointsSinceLastLevel": 497, "playerId": 21931, "championPointsUntilNextLevel": 6103, "tokensEarned": 0, "championId": 161, "lastPlayTime": 1460669219000}, {"championLevel": 3, "chestGranted": false, "championPoints": 6322, "championPointsSinceLastLevel": 322, "playerId": 21931, "championPointsUntilNextLevel": 6278, "tokensEarned": 0, "championId": 7, "lastPlayTime": 1445224104000}, {"championLevel": 3, "chestGranted": false, "championPoints": 6022, "championPointsSinceLastLevel": 22, "playerId": 21931, "championPointsUntilNextLevel": 6578, "tokensEarned": 0, "championId": 69, "lastPlayTime": 1450499870000}, {"championLevel": 2, "chestGranted": false, "championPoints": 5915, "championPointsSinceLastLevel": 4115, "playerId": 21931, "championPointsUntilNextLevel": 85, "tokensEarned": 0, "championId": 22, "lastPlayTime": 1459573133000}, {"championLevel": 2, "chestGranted": false, "championPoints": 5512, "championPointsSinceLastLevel": 3712, "playerId": 21931, "championPointsUntilNextLevel": 488, "tokensEarned": 0, "championId": 113, "lastPlayTime": 1457750485000}, {"championLevel": 2, "chestGranted": false, "championPoints": 5393, "championPointsSinceLastLevel": 3593, "playerId": 21931, "championPointsUntilNextLevel": 607, "tokensEarned": 0, "championId": 127, "lastPlayTime": 1447106266000}, {"championLevel": 2, "chestGranted": false, "championPoints": 5326, "championPointsSinceLastLevel": 3526, "playerId": 21931, "championPointsUntilNextLevel": 674, "tokensEarned": 0, "championId": 79, "lastPlayTime": 1463188432000}, {"championLevel": 2, "chestGranted": true, "championPoints": 5219, "championPointsSinceLastLevel": 3419, "playerId": 21931, "championPointsUntilNextLevel": 781, "tokensEarned": 0, "championId": 63, "lastPlayTime": 1465712871000}, {"championLevel": 2, "chestGranted": false, "championPoints": 5145, "championPointsSinceLastLevel": 3345, "playerId": 21931, "championPointsUntilNextLevel": 855, "tokensEarned": 0, "championId": 102, "lastPlayTime": 1457136516000}, {"championLevel": 2, "chestGranted": false, "championPoints": 4748, "championPointsSinceLastLevel": 2948, "playerId": 21931, "championPointsUntilNextLevel": 1252, "tokensEarned": 0, "championId": 245, "lastPlayTime": 1461561117000}, {"championLevel": 2, "chestGranted": false, "championPoints": 4711, "championPointsSinceLastLevel": 2911, "playerId": 21931, "championPointsUntilNextLevel": 1289, "tokensEarned": 0, "championId": 203, "lastPlayTime": 1462500902000}, {"championLevel": 2, "chestGranted": true, "championPoints": 4685, "championPointsSinceLastLevel": 2885, "playerId": 21931, "championPointsUntilNextLevel": 1315, "tokensEarned": 0, "championId": 412, "lastPlayTime": 1462671300000}, {"championLevel": 2, "chestGranted": false, "championPoints": 4633, "championPointsSinceLastLevel": 2833, "playerId": 21931, "championPointsUntilNextLevel": 1367, "tokensEarned": 0, "championId": 31, "lastPlayTime": 1463108370000}, {"championLevel": 2, "chestGranted": false, "championPoints": 4550, "championPointsSinceLastLevel": 2750, "playerId": 21931, "championPointsUntilNextLevel": 1450, "tokensEarned": 0, "championId": 5, "lastPlayTime": 1459712674000}, {"championLevel": 2, "chestGranted": false, "championPoints": 3510, "championPointsSinceLastLevel": 1710, "playerId": 21931, "championPointsUntilNextLevel": 2490, "tokensEarned": 0, "championId": 44, "lastPlayTime": 1466396711000}, {"championLevel": 2, "chestGranted": false, "championPoints": 3373, "championPointsSinceLastLevel": 1573, "playerId": 21931, "championPointsUntilNextLevel": 2627, "tokensEarned": 0, "championId": 157, "lastPlayTime": 1463189784000}, {"championLevel": 2, "chestGranted": true, "championPoints": 3263, "championPointsSinceLastLevel": 1463, "playerId": 21931, "championPointsUntilNextLevel": 2737, "tokensEarned": 0, "championId": 136, "lastPlayTime": 1465679289000}, {"championLevel": 2, "chestGranted": false, "championPoints": 3241, "championPointsSinceLastLevel": 1441, "playerId": 21931, "championPointsUntilNextLevel": 2759, "tokensEarned": 0, "championId": 58, "lastPlayTime": 1452747852000}, {"championLevel": 2, "chestGranted": false, "championPoints": 3201, "championPointsSinceLastLevel": 1401, "playerId": 21931, "championPointsUntilNextLevel": 2799, "tokensEarned": 0, "championId": 54, "lastPlayTime": 1462750270000}, {"championLevel": 2, "chestGranted": false, "championPoints": 3033, "championPointsSinceLastLevel": 1233, "playerId": 21931, "championPointsUntilNextLevel": 2967, "tokensEarned": 0, "championId": 92, "lastPlayTime": 1451550542000}, {"championLevel": 2, "chestGranted": false, "championPoints": 2891, "championPointsSinceLastLevel": 1091, "playerId": 21931, "championPointsUntilNextLevel": 3109, "tokensEarned": 0, "championId": 28, "lastPlayTime": 1449631215000}, {"championLevel": 2, "chestGranted": false, "championPoints": 2796, "championPointsSinceLastLevel": 996, "playerId": 21931, "championPointsUntilNextLevel": 3204, "tokensEarned": 0, "championId": 24, "lastPlayTime": 1458157883000}, {"championLevel": 2, "chestGranted": false, "championPoints": 2659, "championPointsSinceLastLevel": 859, "playerId": 21931, "championPointsUntilNextLevel": 3341, "tokensEarned": 0, "championId": 45, "lastPlayTime": 1448846815000}, {"championLevel": 2, "chestGranted": false, "championPoints": 2476, "championPointsSinceLastLevel": 676, "playerId": 21931, "championPointsUntilNextLevel": 3524, "tokensEarned": 0, "championId": 48, "lastPlayTime": 1451196426000}, {"championLevel": 2, "chestGranted": false, "championPoints": 2439, "championPointsSinceLastLevel": 639, "playerId": 21931, "championPointsUntilNextLevel": 3561, "tokensEarned": 0, "championId": 254, "lastPlayTime": 1453312852000}, {"championLevel": 2, "chestGranted": false, "championPoints": 2388, "championPointsSinceLastLevel": 588, "playerId": 21931, "championPointsUntilNextLevel": 3612, "tokensEarned": 0, "championId": 429, "lastPlayTime": 1445724392000}, {"championLevel": 2, "chestGranted": false, "championPoints": 2320, "championPointsSinceLastLevel": 520, "playerId": 21931, "championPointsUntilNextLevel": 3680, "tokensEarned": 0, "championId": 91, "lastPlayTime": 1457303454000}, {"championLevel": 2, "chestGranted": false, "championPoints": 2316, "championPointsSinceLastLevel": 516, "playerId": 21931, "championPointsUntilNextLevel": 3684, "tokensEarned": 0, "championId": 11, "lastPlayTime": 1459731096000}, {"championLevel": 2, "chestGranted": true, "championPoints": 2139, "championPointsSinceLastLevel": 339, "playerId": 21931, "championPointsUntilNextLevel": 3861, "tokensEarned": 0, "championId": 23, "lastPlayTime": 1467695083000}, {"championLevel": 2, "chestGranted": false, "championPoints": 2108, "championPointsSinceLastLevel": 308, "playerId": 21931, "championPointsUntilNextLevel": 3892, "tokensEarned": 0, "championId": 36, "lastPlayTime": 1459746221000}, {"championLevel": 2, "chestGranted": false, "championPoints": 2071, "championPointsSinceLastLevel": 271, "playerId": 21931, "championPointsUntilNextLevel": 3929, "tokensEarned": 0, "championId": 115, "lastPlayTime": 1446741359000}, {"championLevel": 2, "chestGranted": false, "championPoints": 1918, "championPointsSinceLastLevel": 118, "playerId": 21931, "championPointsUntilNextLevel": 4082, "tokensEarned": 0, "championId": 25, "lastPlayTime": 1445560947000}, {"championLevel": 2, "chestGranted": false, "championPoints": 1833, "championPointsSinceLastLevel": 33, "playerId": 21931, "championPointsUntilNextLevel": 4167, "tokensEarned": 0, "championId": 9, "lastPlayTime": 1446522027000}, {"championLevel": 1, "chestGranted": false, "championPoints": 1694, "championPointsSinceLastLevel": 1694, "playerId": 21931, "championPointsUntilNextLevel": 106, "tokensEarned": 0, "championId": 77, "lastPlayTime": 1456781246000}, {"championLevel": 1, "chestGranted": false, "championPoints": 1620, "championPointsSinceLastLevel": 1620, "playerId": 21931, "championPointsUntilNextLevel": 180, "tokensEarned": 0, "championId": 20, "lastPlayTime": 1447026861000}, {"championLevel": 1, "chestGranted": false, "championPoints": 1455, "championPointsSinceLastLevel": 1455, "playerId": 21931, "championPointsUntilNextLevel": 345, "tokensEarned": 0, "championId": 40, "lastPlayTime": 1461795508000}, {"championLevel": 1, "chestGranted": false, "championPoints": 1438, "championPointsSinceLastLevel": 1438, "playerId": 21931, "championPointsUntilNextLevel": 362, "tokensEarned": 0, "championId": 16, "lastPlayTime": 1431554028000}, {"championLevel": 1, "chestGranted": false, "championPoints": 1361, "championPointsSinceLastLevel": 1361, "playerId": 21931, "championPointsUntilNextLevel": 439, "tokensEarned": 0, "championId": 51, "lastPlayTime": 1447993405000}, {"championLevel": 1, "chestGranted": false, "championPoints": 1315, "championPointsSinceLastLevel": 1315, "playerId": 21931, "championPointsUntilNextLevel": 485, "tokensEarned": 0, "championId": 114, "lastPlayTime": 1461563218000}, {"championLevel": 1, "chestGranted": false, "championPoints": 1300, "championPointsSinceLastLevel": 1300, "playerId": 21931, "championPointsUntilNextLevel": 500, "tokensEarned": 0, "championId": 4, "lastPlayTime": 1462138135000}, {"championLevel": 1, "chestGranted": false, "championPoints": 1277, "championPointsSinceLastLevel": 1277, "playerId": 21931, "championPointsUntilNextLevel": 523, "tokensEarned": 0, "championId": 33, "lastPlayTime": 1462746874000}, {"championLevel": 1, "chestGranted": false, "championPoints": 1214, "championPointsSinceLastLevel": 1214, "playerId": 21931, "championPointsUntilNextLevel": 586, "tokensEarned": 0, "championId": 96, "lastPlayTime": 1447796149000}, {"championLevel": 1, "chestGranted": false, "championPoints": 1160, "championPointsSinceLastLevel": 1160, "playerId": 21931, "championPointsUntilNextLevel": 640, "tokensEarned": 0, "championId": 18, "lastPlayTime": 1449620208000}, {"championLevel": 1, "chestGranted": false, "championPoints": 1157, "championPointsSinceLastLevel": 1157, "playerId": 21931, "championPointsUntilNextLevel": 643, "tokensEarned": 0, "championId": 12, "lastPlayTime": 1462419212000}, {"championLevel": 1, "chestGranted": false, "championPoints": 1146, "championPointsSinceLastLevel": 1146, "playerId": 21931, "championPointsUntilNextLevel": 654, "tokensEarned": 0, "championId": 62, "lastPlayTime": 1449439351000}, {"championLevel": 1, "chestGranted": false, "championPoints": 1095, "championPointsSinceLastLevel": 1095, "playerId": 21931, "championPointsUntilNextLevel": 705, "tokensEarned": 0, "championId": 86, "lastPlayTime": 1441297782000}, {"championLevel": 1, "chestGranted": false, "championPoints": 1028, "championPointsSinceLastLevel": 1028, "playerId": 21931, "championPointsUntilNextLevel": 772, "tokensEarned": 0, "championId": 150, "lastPlayTime": 1440268314000}, {"championLevel": 1, "chestGranted": false, "championPoints": 1005, "championPointsSinceLastLevel": 1005, "playerId": 21931, "championPointsUntilNextLevel": 795, "tokensEarned": 0, "championId": 111, "lastPlayTime": 1457143281000}, {"championLevel": 1, "chestGranted": false, "championPoints": 971, "championPointsSinceLastLevel": 971, "playerId": 21931, "championPointsUntilNextLevel": 829, "tokensEarned": 0, "championId": 55, "lastPlayTime": 1437248630000}, {"championLevel": 1, "chestGranted": false, "championPoints": 948, "championPointsSinceLastLevel": 948, "playerId": 21931, "championPointsUntilNextLevel": 852, "tokensEarned": 0, "championId": 17, "lastPlayTime": 1452083966000}, {"championLevel": 1, "chestGranted": false, "championPoints": 905, "championPointsSinceLastLevel": 905, "playerId": 21931, "championPointsUntilNextLevel": 895, "tokensEarned": 0, "championId": 10, "lastPlayTime": 1462743952000}, {"championLevel": 1, "chestGranted": false, "championPoints": 891, "championPointsSinceLastLevel": 891, "playerId": 21931, "championPointsUntilNextLevel": 909, "tokensEarned": 0, "championId": 238, "lastPlayTime": 1459119590000}, {"championLevel": 1, "chestGranted": false, "championPoints": 756, "championPointsSinceLastLevel": 756, "playerId": 21931, "championPointsUntilNextLevel": 1044, "tokensEarned": 0, "championId": 80, "lastPlayTime": 1467697592000}, {"championLevel": 1, "chestGranted": false, "championPoints": 733, "championPointsSinceLastLevel": 733, "playerId": 21931, "championPointsUntilNextLevel": 1067, "tokensEarned": 0, "championId": 201, "lastPlayTime": 1461566083000}, {"championLevel": 1, "chestGranted": false, "championPoints": 515, "championPointsSinceLastLevel": 515, "playerId": 21931, "championPointsUntilNextLevel": 1285, "tokensEarned": 0, "championId": 432, "lastPlayTime": 1459652642000}, {"championLevel": 1, "chestGranted": false, "championPoints": 401, "championPointsSinceLastLevel": 401, "playerId": 21931, "championPointsUntilNextLevel": 1399, "tokensEarned": 0, "championId": 75, "lastPlayTime": 1448073070000}, {"championLevel": 1, "chestGranted": false, "championPoints": 396, "championPointsSinceLastLevel": 396, "playerId": 21931, "championPointsUntilNextLevel": 1404, "tokensEarned": 0, "championId": 89, "lastPlayTime": 1453255055000}, {"championLevel": 1, "chestGranted": false, "championPoints": 388, "championPointsSinceLastLevel": 388, "playerId": 21931, "championPointsUntilNextLevel": 1412, "tokensEarned": 0, "championId": 121, "lastPlayTime": 1457293982000}, {"championLevel": 1, "chestGranted": false, "championPoints": 329, "championPointsSinceLastLevel": 329, "playerId": 21931, "championPointsUntilNextLevel": 1471, "tokensEarned": 0, "championId": 39, "lastPlayTime": 1447387307000}, {"championLevel": 1, "chestGranted": false, "championPoints": 283, "championPointsSinceLastLevel": 283, "playerId": 21931, "championPointsUntilNextLevel": 1517, "tokensEarned": 0, "championId": 133, "lastPlayTime": 1466318390000}, {"championLevel": 1, "chestGranted": false, "championPoints": 269, "championPointsSinceLastLevel": 269, "playerId": 21931, "championPointsUntilNextLevel": 1531, "tokensEarned": 0, "championId": 6, "lastPlayTime": 1434602159000}, {"championLevel": 1, "chestGranted": false, "championPoints": 246, "championPointsSinceLastLevel": 246, "playerId": 21931, "championPointsUntilNextLevel": 1554, "tokensEarned": 0, "championId": 98, "lastPlayTime": 1443637082000}, {"championLevel": 1, "chestGranted": false, "championPoints": 217, "championPointsSinceLastLevel": 217, "playerId": 21931, "championPointsUntilNextLevel": 1583, "tokensEarned": 0, "championId": 2, "lastPlayTime": 1449684668000}, {"championLevel": 1, "chestGranted": false, "championPoints": 209, "championPointsSinceLastLevel": 209, "playerId": 21931, "championPointsUntilNextLevel": 1591, "tokensEarned": 0, "championId": 420, "lastPlayTime": 1450203892000}, {"championLevel": 1, "chestGranted": false, "championPoints": 177, "championPointsSinceLastLevel": 177, "playerId": 21931, "championPointsUntilNextLevel": 1623, "tokensEarned": 0, "championId": 421, "lastPlayTime": 1439871324000}, {"championLevel": 1, "chestGranted": false, "championPoints": 174, "championPointsSinceLastLevel": 174, "playerId": 21931, "championPointsUntilNextLevel": 1626, "tokensEarned": 0, "championId": 112, "lastPlayTime": 1435460863000}, {"championLevel": 1, "chestGranted": false, "championPoints": 169, "championPointsSinceLastLevel": 169, "playerId": 21931, "championPointsUntilNextLevel": 1631, "tokensEarned": 0, "championId": 106, "lastPlayTime": 1438886774000}, {"championLevel": 1, "chestGranted": false, "championPoints": 156, "championPointsSinceLastLevel": 156, "playerId": 21931, "championPointsUntilNextLevel": 1644, "tokensEarned": 0, "championId": 68, "lastPlayTime": 1449895250000}, {"championLevel": 1, "chestGranted": false, "championPoints": 151, "championPointsSinceLastLevel": 151, "playerId": 21931, "championPointsUntilNextLevel": 1649, "tokensEarned": 0, "championId": 61, "lastPlayTime": 1447207214000}, {"championLevel": 1, "chestGranted": false, "championPoints": 150, "championPointsSinceLastLevel": 150, "playerId": 21931, "championPointsUntilNextLevel": 1650, "tokensEarned": 0, "championId": 13, "lastPlayTime": 1447384917000}, {"championLevel": 1, "chestGranted": false, "championPoints": 148, "championPointsSinceLastLevel": 148, "playerId": 21931, "championPointsUntilNextLevel": 1652, "tokensEarned": 0, "championId": 14, "lastPlayTime": 1431288303000}, {"championLevel": 1, "chestGranted": false, "championPoints": 115, "championPointsSinceLastLevel": 115, "playerId": 21931, "championPointsUntilNextLevel": 1685, "tokensEarned": 0, "championId": 59, "lastPlayTime": 1447980408000}]