[{"championLevel": 5, "chestGranted": false, "championPoints": 38416, "championPointsSinceLastLevel": 16816, "playerId": 21937, "championPointsUntilNextLevel": 0, "tokensEarned": 0, "championId": 67, "lastPlayTime": 1461402839000}, {"championLevel": 5, "chestGranted": true, "championPoints": 31666, "championPointsSinceLastLevel": 10066, "playerId": 21937, "championPointsUntilNextLevel": 0, "tokensEarned": 0, "championId": 222, "lastPlayTime": 1463485597000}, {"championLevel": 5, "chestGranted": true, "championPoints": 29679, "championPointsSinceLastLevel": 8079, "playerId": 21937, "championPointsUntilNextLevel": 0, "tokensEarned": 1, "championId": 254, "lastPlayTime": 1468894108000}, {"championLevel": 5, "chestGranted": true, "championPoints": 25767, "championPointsSinceLastLevel": 4167, "playerId": 21937, "championPointsUntilNextLevel": 0, "tokensEarned": 0, "championId": 92, "lastPlayTime": 1461473242000}, {"championLevel": 4, "chestGranted": false, "championPoints": 19909, "championPointsSinceLastLevel": 7309, "playerId": 21937, "championPointsUntilNextLevel": 1691, "tokensEarned": 0, "championId": 114, "lastPlayTime": 1467395149000}, {"championLevel": 4, "chestGranted": true, "championPoints": 18525, "championPointsSinceLastLevel": 5925, "playerId": 21937, "championPointsUntilNextLevel": 3075, "tokensEarned": 0, "championId": 131, "lastPlayTime": 1468475686000}, {"championLevel": 4, "chestGranted": true, "championPoints": 17365, "championPointsSinceLastLevel": 4765, "playerId": 21937, "championPointsUntilNextLevel": 4235, "tokensEarned": 0, "championId": 51, "lastPlayTime": 1462152679000}, {"championLevel": 4, "chestGranted": false, "championPoints": 13648, "championPointsSinceLastLevel": 1048, "playerId": 21937, "championPointsUntilNextLevel": 7952, "tokensEarned": 0, "championId": 37, "lastPlayTime": 1463770985000}, {"championLevel": 3, "chestGranted": true, "championPoints": 12424, "championPointsSinceLastLevel": 6424, "playerId": 21937, "championPointsUntilNextLevel": 176, "tokensEarned": 0, "championId": 412, "lastPlayTime": 1462511339000}, {"championLevel": 3, "chestGranted": false, "championPoints": 8766, "championPointsSinceLastLevel": 2766, "playerId": 21937, "championPointsUntilNextLevel": 3834, "tokensEarned": 0, "championId": 61, "lastPlayTime": 1466582127000}, {"championLevel": 3, "chestGranted": false, "championPoints": 7700, "championPointsSinceLastLevel": 1700, "playerId": 21937, "championPointsUntilNextLevel": 4900, "tokensEarned": 0, "championId": 429, "lastPlayTime": 1457731979000}, {"championLevel": 3, "chestGranted": false, "championPoints": 7613, "championPointsSinceLastLevel": 1613, "playerId": 21937, "championPointsUntilNextLevel": 4987, "tokensEarned": 0, "championId": 21, "lastPlayTime": 1468883025000}, {"championLevel": 3, "chestGranted": false, "championPoints": 6744, "championPointsSinceLastLevel": 744, "playerId": 21937, "championPointsUntilNextLevel": 5856, "tokensEarned": 0, "championId": 12, "lastPlayTime": 1467119748000}, {"championLevel": 3, "chestGranted": true, "championPoints": 6493, "championPointsSinceLastLevel": 493, "playerId": 21937, "championPointsUntilNextLevel": 6107, "tokensEarned": 0, "championId": 127, "lastPlayTime": 1466580549000}, {"championLevel": 3, "chestGranted": true, "championPoints": 6417, "championPointsSinceLastLevel": 417, "playerId": 21937, "championPointsUntilNextLevel": 6183, "tokensEarned": 0, "championId": 15, "lastPlayTime": 1468473980000}, {"championLevel": 3, "chestGranted": true, "championPoints": 6331, "championPointsSinceLastLevel": 331, "playerId": 21937, "championPointsUntilNextLevel": 6269, "tokensEarned": 0, "championId": 202, "lastPlayTime": 1467679278000}, {"championLevel": 2, "chestGranted": false, "championPoints": 5948, "championPointsSinceLastLevel": 4148, "playerId": 21937, "championPointsUntilNextLevel": 52, "tokensEarned": 0, "championId": 60, "lastPlayTime": 1457943988000}, {"championLevel": 2, "chestGranted": false, "championPoints": 5940, "championPointsSinceLastLevel": 4140, "playerId": 21937, "championPointsUntilNextLevel": 60, "tokensEarned": 0, "championId": 89, "lastPlayTime": 1440300144000}, {"championLevel": 2, "chestGranted": false, "championPoints": 5663, "championPointsSinceLastLevel": 3863, "playerId": 21937, "championPointsUntilNextLevel": 337, "tokensEarned": 0, "championId": 55, "lastPlayTime": 1461400792000}, {"championLevel": 2, "chestGranted": false, "championPoints": 5388, "championPointsSinceLastLevel": 3588, "playerId": 21937, "championPointsUntilNextLevel": 612, "tokensEarned": 0, "championId": 203, "lastPlayTime": 1459840899000}, {"championLevel": 2, "chestGranted": false, "championPoints": 5094, "championPointsSinceLastLevel": 3294, "playerId": 21937, "championPointsUntilNextLevel": 906, "tokensEarned": 0, "championId": 420, "lastPlayTime": 1458464668000}, {"championLevel": 2, "chestGranted": true, "championPoints": 4863, "championPointsSinceLastLevel": 3063, "playerId": 21937, "championPointsUntilNextLevel": 1137, "tokensEarned": 0, "championId": 103, "lastPlayTime": 1467586337000}, {"championLevel": 2, "chestGranted": false, "championPoints": 4593, "championPointsSinceLastLevel": 2793, "playerId": 21937, "championPointsUntilNextLevel": 1407, "tokensEarned": 0, "championId": 238, "lastPlayTime": 1465051080000}, {"championLevel": 2, "chestGranted": false, "championPoints": 4285, "championPointsSinceLastLevel": 2485, "playerId": 21937, "championPointsUntilNextLevel": 1715, "tokensEarned": 0, "championId": 113, "lastPlayTime": 1456183770000}, {"championLevel": 2, "chestGranted": false, "championPoints": 3176, "championPointsSinceLastLevel": 1376, "playerId": 21937, "championPointsUntilNextLevel": 2824, "tokensEarned": 0, "championId": 81, "lastPlayTime": 1466391402000}, {"championLevel": 2, "chestGranted": true, "championPoints": 2928, "championPointsSinceLastLevel": 1128, "playerId": 21937, "championPointsUntilNextLevel": 3072, "tokensEarned": 0, "championId": 105, "lastPlayTime": 1463776140000}, {"championLevel": 2, "chestGranted": false, "championPoints": 2894, "championPointsSinceLastLevel": 1094, "playerId": 21937, "championPointsUntilNextLevel": 3106, "tokensEarned": 0, "championId": 150, "lastPlayTime": 1436601025000}, {"championLevel": 2, "chestGranted": true, "championPoints": 2588, "championPointsSinceLastLevel": 788, "playerId": 21937, "championPointsUntilNextLevel": 3412, "tokensEarned": 0, "championId": 25, "lastPlayTime": 1463321550000}, {"championLevel": 2, "chestGranted": false, "championPoints": 2484, "championPointsSinceLastLevel": 684, "playerId": 21937, "championPointsUntilNextLevel": 3516, "tokensEarned": 0, "championId": 201, "lastPlayTime": 1447591452000}, {"championLevel": 2, "chestGranted": true, "championPoints": 2332, "championPointsSinceLastLevel": 532, "playerId": 21937, "championPointsUntilNextLevel": 3668, "tokensEarned": 0, "championId": 78, "lastPlayTime": 1466406863000}, {"championLevel": 2, "chestGranted": false, "championPoints": 2253, "championPointsSinceLastLevel": 453, "playerId": 21937, "championPointsUntilNextLevel": 3747, "tokensEarned": 0, "championId": 40, "lastPlayTime": 1441871652000}, {"championLevel": 2, "chestGranted": true, "championPoints": 1935, "championPointsSinceLastLevel": 135, "playerId": 21937, "championPointsUntilNextLevel": 4065, "tokensEarned": 0, "championId": 54, "lastPlayTime": 1459557419000}, {"championLevel": 2, "chestGranted": false, "championPoints": 1901, "championPointsSinceLastLevel": 101, "playerId": 21937, "championPointsUntilNextLevel": 4099, "tokensEarned": 0, "championId": 41, "lastPlayTime": 1466409116000}, {"championLevel": 1, "chestGranted": false, "championPoints": 1489, "championPointsSinceLastLevel": 1489, "playerId": 21937, "championPointsUntilNextLevel": 311, "tokensEarned": 0, "championId": 86, "lastPlayTime": 1466665477000}, {"championLevel": 1, "chestGranted": false, "championPoints": 1450, "championPointsSinceLastLevel": 1450, "playerId": 21937, "championPointsUntilNextLevel": 350, "tokensEarned": 0, "championId": 117, "lastPlayTime": 1468891850000}, {"championLevel": 1, "chestGranted": false, "championPoints": 1432, "championPointsSinceLastLevel": 1432, "playerId": 21937, "championPointsUntilNextLevel": 368, "tokensEarned": 0, "championId": 76, "lastPlayTime": 1434170464000}, {"championLevel": 1, "chestGranted": false, "championPoints": 1284, "championPointsSinceLastLevel": 1284, "playerId": 21937, "championPointsUntilNextLevel": 516, "tokensEarned": 0, "championId": 4, "lastPlayTime": 1436603779000}, {"championLevel": 1, "chestGranted": false, "championPoints": 1141, "championPointsSinceLastLevel": 1141, "playerId": 21937, "championPointsUntilNextLevel": 659, "tokensEarned": 0, "championId": 102, "lastPlayTime": 1434441544000}, {"championLevel": 1, "chestGranted": false, "championPoints": 972, "championPointsSinceLastLevel": 972, "playerId": 21937, "championPointsUntilNextLevel": 828, "tokensEarned": 0, "championId": 18, "lastPlayTime": 1445765968000}, {"championLevel": 1, "chestGranted": false, "championPoints": 952, "championPointsSinceLastLevel": 952, "playerId": 21937, "championPointsUntilNextLevel": 848, "tokensEarned": 0, "championId": 22, "lastPlayTime": 1431763470000}, {"championLevel": 1, "chestGranted": false, "championPoints": 789, "championPointsSinceLastLevel": 789, "playerId": 21937, "championPointsUntilNextLevel": 1011, "tokensEarned": 0, "championId": 1, "lastPlayTime": 1467398438000}, {"championLevel": 1, "chestGranted": false, "championPoints": 786, "championPointsSinceLastLevel": 786, "playerId": 21937, "championPointsUntilNextLevel": 1014, "tokensEarned": 0, "championId": 16, "lastPlayTime": 1460143438000}, {"championLevel": 1, "chestGranted": false, "championPoints": 575, "championPointsSinceLastLevel": 575, "playerId": 21937, "championPointsUntilNextLevel": 1225, "tokensEarned": 0, "championId": 42, "lastPlayTime": 1466663610000}, {"championLevel": 1, "chestGranted": false, "championPoints": 354, "championPointsSinceLastLevel": 354, "playerId": 21937, "championPointsUntilNextLevel": 1446, "tokensEarned": 0, "championId": 11, "lastPlayTime": 1459546288000}, {"championLevel": 1, "chestGranted": false, "championPoints": 318, "championPointsSinceLastLevel": 318, "playerId": 21937, "championPointsUntilNextLevel": 1482, "tokensEarned": 0, "championId": 2, "lastPlayTime": 1466389464000}, {"championLevel": 1, "chestGranted": false, "championPoints": 290, "championPointsSinceLastLevel": 290, "playerId": 21937, "championPointsUntilNextLevel": 1510, "tokensEarned": 0, "championId": 236, "lastPlayTime": 1466120890000}, {"championLevel": 1, "chestGranted": false, "championPoints": 287, "championPointsSinceLastLevel": 287, "playerId": 21937, "championPointsUntilNextLevel": 1513, "tokensEarned": 0, "championId": 163, "lastPlayTime": 1466578461000}, {"championLevel": 1, "chestGranted": false, "championPoints": 276, "championPointsSinceLastLevel": 276, "playerId": 21937, "championPointsUntilNextLevel": 1524, "tokensEarned": 0, "championId": 421, "lastPlayTime": 1440840201000}, {"championLevel": 1, "chestGranted": false, "championPoints": 190, "championPointsSinceLastLevel": 190, "playerId": 21937, "championPointsUntilNextLevel": 1610, "tokensEarned": 0, "championId": 20, "lastPlayTime": 1441190758000}, {"championLevel": 1, "chestGranted": false, "championPoints": 186, "championPointsSinceLastLevel": 186, "playerId": 21937, "championPointsUntilNextLevel": 1614, "tokensEarned": 0, "championId": 99, "lastPlayTime": 1459843667000}, {"championLevel": 1, "chestGranted": false, "championPoints": 163, "championPointsSinceLastLevel": 163, "playerId": 21937, "championPointsUntilNextLevel": 1637, "tokensEarned": 0, "championId": 43, "lastPlayTime": 1459868563000}, {"championLevel": 1, "chestGranted": false, "championPoints": 161, "championPointsSinceLastLevel": 161, "playerId": 21937, "championPointsUntilNextLevel": 1639, "tokensEarned": 0, "championId": 134, "lastPlayTime": 1463767468000}, {"championLevel": 1, "chestGranted": false, "championPoints": 152, "championPointsSinceLastLevel": 152, "playerId": 21937, "championPointsUntilNextLevel": 1648, "tokensEarned": 0, "championId": 84, "lastPlayTime": 1456291422000}, {"championLevel": 1, "chestGranted": false, "championPoints": 133, "championPointsSinceLastLevel": 133, "playerId": 21937, "championPointsUntilNextLevel": 1667, "tokensEarned": 0, "championId": 82, "lastPlayTime": 1441276140000}, {"championLevel": 1, "chestGranted": false, "championPoints": 129, "championPointsSinceLastLevel": 129, "playerId": 21937, "championPointsUntilNextLevel": 1671, "tokensEarned": 0, "championId": 38, "lastPlayTime": 1468885030000}]