[{"championLevel": 5, "chestGranted": true, "championPoints": 45023, "championPointsSinceLastLevel": 23423, "playerId": 21941, "championPointsUntilNextLevel": 0, "tokensEarned": 0, "championId": 67, "lastPlayTime": 1463499942000}, {"championLevel": 5, "chestGranted": true, "championPoints": 33292, "championPointsSinceLastLevel": 11692, "playerId": 21941, "championPointsUntilNextLevel": 0, "tokensEarned": 0, "championId": 81, "lastPlayTime": 1462911332000}, {"championLevel": 5, "chestGranted": true, "championPoints": 26844, "championPointsSinceLastLevel": 5244, "playerId": 21941, "championPointsUntilNextLevel": 0, "tokensEarned": 0, "championId": 245, "lastPlayTime": 1466525323000}, {"championLevel": 4, "chestGranted": false, "championPoints": 17818, "championPointsSinceLastLevel": 5218, "playerId": 21941, "championPointsUntilNextLevel": 3782, "tokensEarned": 0, "championId": 429, "lastPlayTime": 1460413629000}, {"championLevel": 4, "chestGranted": false, "championPoints": 16651, "championPointsSinceLastLevel": 4051, "playerId": 21941, "championPointsUntilNextLevel": 4949, "tokensEarned": 0, "championId": 420, "lastPlayTime": 1468677808000}, {"championLevel": 4, "chestGranted": false, "championPoints": 16563, "championPointsSinceLastLevel": 3963, "playerId": 21941, "championPointsUntilNextLevel": 5037, "tokensEarned": 0, "championId": 45, "lastPlayTime": 1467644817000}, {"championLevel": 4, "chestGranted": false, "championPoints": 15991, "championPointsSinceLastLevel": 3391, "playerId": 21941, "championPointsUntilNextLevel": 5609, "tokensEarned": 0, "championId": 98, "lastPlayTime": 1468710026000}, {"championLevel": 4, "chestGranted": true, "championPoints": 14683, "championPointsSinceLastLevel": 2083, "playerId": 21941, "championPointsUntilNextLevel": 6917, "tokensEarned": 0, "championId": 39, "lastPlayTime": 1468355793000}, {"championLevel": 4, "chestGranted": false, "championPoints": 14309, "championPointsSinceLastLevel": 1709, "playerId": 21941, "championPointsUntilNextLevel": 7291, "tokensEarned": 0, "championId": 18, "lastPlayTime": 1460963537000}, {"championLevel": 4, "chestGranted": true, "championPoints": 13599, "championPointsSinceLastLevel": 999, "playerId": 21941, "championPointsUntilNextLevel": 8001, "tokensEarned": 0, "championId": 223, "lastPlayTime": 1461014200000}, {"championLevel": 4, "chestGranted": false, "championPoints": 13404, "championPointsSinceLastLevel": 804, "playerId": 21941, "championPointsUntilNextLevel": 8196, "tokensEarned": 0, "championId": 13, "lastPlayTime": 1468672445000}, {"championLevel": 4, "chestGranted": false, "championPoints": 13321, "championPointsSinceLastLevel": 721, "playerId": 21941, "championPointsUntilNextLevel": 8279, "tokensEarned": 0, "championId": 75, "lastPlayTime": 1462484731000}, {"championLevel": 4, "chestGranted": false, "championPoints": 13212, "championPointsSinceLastLevel": 612, "playerId": 21941, "championPointsUntilNextLevel": 8388, "tokensEarned": 0, "championId": 412, "lastPlayTime": 1465173123000}, {"championLevel": 4, "chestGranted": true, "championPoints": 12669, "championPointsSinceLastLevel": 69, "playerId": 21941, "championPointsUntilNextLevel": 8931, "tokensEarned": 0, "championId": 22, "lastPlayTime": 1467905928000}, {"championLevel": 4, "chestGranted": true, "championPoints": 12616, "championPointsSinceLastLevel": 16, "playerId": 21941, "championPointsUntilNextLevel": 8984, "tokensEarned": 0, "championId": 51, "lastPlayTime": 1466611510000}, {"championLevel": 3, "chestGranted": false, "championPoints": 12067, "championPointsSinceLastLevel": 6067, "playerId": 21941, "championPointsUntilNextLevel": 533, "tokensEarned": 0, "championId": 96, "lastPlayTime": 1460679570000}, {"championLevel": 3, "chestGranted": false, "championPoints": 11934, "championPointsSinceLastLevel": 5934, "playerId": 21941, "championPointsUntilNextLevel": 666, "tokensEarned": 0, "championId": 77, "lastPlayTime": 1468025198000}, {"championLevel": 3, "chestGranted": false, "championPoints": 11027, "championPointsSinceLastLevel": 5027, "playerId": 21941, "championPointsUntilNextLevel": 1573, "tokensEarned": 0, "championId": 54, "lastPlayTime": 1460607092000}, {"championLevel": 3, "chestGranted": false, "championPoints": 9946, "championPointsSinceLastLevel": 3946, "playerId": 21941, "championPointsUntilNextLevel": 2654, "tokensEarned": 0, "championId": 236, "lastPlayTime": 1465416984000}, {"championLevel": 3, "chestGranted": true, "championPoints": 9735, "championPointsSinceLastLevel": 3735, "playerId": 21941, "championPointsUntilNextLevel": 2865, "tokensEarned": 0, "championId": 202, "lastPlayTime": 1468623990000}, {"championLevel": 3, "chestGranted": false, "championPoints": 9469, "championPointsSinceLastLevel": 3469, "playerId": 21941, "championPointsUntilNextLevel": 3131, "tokensEarned": 0, "championId": 150, "lastPlayTime": 1448145776000}, {"championLevel": 3, "chestGranted": false, "championPoints": 9381, "championPointsSinceLastLevel": 3381, "playerId": 21941, "championPointsUntilNextLevel": 3219, "tokensEarned": 0, "championId": 41, "lastPlayTime": 1465330178000}, {"championLevel": 3, "chestGranted": false, "championPoints": 9235, "championPointsSinceLastLevel": 3235, "playerId": 21941, "championPointsUntilNextLevel": 3365, "tokensEarned": 0, "championId": 104, "lastPlayTime": 1462668005000}, {"championLevel": 3, "chestGranted": true, "championPoints": 9109, "championPointsSinceLastLevel": 3109, "playerId": 21941, "championPointsUntilNextLevel": 3491, "tokensEarned": 0, "championId": 222, "lastPlayTime": 1466614616000}, {"championLevel": 3, "chestGranted": false, "championPoints": 8637, "championPointsSinceLastLevel": 2637, "playerId": 21941, "championPointsUntilNextLevel": 3963, "tokensEarned": 0, "championId": 112, "lastPlayTime": 1442586435000}, {"championLevel": 3, "chestGranted": false, "championPoints": 8144, "championPointsSinceLastLevel": 2144, "playerId": 21941, "championPointsUntilNextLevel": 4456, "tokensEarned": 0, "championId": 78, "lastPlayTime": 1460355371000}, {"championLevel": 3, "chestGranted": false, "championPoints": 8109, "championPointsSinceLastLevel": 2109, "playerId": 21941, "championPointsUntilNextLevel": 4491, "tokensEarned": 0, "championId": 106, "lastPlayTime": 1461019042000}, {"championLevel": 3, "chestGranted": true, "championPoints": 7828, "championPointsSinceLastLevel": 1828, "playerId": 21941, "championPointsUntilNextLevel": 4772, "tokensEarned": 0, "championId": 35, "lastPlayTime": 1466452245000}, {"championLevel": 3, "chestGranted": false, "championPoints": 7348, "championPointsSinceLastLevel": 1348, "playerId": 21941, "championPointsUntilNextLevel": 5252, "tokensEarned": 0, "championId": 119, "lastPlayTime": 1458656606000}, {"championLevel": 3, "chestGranted": false, "championPoints": 7177, "championPointsSinceLastLevel": 1177, "playerId": 21941, "championPointsUntilNextLevel": 5423, "tokensEarned": 0, "championId": 114, "lastPlayTime": 1459022596000}, {"championLevel": 3, "chestGranted": false, "championPoints": 7026, "championPointsSinceLastLevel": 1026, "playerId": 21941, "championPointsUntilNextLevel": 5574, "tokensEarned": 0, "championId": 102, "lastPlayTime": 1443552332000}, {"championLevel": 3, "chestGranted": false, "championPoints": 7015, "championPointsSinceLastLevel": 1015, "playerId": 21941, "championPointsUntilNextLevel": 5585, "tokensEarned": 0, "championId": 31, "lastPlayTime": 1455206099000}, {"championLevel": 3, "chestGranted": true, "championPoints": 6812, "championPointsSinceLastLevel": 812, "playerId": 21941, "championPointsUntilNextLevel": 5788, "tokensEarned": 0, "championId": 24, "lastPlayTime": 1459321817000}, {"championLevel": 3, "chestGranted": true, "championPoints": 6644, "championPointsSinceLastLevel": 644, "playerId": 21941, "championPointsUntilNextLevel": 5956, "tokensEarned": 0, "championId": 121, "lastPlayTime": 1460967688000}, {"championLevel": 3, "chestGranted": true, "championPoints": 6491, "championPointsSinceLastLevel": 491, "playerId": 21941, "championPointsUntilNextLevel": 6109, "tokensEarned": 0, "championId": 7, "lastPlayTime": 1467589476000}, {"championLevel": 3, "chestGranted": false, "championPoints": 6319, "championPointsSinceLastLevel": 319, "playerId": 21941, "championPointsUntilNextLevel": 6281, "tokensEarned": 0, "championId": 105, "lastPlayTime": 1448512156000}, {"championLevel": 3, "chestGranted": true, "championPoints": 6198, "championPointsSinceLastLevel": 198, "playerId": 21941, "championPointsUntilNextLevel": 6402, "tokensEarned": 0, "championId": 40, "lastPlayTime": 1466624648000}, {"championLevel": 3, "chestGranted": true, "championPoints": 6191, "championPointsSinceLastLevel": 191, "playerId": 21941, "championPointsUntilNextLevel": 6409, "tokensEarned": 0, "championId": 29, "lastPlayTime": 1465444989000}, {"championLevel": 2, "chestGranted": true, "championPoints": 5753, "championPointsSinceLastLevel": 3953, "playerId": 21941, "championPointsUntilNextLevel": 247, "tokensEarned": 0, "championId": 90, "lastPlayTime": 1463073087000}, {"championLevel": 2, "chestGranted": false, "championPoints": 5734, "championPointsSinceLastLevel": 3934, "playerId": 21941, "championPointsUntilNextLevel": 266, "tokensEarned": 0, "championId": 8, "lastPlayTime": 1462388085000}, {"championLevel": 2, "chestGranted": false, "championPoints": 5719, "championPointsSinceLastLevel": 3919, "playerId": 21941, "championPointsUntilNextLevel": 281, "tokensEarned": 0, "championId": 15, "lastPlayTime": 1446497341000}, {"championLevel": 2, "chestGranted": false, "championPoints": 5646, "championPointsSinceLastLevel": 3846, "playerId": 21941, "championPointsUntilNextLevel": 354, "tokensEarned": 0, "championId": 86, "lastPlayTime": 1446218811000}, {"championLevel": 2, "chestGranted": false, "championPoints": 5485, "championPointsSinceLastLevel": 3685, "playerId": 21941, "championPointsUntilNextLevel": 515, "tokensEarned": 0, "championId": 21, "lastPlayTime": 1467399606000}, {"championLevel": 2, "chestGranted": false, "championPoints": 5425, "championPointsSinceLastLevel": 3625, "playerId": 21941, "championPointsUntilNextLevel": 575, "tokensEarned": 0, "championId": 16, "lastPlayTime": 1463012412000}, {"championLevel": 2, "chestGranted": false, "championPoints": 5068, "championPointsSinceLastLevel": 3268, "playerId": 21941, "championPointsUntilNextLevel": 932, "tokensEarned": 0, "championId": 254, "lastPlayTime": 1447178876000}, {"championLevel": 2, "chestGranted": false, "championPoints": 4640, "championPointsSinceLastLevel": 2840, "playerId": 21941, "championPointsUntilNextLevel": 1360, "tokensEarned": 0, "championId": 85, "lastPlayTime": 1468209101000}, {"championLevel": 2, "chestGranted": false, "championPoints": 4547, "championPointsSinceLastLevel": 2747, "playerId": 21941, "championPointsUntilNextLevel": 1453, "tokensEarned": 0, "championId": 89, "lastPlayTime": 1468721481000}, {"championLevel": 2, "chestGranted": false, "championPoints": 4475, "championPointsSinceLastLevel": 2675, "playerId": 21941, "championPointsUntilNextLevel": 1525, "tokensEarned": 0, "championId": 92, "lastPlayTime": 1464893968000}, {"championLevel": 2, "chestGranted": false, "championPoints": 4376, "championPointsSinceLastLevel": 2576, "playerId": 21941, "championPointsUntilNextLevel": 1624, "tokensEarned": 0, "championId": 203, "lastPlayTime": 1466004716000}, {"championLevel": 2, "chestGranted": false, "championPoints": 4181, "championPointsSinceLastLevel": 2381, "playerId": 21941, "championPointsUntilNextLevel": 1819, "tokensEarned": 0, "championId": 19, "lastPlayTime": 1459314067000}, {"championLevel": 2, "chestGranted": false, "championPoints": 3939, "championPointsSinceLastLevel": 2139, "playerId": 21941, "championPointsUntilNextLevel": 2061, "tokensEarned": 0, "championId": 17, "lastPlayTime": 1466527002000}, {"championLevel": 2, "chestGranted": false, "championPoints": 3733, "championPointsSinceLastLevel": 1933, "playerId": 21941, "championPointsUntilNextLevel": 2267, "tokensEarned": 0, "championId": 99, "lastPlayTime": 1460780606000}, {"championLevel": 2, "chestGranted": true, "championPoints": 3347, "championPointsSinceLastLevel": 1547, "playerId": 21941, "championPointsUntilNextLevel": 2653, "tokensEarned": 0, "championId": 10, "lastPlayTime": 1459880916000}, {"championLevel": 2, "chestGranted": false, "championPoints": 3327, "championPointsSinceLastLevel": 1527, "playerId": 21941, "championPointsUntilNextLevel": 2673, "tokensEarned": 0, "championId": 107, "lastPlayTime": 1467243036000}, {"championLevel": 2, "chestGranted": true, "championPoints": 3121, "championPointsSinceLastLevel": 1321, "playerId": 21941, "championPointsUntilNextLevel": 2879, "tokensEarned": 0, "championId": 11, "lastPlayTime": 1464633497000}, {"championLevel": 2, "chestGranted": false, "championPoints": 2774, "championPointsSinceLastLevel": 974, "playerId": 21941, "championPointsUntilNextLevel": 3226, "tokensEarned": 0, "championId": 28, "lastPlayTime": 1464978522000}, {"championLevel": 2, "chestGranted": false, "championPoints": 2752, "championPointsSinceLastLevel": 952, "playerId": 21941, "championPointsUntilNextLevel": 3248, "tokensEarned": 0, "championId": 238, "lastPlayTime": 1460600977000}, {"championLevel": 2, "chestGranted": false, "championPoints": 2723, "championPointsSinceLastLevel": 923, "playerId": 21941, "championPointsUntilNextLevel": 3277, "tokensEarned": 0, "championId": 4, "lastPlayTime": 1445288319000}, {"championLevel": 2, "chestGranted": false, "championPoints": 2542, "championPointsSinceLastLevel": 742, "playerId": 21941, "championPointsUntilNextLevel": 3458, "tokensEarned": 0, "championId": 12, "lastPlayTime": 1461353880000}, {"championLevel": 2, "chestGranted": false, "championPoints": 2479, "championPointsSinceLastLevel": 679, "playerId": 21941, "championPointsUntilNextLevel": 3521, "tokensEarned": 0, "championId": 2, "lastPlayTime": 1449777402000}, {"championLevel": 2, "chestGranted": false, "championPoints": 2459, "championPointsSinceLastLevel": 659, "playerId": 21941, "championPointsUntilNextLevel": 3541, "tokensEarned": 0, "championId": 44, "lastPlayTime": 1461212170000}, {"championLevel": 2, "chestGranted": false, "championPoints": 2269, "championPointsSinceLastLevel": 469, "playerId": 21941, "championPointsUntilNextLevel": 3731, "tokensEarned": 0, "championId": 14, "lastPlayTime": 1436210355000}, {"championLevel": 2, "chestGranted": false, "championPoints": 2243, "championPointsSinceLastLevel": 443, "playerId": 21941, "championPointsUntilNextLevel": 3757, "tokensEarned": 0, "championId": 33, "lastPlayTime": 1459469320000}, {"championLevel": 2, "chestGranted": false, "championPoints": 2205, "championPointsSinceLastLevel": 405, "playerId": 21941, "championPointsUntilNextLevel": 3795, "tokensEarned": 0, "championId": 6, "lastPlayTime": 1431874468000}, {"championLevel": 2, "chestGranted": false, "championPoints": 2146, "championPointsSinceLastLevel": 346, "playerId": 21941, "championPointsUntilNextLevel": 3854, "tokensEarned": 0, "championId": 23, "lastPlayTime": 1448503848000}, {"championLevel": 2, "chestGranted": false, "championPoints": 1853, "championPointsSinceLastLevel": 53, "playerId": 21941, "championPointsUntilNextLevel": 4147, "tokensEarned": 0, "championId": 69, "lastPlayTime": 1435686924000}, {"championLevel": 1, "chestGranted": false, "championPoints": 1703, "championPointsSinceLastLevel": 1703, "playerId": 21941, "championPointsUntilNextLevel": 97, "tokensEarned": 0, "championId": 432, "lastPlayTime": 1459315710000}, {"championLevel": 1, "chestGranted": false, "championPoints": 1659, "championPointsSinceLastLevel": 1659, "playerId": 21941, "championPointsUntilNextLevel": 141, "tokensEarned": 0, "championId": 122, "lastPlayTime": 1446232549000}, {"championLevel": 1, "chestGranted": false, "championPoints": 1628, "championPointsSinceLastLevel": 1628, "playerId": 21941, "championPointsUntilNextLevel": 172, "tokensEarned": 0, "championId": 5, "lastPlayTime": 1456935291000}, {"championLevel": 1, "chestGranted": false, "championPoints": 1613, "championPointsSinceLastLevel": 1613, "playerId": 21941, "championPointsUntilNextLevel": 187, "tokensEarned": 0, "championId": 103, "lastPlayTime": 1445437234000}, {"championLevel": 1, "chestGranted": false, "championPoints": 1603, "championPointsSinceLastLevel": 1603, "playerId": 21941, "championPointsUntilNextLevel": 197, "tokensEarned": 0, "championId": 36, "lastPlayTime": 1454388011000}, {"championLevel": 1, "chestGranted": false, "championPoints": 1594, "championPointsSinceLastLevel": 1594, "playerId": 21941, "championPointsUntilNextLevel": 206, "tokensEarned": 0, "championId": 53, "lastPlayTime": 1464981157000}, {"championLevel": 1, "chestGranted": false, "championPoints": 1485, "championPointsSinceLastLevel": 1485, "playerId": 21941, "championPointsUntilNextLevel": 315, "tokensEarned": 0, "championId": 266, "lastPlayTime": 1442790162000}, {"championLevel": 1, "chestGranted": false, "championPoints": 1483, "championPointsSinceLastLevel": 1483, "playerId": 21941, "championPointsUntilNextLevel": 317, "tokensEarned": 0, "championId": 50, "lastPlayTime": 1462478821000}, {"championLevel": 1, "chestGranted": true, "championPoints": 1428, "championPointsSinceLastLevel": 1428, "playerId": 21941, "championPointsUntilNextLevel": 372, "tokensEarned": 0, "championId": 57, "lastPlayTime": 1466450402000}, {"championLevel": 1, "chestGranted": false, "championPoints": 1425, "championPointsSinceLastLevel": 1425, "playerId": 21941, "championPointsUntilNextLevel": 375, "tokensEarned": 0, "championId": 82, "lastPlayTime": 1444096965000}, {"championLevel": 1, "chestGranted": false, "championPoints": 1421, "championPointsSinceLastLevel": 1421, "playerId": 21941, "championPointsUntilNextLevel": 379, "tokensEarned": 0, "championId": 25, "lastPlayTime": 1435678865000}, {"championLevel": 1, "chestGranted": false, "championPoints": 1366, "championPointsSinceLastLevel": 1366, "playerId": 21941, "championPointsUntilNextLevel": 434, "tokensEarned": 0, "championId": 101, "lastPlayTime": 1434117826000}, {"championLevel": 1, "chestGranted": false, "championPoints": 1331, "championPointsSinceLastLevel": 1331, "playerId": 21941, "championPointsUntilNextLevel": 469, "tokensEarned": 0, "championId": 79, "lastPlayTime": 1457651020000}, {"championLevel": 1, "chestGranted": false, "championPoints": 1318, "championPointsSinceLastLevel": 1318, "playerId": 21941, "championPointsUntilNextLevel": 482, "tokensEarned": 0, "championId": 34, "lastPlayTime": 1443196065000}, {"championLevel": 1, "chestGranted": false, "championPoints": 1294, "championPointsSinceLastLevel": 1294, "playerId": 21941, "championPointsUntilNextLevel": 506, "tokensEarned": 0, "championId": 48, "lastPlayTime": 1462381252000}, {"championLevel": 1, "chestGranted": false, "championPoints": 1273, "championPointsSinceLastLevel": 1273, "playerId": 21941, "championPointsUntilNextLevel": 527, "tokensEarned": 0, "championId": 127, "lastPlayTime": 1459001018000}, {"championLevel": 1, "chestGranted": false, "championPoints": 1185, "championPointsSinceLastLevel": 1185, "playerId": 21941, "championPointsUntilNextLevel": 615, "tokensEarned": 0, "championId": 80, "lastPlayTime": 1458490103000}, {"championLevel": 1, "chestGranted": false, "championPoints": 1170, "championPointsSinceLastLevel": 1170, "playerId": 21941, "championPointsUntilNextLevel": 630, "tokensEarned": 0, "championId": 43, "lastPlayTime": 1459393793000}, {"championLevel": 1, "chestGranted": false, "championPoints": 1058, "championPointsSinceLastLevel": 1058, "playerId": 21941, "championPointsUntilNextLevel": 742, "tokensEarned": 0, "championId": 58, "lastPlayTime": 1462671341000}, {"championLevel": 1, "chestGranted": false, "championPoints": 997, "championPointsSinceLastLevel": 997, "playerId": 21941, "championPointsUntilNextLevel": 803, "tokensEarned": 0, "championId": 268, "lastPlayTime": 1436743370000}, {"championLevel": 1, "chestGranted": false, "championPoints": 539, "championPointsSinceLastLevel": 539, "playerId": 21941, "championPointsUntilNextLevel": 1261, "tokensEarned": 0, "championId": 55, "lastPlayTime": 1455656506000}, {"championLevel": 1, "chestGranted": false, "championPoints": 442, "championPointsSinceLastLevel": 442, "playerId": 21941, "championPointsUntilNextLevel": 1358, "tokensEarned": 0, "championId": 63, "lastPlayTime": 1463716906000}, {"championLevel": 1, "chestGranted": false, "championPoints": 401, "championPointsSinceLastLevel": 401, "playerId": 21941, "championPointsUntilNextLevel": 1399, "tokensEarned": 0, "championId": 64, "lastPlayTime": 1445613371000}, {"championLevel": 1, "chestGranted": false, "championPoints": 389, "championPointsSinceLastLevel": 389, "playerId": 21941, "championPointsUntilNextLevel": 1411, "tokensEarned": 0, "championId": 117, "lastPlayTime": 1447886703000}, {"championLevel": 1, "chestGranted": false, "championPoints": 343, "championPointsSinceLastLevel": 343, "playerId": 21941, "championPointsUntilNextLevel": 1457, "tokensEarned": 0, "championId": 27, "lastPlayTime": 1444875571000}, {"championLevel": 1, "chestGranted": false, "championPoints": 247, "championPointsSinceLastLevel": 247, "playerId": 21941, "championPointsUntilNextLevel": 1553, "tokensEarned": 0, "championId": 110, "lastPlayTime": 1460011495000}, {"championLevel": 1, "chestGranted": false, "championPoints": 232, "championPointsSinceLastLevel": 232, "playerId": 21941, "championPointsUntilNextLevel": 1568, "tokensEarned": 0, "championId": 157, "lastPlayTime": 1467246232000}, {"championLevel": 1, "chestGranted": false, "championPoints": 221, "championPointsSinceLastLevel": 221, "playerId": 21941, "championPointsUntilNextLevel": 1579, "tokensEarned": 0, "championId": 32, "lastPlayTime": 1460961719000}, {"championLevel": 1, "chestGranted": false, "championPoints": 216, "championPointsSinceLastLevel": 216, "playerId": 21941, "championPointsUntilNextLevel": 1584, "tokensEarned": 0, "championId": 421, "lastPlayTime": 1447099918000}, {"championLevel": 1, "chestGranted": false, "championPoints": 187, "championPointsSinceLastLevel": 187, "playerId": 21941, "championPointsUntilNextLevel": 1613, "tokensEarned": 0, "championId": 113, "lastPlayTime": 1433014193000}, {"championLevel": 1, "chestGranted": false, "championPoints": 183, "championPointsSinceLastLevel": 183, "playerId": 21941, "championPointsUntilNextLevel": 1617, "tokensEarned": 0, "championId": 201, "lastPlayTime": 1466545069000}, {"championLevel": 1, "chestGranted": false, "championPoints": 180, "championPointsSinceLastLevel": 180, "playerId": 21941, "championPointsUntilNextLevel": 1620, "tokensEarned": 0, "championId": 76, "lastPlayTime": 1460952343000}, {"championLevel": 1, "chestGranted": false, "championPoints": 166, "championPointsSinceLastLevel": 166, "playerId": 21941, "championPointsUntilNextLevel": 1634, "tokensEarned": 0, "championId": 120, "lastPlayTime": 1460107116000}, {"championLevel": 1, "chestGranted": false, "championPoints": 157, "championPointsSinceLastLevel": 157, "playerId": 21941, "championPointsUntilNextLevel": 1643, "tokensEarned": 0, "championId": 61, "lastPlayTime": 1462305929000}, {"championLevel": 1, "chestGranted": false, "championPoints": 131, "championPointsSinceLastLevel": 131, "playerId": 21941, "championPointsUntilNextLevel": 1669, "tokensEarned": 0, "championId": 3, "lastPlayTime": 1460959297000}, {"championLevel": 1, "chestGranted": false, "championPoints": 131, "championPointsSinceLastLevel": 131, "playerId": 21941, "championPointsUntilNextLevel": 1669, "tokensEarned": 0, "championId": 136, "lastPlayTime": 1460494449000}]