[{"championLevel": 6, "chestGranted": true, "championPoints": 113347, "championPointsSinceLastLevel": 91747, "playerId": 21944, "championPointsUntilNextLevel": 0, "tokensEarned": 0, "championId": 202, "lastPlayTime": 1468863415000}, {"championLevel": 5, "chestGranted": false, "championPoints": 91126, "championPointsSinceLastLevel": 69526, "playerId": 21944, "championPointsUntilNextLevel": 0, "tokensEarned": 1, "championId": 119, "lastPlayTime": 1467257181000}, {"championLevel": 5, "chestGranted": true, "championPoints": 88904, "championPointsSinceLastLevel": 67304, "playerId": 21944, "championPointsUntilNextLevel": 0, "tokensEarned": 0, "championId": 67, "lastPlayTime": 1466107331000}, {"championLevel": 5, "chestGranted": true, "championPoints": 66823, "championPointsSinceLastLevel": 45223, "playerId": 21944, "championPointsUntilNextLevel": 0, "tokensEarned": 0, "championId": 429, "lastPlayTime": 1468647257000}, {"championLevel": 5, "chestGranted": true, "championPoints": 54680, "championPointsSinceLastLevel": 33080, "playerId": 21944, "championPointsUntilNextLevel": 0, "tokensEarned": 0, "championId": 236, "lastPlayTime": 1468644575000}, {"championLevel": 5, "chestGranted": true, "championPoints": 42436, "championPointsSinceLastLevel": 20836, "playerId": 21944, "championPointsUntilNextLevel": 0, "tokensEarned": 0, "championId": 98, "lastPlayTime": 1468854428000}, {"championLevel": 5, "chestGranted": true, "championPoints": 33964, "championPointsSinceLastLevel": 12364, "playerId": 21944, "championPointsUntilNextLevel": 0, "tokensEarned": 1, "championId": 238, "lastPlayTime": 1468614519000}, {"championLevel": 5, "chestGranted": false, "championPoints": 31819, "championPointsSinceLastLevel": 10219, "playerId": 21944, "championPointsUntilNextLevel": 0, "tokensEarned": 0, "championId": 203, "lastPlayTime": 1461432905000}, {"championLevel": 5, "chestGranted": true, "championPoints": 28286, "championPointsSinceLastLevel": 6686, "playerId": 21944, "championPointsUntilNextLevel": 0, "tokensEarned": 2, "championId": 81, "lastPlayTime": 1468951452000}, {"championLevel": 5, "chestGranted": true, "championPoints": 25067, "championPointsSinceLastLevel": 3467, "playerId": 21944, "championPointsUntilNextLevel": 0, "tokensEarned": 1, "championId": 245, "lastPlayTime": 1468861089000}, {"championLevel": 5, "chestGranted": false, "championPoints": 23507, "championPointsSinceLastLevel": 1907, "playerId": 21944, "championPointsUntilNextLevel": 0, "tokensEarned": 1, "championId": 157, "lastPlayTime": 1468981284000}, {"championLevel": 5, "chestGranted": true, "championPoints": 22360, "championPointsSinceLastLevel": 760, "playerId": 21944, "championPointsUntilNextLevel": 0, "tokensEarned": 0, "championId": 254, "lastPlayTime": 1466547391000}, {"championLevel": 4, "chestGranted": false, "championPoints": 20020, "championPointsSinceLastLevel": 7420, "playerId": 21944, "championPointsUntilNextLevel": 1580, "tokensEarned": 0, "championId": 59, "lastPlayTime": 1462833350000}, {"championLevel": 4, "chestGranted": true, "championPoints": 17124, "championPointsSinceLastLevel": 4524, "playerId": 21944, "championPointsUntilNextLevel": 4476, "tokensEarned": 0, "championId": 104, "lastPlayTime": 1463527314000}, {"championLevel": 4, "chestGranted": false, "championPoints": 15775, "championPointsSinceLastLevel": 3175, "playerId": 21944, "championPointsUntilNextLevel": 5825, "tokensEarned": 0, "championId": 75, "lastPlayTime": 1468858233000}, {"championLevel": 4, "chestGranted": true, "championPoints": 12762, "championPointsSinceLastLevel": 162, "playerId": 21944, "championPointsUntilNextLevel": 8838, "tokensEarned": 0, "championId": 131, "lastPlayTime": 1466570197000}, {"championLevel": 3, "chestGranted": false, "championPoints": 11888, "championPointsSinceLastLevel": 5888, "playerId": 21944, "championPointsUntilNextLevel": 712, "tokensEarned": 0, "championId": 412, "lastPlayTime": 1460336934000}, {"championLevel": 3, "chestGranted": true, "championPoints": 11763, "championPointsSinceLastLevel": 5763, "playerId": 21944, "championPointsUntilNextLevel": 837, "tokensEarned": 0, "championId": 107, "lastPlayTime": 1468653723000}, {"championLevel": 3, "chestGranted": true, "championPoints": 11684, "championPointsSinceLastLevel": 5684, "playerId": 21944, "championPointsUntilNextLevel": 916, "tokensEarned": 0, "championId": 113, "lastPlayTime": 1466634559000}, {"championLevel": 3, "chestGranted": false, "championPoints": 10519, "championPointsSinceLastLevel": 4519, "playerId": 21944, "championPointsUntilNextLevel": 2081, "tokensEarned": 0, "championId": 42, "lastPlayTime": 1460947534000}, {"championLevel": 3, "chestGranted": false, "championPoints": 10358, "championPointsSinceLastLevel": 4358, "playerId": 21944, "championPointsUntilNextLevel": 2242, "tokensEarned": 0, "championId": 18, "lastPlayTime": 1460749845000}, {"championLevel": 3, "chestGranted": false, "championPoints": 9407, "championPointsSinceLastLevel": 3407, "playerId": 21944, "championPointsUntilNextLevel": 3193, "tokensEarned": 0, "championId": 201, "lastPlayTime": 1454694327000}, {"championLevel": 3, "chestGranted": true, "championPoints": 7889, "championPointsSinceLastLevel": 1889, "playerId": 21944, "championPointsUntilNextLevel": 4711, "tokensEarned": 0, "championId": 64, "lastPlayTime": 1468968512000}, {"championLevel": 3, "chestGranted": false, "championPoints": 6593, "championPointsSinceLastLevel": 593, "playerId": 21944, "championPointsUntilNextLevel": 6007, "tokensEarned": 0, "championId": 110, "lastPlayTime": 1458441991000}, {"championLevel": 3, "chestGranted": false, "championPoints": 6578, "championPointsSinceLastLevel": 578, "playerId": 21944, "championPointsUntilNextLevel": 6022, "tokensEarned": 0, "championId": 1, "lastPlayTime": 1456716745000}, {"championLevel": 3, "chestGranted": false, "championPoints": 6056, "championPointsSinceLastLevel": 56, "playerId": 21944, "championPointsUntilNextLevel": 6544, "tokensEarned": 0, "championId": 150, "lastPlayTime": 1456519614000}, {"championLevel": 2, "chestGranted": false, "championPoints": 5441, "championPointsSinceLastLevel": 3641, "playerId": 21944, "championPointsUntilNextLevel": 559, "tokensEarned": 0, "championId": 92, "lastPlayTime": 1441511829000}, {"championLevel": 2, "chestGranted": false, "championPoints": 4078, "championPointsSinceLastLevel": 2278, "playerId": 21944, "championPointsUntilNextLevel": 1922, "tokensEarned": 0, "championId": 36, "lastPlayTime": 1459715791000}, {"championLevel": 2, "chestGranted": false, "championPoints": 3144, "championPointsSinceLastLevel": 1344, "playerId": 21944, "championPointsUntilNextLevel": 2856, "tokensEarned": 0, "championId": 420, "lastPlayTime": 1455910943000}, {"championLevel": 2, "chestGranted": false, "championPoints": 2396, "championPointsSinceLastLevel": 596, "playerId": 21944, "championPointsUntilNextLevel": 3604, "tokensEarned": 0, "championId": 15, "lastPlayTime": 1461034822000}, {"championLevel": 2, "chestGranted": true, "championPoints": 2318, "championPointsSinceLastLevel": 518, "playerId": 21944, "championPointsUntilNextLevel": 3682, "tokensEarned": 0, "championId": 80, "lastPlayTime": 1463102529000}, {"championLevel": 2, "chestGranted": false, "championPoints": 1896, "championPointsSinceLastLevel": 96, "playerId": 21944, "championPointsUntilNextLevel": 4104, "tokensEarned": 0, "championId": 76, "lastPlayTime": 1437974649000}, {"championLevel": 2, "chestGranted": false, "championPoints": 1821, "championPointsSinceLastLevel": 21, "playerId": 21944, "championPointsUntilNextLevel": 4179, "tokensEarned": 0, "championId": 9, "lastPlayTime": 1444618806000}, {"championLevel": 1, "chestGranted": false, "championPoints": 1783, "championPointsSinceLastLevel": 1783, "playerId": 21944, "championPointsUntilNextLevel": 17, "tokensEarned": 0, "championId": 126, "lastPlayTime": 1455159068000}, {"championLevel": 1, "chestGranted": false, "championPoints": 1702, "championPointsSinceLastLevel": 1702, "playerId": 21944, "championPointsUntilNextLevel": 98, "tokensEarned": 0, "championId": 24, "lastPlayTime": 1459894488000}, {"championLevel": 1, "chestGranted": false, "championPoints": 1677, "championPointsSinceLastLevel": 1677, "playerId": 21944, "championPointsUntilNextLevel": 123, "tokensEarned": 0, "championId": 55, "lastPlayTime": 1446825510000}, {"championLevel": 1, "chestGranted": false, "championPoints": 1664, "championPointsSinceLastLevel": 1664, "playerId": 21944, "championPointsUntilNextLevel": 136, "tokensEarned": 0, "championId": 85, "lastPlayTime": 1447357003000}, {"championLevel": 1, "chestGranted": false, "championPoints": 1511, "championPointsSinceLastLevel": 1511, "playerId": 21944, "championPointsUntilNextLevel": 289, "tokensEarned": 0, "championId": 89, "lastPlayTime": 1457245612000}, {"championLevel": 1, "chestGranted": false, "championPoints": 1476, "championPointsSinceLastLevel": 1476, "playerId": 21944, "championPointsUntilNextLevel": 324, "tokensEarned": 0, "championId": 10, "lastPlayTime": 1454210950000}, {"championLevel": 1, "chestGranted": false, "championPoints": 1439, "championPointsSinceLastLevel": 1439, "playerId": 21944, "championPointsUntilNextLevel": 361, "tokensEarned": 0, "championId": 2, "lastPlayTime": 1447621057000}, {"championLevel": 1, "chestGranted": false, "championPoints": 1337, "championPointsSinceLastLevel": 1337, "playerId": 21944, "championPointsUntilNextLevel": 463, "tokensEarned": 0, "championId": 127, "lastPlayTime": 1437990571000}, {"championLevel": 1, "chestGranted": false, "championPoints": 1304, "championPointsSinceLastLevel": 1304, "playerId": 21944, "championPointsUntilNextLevel": 496, "tokensEarned": 0, "championId": 53, "lastPlayTime": 1455120566000}, {"championLevel": 1, "chestGranted": false, "championPoints": 1197, "championPointsSinceLastLevel": 1197, "playerId": 21944, "championPointsUntilNextLevel": 603, "tokensEarned": 0, "championId": 79, "lastPlayTime": 1465685128000}, {"championLevel": 1, "chestGranted": false, "championPoints": 1165, "championPointsSinceLastLevel": 1165, "playerId": 21944, "championPointsUntilNextLevel": 635, "tokensEarned": 0, "championId": 48, "lastPlayTime": 1461802642000}, {"championLevel": 1, "chestGranted": true, "championPoints": 1072, "championPointsSinceLastLevel": 1072, "playerId": 21944, "championPointsUntilNextLevel": 728, "tokensEarned": 0, "championId": 11, "lastPlayTime": 1461027056000}, {"championLevel": 1, "chestGranted": false, "championPoints": 1058, "championPointsSinceLastLevel": 1058, "playerId": 21944, "championPointsUntilNextLevel": 742, "tokensEarned": 0, "championId": 23, "lastPlayTime": 1459471899000}, {"championLevel": 1, "chestGranted": true, "championPoints": 1009, "championPointsSinceLastLevel": 1009, "playerId": 21944, "championPointsUntilNextLevel": 791, "tokensEarned": 0, "championId": 45, "lastPlayTime": 1466275718000}, {"championLevel": 1, "chestGranted": false, "championPoints": 952, "championPointsSinceLastLevel": 952, "playerId": 21944, "championPointsUntilNextLevel": 848, "tokensEarned": 0, "championId": 86, "lastPlayTime": 1456542095000}, {"championLevel": 1, "chestGranted": false, "championPoints": 587, "championPointsSinceLastLevel": 587, "playerId": 21944, "championPointsUntilNextLevel": 1213, "tokensEarned": 0, "championId": 105, "lastPlayTime": 1465837907000}, {"championLevel": 1, "chestGranted": false, "championPoints": 444, "championPointsSinceLastLevel": 444, "playerId": 21944, "championPointsUntilNextLevel": 1356, "tokensEarned": 0, "championId": 35, "lastPlayTime": 1438478785000}, {"championLevel": 1, "chestGranted": false, "championPoints": 417, "championPointsSinceLastLevel": 417, "playerId": 21944, "championPointsUntilNextLevel": 1383, "tokensEarned": 0, "championId": 163, "lastPlayTime": 1465709942000}, {"championLevel": 1, "chestGranted": false, "championPoints": 343, "championPointsSinceLastLevel": 343, "playerId": 21944, "championPointsUntilNextLevel": 1457, "tokensEarned": 0, "championId": 133, "lastPlayTime": 1466669566000}, {"championLevel": 1, "chestGranted": false, "championPoints": 331, "championPointsSinceLastLevel": 331, "playerId": 21944, "championPointsUntilNextLevel": 1469, "tokensEarned": 0, "championId": 78, "lastPlayTime": 1458014953000}, {"championLevel": 1, "chestGranted": true, "championPoints": 324, "championPointsSinceLastLevel": 324, "playerId": 21944, "championPointsUntilNextLevel": 1476, "tokensEarned": 0, "championId": 22, "lastPlayTime": 1467693333000}, {"championLevel": 1, "chestGranted": false, "championPoints": 312, "championPointsSinceLastLevel": 312, "playerId": 21944, "championPointsUntilNextLevel": 1488, "tokensEarned": 0, "championId": 222, "lastPlayTime": 1454291829000}, {"championLevel": 1, "chestGranted": false, "championPoints": 227, "championPointsSinceLastLevel": 227, "playerId": 21944, "championPointsUntilNextLevel": 1573, "tokensEarned": 0, "championId": 4, "lastPlayTime": 1434034923000}, {"championLevel": 1, "chestGranted": false, "championPoints": 188, "championPointsSinceLastLevel": 188, "playerId": 21944, "championPointsUntilNextLevel": 1612, "tokensEarned": 0, "championId": 96, "lastPlayTime": 1456798106000}, {"championLevel": 1, "chestGranted": false, "championPoints": 177, "championPointsSinceLastLevel": 177, "playerId": 21944, "championPointsUntilNextLevel": 1623, "tokensEarned": 0, "championId": 111, "lastPlayTime": 1433188606000}, {"championLevel": 1, "chestGranted": false, "championPoints": 165, "championPointsSinceLastLevel": 165, "playerId": 21944, "championPointsUntilNextLevel": 1635, "tokensEarned": 0, "championId": 120, "lastPlayTime": 1437971040000}, {"championLevel": 1, "chestGranted": false, "championPoints": 162, "championPointsSinceLastLevel": 162, "playerId": 21944, "championPointsUntilNextLevel": 1638, "tokensEarned": 0, "championId": 33, "lastPlayTime": 1453837905000}, {"championLevel": 1, "chestGranted": false, "championPoints": 137, "championPointsSinceLastLevel": 137, "playerId": 21944, "championPointsUntilNextLevel": 1663, "tokensEarned": 0, "championId": 41, "lastPlayTime": 1468988332000}, {"championLevel": 1, "chestGranted": false, "championPoints": 130, "championPointsSinceLastLevel": 130, "playerId": 21944, "championPointsUntilNextLevel": 1670, "tokensEarned": 0, "championId": 25, "lastPlayTime": 1468625540000}]