[{"championLevel": 4, "chestGranted": true, "championPoints": 19759, "championPointsSinceLastLevel": 7159, "playerId": 21942, "championPointsUntilNextLevel": 1841, "tokensEarned": 0, "championId": 81, "lastPlayTime": 1468737086000}, {"championLevel": 4, "chestGranted": false, "championPoints": 12828, "championPointsSinceLastLevel": 228, "playerId": 21942, "championPointsUntilNextLevel": 8772, "tokensEarned": 0, "championId": 236, "lastPlayTime": 1468734368000}, {"championLevel": 3, "chestGranted": false, "championPoints": 10720, "championPointsSinceLastLevel": 4720, "playerId": 21942, "championPointsUntilNextLevel": 1880, "tokensEarned": 0, "championId": 53, "lastPlayTime": 1456976506000}, {"championLevel": 3, "chestGranted": false, "championPoints": 8477, "championPointsSinceLastLevel": 2477, "playerId": 21942, "championPointsUntilNextLevel": 4123, "tokensEarned": 0, "championId": 429, "lastPlayTime": 1444243945000}, {"championLevel": 3, "chestGranted": false, "championPoints": 6448, "championPointsSinceLastLevel": 448, "playerId": 21942, "championPointsUntilNextLevel": 6152, "tokensEarned": 0, "championId": 112, "lastPlayTime": 1454985921000}, {"championLevel": 3, "chestGranted": false, "championPoints": 6238, "championPointsSinceLastLevel": 238, "playerId": 21942, "championPointsUntilNextLevel": 6362, "tokensEarned": 0, "championId": 15, "lastPlayTime": 1461465489000}, {"championLevel": 2, "chestGranted": false, "championPoints": 5404, "championPointsSinceLastLevel": 3604, "playerId": 21942, "championPointsUntilNextLevel": 596, "tokensEarned": 0, "championId": 86, "lastPlayTime": 1458876391000}, {"championLevel": 2, "chestGranted": true, "championPoints": 5234, "championPointsSinceLastLevel": 3434, "playerId": 21942, "championPointsUntilNextLevel": 766, "tokensEarned": 0, "championId": 51, "lastPlayTime": 1468741791000}, {"championLevel": 2, "chestGranted": true, "championPoints": 4864, "championPointsSinceLastLevel": 3064, "playerId": 21942, "championPointsUntilNextLevel": 1136, "tokensEarned": 0, "championId": 222, "lastPlayTime": 1468745102000}, {"championLevel": 2, "chestGranted": false, "championPoints": 4548, "championPointsSinceLastLevel": 2748, "playerId": 21942, "championPointsUntilNextLevel": 1452, "tokensEarned": 0, "championId": 17, "lastPlayTime": 1467416515000}, {"championLevel": 2, "chestGranted": false, "championPoints": 4467, "championPointsSinceLastLevel": 2667, "playerId": 21942, "championPointsUntilNextLevel": 1533, "tokensEarned": 0, "championId": 67, "lastPlayTime": 1443121172000}, {"championLevel": 2, "chestGranted": true, "championPoints": 4356, "championPointsSinceLastLevel": 2556, "playerId": 21942, "championPointsUntilNextLevel": 1644, "tokensEarned": 0, "championId": 119, "lastPlayTime": 1458942133000}, {"championLevel": 2, "chestGranted": false, "championPoints": 3988, "championPointsSinceLastLevel": 2188, "playerId": 21942, "championPointsUntilNextLevel": 2012, "tokensEarned": 0, "championId": 62, "lastPlayTime": 1463407109000}, {"championLevel": 2, "chestGranted": false, "championPoints": 3966, "championPointsSinceLastLevel": 2166, "playerId": 21942, "championPointsUntilNextLevel": 2034, "tokensEarned": 0, "championId": 98, "lastPlayTime": 1440110777000}, {"championLevel": 2, "chestGranted": false, "championPoints": 3951, "championPointsSinceLastLevel": 2151, "playerId": 21942, "championPointsUntilNextLevel": 2049, "tokensEarned": 0, "championId": 99, "lastPlayTime": 1463282899000}, {"championLevel": 2, "chestGranted": false, "championPoints": 2930, "championPointsSinceLastLevel": 1130, "playerId": 21942, "championPointsUntilNextLevel": 3070, "tokensEarned": 0, "championId": 24, "lastPlayTime": 1442430437000}, {"championLevel": 2, "chestGranted": false, "championPoints": 2718, "championPointsSinceLastLevel": 918, "playerId": 21942, "championPointsUntilNextLevel": 3282, "tokensEarned": 0, "championId": 80, "lastPlayTime": 1436305375000}, {"championLevel": 2, "chestGranted": false, "championPoints": 2651, "championPointsSinceLastLevel": 851, "playerId": 21942, "championPointsUntilNextLevel": 3349, "tokensEarned": 0, "championId": 45, "lastPlayTime": 1444343155000}, {"championLevel": 1, "chestGranted": false, "championPoints": 1740, "championPointsSinceLastLevel": 1740, "playerId": 21942, "championPointsUntilNextLevel": 60, "tokensEarned": 0, "championId": 4, "lastPlayTime": 1461472486000}, {"championLevel": 1, "chestGranted": false, "championPoints": 1688, "championPointsSinceLastLevel": 1688, "playerId": 21942, "championPointsUntilNextLevel": 112, "tokensEarned": 0, "championId": 18, "lastPlayTime": 1442866515000}, {"championLevel": 1, "chestGranted": false, "championPoints": 1635, "championPointsSinceLastLevel": 1635, "playerId": 21942, "championPointsUntilNextLevel": 165, "tokensEarned": 0, "championId": 13, "lastPlayTime": 1438914197000}, {"championLevel": 1, "chestGranted": false, "championPoints": 1633, "championPointsSinceLastLevel": 1633, "playerId": 21942, "championPointsUntilNextLevel": 167, "tokensEarned": 0, "championId": 23, "lastPlayTime": 1439863593000}, {"championLevel": 1, "chestGranted": false, "championPoints": 1527, "championPointsSinceLastLevel": 1527, "playerId": 21942, "championPointsUntilNextLevel": 273, "tokensEarned": 0, "championId": 25, "lastPlayTime": 1441238485000}, {"championLevel": 1, "chestGranted": false, "championPoints": 1462, "championPointsSinceLastLevel": 1462, "playerId": 21942, "championPointsUntilNextLevel": 338, "tokensEarned": 0, "championId": 2, "lastPlayTime": 1444536976000}, {"championLevel": 1, "chestGranted": false, "championPoints": 1420, "championPointsSinceLastLevel": 1420, "playerId": 21942, "championPointsUntilNextLevel": 380, "tokensEarned": 0, "championId": 63, "lastPlayTime": 1444272539000}, {"championLevel": 1, "chestGranted": false, "championPoints": 1402, "championPointsSinceLastLevel": 1402, "playerId": 21942, "championPointsUntilNextLevel": 398, "tokensEarned": 0, "championId": 35, "lastPlayTime": 1463371325000}, {"championLevel": 1, "chestGranted": false, "championPoints": 1394, "championPointsSinceLastLevel": 1394, "playerId": 21942, "championPointsUntilNextLevel": 406, "tokensEarned": 0, "championId": 96, "lastPlayTime": 1456543953000}, {"championLevel": 1, "chestGranted": false, "championPoints": 1359, "championPointsSinceLastLevel": 1359, "playerId": 21942, "championPointsUntilNextLevel": 441, "tokensEarned": 0, "championId": 58, "lastPlayTime": 1438821462000}, {"championLevel": 1, "chestGranted": false, "championPoints": 1278, "championPointsSinceLastLevel": 1278, "playerId": 21942, "championPointsUntilNextLevel": 522, "tokensEarned": 0, "championId": 74, "lastPlayTime": 1463256677000}, {"championLevel": 1, "chestGranted": false, "championPoints": 1259, "championPointsSinceLastLevel": 1259, "playerId": 21942, "championPointsUntilNextLevel": 541, "tokensEarned": 0, "championId": 150, "lastPlayTime": 1440289951000}, {"championLevel": 1, "chestGranted": false, "championPoints": 1194, "championPointsSinceLastLevel": 1194, "playerId": 21942, "championPointsUntilNextLevel": 606, "tokensEarned": 0, "championId": 1, "lastPlayTime": 1438888521000}, {"championLevel": 1, "chestGranted": true, "championPoints": 960, "championPointsSinceLastLevel": 960, "playerId": 21942, "championPointsUntilNextLevel": 840, "tokensEarned": 0, "championId": 44, "lastPlayTime": 1461430010000}, {"championLevel": 1, "chestGranted": false, "championPoints": 815, "championPointsSinceLastLevel": 815, "playerId": 21942, "championPointsUntilNextLevel": 985, "tokensEarned": 0, "championId": 55, "lastPlayTime": 1463261522000}, {"championLevel": 1, "chestGranted": false, "championPoints": 728, "championPointsSinceLastLevel": 728, "playerId": 21942, "championPointsUntilNextLevel": 1072, "tokensEarned": 0, "championId": 101, "lastPlayTime": 1438436926000}, {"championLevel": 1, "chestGranted": false, "championPoints": 634, "championPointsSinceLastLevel": 634, "playerId": 21942, "championPointsUntilNextLevel": 1166, "tokensEarned": 0, "championId": 84, "lastPlayTime": 1438880226000}, {"championLevel": 1, "chestGranted": false, "championPoints": 587, "championPointsSinceLastLevel": 587, "playerId": 21942, "championPointsUntilNextLevel": 1213, "tokensEarned": 0, "championId": 61, "lastPlayTime": 1441858556000}, {"championLevel": 1, "chestGranted": false, "championPoints": 500, "championPointsSinceLastLevel": 500, "playerId": 21942, "championPointsUntilNextLevel": 1300, "tokensEarned": 0, "championId": 41, "lastPlayTime": 1440304128000}, {"championLevel": 1, "chestGranted": false, "championPoints": 394, "championPointsSinceLastLevel": 394, "playerId": 21942, "championPointsUntilNextLevel": 1406, "tokensEarned": 0, "championId": 39, "lastPlayTime": 1437439013000}, {"championLevel": 1, "chestGranted": false, "championPoints": 365, "championPointsSinceLastLevel": 365, "playerId": 21942, "championPointsUntilNextLevel": 1435, "tokensEarned": 0, "championId": 12, "lastPlayTime": 1461470763000}, {"championLevel": 1, "chestGranted": false, "championPoints": 341, "championPointsSinceLastLevel": 341, "playerId": 21942, "championPointsUntilNextLevel": 1459, "tokensEarned": 0, "championId": 57, "lastPlayTime": 1442869792000}, {"championLevel": 1, "chestGranted": false, "championPoints": 314, "championPointsSinceLastLevel": 314, "playerId": 21942, "championPointsUntilNextLevel": 1486, "tokensEarned": 0, "championId": 64, "lastPlayTime": 1456600445000}, {"championLevel": 1, "chestGranted": false, "championPoints": 311, "championPointsSinceLastLevel": 311, "playerId": 21942, "championPointsUntilNextLevel": 1489, "tokensEarned": 0, "championId": 78, "lastPlayTime": 1458700392000}, {"championLevel": 1, "chestGranted": false, "championPoints": 289, "championPointsSinceLastLevel": 289, "playerId": 21942, "championPointsUntilNextLevel": 1511, "tokensEarned": 0, "championId": 22, "lastPlayTime": 1436316827000}, {"championLevel": 1, "chestGranted": false, "championPoints": 168, "championPointsSinceLastLevel": 168, "playerId": 21942, "championPointsUntilNextLevel": 1632, "tokensEarned": 0, "championId": 21, "lastPlayTime": 1438488794000}, {"championLevel": 1, "chestGranted": false, "championPoints": 152, "championPointsSinceLastLevel": 152, "playerId": 21942, "championPointsUntilNextLevel": 1648, "tokensEarned": 0, "championId": 29, "lastPlayTime": 1463334262000}, {"championLevel": 1, "chestGranted": false, "championPoints": 149, "championPointsSinceLastLevel": 149, "playerId": 21942, "championPointsUntilNextLevel": 1651, "tokensEarned": 0, "championId": 54, "lastPlayTime": 1441566483000}]