[{"championLevel": 2, "chestGranted": false, "championPoints": 5342, "championPointsSinceLastLevel": 3542, "playerId": 21943, "championPointsUntilNextLevel": 658, "tokensEarned": 0, "championId": 51, "lastPlayTime": 1467179474000}, {"championLevel": 2, "chestGranted": false, "championPoints": 4689, "championPointsSinceLastLevel": 2889, "playerId": 21943, "championPointsUntilNextLevel": 1311, "tokensEarned": 0, "championId": 80, "lastPlayTime": 1446263315000}, {"championLevel": 2, "chestGranted": false, "championPoints": 3314, "championPointsSinceLastLevel": 1514, "playerId": 21943, "championPointsUntilNextLevel": 2686, "tokensEarned": 0, "championId": 25, "lastPlayTime": 1437590763000}, {"championLevel": 2, "chestGranted": false, "championPoints": 3202, "championPointsSinceLastLevel": 1402, "playerId": 21943, "championPointsUntilNextLevel": 2798, "tokensEarned": 0, "championId": 13, "lastPlayTime": 1433718964000}, {"championLevel": 2, "chestGranted": false, "championPoints": 3128, "championPointsSinceLastLevel": 1328, "playerId": 21943, "championPointsUntilNextLevel": 2872, "tokensEarned": 0, "championId": 267, "lastPlayTime": 1443323681000}, {"championLevel": 2, "chestGranted": false, "championPoints": 3113, "championPointsSinceLastLevel": 1313, "playerId": 21943, "championPointsUntilNextLevel": 2887, "tokensEarned": 0, "championId": 68, "lastPlayTime": 1433709080000}, {"championLevel": 2, "chestGranted": false, "championPoints": 2866, "championPointsSinceLastLevel": 1066, "playerId": 21943, "championPointsUntilNextLevel": 3134, "tokensEarned": 0, "championId": 81, "lastPlayTime": 1466979520000}, {"championLevel": 2, "chestGranted": false, "championPoints": 2851, "championPointsSinceLastLevel": 1051, "playerId": 21943, "championPointsUntilNextLevel": 3149, "tokensEarned": 0, "championId": 63, "lastPlayTime": 1439256869000}, {"championLevel": 2, "chestGranted": false, "championPoints": 2809, "championPointsSinceLastLevel": 1009, "playerId": 21943, "championPointsUntilNextLevel": 3191, "tokensEarned": 0, "championId": 89, "lastPlayTime": 1443400208000}, {"championLevel": 2, "chestGranted": false, "championPoints": 1810, "championPointsSinceLastLevel": 10, "playerId": 21943, "championPointsUntilNextLevel": 4190, "tokensEarned": 0, "championId": 32, "lastPlayTime": 1452574310000}, {"championLevel": 1, "chestGranted": false, "championPoints": 1799, "championPointsSinceLastLevel": 1799, "playerId": 21943, "championPointsUntilNextLevel": 1, "tokensEarned": 0, "championId": 5, "lastPlayTime": 1437277736000}, {"championLevel": 1, "chestGranted": true, "championPoints": 1658, "championPointsSinceLastLevel": 1658, "playerId": 21943, "championPointsUntilNextLevel": 142, "tokensEarned": 0, "championId": 17, "lastPlayTime": 1466910672000}, {"championLevel": 1, "chestGranted": false, "championPoints": 1555, "championPointsSinceLastLevel": 1555, "playerId": 21943, "championPointsUntilNextLevel": 245, "tokensEarned": 0, "championId": 103, "lastPlayTime": 1443403994000}, {"championLevel": 1, "chestGranted": false, "championPoints": 1549, "championPointsSinceLastLevel": 1549, "playerId": 21943, "championPointsUntilNextLevel": 251, "tokensEarned": 0, "championId": 92, "lastPlayTime": 1443238281000}, {"championLevel": 1, "chestGranted": false, "championPoints": 1362, "championPointsSinceLastLevel": 1362, "playerId": 21943, "championPointsUntilNextLevel": 438, "tokensEarned": 0, "championId": 8, "lastPlayTime": 1433732415000}, {"championLevel": 1, "chestGranted": false, "championPoints": 586, "championPointsSinceLastLevel": 586, "playerId": 21943, "championPointsUntilNextLevel": 1214, "tokensEarned": 0, "championId": 54, "lastPlayTime": 1459027693000}, {"championLevel": 1, "chestGranted": false, "championPoints": 406, "championPointsSinceLastLevel": 406, "playerId": 21943, "championPointsUntilNextLevel": 1394, "tokensEarned": 0, "championId": 37, "lastPlayTime": 1435732117000}, {"championLevel": 1, "chestGranted": false, "championPoints": 181, "championPointsSinceLastLevel": 181, "playerId": 21943, "championPointsUntilNextLevel": 1619, "tokensEarned": 0, "championId": 36, "lastPlayTime": 1437801135000}]