[{"championLevel": 3, "chestGranted": false, "championPoints": 10324, "championPointsSinceLastLevel": 4324, "playerId": 21947, "championPointsUntilNextLevel": 2276, "tokensEarned": 0, "championId": 92, "lastPlayTime": 1455928639000}, {"championLevel": 2, "chestGranted": false, "championPoints": 2651, "championPointsSinceLastLevel": 851, "playerId": 21947, "championPointsUntilNextLevel": 3349, "tokensEarned": 0, "championId": 21, "lastPlayTime": 1455666021000}, {"championLevel": 2, "chestGranted": false, "championPoints": 2047, "championPointsSinceLastLevel": 247, "playerId": 21947, "championPointsUntilNextLevel": 3953, "tokensEarned": 0, "championId": 412, "lastPlayTime": 1436729419000}, {"championLevel": 1, "chestGranted": false, "championPoints": 1708, "championPointsSinceLastLevel": 1708, "playerId": 21947, "championPointsUntilNextLevel": 92, "tokensEarned": 0, "championId": 254, "lastPlayTime": 1455683711000}, {"championLevel": 1, "chestGranted": true, "championPoints": 1259, "championPointsSinceLastLevel": 1259, "playerId": 21947, "championPointsUntilNextLevel": 541, "tokensEarned": 0, "championId": 122, "lastPlayTime": 1459026113000}, {"championLevel": 1, "chestGranted": false, "championPoints": 1125, "championPointsSinceLastLevel": 1125, "playerId": 21947, "championPointsUntilNextLevel": 675, "tokensEarned": 0, "championId": 33, "lastPlayTime": 1451685661000}, {"championLevel": 1, "chestGranted": false, "championPoints": 1109, "championPointsSinceLastLevel": 1109, "playerId": 21947, "championPointsUntilNextLevel": 691, "tokensEarned": 0, "championId": 98, "lastPlayTime": 1455925608000}, {"championLevel": 1, "chestGranted": false, "championPoints": 466, "championPointsSinceLastLevel": 466, "playerId": 21947, "championPointsUntilNextLevel": 1334, "tokensEarned": 0, "championId": 22, "lastPlayTime": 1451683009000}, {"championLevel": 1, "chestGranted": false, "championPoints": 385, "championPointsSinceLastLevel": 385, "playerId": 21947, "championPointsUntilNextLevel": 1415, "tokensEarned": 0, "championId": 89, "lastPlayTime": 1454487398000}, {"championLevel": 1, "chestGranted": false, "championPoints": 227, "championPointsSinceLastLevel": 227, "playerId": 21947, "championPointsUntilNextLevel": 1573, "tokensEarned": 0, "championId": 55, "lastPlayTime": 1455935248000}, {"championLevel": 1, "chestGranted": false, "championPoints": 170, "championPointsSinceLastLevel": 170, "playerId": 21947, "championPointsUntilNextLevel": 1630, "tokensEarned": 0, "championId": 16, "lastPlayTime": 1451512719000}, {"championLevel": 1, "chestGranted": false, "championPoints": 129, "championPointsSinceLastLevel": 129, "playerId": 21947, "championPointsUntilNextLevel": 1671, "tokensEarned": 0, "championId": 11, "lastPlayTime": 1451610336000}]