[{"championLevel": 5, "chestGranted": false, "championPoints": 26082, "championPointsSinceLastLevel": 4482, "playerId": 21948, "championPointsUntilNextLevel": 0, "tokensEarned": 0, "championId": 7, "lastPlayTime": 1459052067000}, {"championLevel": 4, "chestGranted": false, "championPoints": 14341, "championPointsSinceLastLevel": 1741, "playerId": 21948, "championPointsUntilNextLevel": 7259, "tokensEarned": 0, "championId": 67, "lastPlayTime": 1459470881000}, {"championLevel": 4, "chestGranted": false, "championPoints": 14270, "championPointsSinceLastLevel": 1670, "playerId": 21948, "championPointsUntilNextLevel": 7330, "tokensEarned": 0, "championId": 133, "lastPlayTime": 1458244292000}, {"championLevel": 4, "chestGranted": false, "championPoints": 13843, "championPointsSinceLastLevel": 1243, "playerId": 21948, "championPointsUntilNextLevel": 7757, "tokensEarned": 0, "championId": 81, "lastPlayTime": 1459016616000}, {"championLevel": 3, "chestGranted": false, "championPoints": 11918, "championPointsSinceLastLevel": 5918, "playerId": 21948, "championPointsUntilNextLevel": 682, "tokensEarned": 0, "championId": 238, "lastPlayTime": 1459024179000}, {"championLevel": 3, "chestGranted": true, "championPoints": 10873, "championPointsSinceLastLevel": 4873, "playerId": 21948, "championPointsUntilNextLevel": 1727, "tokensEarned": 0, "championId": 105, "lastPlayTime": 1459656960000}, {"championLevel": 3, "chestGranted": false, "championPoints": 9439, "championPointsSinceLastLevel": 3439, "playerId": 21948, "championPointsUntilNextLevel": 3161, "tokensEarned": 0, "championId": 111, "lastPlayTime": 1456547463000}, {"championLevel": 3, "chestGranted": true, "championPoints": 8695, "championPointsSinceLastLevel": 2695, "playerId": 21948, "championPointsUntilNextLevel": 3905, "tokensEarned": 0, "championId": 245, "lastPlayTime": 1459652654000}, {"championLevel": 3, "chestGranted": false, "championPoints": 8346, "championPointsSinceLastLevel": 2346, "playerId": 21948, "championPointsUntilNextLevel": 4254, "tokensEarned": 0, "championId": 99, "lastPlayTime": 1459055305000}, {"championLevel": 3, "chestGranted": false, "championPoints": 7134, "championPointsSinceLastLevel": 1134, "playerId": 21948, "championPointsUntilNextLevel": 5466, "tokensEarned": 0, "championId": 31, "lastPlayTime": 1456600197000}, {"championLevel": 3, "chestGranted": true, "championPoints": 7043, "championPointsSinceLastLevel": 1043, "playerId": 21948, "championPointsUntilNextLevel": 5557, "tokensEarned": 0, "championId": 222, "lastPlayTime": 1459007565000}, {"championLevel": 3, "chestGranted": false, "championPoints": 6780, "championPointsSinceLastLevel": 780, "playerId": 21948, "championPointsUntilNextLevel": 5820, "tokensEarned": 0, "championId": 236, "lastPlayTime": 1458687234000}, {"championLevel": 3, "chestGranted": false, "championPoints": 6561, "championPointsSinceLastLevel": 561, "playerId": 21948, "championPointsUntilNextLevel": 6039, "tokensEarned": 0, "championId": 157, "lastPlayTime": 1459110421000}, {"championLevel": 2, "chestGranted": false, "championPoints": 5972, "championPointsSinceLastLevel": 4172, "playerId": 21948, "championPointsUntilNextLevel": 28, "tokensEarned": 0, "championId": 84, "lastPlayTime": 1459057069000}, {"championLevel": 2, "chestGranted": false, "championPoints": 5724, "championPointsSinceLastLevel": 3924, "playerId": 21948, "championPointsUntilNextLevel": 276, "tokensEarned": 0, "championId": 112, "lastPlayTime": 1447904758000}, {"championLevel": 2, "chestGranted": false, "championPoints": 5510, "championPointsSinceLastLevel": 3710, "playerId": 21948, "championPointsUntilNextLevel": 490, "tokensEarned": 0, "championId": 64, "lastPlayTime": 1454479475000}, {"championLevel": 2, "chestGranted": false, "championPoints": 5498, "championPointsSinceLastLevel": 3698, "playerId": 21948, "championPointsUntilNextLevel": 502, "tokensEarned": 0, "championId": 69, "lastPlayTime": 1459114432000}, {"championLevel": 2, "chestGranted": false, "championPoints": 5319, "championPointsSinceLastLevel": 3519, "playerId": 21948, "championPointsUntilNextLevel": 681, "tokensEarned": 0, "championId": 1, "lastPlayTime": 1458072839000}, {"championLevel": 2, "chestGranted": false, "championPoints": 4748, "championPointsSinceLastLevel": 2948, "playerId": 21948, "championPointsUntilNextLevel": 1252, "tokensEarned": 0, "championId": 150, "lastPlayTime": 1456077560000}, {"championLevel": 2, "chestGranted": false, "championPoints": 4453, "championPointsSinceLastLevel": 2653, "playerId": 21948, "championPointsUntilNextLevel": 1547, "tokensEarned": 0, "championId": 68, "lastPlayTime": 1456037281000}, {"championLevel": 2, "chestGranted": false, "championPoints": 4383, "championPointsSinceLastLevel": 2583, "playerId": 21948, "championPointsUntilNextLevel": 1617, "tokensEarned": 0, "championId": 4, "lastPlayTime": 1458083978000}, {"championLevel": 2, "chestGranted": false, "championPoints": 4375, "championPointsSinceLastLevel": 2575, "playerId": 21948, "championPointsUntilNextLevel": 1625, "tokensEarned": 0, "championId": 412, "lastPlayTime": 1456027653000}, {"championLevel": 2, "chestGranted": false, "championPoints": 3299, "championPointsSinceLastLevel": 1499, "playerId": 21948, "championPointsUntilNextLevel": 2701, "tokensEarned": 0, "championId": 429, "lastPlayTime": 1458963651000}, {"championLevel": 2, "chestGranted": false, "championPoints": 3206, "championPointsSinceLastLevel": 1406, "playerId": 21948, "championPointsUntilNextLevel": 2794, "tokensEarned": 0, "championId": 8, "lastPlayTime": 1456617058000}, {"championLevel": 2, "chestGranted": false, "championPoints": 3137, "championPointsSinceLastLevel": 1337, "playerId": 21948, "championPointsUntilNextLevel": 2863, "tokensEarned": 0, "championId": 42, "lastPlayTime": 1458146850000}, {"championLevel": 2, "chestGranted": false, "championPoints": 3088, "championPointsSinceLastLevel": 1288, "playerId": 21948, "championPointsUntilNextLevel": 2912, "tokensEarned": 0, "championId": 55, "lastPlayTime": 1447707784000}, {"championLevel": 2, "chestGranted": false, "championPoints": 2894, "championPointsSinceLastLevel": 1094, "playerId": 21948, "championPointsUntilNextLevel": 3106, "tokensEarned": 0, "championId": 254, "lastPlayTime": 1454452246000}, {"championLevel": 2, "chestGranted": false, "championPoints": 2508, "championPointsSinceLastLevel": 708, "playerId": 21948, "championPointsUntilNextLevel": 3492, "tokensEarned": 0, "championId": 58, "lastPlayTime": 1449770980000}, {"championLevel": 2, "chestGranted": false, "championPoints": 2432, "championPointsSinceLastLevel": 632, "playerId": 21948, "championPointsUntilNextLevel": 3568, "tokensEarned": 0, "championId": 103, "lastPlayTime": 1458412801000}, {"championLevel": 2, "chestGranted": false, "championPoints": 2396, "championPointsSinceLastLevel": 596, "playerId": 21948, "championPointsUntilNextLevel": 3604, "tokensEarned": 0, "championId": 75, "lastPlayTime": 1456545157000}, {"championLevel": 2, "chestGranted": false, "championPoints": 2362, "championPointsSinceLastLevel": 562, "playerId": 21948, "championPointsUntilNextLevel": 3638, "tokensEarned": 0, "championId": 101, "lastPlayTime": 1433281788000}, {"championLevel": 2, "chestGranted": false, "championPoints": 2335, "championPointsSinceLastLevel": 535, "playerId": 21948, "championPointsUntilNextLevel": 3665, "tokensEarned": 0, "championId": 122, "lastPlayTime": 1459655135000}, {"championLevel": 2, "chestGranted": false, "championPoints": 2101, "championPointsSinceLastLevel": 301, "playerId": 21948, "championPointsUntilNextLevel": 3899, "tokensEarned": 0, "championId": 202, "lastPlayTime": 1459293819000}, {"championLevel": 2, "chestGranted": false, "championPoints": 2044, "championPointsSinceLastLevel": 244, "playerId": 21948, "championPointsUntilNextLevel": 3956, "tokensEarned": 0, "championId": 17, "lastPlayTime": 1458846193000}, {"championLevel": 2, "chestGranted": true, "championPoints": 2002, "championPointsSinceLastLevel": 202, "playerId": 21948, "championPointsUntilNextLevel": 3998, "tokensEarned": 0, "championId": 22, "lastPlayTime": 1459022149000}, {"championLevel": 1, "chestGranted": false, "championPoints": 1669, "championPointsSinceLastLevel": 1669, "playerId": 21948, "championPointsUntilNextLevel": 131, "tokensEarned": 0, "championId": 76, "lastPlayTime": 1454700312000}, {"championLevel": 1, "chestGranted": true, "championPoints": 1589, "championPointsSinceLastLevel": 1589, "playerId": 21948, "championPointsUntilNextLevel": 211, "tokensEarned": 0, "championId": 85, "lastPlayTime": 1459108018000}, {"championLevel": 1, "chestGranted": false, "championPoints": 1534, "championPointsSinceLastLevel": 1534, "playerId": 21948, "championPointsUntilNextLevel": 266, "tokensEarned": 0, "championId": 45, "lastPlayTime": 1458448553000}, {"championLevel": 1, "chestGranted": false, "championPoints": 1525, "championPointsSinceLastLevel": 1525, "playerId": 21948, "championPointsUntilNextLevel": 275, "tokensEarned": 0, "championId": 2, "lastPlayTime": 1456118972000}, {"championLevel": 1, "chestGranted": false, "championPoints": 1500, "championPointsSinceLastLevel": 1500, "playerId": 21948, "championPointsUntilNextLevel": 300, "tokensEarned": 0, "championId": 18, "lastPlayTime": 1444166352000}, {"championLevel": 1, "chestGranted": false, "championPoints": 1447, "championPointsSinceLastLevel": 1447, "playerId": 21948, "championPointsUntilNextLevel": 353, "tokensEarned": 0, "championId": 268, "lastPlayTime": 1455248684000}, {"championLevel": 1, "chestGranted": false, "championPoints": 1420, "championPointsSinceLastLevel": 1420, "playerId": 21948, "championPointsUntilNextLevel": 380, "tokensEarned": 0, "championId": 104, "lastPlayTime": 1454011499000}, {"championLevel": 1, "chestGranted": false, "championPoints": 1412, "championPointsSinceLastLevel": 1412, "playerId": 21948, "championPointsUntilNextLevel": 388, "tokensEarned": 0, "championId": 11, "lastPlayTime": 1459285856000}, {"championLevel": 1, "chestGranted": false, "championPoints": 1407, "championPointsSinceLastLevel": 1407, "playerId": 21948, "championPointsUntilNextLevel": 393, "tokensEarned": 0, "championId": 79, "lastPlayTime": 1431723073000}, {"championLevel": 1, "chestGranted": false, "championPoints": 1372, "championPointsSinceLastLevel": 1372, "playerId": 21948, "championPointsUntilNextLevel": 428, "tokensEarned": 0, "championId": 117, "lastPlayTime": 1431192772000}, {"championLevel": 1, "chestGranted": false, "championPoints": 1370, "championPointsSinceLastLevel": 1370, "playerId": 21948, "championPointsUntilNextLevel": 430, "tokensEarned": 0, "championId": 54, "lastPlayTime": 1456093841000}, {"championLevel": 1, "chestGranted": false, "championPoints": 1345, "championPointsSinceLastLevel": 1345, "playerId": 21948, "championPointsUntilNextLevel": 455, "tokensEarned": 0, "championId": 33, "lastPlayTime": 1459612161000}, {"championLevel": 1, "chestGranted": false, "championPoints": 1327, "championPointsSinceLastLevel": 1327, "playerId": 21948, "championPointsUntilNextLevel": 473, "tokensEarned": 0, "championId": 13, "lastPlayTime": 1456091039000}, {"championLevel": 1, "chestGranted": false, "championPoints": 1288, "championPointsSinceLastLevel": 1288, "playerId": 21948, "championPointsUntilNextLevel": 512, "tokensEarned": 0, "championId": 96, "lastPlayTime": 1431027515000}, {"championLevel": 1, "chestGranted": false, "championPoints": 1153, "championPointsSinceLastLevel": 1153, "playerId": 21948, "championPointsUntilNextLevel": 647, "tokensEarned": 0, "championId": 53, "lastPlayTime": 1455231304000}, {"championLevel": 1, "chestGranted": false, "championPoints": 1120, "championPointsSinceLastLevel": 1120, "playerId": 21948, "championPointsUntilNextLevel": 680, "tokensEarned": 0, "championId": 110, "lastPlayTime": 1435541478000}, {"championLevel": 1, "chestGranted": false, "championPoints": 1028, "championPointsSinceLastLevel": 1028, "playerId": 21948, "championPointsUntilNextLevel": 772, "tokensEarned": 0, "championId": 86, "lastPlayTime": 1447351707000}, {"championLevel": 1, "chestGranted": false, "championPoints": 701, "championPointsSinceLastLevel": 701, "playerId": 21948, "championPointsUntilNextLevel": 1099, "tokensEarned": 0, "championId": 136, "lastPlayTime": 1459117825000}, {"championLevel": 1, "chestGranted": false, "championPoints": 595, "championPointsSinceLastLevel": 595, "playerId": 21948, "championPointsUntilNextLevel": 1205, "tokensEarned": 0, "championId": 25, "lastPlayTime": 1455255384000}, {"championLevel": 1, "chestGranted": false, "championPoints": 466, "championPointsSinceLastLevel": 466, "playerId": 21948, "championPointsUntilNextLevel": 1334, "tokensEarned": 0, "championId": 223, "lastPlayTime": 1456607469000}, {"championLevel": 1, "chestGranted": false, "championPoints": 447, "championPointsSinceLastLevel": 447, "playerId": 21948, "championPointsUntilNextLevel": 1353, "tokensEarned": 0, "championId": 203, "lastPlayTime": 1447304673000}, {"championLevel": 1, "chestGranted": false, "championPoints": 392, "championPointsSinceLastLevel": 392, "playerId": 21948, "championPointsUntilNextLevel": 1408, "tokensEarned": 0, "championId": 51, "lastPlayTime": 1458511295000}, {"championLevel": 1, "chestGranted": false, "championPoints": 370, "championPointsSinceLastLevel": 370, "playerId": 21948, "championPointsUntilNextLevel": 1430, "tokensEarned": 0, "championId": 38, "lastPlayTime": 1450804380000}, {"championLevel": 1, "chestGranted": false, "championPoints": 269, "championPointsSinceLastLevel": 269, "playerId": 21948, "championPointsUntilNextLevel": 1531, "tokensEarned": 0, "championId": 90, "lastPlayTime": 1432430112000}, {"championLevel": 1, "chestGranted": false, "championPoints": 195, "championPointsSinceLastLevel": 195, "playerId": 21948, "championPointsUntilNextLevel": 1605, "tokensEarned": 0, "championId": 34, "lastPlayTime": 1450807094000}, {"championLevel": 1, "chestGranted": false, "championPoints": 182, "championPointsSinceLastLevel": 182, "playerId": 21948, "championPointsUntilNextLevel": 1618, "tokensEarned": 0, "championId": 134, "lastPlayTime": 1457885583000}, {"championLevel": 1, "chestGranted": false, "championPoints": 178, "championPointsSinceLastLevel": 178, "playerId": 21948, "championPointsUntilNextLevel": 1622, "tokensEarned": 0, "championId": 36, "lastPlayTime": 1455377161000}, {"championLevel": 1, "chestGranted": false, "championPoints": 171, "championPointsSinceLastLevel": 171, "playerId": 21948, "championPointsUntilNextLevel": 1629, "tokensEarned": 0, "championId": 98, "lastPlayTime": 1453823700000}, {"championLevel": 1, "chestGranted": false, "championPoints": 161, "championPointsSinceLastLevel": 161, "playerId": 21948, "championPointsUntilNextLevel": 1639, "tokensEarned": 0, "championId": 201, "lastPlayTime": 1455938166000}, {"championLevel": 1, "chestGranted": false, "championPoints": 125, "championPointsSinceLastLevel": 125, "playerId": 21948, "championPointsUntilNextLevel": 1675, "tokensEarned": 0, "championId": 154, "lastPlayTime": 1453769595000}]