[{"championLevel": 6, "chestGranted": false, "championPoints": 101665, "championPointsSinceLastLevel": 80065, "playerId": 21955, "championPointsUntilNextLevel": 0, "tokensEarned": 0, "championId": 92, "lastPlayTime": 1469144547000}, {"championLevel": 6, "chestGranted": true, "championPoints": 63511, "championPointsSinceLastLevel": 41911, "playerId": 21955, "championPointsUntilNextLevel": 0, "tokensEarned": 0, "championId": 67, "lastPlayTime": 1469142010000}, {"championLevel": 6, "chestGranted": true, "championPoints": 48365, "championPointsSinceLastLevel": 26765, "playerId": 21955, "championPointsUntilNextLevel": 0, "tokensEarned": 0, "championId": 238, "lastPlayTime": 1468879905000}, {"championLevel": 7, "chestGranted": true, "championPoints": 42159, "championPointsSinceLastLevel": 20559, "playerId": 21955, "championPointsUntilNextLevel": 0, "tokensEarned": 0, "championId": 41, "lastPlayTime": 1469147128000}, {"championLevel": 5, "chestGranted": true, "championPoints": 38348, "championPointsSinceLastLevel": 16748, "playerId": 21955, "championPointsUntilNextLevel": 0, "tokensEarned": 0, "championId": 157, "lastPlayTime": 1469149978000}, {"championLevel": 5, "chestGranted": true, "championPoints": 35456, "championPointsSinceLastLevel": 13856, "playerId": 21955, "championPointsUntilNextLevel": 0, "tokensEarned": 1, "championId": 268, "lastPlayTime": 1466742026000}, {"championLevel": 5, "chestGranted": false, "championPoints": 25281, "championPointsSinceLastLevel": 3681, "playerId": 21955, "championPointsUntilNextLevel": 0, "tokensEarned": 1, "championId": 64, "lastPlayTime": 1468818186000}, {"championLevel": 4, "chestGranted": false, "championPoints": 20843, "championPointsSinceLastLevel": 8243, "playerId": 21955, "championPointsUntilNextLevel": 757, "tokensEarned": 0, "championId": 81, "lastPlayTime": 1469130752000}, {"championLevel": 4, "chestGranted": true, "championPoints": 18599, "championPointsSinceLastLevel": 5999, "playerId": 21955, "championPointsUntilNextLevel": 3001, "tokensEarned": 0, "championId": 236, "lastPlayTime": 1467493976000}, {"championLevel": 4, "chestGranted": false, "championPoints": 16376, "championPointsSinceLastLevel": 3776, "playerId": 21955, "championPointsUntilNextLevel": 5224, "tokensEarned": 0, "championId": 107, "lastPlayTime": 1468190883000}, {"championLevel": 4, "chestGranted": false, "championPoints": 16218, "championPointsSinceLastLevel": 3618, "playerId": 21955, "championPointsUntilNextLevel": 5382, "tokensEarned": 0, "championId": 412, "lastPlayTime": 1468607007000}, {"championLevel": 4, "chestGranted": false, "championPoints": 15834, "championPointsSinceLastLevel": 3234, "playerId": 21955, "championPointsUntilNextLevel": 5766, "tokensEarned": 0, "championId": 245, "lastPlayTime": 1465612472000}, {"championLevel": 4, "chestGranted": false, "championPoints": 12838, "championPointsSinceLastLevel": 238, "playerId": 21955, "championPointsUntilNextLevel": 8762, "tokensEarned": 0, "championId": 7, "lastPlayTime": 1467774226000}, {"championLevel": 3, "chestGranted": true, "championPoints": 11341, "championPointsSinceLastLevel": 5341, "playerId": 21955, "championPointsUntilNextLevel": 1259, "tokensEarned": 0, "championId": 54, "lastPlayTime": 1463012485000}, {"championLevel": 3, "chestGranted": false, "championPoints": 10305, "championPointsSinceLastLevel": 4305, "playerId": 21955, "championPointsUntilNextLevel": 2295, "tokensEarned": 0, "championId": 420, "lastPlayTime": 1463534393000}, {"championLevel": 3, "chestGranted": false, "championPoints": 9867, "championPointsSinceLastLevel": 3867, "playerId": 21955, "championPointsUntilNextLevel": 2733, "tokensEarned": 0, "championId": 223, "lastPlayTime": 1446757197000}, {"championLevel": 3, "chestGranted": false, "championPoints": 9609, "championPointsSinceLastLevel": 3609, "playerId": 21955, "championPointsUntilNextLevel": 2991, "tokensEarned": 0, "championId": 202, "lastPlayTime": 1468631145000}, {"championLevel": 3, "chestGranted": false, "championPoints": 9143, "championPointsSinceLastLevel": 3143, "playerId": 21955, "championPointsUntilNextLevel": 3457, "tokensEarned": 0, "championId": 99, "lastPlayTime": 1463793728000}, {"championLevel": 3, "chestGranted": true, "championPoints": 9054, "championPointsSinceLastLevel": 3054, "playerId": 21955, "championPointsUntilNextLevel": 3546, "tokensEarned": 0, "championId": 13, "lastPlayTime": 1468556171000}, {"championLevel": 3, "chestGranted": false, "championPoints": 8833, "championPointsSinceLastLevel": 2833, "playerId": 21955, "championPointsUntilNextLevel": 3767, "tokensEarned": 0, "championId": 78, "lastPlayTime": 1451953884000}, {"championLevel": 3, "chestGranted": false, "championPoints": 7878, "championPointsSinceLastLevel": 1878, "playerId": 21955, "championPointsUntilNextLevel": 4722, "tokensEarned": 0, "championId": 104, "lastPlayTime": 1462663090000}, {"championLevel": 3, "chestGranted": false, "championPoints": 7550, "championPointsSinceLastLevel": 1550, "playerId": 21955, "championPointsUntilNextLevel": 5050, "tokensEarned": 0, "championId": 86, "lastPlayTime": 1467740446000}, {"championLevel": 3, "chestGranted": false, "championPoints": 7269, "championPointsSinceLastLevel": 1269, "playerId": 21955, "championPointsUntilNextLevel": 5331, "tokensEarned": 0, "championId": 111, "lastPlayTime": 1464054466000}, {"championLevel": 3, "chestGranted": false, "championPoints": 7041, "championPointsSinceLastLevel": 1041, "playerId": 21955, "championPointsUntilNextLevel": 5559, "tokensEarned": 0, "championId": 68, "lastPlayTime": 1445473626000}, {"championLevel": 3, "chestGranted": true, "championPoints": 6829, "championPointsSinceLastLevel": 829, "playerId": 21955, "championPointsUntilNextLevel": 5771, "tokensEarned": 0, "championId": 150, "lastPlayTime": 1468563897000}, {"championLevel": 3, "chestGranted": false, "championPoints": 6709, "championPointsSinceLastLevel": 709, "playerId": 21955, "championPointsUntilNextLevel": 5891, "tokensEarned": 0, "championId": 121, "lastPlayTime": 1467224166000}, {"championLevel": 3, "chestGranted": true, "championPoints": 6375, "championPointsSinceLastLevel": 375, "playerId": 21955, "championPointsUntilNextLevel": 6225, "tokensEarned": 0, "championId": 122, "lastPlayTime": 1467948599000}, {"championLevel": 3, "chestGranted": true, "championPoints": 6345, "championPointsSinceLastLevel": 345, "playerId": 21955, "championPointsUntilNextLevel": 6255, "tokensEarned": 0, "championId": 58, "lastPlayTime": 1467054195000}, {"championLevel": 3, "chestGranted": true, "championPoints": 6231, "championPointsSinceLastLevel": 231, "playerId": 21955, "championPointsUntilNextLevel": 6369, "tokensEarned": 0, "championId": 432, "lastPlayTime": 1468950280000}, {"championLevel": 3, "chestGranted": false, "championPoints": 6033, "championPointsSinceLastLevel": 33, "playerId": 21955, "championPointsUntilNextLevel": 6567, "tokensEarned": 0, "championId": 119, "lastPlayTime": 1468648140000}, {"championLevel": 2, "chestGranted": false, "championPoints": 5998, "championPointsSinceLastLevel": 4198, "playerId": 21955, "championPointsUntilNextLevel": 2, "tokensEarned": 0, "championId": 51, "lastPlayTime": 1467924497000}, {"championLevel": 2, "chestGranted": true, "championPoints": 5971, "championPointsSinceLastLevel": 4171, "playerId": 21955, "championPointsUntilNextLevel": 29, "tokensEarned": 0, "championId": 53, "lastPlayTime": 1465754275000}, {"championLevel": 2, "chestGranted": false, "championPoints": 5892, "championPointsSinceLastLevel": 4092, "playerId": 21955, "championPointsUntilNextLevel": 108, "tokensEarned": 0, "championId": 39, "lastPlayTime": 1467843048000}, {"championLevel": 2, "chestGranted": false, "championPoints": 5236, "championPointsSinceLastLevel": 3436, "playerId": 21955, "championPointsUntilNextLevel": 764, "tokensEarned": 0, "championId": 57, "lastPlayTime": 1464826391000}, {"championLevel": 2, "chestGranted": false, "championPoints": 5173, "championPointsSinceLastLevel": 3373, "playerId": 21955, "championPointsUntilNextLevel": 827, "tokensEarned": 0, "championId": 112, "lastPlayTime": 1468633820000}, {"championLevel": 2, "chestGranted": false, "championPoints": 4842, "championPointsSinceLastLevel": 3042, "playerId": 21955, "championPointsUntilNextLevel": 1158, "tokensEarned": 0, "championId": 429, "lastPlayTime": 1463944084000}, {"championLevel": 2, "chestGranted": false, "championPoints": 4790, "championPointsSinceLastLevel": 2990, "playerId": 21955, "championPointsUntilNextLevel": 1210, "tokensEarned": 0, "championId": 201, "lastPlayTime": 1468513741000}, {"championLevel": 2, "chestGranted": false, "championPoints": 4738, "championPointsSinceLastLevel": 2938, "playerId": 21955, "championPointsUntilNextLevel": 1262, "tokensEarned": 0, "championId": 266, "lastPlayTime": 1468874736000}, {"championLevel": 2, "chestGranted": false, "championPoints": 4582, "championPointsSinceLastLevel": 2782, "playerId": 21955, "championPointsUntilNextLevel": 1418, "tokensEarned": 0, "championId": 48, "lastPlayTime": 1461903455000}, {"championLevel": 2, "chestGranted": true, "championPoints": 4498, "championPointsSinceLastLevel": 2698, "playerId": 21955, "championPointsUntilNextLevel": 1502, "tokensEarned": 0, "championId": 120, "lastPlayTime": 1467226535000}, {"championLevel": 2, "chestGranted": false, "championPoints": 4041, "championPointsSinceLastLevel": 2241, "playerId": 21955, "championPointsUntilNextLevel": 1959, "tokensEarned": 0, "championId": 222, "lastPlayTime": 1465097055000}, {"championLevel": 2, "chestGranted": false, "championPoints": 4032, "championPointsSinceLastLevel": 2232, "playerId": 21955, "championPointsUntilNextLevel": 1968, "tokensEarned": 0, "championId": 61, "lastPlayTime": 1464378645000}, {"championLevel": 2, "chestGranted": false, "championPoints": 3916, "championPointsSinceLastLevel": 2116, "playerId": 21955, "championPointsUntilNextLevel": 2084, "tokensEarned": 0, "championId": 63, "lastPlayTime": 1462578350000}, {"championLevel": 2, "chestGranted": true, "championPoints": 3886, "championPointsSinceLastLevel": 2086, "playerId": 21955, "championPointsUntilNextLevel": 2114, "tokensEarned": 0, "championId": 89, "lastPlayTime": 1463420328000}, {"championLevel": 2, "chestGranted": false, "championPoints": 3759, "championPointsSinceLastLevel": 1959, "playerId": 21955, "championPointsUntilNextLevel": 2241, "tokensEarned": 0, "championId": 103, "lastPlayTime": 1468206938000}, {"championLevel": 2, "chestGranted": false, "championPoints": 3614, "championPointsSinceLastLevel": 1814, "playerId": 21955, "championPointsUntilNextLevel": 2386, "tokensEarned": 0, "championId": 20, "lastPlayTime": 1436636197000}, {"championLevel": 2, "chestGranted": true, "championPoints": 3312, "championPointsSinceLastLevel": 1512, "playerId": 21955, "championPointsUntilNextLevel": 2688, "tokensEarned": 0, "championId": 131, "lastPlayTime": 1465070130000}, {"championLevel": 2, "chestGranted": false, "championPoints": 3304, "championPointsSinceLastLevel": 1504, "playerId": 21955, "championPointsUntilNextLevel": 2696, "tokensEarned": 0, "championId": 5, "lastPlayTime": 1463761669000}, {"championLevel": 2, "chestGranted": false, "championPoints": 3190, "championPointsSinceLastLevel": 1390, "playerId": 21955, "championPointsUntilNextLevel": 2810, "tokensEarned": 0, "championId": 77, "lastPlayTime": 1448249616000}, {"championLevel": 2, "chestGranted": true, "championPoints": 2933, "championPointsSinceLastLevel": 1133, "playerId": 21955, "championPointsUntilNextLevel": 3067, "tokensEarned": 0, "championId": 105, "lastPlayTime": 1461432598000}, {"championLevel": 2, "chestGranted": false, "championPoints": 2784, "championPointsSinceLastLevel": 984, "playerId": 21955, "championPointsUntilNextLevel": 3216, "tokensEarned": 0, "championId": 36, "lastPlayTime": 1461364676000}, {"championLevel": 2, "chestGranted": true, "championPoints": 2674, "championPointsSinceLastLevel": 874, "playerId": 21955, "championPointsUntilNextLevel": 3326, "tokensEarned": 0, "championId": 136, "lastPlayTime": 1463889777000}, {"championLevel": 2, "chestGranted": false, "championPoints": 2389, "championPointsSinceLastLevel": 589, "playerId": 21955, "championPointsUntilNextLevel": 3611, "tokensEarned": 0, "championId": 8, "lastPlayTime": 1468866045000}, {"championLevel": 2, "chestGranted": false, "championPoints": 2294, "championPointsSinceLastLevel": 494, "playerId": 21955, "championPointsUntilNextLevel": 3706, "tokensEarned": 0, "championId": 35, "lastPlayTime": 1461379184000}, {"championLevel": 2, "chestGranted": false, "championPoints": 2022, "championPointsSinceLastLevel": 222, "playerId": 21955, "championPointsUntilNextLevel": 3978, "tokensEarned": 0, "championId": 25, "lastPlayTime": 1463863716000}, {"championLevel": 2, "chestGranted": false, "championPoints": 2014, "championPointsSinceLastLevel": 214, "playerId": 21955, "championPointsUntilNextLevel": 3986, "tokensEarned": 0, "championId": 24, "lastPlayTime": 1460214411000}, {"championLevel": 2, "chestGranted": false, "championPoints": 1938, "championPointsSinceLastLevel": 138, "playerId": 21955, "championPointsUntilNextLevel": 4062, "tokensEarned": 0, "championId": 114, "lastPlayTime": 1461446846000}, {"championLevel": 2, "chestGranted": false, "championPoints": 1880, "championPointsSinceLastLevel": 80, "playerId": 21955, "championPointsUntilNextLevel": 4120, "tokensEarned": 0, "championId": 34, "lastPlayTime": 1468441462000}, {"championLevel": 1, "chestGranted": false, "championPoints": 1775, "championPointsSinceLastLevel": 1775, "playerId": 21955, "championPointsUntilNextLevel": 25, "tokensEarned": 0, "championId": 127, "lastPlayTime": 1440298253000}, {"championLevel": 1, "chestGranted": false, "championPoints": 1772, "championPointsSinceLastLevel": 1772, "playerId": 21955, "championPointsUntilNextLevel": 28, "tokensEarned": 0, "championId": 28, "lastPlayTime": 1461546288000}, {"championLevel": 1, "chestGranted": false, "championPoints": 1652, "championPointsSinceLastLevel": 1652, "playerId": 21955, "championPointsUntilNextLevel": 148, "tokensEarned": 0, "championId": 1, "lastPlayTime": 1459612455000}, {"championLevel": 1, "chestGranted": false, "championPoints": 1612, "championPointsSinceLastLevel": 1612, "playerId": 21955, "championPointsUntilNextLevel": 188, "tokensEarned": 0, "championId": 14, "lastPlayTime": 1437515864000}, {"championLevel": 1, "chestGranted": false, "championPoints": 1587, "championPointsSinceLastLevel": 1587, "playerId": 21955, "championPointsUntilNextLevel": 213, "tokensEarned": 0, "championId": 154, "lastPlayTime": 1435891119000}, {"championLevel": 1, "chestGranted": false, "championPoints": 1585, "championPointsSinceLastLevel": 1585, "playerId": 21955, "championPointsUntilNextLevel": 215, "tokensEarned": 0, "championId": 12, "lastPlayTime": 1461357218000}, {"championLevel": 1, "chestGranted": false, "championPoints": 1545, "championPointsSinceLastLevel": 1545, "playerId": 21955, "championPointsUntilNextLevel": 255, "tokensEarned": 0, "championId": 126, "lastPlayTime": 1468219066000}, {"championLevel": 1, "chestGranted": false, "championPoints": 1532, "championPointsSinceLastLevel": 1532, "playerId": 21955, "championPointsUntilNextLevel": 268, "tokensEarned": 0, "championId": 2, "lastPlayTime": 1466207650000}, {"championLevel": 1, "chestGranted": false, "championPoints": 1386, "championPointsSinceLastLevel": 1386, "playerId": 21955, "championPointsUntilNextLevel": 414, "tokensEarned": 0, "championId": 96, "lastPlayTime": 1463178370000}, {"championLevel": 1, "chestGranted": false, "championPoints": 1384, "championPointsSinceLastLevel": 1384, "playerId": 21955, "championPointsUntilNextLevel": 416, "tokensEarned": 0, "championId": 17, "lastPlayTime": 1467166758000}, {"championLevel": 1, "chestGranted": false, "championPoints": 1375, "championPointsSinceLastLevel": 1375, "playerId": 21955, "championPointsUntilNextLevel": 425, "tokensEarned": 0, "championId": 80, "lastPlayTime": 1461426628000}, {"championLevel": 1, "chestGranted": false, "championPoints": 1347, "championPointsSinceLastLevel": 1347, "playerId": 21955, "championPointsUntilNextLevel": 453, "tokensEarned": 0, "championId": 102, "lastPlayTime": 1459444850000}, {"championLevel": 1, "chestGranted": false, "championPoints": 1320, "championPointsSinceLastLevel": 1320, "playerId": 21955, "championPointsUntilNextLevel": 480, "tokensEarned": 0, "championId": 15, "lastPlayTime": 1467256801000}, {"championLevel": 1, "chestGranted": false, "championPoints": 1265, "championPointsSinceLastLevel": 1265, "playerId": 21955, "championPointsUntilNextLevel": 535, "tokensEarned": 0, "championId": 38, "lastPlayTime": 1466808061000}, {"championLevel": 1, "chestGranted": false, "championPoints": 1243, "championPointsSinceLastLevel": 1243, "playerId": 21955, "championPointsUntilNextLevel": 557, "tokensEarned": 0, "championId": 134, "lastPlayTime": 1459455013000}, {"championLevel": 1, "chestGranted": false, "championPoints": 1235, "championPointsSinceLastLevel": 1235, "playerId": 21955, "championPointsUntilNextLevel": 565, "tokensEarned": 0, "championId": 98, "lastPlayTime": 1468275492000}, {"championLevel": 1, "chestGranted": false, "championPoints": 1208, "championPointsSinceLastLevel": 1208, "playerId": 21955, "championPointsUntilNextLevel": 592, "tokensEarned": 0, "championId": 161, "lastPlayTime": 1462401625000}, {"championLevel": 1, "chestGranted": false, "championPoints": 1206, "championPointsSinceLastLevel": 1206, "playerId": 21955, "championPointsUntilNextLevel": 594, "tokensEarned": 0, "championId": 6, "lastPlayTime": 1469125120000}, {"championLevel": 1, "chestGranted": false, "championPoints": 1189, "championPointsSinceLastLevel": 1189, "playerId": 21955, "championPointsUntilNextLevel": 611, "tokensEarned": 0, "championId": 101, "lastPlayTime": 1461445189000}, {"championLevel": 1, "chestGranted": false, "championPoints": 1121, "championPointsSinceLastLevel": 1121, "playerId": 21955, "championPointsUntilNextLevel": 679, "tokensEarned": 0, "championId": 203, "lastPlayTime": 1467222151000}, {"championLevel": 1, "chestGranted": false, "championPoints": 1113, "championPointsSinceLastLevel": 1113, "playerId": 21955, "championPointsUntilNextLevel": 687, "tokensEarned": 0, "championId": 9, "lastPlayTime": 1468194019000}, {"championLevel": 1, "chestGranted": true, "championPoints": 1111, "championPointsSinceLastLevel": 1111, "playerId": 21955, "championPointsUntilNextLevel": 689, "tokensEarned": 0, "championId": 44, "lastPlayTime": 1462033915000}, {"championLevel": 1, "chestGranted": false, "championPoints": 1101, "championPointsSinceLastLevel": 1101, "playerId": 21955, "championPointsUntilNextLevel": 699, "tokensEarned": 0, "championId": 163, "lastPlayTime": 1464027093000}, {"championLevel": 1, "chestGranted": false, "championPoints": 1029, "championPointsSinceLastLevel": 1029, "playerId": 21955, "championPointsUntilNextLevel": 771, "tokensEarned": 0, "championId": 42, "lastPlayTime": 1469127935000}, {"championLevel": 1, "chestGranted": false, "championPoints": 974, "championPointsSinceLastLevel": 974, "playerId": 21955, "championPointsUntilNextLevel": 826, "tokensEarned": 0, "championId": 115, "lastPlayTime": 1465484367000}, {"championLevel": 1, "chestGranted": false, "championPoints": 953, "championPointsSinceLastLevel": 953, "playerId": 21955, "championPointsUntilNextLevel": 847, "tokensEarned": 0, "championId": 10, "lastPlayTime": 1463788196000}, {"championLevel": 1, "chestGranted": false, "championPoints": 940, "championPointsSinceLastLevel": 940, "playerId": 21955, "championPointsUntilNextLevel": 860, "tokensEarned": 0, "championId": 33, "lastPlayTime": 1461003457000}, {"championLevel": 1, "chestGranted": false, "championPoints": 930, "championPointsSinceLastLevel": 930, "playerId": 21955, "championPointsUntilNextLevel": 870, "tokensEarned": 0, "championId": 79, "lastPlayTime": 1461421685000}, {"championLevel": 1, "chestGranted": false, "championPoints": 577, "championPointsSinceLastLevel": 577, "playerId": 21955, "championPointsUntilNextLevel": 1223, "tokensEarned": 0, "championId": 31, "lastPlayTime": 1460216121000}, {"championLevel": 1, "chestGranted": false, "championPoints": 542, "championPointsSinceLastLevel": 542, "playerId": 21955, "championPointsUntilNextLevel": 1258, "tokensEarned": 0, "championId": 254, "lastPlayTime": 1461081854000}, {"championLevel": 1, "chestGranted": false, "championPoints": 514, "championPointsSinceLastLevel": 514, "playerId": 21955, "championPointsUntilNextLevel": 1286, "tokensEarned": 0, "championId": 11, "lastPlayTime": 1463962973000}, {"championLevel": 1, "chestGranted": false, "championPoints": 419, "championPointsSinceLastLevel": 419, "playerId": 21955, "championPointsUntilNextLevel": 1381, "tokensEarned": 0, "championId": 110, "lastPlayTime": 1439876183000}, {"championLevel": 1, "chestGranted": false, "championPoints": 405, "championPointsSinceLastLevel": 405, "playerId": 21955, "championPointsUntilNextLevel": 1395, "tokensEarned": 0, "championId": 421, "lastPlayTime": 1432270442000}, {"championLevel": 1, "chestGranted": false, "championPoints": 366, "championPointsSinceLastLevel": 366, "playerId": 21955, "championPointsUntilNextLevel": 1434, "tokensEarned": 0, "championId": 62, "lastPlayTime": 1461798701000}, {"championLevel": 1, "chestGranted": false, "championPoints": 361, "championPointsSinceLastLevel": 361, "playerId": 21955, "championPointsUntilNextLevel": 1439, "tokensEarned": 0, "championId": 85, "lastPlayTime": 1466998760000}, {"championLevel": 1, "chestGranted": false, "championPoints": 350, "championPointsSinceLastLevel": 350, "playerId": 21955, "championPointsUntilNextLevel": 1450, "tokensEarned": 0, "championId": 55, "lastPlayTime": 1463865115000}, {"championLevel": 1, "chestGranted": false, "championPoints": 321, "championPointsSinceLastLevel": 321, "playerId": 21955, "championPointsUntilNextLevel": 1479, "tokensEarned": 0, "championId": 59, "lastPlayTime": 1467438864000}, {"championLevel": 1, "chestGranted": false, "championPoints": 292, "championPointsSinceLastLevel": 292, "playerId": 21955, "championPointsUntilNextLevel": 1508, "tokensEarned": 0, "championId": 75, "lastPlayTime": 1463785926000}, {"championLevel": 1, "chestGranted": false, "championPoints": 289, "championPointsSinceLastLevel": 289, "playerId": 21955, "championPointsUntilNextLevel": 1511, "tokensEarned": 0, "championId": 4, "lastPlayTime": 1445829239000}, {"championLevel": 1, "chestGranted": true, "championPoints": 275, "championPointsSinceLastLevel": 275, "playerId": 21955, "championPointsUntilNextLevel": 1525, "tokensEarned": 0, "championId": 32, "lastPlayTime": 1459009098000}, {"championLevel": 1, "chestGranted": false, "championPoints": 226, "championPointsSinceLastLevel": 226, "playerId": 21955, "championPointsUntilNextLevel": 1574, "tokensEarned": 0, "championId": 22, "lastPlayTime": 1468038504000}, {"championLevel": 1, "chestGranted": false, "championPoints": 178, "championPointsSinceLastLevel": 178, "playerId": 21955, "championPointsUntilNextLevel": 1622, "tokensEarned": 0, "championId": 91, "lastPlayTime": 1465688098000}, {"championLevel": 1, "chestGranted": false, "championPoints": 160, "championPointsSinceLastLevel": 160, "playerId": 21955, "championPointsUntilNextLevel": 1640, "tokensEarned": 0, "championId": 82, "lastPlayTime": 1466976298000}]