[{"championLevel": 5, "chestGranted": true, "championPoints": 37573, "championPointsSinceLastLevel": 15973, "playerId": 21952, "championPointsUntilNextLevel": 0, "tokensEarned": 0, "championId": 131, "lastPlayTime": 1464994745000}, {"championLevel": 5, "chestGranted": true, "championPoints": 32448, "championPointsSinceLastLevel": 10848, "playerId": 21952, "championPointsUntilNextLevel": 0, "tokensEarned": 1, "championId": 64, "lastPlayTime": 1466716668000}, {"championLevel": 5, "chestGranted": false, "championPoints": 32270, "championPointsSinceLastLevel": 10670, "playerId": 21952, "championPointsUntilNextLevel": 0, "tokensEarned": 0, "championId": 91, "lastPlayTime": 1464489896000}, {"championLevel": 5, "chestGranted": true, "championPoints": 24078, "championPointsSinceLastLevel": 2478, "playerId": 21952, "championPointsUntilNextLevel": 0, "tokensEarned": 0, "championId": 110, "lastPlayTime": 1462825083000}, {"championLevel": 4, "chestGranted": false, "championPoints": 20780, "championPointsSinceLastLevel": 8180, "playerId": 21952, "championPointsUntilNextLevel": 820, "tokensEarned": 0, "championId": 15, "lastPlayTime": 1464463966000}, {"championLevel": 4, "chestGranted": true, "championPoints": 17080, "championPointsSinceLastLevel": 4480, "playerId": 21952, "championPointsUntilNextLevel": 4520, "tokensEarned": 0, "championId": 60, "lastPlayTime": 1468960969000}, {"championLevel": 4, "chestGranted": true, "championPoints": 13850, "championPointsSinceLastLevel": 1250, "playerId": 21952, "championPointsUntilNextLevel": 7750, "tokensEarned": 0, "championId": 7, "lastPlayTime": 1468683640000}, {"championLevel": 4, "chestGranted": false, "championPoints": 13047, "championPointsSinceLastLevel": 447, "playerId": 21952, "championPointsUntilNextLevel": 8553, "tokensEarned": 0, "championId": 201, "lastPlayTime": 1465177244000}, {"championLevel": 4, "chestGranted": false, "championPoints": 12869, "championPointsSinceLastLevel": 269, "playerId": 21952, "championPointsUntilNextLevel": 8731, "tokensEarned": 0, "championId": 48, "lastPlayTime": 1463279393000}, {"championLevel": 3, "chestGranted": true, "championPoints": 10648, "championPointsSinceLastLevel": 4648, "playerId": 21952, "championPointsUntilNextLevel": 1952, "tokensEarned": 0, "championId": 53, "lastPlayTime": 1467086431000}, {"championLevel": 3, "chestGranted": false, "championPoints": 9893, "championPointsSinceLastLevel": 3893, "playerId": 21952, "championPointsUntilNextLevel": 2707, "tokensEarned": 0, "championId": 25, "lastPlayTime": 1453410436000}, {"championLevel": 3, "chestGranted": true, "championPoints": 9602, "championPointsSinceLastLevel": 3602, "playerId": 21952, "championPointsUntilNextLevel": 2998, "tokensEarned": 0, "championId": 81, "lastPlayTime": 1466285240000}, {"championLevel": 3, "chestGranted": false, "championPoints": 9397, "championPointsSinceLastLevel": 3397, "playerId": 21952, "championPointsUntilNextLevel": 3203, "tokensEarned": 0, "championId": 18, "lastPlayTime": 1463789291000}, {"championLevel": 3, "chestGranted": false, "championPoints": 8764, "championPointsSinceLastLevel": 2764, "playerId": 21952, "championPointsUntilNextLevel": 3836, "tokensEarned": 0, "championId": 150, "lastPlayTime": 1461703702000}, {"championLevel": 3, "chestGranted": false, "championPoints": 8459, "championPointsSinceLastLevel": 2459, "playerId": 21952, "championPointsUntilNextLevel": 4141, "tokensEarned": 0, "championId": 429, "lastPlayTime": 1461026432000}, {"championLevel": 3, "chestGranted": true, "championPoints": 8293, "championPointsSinceLastLevel": 2293, "playerId": 21952, "championPointsUntilNextLevel": 4307, "tokensEarned": 0, "championId": 34, "lastPlayTime": 1468792086000}, {"championLevel": 3, "chestGranted": false, "championPoints": 8163, "championPointsSinceLastLevel": 2163, "playerId": 21952, "championPointsUntilNextLevel": 4437, "tokensEarned": 0, "championId": 107, "lastPlayTime": 1461188743000}, {"championLevel": 3, "chestGranted": false, "championPoints": 8089, "championPointsSinceLastLevel": 2089, "playerId": 21952, "championPointsUntilNextLevel": 4511, "tokensEarned": 0, "championId": 83, "lastPlayTime": 1466721806000}, {"championLevel": 3, "chestGranted": false, "championPoints": 7925, "championPointsSinceLastLevel": 1925, "playerId": 21952, "championPointsUntilNextLevel": 4675, "tokensEarned": 0, "championId": 5, "lastPlayTime": 1450992445000}, {"championLevel": 3, "chestGranted": true, "championPoints": 7861, "championPointsSinceLastLevel": 1861, "playerId": 21952, "championPointsUntilNextLevel": 4739, "tokensEarned": 0, "championId": 55, "lastPlayTime": 1463607025000}, {"championLevel": 3, "chestGranted": false, "championPoints": 7372, "championPointsSinceLastLevel": 1372, "playerId": 21952, "championPointsUntilNextLevel": 5228, "tokensEarned": 0, "championId": 114, "lastPlayTime": 1462996225000}, {"championLevel": 3, "chestGranted": true, "championPoints": 6924, "championPointsSinceLastLevel": 924, "playerId": 21952, "championPointsUntilNextLevel": 5676, "tokensEarned": 0, "championId": 39, "lastPlayTime": 1467031392000}, {"championLevel": 3, "chestGranted": true, "championPoints": 6865, "championPointsSinceLastLevel": 865, "playerId": 21952, "championPointsUntilNextLevel": 5735, "tokensEarned": 0, "championId": 105, "lastPlayTime": 1461012997000}, {"championLevel": 3, "chestGranted": false, "championPoints": 6388, "championPointsSinceLastLevel": 388, "playerId": 21952, "championPointsUntilNextLevel": 6212, "tokensEarned": 0, "championId": 2, "lastPlayTime": 1465151415000}, {"championLevel": 2, "chestGranted": false, "championPoints": 5652, "championPointsSinceLastLevel": 3852, "playerId": 21952, "championPointsUntilNextLevel": 348, "tokensEarned": 0, "championId": 61, "lastPlayTime": 1462117194000}, {"championLevel": 2, "chestGranted": true, "championPoints": 5238, "championPointsSinceLastLevel": 3438, "playerId": 21952, "championPointsUntilNextLevel": 762, "tokensEarned": 0, "championId": 11, "lastPlayTime": 1466968752000}, {"championLevel": 2, "chestGranted": false, "championPoints": 5072, "championPointsSinceLastLevel": 3272, "playerId": 21952, "championPointsUntilNextLevel": 928, "tokensEarned": 0, "championId": 43, "lastPlayTime": 1468462281000}, {"championLevel": 2, "chestGranted": true, "championPoints": 4512, "championPointsSinceLastLevel": 2712, "playerId": 21952, "championPointsUntilNextLevel": 1488, "tokensEarned": 0, "championId": 32, "lastPlayTime": 1466870782000}, {"championLevel": 2, "chestGranted": true, "championPoints": 4463, "championPointsSinceLastLevel": 2663, "playerId": 21952, "championPointsUntilNextLevel": 1537, "tokensEarned": 0, "championId": 31, "lastPlayTime": 1465751817000}, {"championLevel": 2, "chestGranted": false, "championPoints": 4327, "championPointsSinceLastLevel": 2527, "playerId": 21952, "championPointsUntilNextLevel": 1673, "tokensEarned": 0, "championId": 44, "lastPlayTime": 1462750301000}, {"championLevel": 2, "chestGranted": false, "championPoints": 4231, "championPointsSinceLastLevel": 2431, "playerId": 21952, "championPointsUntilNextLevel": 1769, "tokensEarned": 0, "championId": 103, "lastPlayTime": 1461186614000}, {"championLevel": 2, "chestGranted": false, "championPoints": 4094, "championPointsSinceLastLevel": 2294, "playerId": 21952, "championPointsUntilNextLevel": 1906, "tokensEarned": 0, "championId": 104, "lastPlayTime": 1451858321000}, {"championLevel": 2, "chestGranted": false, "championPoints": 3851, "championPointsSinceLastLevel": 2051, "playerId": 21952, "championPointsUntilNextLevel": 2149, "tokensEarned": 0, "championId": 23, "lastPlayTime": 1466872321000}, {"championLevel": 2, "chestGranted": false, "championPoints": 3789, "championPointsSinceLastLevel": 1989, "playerId": 21952, "championPointsUntilNextLevel": 2211, "tokensEarned": 0, "championId": 1, "lastPlayTime": 1464565053000}, {"championLevel": 2, "chestGranted": false, "championPoints": 3623, "championPointsSinceLastLevel": 1823, "playerId": 21952, "championPointsUntilNextLevel": 2377, "tokensEarned": 0, "championId": 12, "lastPlayTime": 1461461646000}, {"championLevel": 2, "chestGranted": false, "championPoints": 3587, "championPointsSinceLastLevel": 1787, "playerId": 21952, "championPointsUntilNextLevel": 2413, "tokensEarned": 0, "championId": 41, "lastPlayTime": 1445444594000}, {"championLevel": 2, "chestGranted": false, "championPoints": 3375, "championPointsSinceLastLevel": 1575, "playerId": 21952, "championPointsUntilNextLevel": 2625, "tokensEarned": 0, "championId": 56, "lastPlayTime": 1450810788000}, {"championLevel": 2, "chestGranted": false, "championPoints": 3344, "championPointsSinceLastLevel": 1544, "playerId": 21952, "championPointsUntilNextLevel": 2656, "tokensEarned": 0, "championId": 35, "lastPlayTime": 1465766684000}, {"championLevel": 2, "chestGranted": false, "championPoints": 3087, "championPointsSinceLastLevel": 1287, "playerId": 21952, "championPointsUntilNextLevel": 2913, "tokensEarned": 0, "championId": 59, "lastPlayTime": 1466877450000}, {"championLevel": 2, "chestGranted": true, "championPoints": 2871, "championPointsSinceLastLevel": 1071, "playerId": 21952, "championPointsUntilNextLevel": 3129, "tokensEarned": 0, "championId": 79, "lastPlayTime": 1464733270000}, {"championLevel": 2, "chestGranted": false, "championPoints": 2759, "championPointsSinceLastLevel": 959, "playerId": 21952, "championPointsUntilNextLevel": 3241, "tokensEarned": 0, "championId": 17, "lastPlayTime": 1451925110000}, {"championLevel": 2, "chestGranted": false, "championPoints": 2719, "championPointsSinceLastLevel": 919, "playerId": 21952, "championPointsUntilNextLevel": 3281, "tokensEarned": 0, "championId": 24, "lastPlayTime": 1453173634000}, {"championLevel": 2, "chestGranted": false, "championPoints": 2706, "championPointsSinceLastLevel": 906, "playerId": 21952, "championPointsUntilNextLevel": 3294, "tokensEarned": 0, "championId": 36, "lastPlayTime": 1462733611000}, {"championLevel": 2, "chestGranted": false, "championPoints": 2639, "championPointsSinceLastLevel": 839, "playerId": 21952, "championPointsUntilNextLevel": 3361, "tokensEarned": 0, "championId": 37, "lastPlayTime": 1459715663000}, {"championLevel": 2, "chestGranted": false, "championPoints": 2531, "championPointsSinceLastLevel": 731, "playerId": 21952, "championPointsUntilNextLevel": 3469, "tokensEarned": 0, "championId": 21, "lastPlayTime": 1465490837000}, {"championLevel": 2, "chestGranted": false, "championPoints": 2434, "championPointsSinceLastLevel": 634, "playerId": 21952, "championPointsUntilNextLevel": 3566, "tokensEarned": 0, "championId": 412, "lastPlayTime": 1464491812000}, {"championLevel": 2, "chestGranted": false, "championPoints": 2353, "championPointsSinceLastLevel": 553, "playerId": 21952, "championPointsUntilNextLevel": 3647, "tokensEarned": 0, "championId": 22, "lastPlayTime": 1443483958000}, {"championLevel": 2, "chestGranted": false, "championPoints": 2250, "championPointsSinceLastLevel": 450, "playerId": 21952, "championPointsUntilNextLevel": 3750, "tokensEarned": 0, "championId": 121, "lastPlayTime": 1442061286000}, {"championLevel": 2, "chestGranted": false, "championPoints": 2215, "championPointsSinceLastLevel": 415, "playerId": 21952, "championPointsUntilNextLevel": 3785, "tokensEarned": 0, "championId": 268, "lastPlayTime": 1453322885000}, {"championLevel": 2, "chestGranted": false, "championPoints": 2154, "championPointsSinceLastLevel": 354, "playerId": 21952, "championPointsUntilNextLevel": 3846, "tokensEarned": 0, "championId": 67, "lastPlayTime": 1461614554000}, {"championLevel": 2, "chestGranted": false, "championPoints": 2073, "championPointsSinceLastLevel": 273, "playerId": 21952, "championPointsUntilNextLevel": 3927, "tokensEarned": 0, "championId": 98, "lastPlayTime": 1465017381000}, {"championLevel": 2, "chestGranted": false, "championPoints": 1992, "championPointsSinceLastLevel": 192, "playerId": 21952, "championPointsUntilNextLevel": 4008, "tokensEarned": 0, "championId": 92, "lastPlayTime": 1453753791000}, {"championLevel": 2, "chestGranted": false, "championPoints": 1889, "championPointsSinceLastLevel": 89, "playerId": 21952, "championPointsUntilNextLevel": 4111, "tokensEarned": 0, "championId": 14, "lastPlayTime": 1460927972000}, {"championLevel": 1, "chestGranted": false, "championPoints": 1632, "championPointsSinceLastLevel": 1632, "playerId": 21952, "championPointsUntilNextLevel": 168, "tokensEarned": 0, "championId": 113, "lastPlayTime": 1466875484000}, {"championLevel": 1, "chestGranted": false, "championPoints": 1628, "championPointsSinceLastLevel": 1628, "playerId": 21952, "championPointsUntilNextLevel": 172, "tokensEarned": 0, "championId": 51, "lastPlayTime": 1452384727000}, {"championLevel": 1, "chestGranted": false, "championPoints": 1601, "championPointsSinceLastLevel": 1601, "playerId": 21952, "championPointsUntilNextLevel": 199, "tokensEarned": 0, "championId": 72, "lastPlayTime": 1433376172000}, {"championLevel": 1, "chestGranted": false, "championPoints": 1588, "championPointsSinceLastLevel": 1588, "playerId": 21952, "championPointsUntilNextLevel": 212, "tokensEarned": 0, "championId": 75, "lastPlayTime": 1439853112000}, {"championLevel": 1, "chestGranted": false, "championPoints": 1369, "championPointsSinceLastLevel": 1369, "playerId": 21952, "championPointsUntilNextLevel": 431, "tokensEarned": 0, "championId": 236, "lastPlayTime": 1453562510000}, {"championLevel": 1, "chestGranted": false, "championPoints": 1365, "championPointsSinceLastLevel": 1365, "playerId": 21952, "championPointsUntilNextLevel": 435, "tokensEarned": 0, "championId": 42, "lastPlayTime": 1437362168000}, {"championLevel": 1, "chestGranted": false, "championPoints": 1360, "championPointsSinceLastLevel": 1360, "playerId": 21952, "championPointsUntilNextLevel": 440, "tokensEarned": 0, "championId": 19, "lastPlayTime": 1451679037000}, {"championLevel": 1, "chestGranted": false, "championPoints": 1347, "championPointsSinceLastLevel": 1347, "playerId": 21952, "championPointsUntilNextLevel": 453, "tokensEarned": 0, "championId": 89, "lastPlayTime": 1444684873000}, {"championLevel": 1, "chestGranted": false, "championPoints": 1326, "championPointsSinceLastLevel": 1326, "playerId": 21952, "championPointsUntilNextLevel": 474, "tokensEarned": 0, "championId": 115, "lastPlayTime": 1433112290000}, {"championLevel": 1, "chestGranted": false, "championPoints": 1189, "championPointsSinceLastLevel": 1189, "playerId": 21952, "championPointsUntilNextLevel": 611, "tokensEarned": 0, "championId": 82, "lastPlayTime": 1442466017000}, {"championLevel": 1, "chestGranted": false, "championPoints": 1166, "championPointsSinceLastLevel": 1166, "playerId": 21952, "championPointsUntilNextLevel": 634, "tokensEarned": 0, "championId": 90, "lastPlayTime": 1451695174000}, {"championLevel": 1, "chestGranted": false, "championPoints": 1081, "championPointsSinceLastLevel": 1081, "playerId": 21952, "championPointsUntilNextLevel": 719, "tokensEarned": 0, "championId": 9, "lastPlayTime": 1463363265000}, {"championLevel": 1, "chestGranted": false, "championPoints": 1077, "championPointsSinceLastLevel": 1077, "playerId": 21952, "championPointsUntilNextLevel": 723, "tokensEarned": 0, "championId": 84, "lastPlayTime": 1437253248000}, {"championLevel": 1, "chestGranted": false, "championPoints": 1071, "championPointsSinceLastLevel": 1071, "playerId": 21952, "championPointsUntilNextLevel": 729, "tokensEarned": 0, "championId": 432, "lastPlayTime": 1466290489000}, {"championLevel": 1, "chestGranted": false, "championPoints": 1050, "championPointsSinceLastLevel": 1050, "playerId": 21952, "championPointsUntilNextLevel": 750, "tokensEarned": 0, "championId": 163, "lastPlayTime": 1465617547000}, {"championLevel": 1, "chestGranted": false, "championPoints": 1028, "championPointsSinceLastLevel": 1028, "playerId": 21952, "championPointsUntilNextLevel": 772, "tokensEarned": 0, "championId": 86, "lastPlayTime": 1452216795000}, {"championLevel": 1, "chestGranted": false, "championPoints": 1021, "championPointsSinceLastLevel": 1021, "playerId": 21952, "championPointsUntilNextLevel": 779, "tokensEarned": 0, "championId": 6, "lastPlayTime": 1436747495000}, {"championLevel": 1, "chestGranted": false, "championPoints": 512, "championPointsSinceLastLevel": 512, "playerId": 21952, "championPointsUntilNextLevel": 1288, "tokensEarned": 0, "championId": 102, "lastPlayTime": 1458363763000}, {"championLevel": 1, "chestGranted": false, "championPoints": 416, "championPointsSinceLastLevel": 416, "playerId": 21952, "championPointsUntilNextLevel": 1384, "tokensEarned": 0, "championId": 223, "lastPlayTime": 1462731904000}, {"championLevel": 1, "chestGranted": false, "championPoints": 416, "championPointsSinceLastLevel": 416, "playerId": 21952, "championPointsUntilNextLevel": 1384, "tokensEarned": 0, "championId": 119, "lastPlayTime": 1453591619000}, {"championLevel": 1, "chestGranted": false, "championPoints": 375, "championPointsSinceLastLevel": 375, "playerId": 21952, "championPointsUntilNextLevel": 1425, "tokensEarned": 0, "championId": 238, "lastPlayTime": 1441568545000}, {"championLevel": 1, "chestGranted": false, "championPoints": 368, "championPointsSinceLastLevel": 368, "playerId": 21952, "championPointsUntilNextLevel": 1432, "tokensEarned": 0, "championId": 157, "lastPlayTime": 1442247488000}, {"championLevel": 1, "chestGranted": false, "championPoints": 238, "championPointsSinceLastLevel": 238, "playerId": 21952, "championPointsUntilNextLevel": 1562, "tokensEarned": 0, "championId": 30, "lastPlayTime": 1435420150000}, {"championLevel": 1, "chestGranted": false, "championPoints": 223, "championPointsSinceLastLevel": 223, "playerId": 21952, "championPointsUntilNextLevel": 1577, "tokensEarned": 0, "championId": 133, "lastPlayTime": 1433373697000}, {"championLevel": 1, "chestGranted": false, "championPoints": 197, "championPointsSinceLastLevel": 197, "playerId": 21952, "championPointsUntilNextLevel": 1603, "tokensEarned": 0, "championId": 74, "lastPlayTime": 1458356613000}, {"championLevel": 1, "chestGranted": false, "championPoints": 196, "championPointsSinceLastLevel": 196, "playerId": 21952, "championPointsUntilNextLevel": 1604, "tokensEarned": 0, "championId": 77, "lastPlayTime": 1440277036000}, {"championLevel": 1, "chestGranted": false, "championPoints": 192, "championPointsSinceLastLevel": 192, "playerId": 21952, "championPointsUntilNextLevel": 1608, "tokensEarned": 0, "championId": 420, "lastPlayTime": 1450468713000}, {"championLevel": 1, "chestGranted": false, "championPoints": 169, "championPointsSinceLastLevel": 169, "playerId": 21952, "championPointsUntilNextLevel": 1631, "tokensEarned": 0, "championId": 16, "lastPlayTime": 1452053199000}, {"championLevel": 1, "chestGranted": false, "championPoints": 154, "championPointsSinceLastLevel": 154, "playerId": 21952, "championPointsUntilNextLevel": 1646, "tokensEarned": 0, "championId": 202, "lastPlayTime": 1460776267000}, {"championLevel": 1, "chestGranted": false, "championPoints": 154, "championPointsSinceLastLevel": 154, "playerId": 21952, "championPointsUntilNextLevel": 1646, "tokensEarned": 0, "championId": 78, "lastPlayTime": 1460858034000}, {"championLevel": 1, "chestGranted": false, "championPoints": 147, "championPointsSinceLastLevel": 147, "playerId": 21952, "championPointsUntilNextLevel": 1653, "tokensEarned": 0, "championId": 85, "lastPlayTime": 1432065121000}, {"championLevel": 1, "chestGranted": false, "championPoints": 144, "championPointsSinceLastLevel": 144, "playerId": 21952, "championPointsUntilNextLevel": 1656, "tokensEarned": 0, "championId": 99, "lastPlayTime": 1462662068000}, {"championLevel": 1, "chestGranted": false, "championPoints": 131, "championPointsSinceLastLevel": 131, "playerId": 21952, "championPointsUntilNextLevel": 1669, "tokensEarned": 0, "championId": 13, "lastPlayTime": 1442162385000}, {"championLevel": 1, "chestGranted": false, "championPoints": 129, "championPointsSinceLastLevel": 129, "playerId": 21952, "championPointsUntilNextLevel": 1671, "tokensEarned": 0, "championId": 96, "lastPlayTime": 1438555009000}, {"championLevel": 1, "chestGranted": false, "championPoints": 125, "championPointsSinceLastLevel": 125, "playerId": 21952, "championPointsUntilNextLevel": 1675, "tokensEarned": 0, "championId": 245, "lastPlayTime": 1444697026000}, {"championLevel": 1, "chestGranted": false, "championPoints": 92, "championPointsSinceLastLevel": 92, "playerId": 21952, "championPointsUntilNextLevel": 1708, "tokensEarned": 0, "championId": 154, "lastPlayTime": 1449601049000}]