[{"championLevel": 3, "chestGranted": false, "championPoints": 7412, "championPointsSinceLastLevel": 1412, "playerId": 21957, "championPointsUntilNextLevel": 5188, "tokensEarned": 0, "championId": 157, "lastPlayTime": 1454910519000}, {"championLevel": 3, "chestGranted": false, "championPoints": 6318, "championPointsSinceLastLevel": 318, "playerId": 21957, "championPointsUntilNextLevel": 6282, "tokensEarned": 0, "championId": 150, "lastPlayTime": 1453664625000}, {"championLevel": 2, "chestGranted": false, "championPoints": 3496, "championPointsSinceLastLevel": 1696, "playerId": 21957, "championPointsUntilNextLevel": 2504, "tokensEarned": 0, "championId": 62, "lastPlayTime": 1445050658000}, {"championLevel": 2, "chestGranted": false, "championPoints": 3138, "championPointsSinceLastLevel": 1338, "playerId": 21957, "championPointsUntilNextLevel": 2862, "tokensEarned": 0, "championId": 222, "lastPlayTime": 1454916088000}, {"championLevel": 2, "chestGranted": false, "championPoints": 2747, "championPointsSinceLastLevel": 947, "playerId": 21957, "championPointsUntilNextLevel": 3253, "tokensEarned": 0, "championId": 64, "lastPlayTime": 1460944265000}, {"championLevel": 2, "chestGranted": false, "championPoints": 2650, "championPointsSinceLastLevel": 850, "playerId": 21957, "championPointsUntilNextLevel": 3350, "tokensEarned": 0, "championId": 238, "lastPlayTime": 1445113466000}, {"championLevel": 2, "chestGranted": false, "championPoints": 2589, "championPointsSinceLastLevel": 789, "playerId": 21957, "championPointsUntilNextLevel": 3411, "tokensEarned": 0, "championId": 89, "lastPlayTime": 1445115133000}, {"championLevel": 2, "chestGranted": false, "championPoints": 2416, "championPointsSinceLastLevel": 616, "playerId": 21957, "championPointsUntilNextLevel": 3584, "tokensEarned": 0, "championId": 92, "lastPlayTime": 1460929572000}, {"championLevel": 2, "chestGranted": false, "championPoints": 2215, "championPointsSinceLastLevel": 415, "playerId": 21957, "championPointsUntilNextLevel": 3785, "tokensEarned": 0, "championId": 67, "lastPlayTime": 1454454352000}, {"championLevel": 2, "chestGranted": false, "championPoints": 1960, "championPointsSinceLastLevel": 160, "playerId": 21957, "championPointsUntilNextLevel": 4040, "tokensEarned": 0, "championId": 61, "lastPlayTime": 1445211056000}, {"championLevel": 1, "chestGranted": false, "championPoints": 1599, "championPointsSinceLastLevel": 1599, "playerId": 21957, "championPointsUntilNextLevel": 201, "tokensEarned": 0, "championId": 55, "lastPlayTime": 1445743494000}, {"championLevel": 1, "chestGranted": false, "championPoints": 1576, "championPointsSinceLastLevel": 1576, "playerId": 21957, "championPointsUntilNextLevel": 224, "tokensEarned": 0, "championId": 18, "lastPlayTime": 1439157625000}, {"championLevel": 1, "chestGranted": false, "championPoints": 1502, "championPointsSinceLastLevel": 1502, "playerId": 21957, "championPointsUntilNextLevel": 298, "tokensEarned": 0, "championId": 58, "lastPlayTime": 1454283748000}, {"championLevel": 1, "chestGranted": false, "championPoints": 1496, "championPointsSinceLastLevel": 1496, "playerId": 21957, "championPointsUntilNextLevel": 304, "tokensEarned": 0, "championId": 32, "lastPlayTime": 1444786452000}, {"championLevel": 1, "chestGranted": false, "championPoints": 1429, "championPointsSinceLastLevel": 1429, "playerId": 21957, "championPointsUntilNextLevel": 371, "tokensEarned": 0, "championId": 31, "lastPlayTime": 1454459477000}, {"championLevel": 1, "chestGranted": false, "championPoints": 1361, "championPointsSinceLastLevel": 1361, "playerId": 21957, "championPointsUntilNextLevel": 439, "tokensEarned": 0, "championId": 99, "lastPlayTime": 1445101955000}, {"championLevel": 1, "chestGranted": false, "championPoints": 1355, "championPointsSinceLastLevel": 1355, "playerId": 21957, "championPointsUntilNextLevel": 445, "tokensEarned": 0, "championId": 23, "lastPlayTime": 1441584616000}, {"championLevel": 1, "chestGranted": false, "championPoints": 1322, "championPointsSinceLastLevel": 1322, "playerId": 21957, "championPointsUntilNextLevel": 478, "tokensEarned": 0, "championId": 69, "lastPlayTime": 1439603679000}, {"championLevel": 1, "chestGranted": false, "championPoints": 1275, "championPointsSinceLastLevel": 1275, "playerId": 21957, "championPointsUntilNextLevel": 525, "tokensEarned": 0, "championId": 41, "lastPlayTime": 1439334282000}, {"championLevel": 1, "chestGranted": false, "championPoints": 1188, "championPointsSinceLastLevel": 1188, "playerId": 21957, "championPointsUntilNextLevel": 612, "tokensEarned": 0, "championId": 12, "lastPlayTime": 1445207063000}, {"championLevel": 1, "chestGranted": false, "championPoints": 1135, "championPointsSinceLastLevel": 1135, "playerId": 21957, "championPointsUntilNextLevel": 665, "tokensEarned": 0, "championId": 201, "lastPlayTime": 1432073366000}, {"championLevel": 1, "chestGranted": false, "championPoints": 1089, "championPointsSinceLastLevel": 1089, "playerId": 21957, "championPointsUntilNextLevel": 711, "tokensEarned": 0, "championId": 27, "lastPlayTime": 1438737327000}, {"championLevel": 1, "chestGranted": false, "championPoints": 1085, "championPointsSinceLastLevel": 1085, "playerId": 21957, "championPointsUntilNextLevel": 715, "tokensEarned": 0, "championId": 103, "lastPlayTime": 1460927340000}, {"championLevel": 1, "chestGranted": false, "championPoints": 1025, "championPointsSinceLastLevel": 1025, "playerId": 21957, "championPointsUntilNextLevel": 775, "tokensEarned": 0, "championId": 96, "lastPlayTime": 1447890248000}, {"championLevel": 1, "chestGranted": false, "championPoints": 1018, "championPointsSinceLastLevel": 1018, "playerId": 21957, "championPointsUntilNextLevel": 782, "tokensEarned": 0, "championId": 22, "lastPlayTime": 1432169486000}, {"championLevel": 1, "chestGranted": false, "championPoints": 973, "championPointsSinceLastLevel": 973, "playerId": 21957, "championPointsUntilNextLevel": 827, "tokensEarned": 0, "championId": 63, "lastPlayTime": 1439689784000}, {"championLevel": 1, "chestGranted": false, "championPoints": 912, "championPointsSinceLastLevel": 912, "playerId": 21957, "championPointsUntilNextLevel": 888, "tokensEarned": 0, "championId": 1, "lastPlayTime": 1453661749000}, {"championLevel": 1, "chestGranted": false, "championPoints": 475, "championPointsSinceLastLevel": 475, "playerId": 21957, "championPointsUntilNextLevel": 1325, "tokensEarned": 0, "championId": 104, "lastPlayTime": 1454913041000}, {"championLevel": 1, "chestGranted": false, "championPoints": 436, "championPointsSinceLastLevel": 436, "playerId": 21957, "championPointsUntilNextLevel": 1364, "tokensEarned": 0, "championId": 106, "lastPlayTime": 1445141429000}, {"championLevel": 1, "chestGranted": false, "championPoints": 242, "championPointsSinceLastLevel": 242, "playerId": 21957, "championPointsUntilNextLevel": 1558, "tokensEarned": 0, "championId": 76, "lastPlayTime": 1445125812000}, {"championLevel": 1, "chestGranted": false, "championPoints": 233, "championPointsSinceLastLevel": 233, "playerId": 21957, "championPointsUntilNextLevel": 1567, "tokensEarned": 0, "championId": 98, "lastPlayTime": 1433567432000}, {"championLevel": 1, "chestGranted": false, "championPoints": 210, "championPointsSinceLastLevel": 210, "playerId": 21957, "championPointsUntilNextLevel": 1590, "tokensEarned": 0, "championId": 43, "lastPlayTime": 1439687594000}, {"championLevel": 1, "chestGranted": false, "championPoints": 210, "championPointsSinceLastLevel": 210, "playerId": 21957, "championPointsUntilNextLevel": 1590, "tokensEarned": 0, "championId": 75, "lastPlayTime": 1454332708000}, {"championLevel": 1, "chestGranted": false, "championPoints": 208, "championPointsSinceLastLevel": 208, "playerId": 21957, "championPointsUntilNextLevel": 1592, "tokensEarned": 0, "championId": 30, "lastPlayTime": 1433570057000}, {"championLevel": 1, "chestGranted": false, "championPoints": 179, "championPointsSinceLastLevel": 179, "playerId": 21957, "championPointsUntilNextLevel": 1621, "tokensEarned": 0, "championId": 105, "lastPlayTime": 1432934809000}, {"championLevel": 1, "chestGranted": false, "championPoints": 179, "championPointsSinceLastLevel": 179, "playerId": 21957, "championPointsUntilNextLevel": 1621, "tokensEarned": 0, "championId": 117, "lastPlayTime": 1447892420000}, {"championLevel": 1, "chestGranted": false, "championPoints": 171, "championPointsSinceLastLevel": 171, "playerId": 21957, "championPointsUntilNextLevel": 1629, "tokensEarned": 0, "championId": 4, "lastPlayTime": 1438463892000}, {"championLevel": 1, "chestGranted": false, "championPoints": 169, "championPointsSinceLastLevel": 169, "playerId": 21957, "championPointsUntilNextLevel": 1631, "tokensEarned": 0, "championId": 21, "lastPlayTime": 1467497119000}, {"championLevel": 1, "chestGranted": false, "championPoints": 163, "championPointsSinceLastLevel": 163, "playerId": 21957, "championPointsUntilNextLevel": 1637, "tokensEarned": 0, "championId": 17, "lastPlayTime": 1438378329000}, {"championLevel": 1, "chestGranted": false, "championPoints": 146, "championPointsSinceLastLevel": 146, "playerId": 21957, "championPointsUntilNextLevel": 1654, "tokensEarned": 0, "championId": 114, "lastPlayTime": 1438730968000}, {"championLevel": 1, "chestGranted": false, "championPoints": 118, "championPointsSinceLastLevel": 118, "playerId": 21957, "championPointsUntilNextLevel": 1682, "tokensEarned": 0, "championId": 5, "lastPlayTime": 1448134365000}, {"championLevel": 1, "chestGranted": false, "championPoints": 118, "championPointsSinceLastLevel": 118, "playerId": 21957, "championPointsUntilNextLevel": 1682, "tokensEarned": 0, "championId": 14, "lastPlayTime": 1460931481000}]