[{"championLevel": 2, "chestGranted": false, "championPoints": 5134, "championPointsSinceLastLevel": 3334, "playerId": 21962, "championPointsUntilNextLevel": 866, "tokensEarned": 0, "championId": 50, "lastPlayTime": 1469086865000}, {"championLevel": 2, "chestGranted": false, "championPoints": 5049, "championPointsSinceLastLevel": 3249, "playerId": 21962, "championPointsUntilNextLevel": 951, "tokensEarned": 0, "championId": 35, "lastPlayTime": 1469068105000}, {"championLevel": 2, "chestGranted": false, "championPoints": 2235, "championPointsSinceLastLevel": 435, "playerId": 21962, "championPointsUntilNextLevel": 3765, "tokensEarned": 0, "championId": 57, "lastPlayTime": 1467951205000}, {"championLevel": 2, "chestGranted": false, "championPoints": 2075, "championPointsSinceLastLevel": 275, "playerId": 21962, "championPointsUntilNextLevel": 3925, "tokensEarned": 0, "championId": 84, "lastPlayTime": 1468829443000}, {"championLevel": 2, "chestGranted": false, "championPoints": 1857, "championPointsSinceLastLevel": 57, "playerId": 21962, "championPointsUntilNextLevel": 4143, "tokensEarned": 0, "championId": 12, "lastPlayTime": 1469076148000}, {"championLevel": 1, "chestGranted": false, "championPoints": 1796, "championPointsSinceLastLevel": 1796, "playerId": 21962, "championPointsUntilNextLevel": 4, "tokensEarned": 0, "championId": 23, "lastPlayTime": 1468538986000}, {"championLevel": 1, "chestGranted": false, "championPoints": 1791, "championPointsSinceLastLevel": 1791, "playerId": 21962, "championPointsUntilNextLevel": 9, "tokensEarned": 0, "championId": 114, "lastPlayTime": 1468493152000}, {"championLevel": 1, "chestGranted": false, "championPoints": 1788, "championPointsSinceLastLevel": 1788, "playerId": 21962, "championPointsUntilNextLevel": 12, "tokensEarned": 0, "championId": 30, "lastPlayTime": 1469065561000}, {"championLevel": 1, "chestGranted": false, "championPoints": 1760, "championPointsSinceLastLevel": 1760, "playerId": 21962, "championPointsUntilNextLevel": 40, "tokensEarned": 0, "championId": 99, "lastPlayTime": 1469074290000}, {"championLevel": 1, "chestGranted": false, "championPoints": 1521, "championPointsSinceLastLevel": 1521, "playerId": 21962, "championPointsUntilNextLevel": 279, "tokensEarned": 0, "championId": 89, "lastPlayTime": 1438246867000}, {"championLevel": 1, "chestGranted": false, "championPoints": 1472, "championPointsSinceLastLevel": 1472, "playerId": 21962, "championPointsUntilNextLevel": 328, "tokensEarned": 0, "championId": 90, "lastPlayTime": 1468483814000}, {"championLevel": 1, "chestGranted": false, "championPoints": 1456, "championPointsSinceLastLevel": 1456, "playerId": 21962, "championPointsUntilNextLevel": 344, "tokensEarned": 0, "championId": 412, "lastPlayTime": 1437030738000}, {"championLevel": 1, "chestGranted": false, "championPoints": 1245, "championPointsSinceLastLevel": 1245, "playerId": 21962, "championPointsUntilNextLevel": 555, "tokensEarned": 0, "championId": 5, "lastPlayTime": 1467952279000}, {"championLevel": 1, "chestGranted": false, "championPoints": 1050, "championPointsSinceLastLevel": 1050, "playerId": 21962, "championPointsUntilNextLevel": 750, "tokensEarned": 0, "championId": 222, "lastPlayTime": 1468540648000}, {"championLevel": 1, "chestGranted": false, "championPoints": 1004, "championPointsSinceLastLevel": 1004, "playerId": 21962, "championPointsUntilNextLevel": 796, "tokensEarned": 0, "championId": 38, "lastPlayTime": 1469081035000}, {"championLevel": 1, "chestGranted": false, "championPoints": 981, "championPointsSinceLastLevel": 981, "playerId": 21962, "championPointsUntilNextLevel": 819, "tokensEarned": 0, "championId": 31, "lastPlayTime": 1469007287000}, {"championLevel": 1, "chestGranted": false, "championPoints": 978, "championPointsSinceLastLevel": 978, "playerId": 21962, "championPointsUntilNextLevel": 822, "tokensEarned": 0, "championId": 8, "lastPlayTime": 1468068832000}, {"championLevel": 1, "chestGranted": false, "championPoints": 973, "championPointsSinceLastLevel": 973, "playerId": 21962, "championPointsUntilNextLevel": 827, "tokensEarned": 0, "championId": 39, "lastPlayTime": 1468823924000}, {"championLevel": 1, "chestGranted": false, "championPoints": 966, "championPointsSinceLastLevel": 966, "playerId": 21962, "championPointsUntilNextLevel": 834, "tokensEarned": 0, "championId": 163, "lastPlayTime": 1468831550000}, {"championLevel": 1, "chestGranted": true, "championPoints": 935, "championPointsSinceLastLevel": 935, "playerId": 21962, "championPointsUntilNextLevel": 865, "tokensEarned": 0, "championId": 2, "lastPlayTime": 1467947442000}, {"championLevel": 1, "chestGranted": false, "championPoints": 929, "championPointsSinceLastLevel": 929, "playerId": 21962, "championPointsUntilNextLevel": 871, "tokensEarned": 0, "championId": 421, "lastPlayTime": 1468104278000}, {"championLevel": 1, "chestGranted": false, "championPoints": 929, "championPointsSinceLastLevel": 929, "playerId": 21962, "championPointsUntilNextLevel": 871, "tokensEarned": 0, "championId": 36, "lastPlayTime": 1469088713000}, {"championLevel": 1, "chestGranted": false, "championPoints": 874, "championPointsSinceLastLevel": 874, "playerId": 21962, "championPointsUntilNextLevel": 926, "tokensEarned": 0, "championId": 41, "lastPlayTime": 1468294751000}, {"championLevel": 1, "chestGranted": false, "championPoints": 852, "championPointsSinceLastLevel": 852, "playerId": 21962, "championPointsUntilNextLevel": 948, "tokensEarned": 0, "championId": 40, "lastPlayTime": 1468825590000}, {"championLevel": 1, "chestGranted": false, "championPoints": 824, "championPointsSinceLastLevel": 824, "playerId": 21962, "championPointsUntilNextLevel": 976, "tokensEarned": 0, "championId": 113, "lastPlayTime": 1468498836000}, {"championLevel": 1, "chestGranted": false, "championPoints": 821, "championPointsSinceLastLevel": 821, "playerId": 21962, "championPointsUntilNextLevel": 979, "tokensEarned": 0, "championId": 81, "lastPlayTime": 1468487072000}, {"championLevel": 1, "chestGranted": false, "championPoints": 810, "championPointsSinceLastLevel": 810, "playerId": 21962, "championPointsUntilNextLevel": 990, "tokensEarned": 0, "championId": 14, "lastPlayTime": 1468827370000}, {"championLevel": 1, "chestGranted": false, "championPoints": 805, "championPointsSinceLastLevel": 805, "playerId": 21962, "championPointsUntilNextLevel": 995, "tokensEarned": 0, "championId": 11, "lastPlayTime": 1468011856000}, {"championLevel": 1, "chestGranted": false, "championPoints": 758, "championPointsSinceLastLevel": 758, "playerId": 21962, "championPointsUntilNextLevel": 1042, "tokensEarned": 0, "championId": 32, "lastPlayTime": 1467844820000}, {"championLevel": 1, "chestGranted": false, "championPoints": 757, "championPointsSinceLastLevel": 757, "playerId": 21962, "championPointsUntilNextLevel": 1043, "tokensEarned": 0, "championId": 238, "lastPlayTime": 1468119817000}, {"championLevel": 1, "chestGranted": false, "championPoints": 709, "championPointsSinceLastLevel": 709, "playerId": 21962, "championPointsUntilNextLevel": 1091, "tokensEarned": 0, "championId": 131, "lastPlayTime": 1468118087000}, {"championLevel": 1, "chestGranted": false, "championPoints": 682, "championPointsSinceLastLevel": 682, "playerId": 21962, "championPointsUntilNextLevel": 1118, "tokensEarned": 0, "championId": 53, "lastPlayTime": 1468024178000}, {"championLevel": 1, "chestGranted": false, "championPoints": 672, "championPointsSinceLastLevel": 672, "playerId": 21962, "championPointsUntilNextLevel": 1128, "tokensEarned": 0, "championId": 136, "lastPlayTime": 1468020781000}, {"championLevel": 1, "chestGranted": true, "championPoints": 626, "championPointsSinceLastLevel": 626, "playerId": 21962, "championPointsUntilNextLevel": 1174, "tokensEarned": 0, "championId": 37, "lastPlayTime": 1468199544000}, {"championLevel": 1, "chestGranted": false, "championPoints": 620, "championPointsSinceLastLevel": 620, "playerId": 21962, "championPointsUntilNextLevel": 1180, "tokensEarned": 0, "championId": 78, "lastPlayTime": 1468633856000}, {"championLevel": 1, "chestGranted": false, "championPoints": 485, "championPointsSinceLastLevel": 485, "playerId": 21962, "championPointsUntilNextLevel": 1315, "tokensEarned": 0, "championId": 13, "lastPlayTime": 1468926828000}, {"championLevel": 1, "chestGranted": false, "championPoints": 355, "championPointsSinceLastLevel": 355, "playerId": 21962, "championPointsUntilNextLevel": 1445, "tokensEarned": 0, "championId": 4, "lastPlayTime": 1469008704000}, {"championLevel": 1, "chestGranted": false, "championPoints": 279, "championPointsSinceLastLevel": 279, "playerId": 21962, "championPointsUntilNextLevel": 1521, "tokensEarned": 0, "championId": 201, "lastPlayTime": 1469082581000}, {"championLevel": 1, "chestGranted": false, "championPoints": 279, "championPointsSinceLastLevel": 279, "playerId": 21962, "championPointsUntilNextLevel": 1521, "tokensEarned": 0, "championId": 75, "lastPlayTime": 1468101128000}, {"championLevel": 1, "chestGranted": false, "championPoints": 271, "championPointsSinceLastLevel": 271, "playerId": 21962, "championPointsUntilNextLevel": 1529, "tokensEarned": 0, "championId": 51, "lastPlayTime": 1468892084000}, {"championLevel": 1, "chestGranted": false, "championPoints": 256, "championPointsSinceLastLevel": 256, "playerId": 21962, "championPointsUntilNextLevel": 1544, "tokensEarned": 0, "championId": 126, "lastPlayTime": 1434690067000}, {"championLevel": 1, "chestGranted": false, "championPoints": 216, "championPointsSinceLastLevel": 216, "playerId": 21962, "championPointsUntilNextLevel": 1584, "tokensEarned": 0, "championId": 59, "lastPlayTime": 1438129243000}, {"championLevel": 1, "chestGranted": false, "championPoints": 180, "championPointsSinceLastLevel": 180, "playerId": 21962, "championPointsUntilNextLevel": 1620, "tokensEarned": 0, "championId": 7, "lastPlayTime": 1468535236000}, {"championLevel": 1, "chestGranted": false, "championPoints": 176, "championPointsSinceLastLevel": 176, "playerId": 21962, "championPointsUntilNextLevel": 1624, "tokensEarned": 0, "championId": 45, "lastPlayTime": 1469070049000}, {"championLevel": 1, "chestGranted": false, "championPoints": 171, "championPointsSinceLastLevel": 171, "playerId": 21962, "championPointsUntilNextLevel": 1629, "tokensEarned": 0, "championId": 76, "lastPlayTime": 1468490299000}, {"championLevel": 1, "chestGranted": false, "championPoints": 168, "championPointsSinceLastLevel": 168, "playerId": 21962, "championPointsUntilNextLevel": 1632, "tokensEarned": 0, "championId": 54, "lastPlayTime": 1468073479000}, {"championLevel": 1, "chestGranted": false, "championPoints": 158, "championPointsSinceLastLevel": 158, "playerId": 21962, "championPointsUntilNextLevel": 1642, "tokensEarned": 0, "championId": 420, "lastPlayTime": 1468026100000}, {"championLevel": 1, "chestGranted": false, "championPoints": 156, "championPointsSinceLastLevel": 156, "playerId": 21962, "championPointsUntilNextLevel": 1644, "tokensEarned": 0, "championId": 91, "lastPlayTime": 1468075713000}, {"championLevel": 1, "chestGranted": false, "championPoints": 144, "championPointsSinceLastLevel": 144, "playerId": 21962, "championPointsUntilNextLevel": 1656, "tokensEarned": 0, "championId": 62, "lastPlayTime": 1468029063000}, {"championLevel": 1, "chestGranted": false, "championPoints": 142, "championPointsSinceLastLevel": 142, "playerId": 21962, "championPointsUntilNextLevel": 1658, "tokensEarned": 0, "championId": 22, "lastPlayTime": 1468485460000}, {"championLevel": 1, "chestGranted": false, "championPoints": 141, "championPointsSinceLastLevel": 141, "playerId": 21962, "championPointsUntilNextLevel": 1659, "tokensEarned": 0, "championId": 6, "lastPlayTime": 1468198397000}, {"championLevel": 1, "chestGranted": false, "championPoints": 131, "championPointsSinceLastLevel": 131, "playerId": 21962, "championPointsUntilNextLevel": 1669, "tokensEarned": 0, "championId": 80, "lastPlayTime": 1467949440000}, {"championLevel": 1, "chestGranted": false, "championPoints": 130, "championPointsSinceLastLevel": 130, "playerId": 21962, "championPointsUntilNextLevel": 1670, "tokensEarned": 0, "championId": 236, "lastPlayTime": 1469084287000}, {"championLevel": 1, "chestGranted": false, "championPoints": 121, "championPointsSinceLastLevel": 121, "playerId": 21962, "championPointsUntilNextLevel": 1679, "tokensEarned": 0, "championId": 16, "lastPlayTime": 1468920088000}, {"championLevel": 1, "chestGranted": false, "championPoints": 115, "championPointsSinceLastLevel": 115, "playerId": 21962, "championPointsUntilNextLevel": 1685, "tokensEarned": 0, "championId": 10, "lastPlayTime": 1468071462000}, {"championLevel": 1, "chestGranted": false, "championPoints": 114, "championPointsSinceLastLevel": 114, "playerId": 21962, "championPointsUntilNextLevel": 1686, "tokensEarned": 0, "championId": 64, "lastPlayTime": 1468491660000}, {"championLevel": 1, "chestGranted": false, "championPoints": 112, "championPointsSinceLastLevel": 112, "playerId": 21962, "championPointsUntilNextLevel": 1688, "tokensEarned": 0, "championId": 28, "lastPlayTime": 1468488449000}, {"championLevel": 1, "chestGranted": false, "championPoints": 112, "championPointsSinceLastLevel": 112, "playerId": 21962, "championPointsUntilNextLevel": 1688, "tokensEarned": 0, "championId": 268, "lastPlayTime": 1468918540000}, {"championLevel": 1, "chestGranted": false, "championPoints": 101, "championPointsSinceLastLevel": 101, "playerId": 21962, "championPointsUntilNextLevel": 1699, "tokensEarned": 0, "championId": 83, "lastPlayTime": 1469072922000}, {"championLevel": 1, "chestGranted": false, "championPoints": 95, "championPointsSinceLastLevel": 95, "playerId": 21962, "championPointsUntilNextLevel": 1705, "tokensEarned": 0, "championId": 86, "lastPlayTime": 1468070101000}]