[{"championLevel": 5, "chestGranted": false, "championPoints": 22385, "championPointsSinceLastLevel": 785, "playerId": 21969, "championPointsUntilNextLevel": 0, "tokensEarned": 0, "championId": 113, "lastPlayTime": 1459918279000}, {"championLevel": 3, "chestGranted": false, "championPoints": 12539, "championPointsSinceLastLevel": 6539, "playerId": 21969, "championPointsUntilNextLevel": 61, "tokensEarned": 0, "championId": 48, "lastPlayTime": 1459890463000}, {"championLevel": 3, "chestGranted": false, "championPoints": 11496, "championPointsSinceLastLevel": 5496, "playerId": 21969, "championPointsUntilNextLevel": 1104, "tokensEarned": 0, "championId": 104, "lastPlayTime": 1460602359000}, {"championLevel": 3, "chestGranted": false, "championPoints": 10001, "championPointsSinceLastLevel": 4001, "playerId": 21969, "championPointsUntilNextLevel": 2599, "tokensEarned": 0, "championId": 254, "lastPlayTime": 1442545523000}, {"championLevel": 3, "chestGranted": false, "championPoints": 8883, "championPointsSinceLastLevel": 2883, "playerId": 21969, "championPointsUntilNextLevel": 3717, "tokensEarned": 0, "championId": 236, "lastPlayTime": 1454121213000}, {"championLevel": 3, "chestGranted": false, "championPoints": 8717, "championPointsSinceLastLevel": 2717, "playerId": 21969, "championPointsUntilNextLevel": 3883, "tokensEarned": 0, "championId": 42, "lastPlayTime": 1456374774000}, {"championLevel": 3, "chestGranted": false, "championPoints": 7100, "championPointsSinceLastLevel": 1100, "playerId": 21969, "championPointsUntilNextLevel": 5500, "tokensEarned": 0, "championId": 268, "lastPlayTime": 1460782101000}, {"championLevel": 3, "chestGranted": false, "championPoints": 7038, "championPointsSinceLastLevel": 1038, "playerId": 21969, "championPointsUntilNextLevel": 5562, "tokensEarned": 0, "championId": 245, "lastPlayTime": 1462250479000}, {"championLevel": 3, "chestGranted": false, "championPoints": 6607, "championPointsSinceLastLevel": 607, "playerId": 21969, "championPointsUntilNextLevel": 5993, "tokensEarned": 0, "championId": 8, "lastPlayTime": 1462564424000}, {"championLevel": 3, "chestGranted": false, "championPoints": 6476, "championPointsSinceLastLevel": 476, "playerId": 21969, "championPointsUntilNextLevel": 6124, "tokensEarned": 0, "championId": 68, "lastPlayTime": 1454048315000}, {"championLevel": 2, "chestGranted": false, "championPoints": 5956, "championPointsSinceLastLevel": 4156, "playerId": 21969, "championPointsUntilNextLevel": 44, "tokensEarned": 0, "championId": 45, "lastPlayTime": 1462936390000}, {"championLevel": 2, "chestGranted": false, "championPoints": 5477, "championPointsSinceLastLevel": 3677, "playerId": 21969, "championPointsUntilNextLevel": 523, "tokensEarned": 0, "championId": 92, "lastPlayTime": 1462561595000}, {"championLevel": 2, "chestGranted": false, "championPoints": 4568, "championPointsSinceLastLevel": 2768, "playerId": 21969, "championPointsUntilNextLevel": 1432, "tokensEarned": 0, "championId": 18, "lastPlayTime": 1444194499000}, {"championLevel": 2, "chestGranted": false, "championPoints": 4382, "championPointsSinceLastLevel": 2582, "playerId": 21969, "championPointsUntilNextLevel": 1618, "tokensEarned": 0, "championId": 429, "lastPlayTime": 1459572854000}, {"championLevel": 2, "chestGranted": false, "championPoints": 3747, "championPointsSinceLastLevel": 1947, "playerId": 21969, "championPointsUntilNextLevel": 2253, "tokensEarned": 0, "championId": 201, "lastPlayTime": 1448944829000}, {"championLevel": 2, "chestGranted": false, "championPoints": 3737, "championPointsSinceLastLevel": 1937, "playerId": 21969, "championPointsUntilNextLevel": 2263, "tokensEarned": 0, "championId": 80, "lastPlayTime": 1448332191000}, {"championLevel": 2, "chestGranted": false, "championPoints": 3709, "championPointsSinceLastLevel": 1909, "playerId": 21969, "championPointsUntilNextLevel": 2291, "tokensEarned": 0, "championId": 114, "lastPlayTime": 1450676691000}, {"championLevel": 2, "chestGranted": false, "championPoints": 3648, "championPointsSinceLastLevel": 1848, "playerId": 21969, "championPointsUntilNextLevel": 2352, "tokensEarned": 0, "championId": 102, "lastPlayTime": 1450850001000}, {"championLevel": 2, "chestGranted": false, "championPoints": 3343, "championPointsSinceLastLevel": 1543, "playerId": 21969, "championPointsUntilNextLevel": 2657, "tokensEarned": 0, "championId": 154, "lastPlayTime": 1460347813000}, {"championLevel": 2, "chestGranted": false, "championPoints": 3280, "championPointsSinceLastLevel": 1480, "playerId": 21969, "championPointsUntilNextLevel": 2720, "tokensEarned": 0, "championId": 13, "lastPlayTime": 1461908222000}, {"championLevel": 2, "chestGranted": false, "championPoints": 3258, "championPointsSinceLastLevel": 1458, "playerId": 21969, "championPointsUntilNextLevel": 2742, "tokensEarned": 0, "championId": 28, "lastPlayTime": 1462827785000}, {"championLevel": 2, "chestGranted": false, "championPoints": 3145, "championPointsSinceLastLevel": 1345, "playerId": 21969, "championPointsUntilNextLevel": 2855, "tokensEarned": 0, "championId": 22, "lastPlayTime": 1451022929000}, {"championLevel": 2, "chestGranted": false, "championPoints": 3015, "championPointsSinceLastLevel": 1215, "playerId": 21969, "championPointsUntilNextLevel": 2985, "tokensEarned": 0, "championId": 222, "lastPlayTime": 1456010428000}, {"championLevel": 2, "chestGranted": false, "championPoints": 2869, "championPointsSinceLastLevel": 1069, "playerId": 21969, "championPointsUntilNextLevel": 3131, "tokensEarned": 0, "championId": 78, "lastPlayTime": 1460520990000}, {"championLevel": 2, "chestGranted": false, "championPoints": 2868, "championPointsSinceLastLevel": 1068, "playerId": 21969, "championPointsUntilNextLevel": 3132, "tokensEarned": 0, "championId": 53, "lastPlayTime": 1441170504000}, {"championLevel": 2, "chestGranted": true, "championPoints": 2810, "championPointsSinceLastLevel": 1010, "playerId": 21969, "championPointsUntilNextLevel": 3190, "tokensEarned": 0, "championId": 412, "lastPlayTime": 1461647607000}, {"championLevel": 2, "chestGranted": false, "championPoints": 2653, "championPointsSinceLastLevel": 853, "playerId": 21969, "championPointsUntilNextLevel": 3347, "tokensEarned": 0, "championId": 41, "lastPlayTime": 1460349623000}, {"championLevel": 2, "chestGranted": false, "championPoints": 2648, "championPointsSinceLastLevel": 848, "playerId": 21969, "championPointsUntilNextLevel": 3352, "tokensEarned": 0, "championId": 50, "lastPlayTime": 1449300593000}, {"championLevel": 2, "chestGranted": false, "championPoints": 2636, "championPointsSinceLastLevel": 836, "playerId": 21969, "championPointsUntilNextLevel": 3364, "tokensEarned": 0, "championId": 101, "lastPlayTime": 1461380422000}, {"championLevel": 2, "chestGranted": false, "championPoints": 2572, "championPointsSinceLastLevel": 772, "playerId": 21969, "championPointsUntilNextLevel": 3428, "tokensEarned": 0, "championId": 121, "lastPlayTime": 1463377430000}, {"championLevel": 2, "chestGranted": false, "championPoints": 2350, "championPointsSinceLastLevel": 550, "playerId": 21969, "championPointsUntilNextLevel": 3650, "tokensEarned": 0, "championId": 111, "lastPlayTime": 1460780662000}, {"championLevel": 2, "chestGranted": false, "championPoints": 2323, "championPointsSinceLastLevel": 523, "playerId": 21969, "championPointsUntilNextLevel": 3677, "tokensEarned": 0, "championId": 6, "lastPlayTime": 1460339644000}, {"championLevel": 2, "chestGranted": false, "championPoints": 2087, "championPointsSinceLastLevel": 287, "playerId": 21969, "championPointsUntilNextLevel": 3913, "tokensEarned": 0, "championId": 59, "lastPlayTime": 1432614722000}, {"championLevel": 2, "chestGranted": false, "championPoints": 2082, "championPointsSinceLastLevel": 282, "playerId": 21969, "championPointsUntilNextLevel": 3918, "tokensEarned": 0, "championId": 79, "lastPlayTime": 1434079215000}, {"championLevel": 2, "chestGranted": true, "championPoints": 1925, "championPointsSinceLastLevel": 125, "playerId": 21969, "championPointsUntilNextLevel": 4075, "tokensEarned": 0, "championId": 99, "lastPlayTime": 1462569123000}, {"championLevel": 1, "chestGranted": false, "championPoints": 1646, "championPointsSinceLastLevel": 1646, "playerId": 21969, "championPointsUntilNextLevel": 154, "tokensEarned": 0, "championId": 120, "lastPlayTime": 1448778837000}, {"championLevel": 1, "chestGranted": false, "championPoints": 1579, "championPointsSinceLastLevel": 1579, "playerId": 21969, "championPointsUntilNextLevel": 221, "tokensEarned": 0, "championId": 202, "lastPlayTime": 1465912506000}, {"championLevel": 1, "chestGranted": false, "championPoints": 1515, "championPointsSinceLastLevel": 1515, "playerId": 21969, "championPointsUntilNextLevel": 285, "tokensEarned": 0, "championId": 91, "lastPlayTime": 1462574291000}, {"championLevel": 1, "chestGranted": false, "championPoints": 1422, "championPointsSinceLastLevel": 1422, "playerId": 21969, "championPointsUntilNextLevel": 378, "tokensEarned": 0, "championId": 432, "lastPlayTime": 1462819378000}, {"championLevel": 1, "chestGranted": false, "championPoints": 1413, "championPointsSinceLastLevel": 1413, "playerId": 21969, "championPointsUntilNextLevel": 387, "tokensEarned": 0, "championId": 98, "lastPlayTime": 1462242554000}, {"championLevel": 1, "chestGranted": false, "championPoints": 1336, "championPointsSinceLastLevel": 1336, "playerId": 21969, "championPointsUntilNextLevel": 464, "tokensEarned": 0, "championId": 134, "lastPlayTime": 1442465182000}, {"championLevel": 1, "chestGranted": false, "championPoints": 1285, "championPointsSinceLastLevel": 1285, "playerId": 21969, "championPointsUntilNextLevel": 515, "tokensEarned": 0, "championId": 57, "lastPlayTime": 1449205891000}, {"championLevel": 1, "chestGranted": false, "championPoints": 1276, "championPointsSinceLastLevel": 1276, "playerId": 21969, "championPointsUntilNextLevel": 524, "tokensEarned": 0, "championId": 420, "lastPlayTime": 1462592390000}, {"championLevel": 1, "chestGranted": false, "championPoints": 1202, "championPointsSinceLastLevel": 1202, "playerId": 21969, "championPointsUntilNextLevel": 598, "tokensEarned": 0, "championId": 117, "lastPlayTime": 1447909398000}, {"championLevel": 1, "chestGranted": false, "championPoints": 1200, "championPointsSinceLastLevel": 1200, "playerId": 21969, "championPointsUntilNextLevel": 600, "tokensEarned": 0, "championId": 421, "lastPlayTime": 1458526775000}, {"championLevel": 1, "chestGranted": false, "championPoints": 1178, "championPointsSinceLastLevel": 1178, "playerId": 21969, "championPointsUntilNextLevel": 622, "tokensEarned": 0, "championId": 55, "lastPlayTime": 1432184468000}, {"championLevel": 1, "chestGranted": false, "championPoints": 1155, "championPointsSinceLastLevel": 1155, "playerId": 21969, "championPointsUntilNextLevel": 645, "tokensEarned": 0, "championId": 16, "lastPlayTime": 1449472551000}, {"championLevel": 1, "chestGranted": false, "championPoints": 1138, "championPointsSinceLastLevel": 1138, "playerId": 21969, "championPointsUntilNextLevel": 662, "tokensEarned": 0, "championId": 82, "lastPlayTime": 1456461521000}, {"championLevel": 1, "chestGranted": false, "championPoints": 1087, "championPointsSinceLastLevel": 1087, "playerId": 21969, "championPointsUntilNextLevel": 713, "tokensEarned": 0, "championId": 9, "lastPlayTime": 1462924441000}, {"championLevel": 1, "chestGranted": false, "championPoints": 1052, "championPointsSinceLastLevel": 1052, "playerId": 21969, "championPointsUntilNextLevel": 748, "tokensEarned": 0, "championId": 81, "lastPlayTime": 1454043836000}, {"championLevel": 1, "chestGranted": false, "championPoints": 1011, "championPointsSinceLastLevel": 1011, "playerId": 21969, "championPointsUntilNextLevel": 789, "tokensEarned": 0, "championId": 76, "lastPlayTime": 1455944531000}, {"championLevel": 1, "chestGranted": false, "championPoints": 967, "championPointsSinceLastLevel": 967, "playerId": 21969, "championPointsUntilNextLevel": 833, "tokensEarned": 0, "championId": 75, "lastPlayTime": 1449812201000}, {"championLevel": 1, "chestGranted": false, "championPoints": 946, "championPointsSinceLastLevel": 946, "playerId": 21969, "championPointsUntilNextLevel": 854, "tokensEarned": 0, "championId": 2, "lastPlayTime": 1444520627000}, {"championLevel": 1, "chestGranted": false, "championPoints": 883, "championPointsSinceLastLevel": 883, "playerId": 21969, "championPointsUntilNextLevel": 917, "tokensEarned": 0, "championId": 63, "lastPlayTime": 1462583421000}, {"championLevel": 1, "chestGranted": false, "championPoints": 663, "championPointsSinceLastLevel": 663, "playerId": 21969, "championPointsUntilNextLevel": 1137, "tokensEarned": 0, "championId": 39, "lastPlayTime": 1462909298000}, {"championLevel": 1, "chestGranted": false, "championPoints": 464, "championPointsSinceLastLevel": 464, "playerId": 21969, "championPointsUntilNextLevel": 1336, "tokensEarned": 0, "championId": 161, "lastPlayTime": 1461382261000}, {"championLevel": 1, "chestGranted": false, "championPoints": 403, "championPointsSinceLastLevel": 403, "playerId": 21969, "championPointsUntilNextLevel": 1397, "tokensEarned": 0, "championId": 14, "lastPlayTime": 1456284609000}, {"championLevel": 1, "chestGranted": false, "championPoints": 255, "championPointsSinceLastLevel": 255, "playerId": 21969, "championPointsUntilNextLevel": 1545, "tokensEarned": 0, "championId": 238, "lastPlayTime": 1444104557000}, {"championLevel": 1, "chestGranted": false, "championPoints": 247, "championPointsSinceLastLevel": 247, "playerId": 21969, "championPointsUntilNextLevel": 1553, "tokensEarned": 0, "championId": 3, "lastPlayTime": 1435906150000}, {"championLevel": 1, "chestGranted": false, "championPoints": 241, "championPointsSinceLastLevel": 241, "playerId": 21969, "championPointsUntilNextLevel": 1559, "tokensEarned": 0, "championId": 31, "lastPlayTime": 1433623982000}, {"championLevel": 1, "chestGranted": false, "championPoints": 222, "championPointsSinceLastLevel": 222, "playerId": 21969, "championPointsUntilNextLevel": 1578, "tokensEarned": 0, "championId": 122, "lastPlayTime": 1433203272000}, {"championLevel": 1, "chestGranted": false, "championPoints": 211, "championPointsSinceLastLevel": 211, "playerId": 21969, "championPointsUntilNextLevel": 1589, "tokensEarned": 0, "championId": 84, "lastPlayTime": 1434093367000}, {"championLevel": 1, "chestGranted": false, "championPoints": 192, "championPointsSinceLastLevel": 192, "playerId": 21969, "championPointsUntilNextLevel": 1608, "tokensEarned": 0, "championId": 44, "lastPlayTime": 1461639838000}, {"championLevel": 1, "chestGranted": false, "championPoints": 191, "championPointsSinceLastLevel": 191, "playerId": 21969, "championPointsUntilNextLevel": 1609, "tokensEarned": 0, "championId": 25, "lastPlayTime": 1438845538000}, {"championLevel": 1, "chestGranted": false, "championPoints": 191, "championPointsSinceLastLevel": 191, "playerId": 21969, "championPointsUntilNextLevel": 1609, "tokensEarned": 0, "championId": 54, "lastPlayTime": 1444618642000}, {"championLevel": 1, "chestGranted": false, "championPoints": 187, "championPointsSinceLastLevel": 187, "playerId": 21969, "championPointsUntilNextLevel": 1613, "tokensEarned": 0, "championId": 157, "lastPlayTime": 1456435603000}, {"championLevel": 1, "chestGranted": false, "championPoints": 165, "championPointsSinceLastLevel": 165, "playerId": 21969, "championPointsUntilNextLevel": 1635, "tokensEarned": 0, "championId": 27, "lastPlayTime": 1455771028000}, {"championLevel": 1, "chestGranted": false, "championPoints": 165, "championPointsSinceLastLevel": 165, "playerId": 21969, "championPointsUntilNextLevel": 1635, "tokensEarned": 0, "championId": 86, "lastPlayTime": 1461384243000}, {"championLevel": 1, "chestGranted": false, "championPoints": 163, "championPointsSinceLastLevel": 163, "playerId": 21969, "championPointsUntilNextLevel": 1637, "tokensEarned": 0, "championId": 17, "lastPlayTime": 1459915866000}]