[{"championLevel": 6, "chestGranted": true, "championPoints": 50467, "championPointsSinceLastLevel": 28867, "playerId": 21963, "championPointsUntilNextLevel": 0, "tokensEarned": 0, "championId": 34, "lastPlayTime": 1468983040000}, {"championLevel": 5, "chestGranted": true, "championPoints": 40984, "championPointsSinceLastLevel": 19384, "playerId": 21963, "championPointsUntilNextLevel": 0, "tokensEarned": 0, "championId": 154, "lastPlayTime": 1466881252000}, {"championLevel": 5, "chestGranted": true, "championPoints": 28550, "championPointsSinceLastLevel": 6950, "playerId": 21963, "championPointsUntilNextLevel": 0, "tokensEarned": 1, "championId": 111, "lastPlayTime": 1466291630000}, {"championLevel": 6, "chestGranted": true, "championPoints": 27654, "championPointsSinceLastLevel": 6054, "playerId": 21963, "championPointsUntilNextLevel": 0, "tokensEarned": 0, "championId": 113, "lastPlayTime": 1467416400000}, {"championLevel": 5, "chestGranted": false, "championPoints": 22221, "championPointsSinceLastLevel": 621, "playerId": 21963, "championPointsUntilNextLevel": 0, "tokensEarned": 0, "championId": 5, "lastPlayTime": 1469035929000}, {"championLevel": 4, "chestGranted": false, "championPoints": 18876, "championPointsSinceLastLevel": 6276, "playerId": 21963, "championPointsUntilNextLevel": 2724, "tokensEarned": 0, "championId": 25, "lastPlayTime": 1464991688000}, {"championLevel": 4, "chestGranted": true, "championPoints": 17072, "championPointsSinceLastLevel": 4472, "playerId": 21963, "championPointsUntilNextLevel": 4528, "tokensEarned": 0, "championId": 412, "lastPlayTime": 1469065972000}, {"championLevel": 4, "chestGranted": true, "championPoints": 16837, "championPointsSinceLastLevel": 4237, "playerId": 21963, "championPointsUntilNextLevel": 4763, "tokensEarned": 0, "championId": 35, "lastPlayTime": 1469054066000}, {"championLevel": 4, "chestGranted": false, "championPoints": 14163, "championPointsSinceLastLevel": 1563, "playerId": 21963, "championPointsUntilNextLevel": 7437, "tokensEarned": 0, "championId": 143, "lastPlayTime": 1467068886000}, {"championLevel": 4, "chestGranted": false, "championPoints": 12987, "championPointsSinceLastLevel": 387, "playerId": 21963, "championPointsUntilNextLevel": 8613, "tokensEarned": 0, "championId": 53, "lastPlayTime": 1465611010000}, {"championLevel": 4, "chestGranted": true, "championPoints": 12832, "championPointsSinceLastLevel": 232, "playerId": 21963, "championPointsUntilNextLevel": 8768, "tokensEarned": 0, "championId": 201, "lastPlayTime": 1469062908000}, {"championLevel": 3, "chestGranted": false, "championPoints": 12585, "championPointsSinceLastLevel": 6585, "playerId": 21963, "championPointsUntilNextLevel": 15, "tokensEarned": 0, "championId": 89, "lastPlayTime": 1462669799000}, {"championLevel": 3, "chestGranted": false, "championPoints": 11425, "championPointsSinceLastLevel": 5425, "playerId": 21963, "championPointsUntilNextLevel": 1175, "tokensEarned": 0, "championId": 81, "lastPlayTime": 1467146531000}, {"championLevel": 3, "chestGranted": true, "championPoints": 11258, "championPointsSinceLastLevel": 5258, "playerId": 21963, "championPointsUntilNextLevel": 1342, "tokensEarned": 0, "championId": 99, "lastPlayTime": 1469060112000}, {"championLevel": 3, "chestGranted": false, "championPoints": 10381, "championPointsSinceLastLevel": 4381, "playerId": 21963, "championPointsUntilNextLevel": 2219, "tokensEarned": 0, "championId": 15, "lastPlayTime": 1452531042000}, {"championLevel": 3, "chestGranted": false, "championPoints": 9946, "championPointsSinceLastLevel": 3946, "playerId": 21963, "championPointsUntilNextLevel": 2654, "tokensEarned": 0, "championId": 60, "lastPlayTime": 1456631184000}, {"championLevel": 3, "chestGranted": false, "championPoints": 8975, "championPointsSinceLastLevel": 2975, "playerId": 21963, "championPointsUntilNextLevel": 3625, "tokensEarned": 0, "championId": 122, "lastPlayTime": 1457989812000}, {"championLevel": 3, "chestGranted": true, "championPoints": 8904, "championPointsSinceLastLevel": 2904, "playerId": 21963, "championPointsUntilNextLevel": 3696, "tokensEarned": 0, "championId": 101, "lastPlayTime": 1466462491000}, {"championLevel": 3, "chestGranted": false, "championPoints": 8722, "championPointsSinceLastLevel": 2722, "playerId": 21963, "championPointsUntilNextLevel": 3878, "tokensEarned": 0, "championId": 28, "lastPlayTime": 1461350634000}, {"championLevel": 3, "chestGranted": false, "championPoints": 8538, "championPointsSinceLastLevel": 2538, "playerId": 21963, "championPointsUntilNextLevel": 4062, "tokensEarned": 0, "championId": 245, "lastPlayTime": 1466542935000}, {"championLevel": 3, "chestGranted": false, "championPoints": 8119, "championPointsSinceLastLevel": 2119, "playerId": 21963, "championPointsUntilNextLevel": 4481, "tokensEarned": 0, "championId": 43, "lastPlayTime": 1460648813000}, {"championLevel": 3, "chestGranted": true, "championPoints": 7802, "championPointsSinceLastLevel": 1802, "playerId": 21963, "championPointsUntilNextLevel": 4798, "tokensEarned": 0, "championId": 12, "lastPlayTime": 1463773063000}, {"championLevel": 3, "chestGranted": false, "championPoints": 7525, "championPointsSinceLastLevel": 1525, "playerId": 21963, "championPointsUntilNextLevel": 5075, "tokensEarned": 0, "championId": 79, "lastPlayTime": 1452744280000}, {"championLevel": 3, "chestGranted": false, "championPoints": 7410, "championPointsSinceLastLevel": 1410, "playerId": 21963, "championPointsUntilNextLevel": 5190, "tokensEarned": 0, "championId": 266, "lastPlayTime": 1438484079000}, {"championLevel": 3, "chestGranted": false, "championPoints": 7362, "championPointsSinceLastLevel": 1362, "playerId": 21963, "championPointsUntilNextLevel": 5238, "tokensEarned": 0, "championId": 32, "lastPlayTime": 1469040633000}, {"championLevel": 3, "chestGranted": false, "championPoints": 7312, "championPointsSinceLastLevel": 1312, "playerId": 21963, "championPointsUntilNextLevel": 5288, "tokensEarned": 0, "championId": 36, "lastPlayTime": 1456721169000}, {"championLevel": 3, "chestGranted": false, "championPoints": 6393, "championPointsSinceLastLevel": 393, "playerId": 21963, "championPointsUntilNextLevel": 6207, "tokensEarned": 0, "championId": 24, "lastPlayTime": 1461599778000}, {"championLevel": 3, "chestGranted": false, "championPoints": 6126, "championPointsSinceLastLevel": 126, "playerId": 21963, "championPointsUntilNextLevel": 6474, "tokensEarned": 0, "championId": 61, "lastPlayTime": 1457752643000}, {"championLevel": 3, "chestGranted": true, "championPoints": 6059, "championPointsSinceLastLevel": 59, "playerId": 21963, "championPointsUntilNextLevel": 6541, "tokensEarned": 0, "championId": 63, "lastPlayTime": 1466267182000}, {"championLevel": 2, "chestGranted": false, "championPoints": 5976, "championPointsSinceLastLevel": 4176, "playerId": 21963, "championPointsUntilNextLevel": 24, "tokensEarned": 0, "championId": 22, "lastPlayTime": 1454213846000}, {"championLevel": 2, "chestGranted": false, "championPoints": 5711, "championPointsSinceLastLevel": 3911, "playerId": 21963, "championPointsUntilNextLevel": 289, "tokensEarned": 0, "championId": 85, "lastPlayTime": 1467325942000}, {"championLevel": 2, "chestGranted": false, "championPoints": 5437, "championPointsSinceLastLevel": 3637, "playerId": 21963, "championPointsUntilNextLevel": 563, "tokensEarned": 0, "championId": 223, "lastPlayTime": 1457127436000}, {"championLevel": 2, "chestGranted": false, "championPoints": 5296, "championPointsSinceLastLevel": 3496, "playerId": 21963, "championPointsUntilNextLevel": 704, "tokensEarned": 0, "championId": 54, "lastPlayTime": 1462975024000}, {"championLevel": 2, "chestGranted": false, "championPoints": 5042, "championPointsSinceLastLevel": 3242, "playerId": 21963, "championPointsUntilNextLevel": 958, "tokensEarned": 0, "championId": 31, "lastPlayTime": 1467070684000}, {"championLevel": 2, "chestGranted": false, "championPoints": 4898, "championPointsSinceLastLevel": 3098, "playerId": 21963, "championPointsUntilNextLevel": 1102, "tokensEarned": 0, "championId": 75, "lastPlayTime": 1466721346000}, {"championLevel": 2, "chestGranted": false, "championPoints": 4490, "championPointsSinceLastLevel": 2690, "playerId": 21963, "championPointsUntilNextLevel": 1510, "tokensEarned": 0, "championId": 21, "lastPlayTime": 1466636511000}, {"championLevel": 2, "chestGranted": false, "championPoints": 4399, "championPointsSinceLastLevel": 2599, "playerId": 21963, "championPointsUntilNextLevel": 1601, "tokensEarned": 0, "championId": 51, "lastPlayTime": 1464994882000}, {"championLevel": 2, "chestGranted": false, "championPoints": 4213, "championPointsSinceLastLevel": 2413, "playerId": 21963, "championPointsUntilNextLevel": 1787, "tokensEarned": 0, "championId": 18, "lastPlayTime": 1451710548000}, {"championLevel": 2, "chestGranted": false, "championPoints": 3789, "championPointsSinceLastLevel": 1989, "playerId": 21963, "championPointsUntilNextLevel": 2211, "tokensEarned": 0, "championId": 59, "lastPlayTime": 1457473401000}, {"championLevel": 2, "chestGranted": false, "championPoints": 3677, "championPointsSinceLastLevel": 1877, "playerId": 21963, "championPointsUntilNextLevel": 2323, "tokensEarned": 0, "championId": 2, "lastPlayTime": 1457476278000}, {"championLevel": 2, "chestGranted": false, "championPoints": 3538, "championPointsSinceLastLevel": 1738, "playerId": 21963, "championPointsUntilNextLevel": 2462, "tokensEarned": 0, "championId": 238, "lastPlayTime": 1438990014000}, {"championLevel": 2, "chestGranted": false, "championPoints": 3462, "championPointsSinceLastLevel": 1662, "playerId": 21963, "championPointsUntilNextLevel": 2538, "tokensEarned": 0, "championId": 50, "lastPlayTime": 1461358175000}, {"championLevel": 2, "chestGranted": false, "championPoints": 3197, "championPointsSinceLastLevel": 1397, "playerId": 21963, "championPointsUntilNextLevel": 2803, "tokensEarned": 0, "championId": 11, "lastPlayTime": 1462977922000}, {"championLevel": 2, "chestGranted": false, "championPoints": 3057, "championPointsSinceLastLevel": 1257, "playerId": 21963, "championPointsUntilNextLevel": 2943, "tokensEarned": 0, "championId": 29, "lastPlayTime": 1448682677000}, {"championLevel": 2, "chestGranted": false, "championPoints": 3034, "championPointsSinceLastLevel": 1234, "playerId": 21963, "championPointsUntilNextLevel": 2966, "tokensEarned": 0, "championId": 42, "lastPlayTime": 1461376842000}, {"championLevel": 2, "chestGranted": false, "championPoints": 3020, "championPointsSinceLastLevel": 1220, "playerId": 21963, "championPointsUntilNextLevel": 2980, "tokensEarned": 0, "championId": 69, "lastPlayTime": 1466382330000}, {"championLevel": 2, "chestGranted": false, "championPoints": 2981, "championPointsSinceLastLevel": 1181, "playerId": 21963, "championPointsUntilNextLevel": 3019, "tokensEarned": 0, "championId": 9, "lastPlayTime": 1467064203000}, {"championLevel": 2, "chestGranted": true, "championPoints": 2952, "championPointsSinceLastLevel": 1152, "playerId": 21963, "championPointsUntilNextLevel": 3048, "tokensEarned": 0, "championId": 10, "lastPlayTime": 1469049790000}, {"championLevel": 2, "chestGranted": false, "championPoints": 2802, "championPointsSinceLastLevel": 1002, "playerId": 21963, "championPointsUntilNextLevel": 3198, "tokensEarned": 0, "championId": 96, "lastPlayTime": 1467947148000}, {"championLevel": 2, "chestGranted": false, "championPoints": 2687, "championPointsSinceLastLevel": 887, "playerId": 21963, "championPointsUntilNextLevel": 3313, "tokensEarned": 0, "championId": 48, "lastPlayTime": 1464569976000}, {"championLevel": 2, "chestGranted": false, "championPoints": 2660, "championPointsSinceLastLevel": 860, "playerId": 21963, "championPointsUntilNextLevel": 3340, "tokensEarned": 0, "championId": 80, "lastPlayTime": 1450045165000}, {"championLevel": 2, "chestGranted": false, "championPoints": 2492, "championPointsSinceLastLevel": 692, "playerId": 21963, "championPointsUntilNextLevel": 3508, "tokensEarned": 0, "championId": 254, "lastPlayTime": 1436557723000}, {"championLevel": 2, "chestGranted": false, "championPoints": 2431, "championPointsSinceLastLevel": 631, "playerId": 21963, "championPointsUntilNextLevel": 3569, "tokensEarned": 0, "championId": 56, "lastPlayTime": 1466284564000}, {"championLevel": 2, "chestGranted": false, "championPoints": 2431, "championPointsSinceLastLevel": 631, "playerId": 21963, "championPointsUntilNextLevel": 3569, "tokensEarned": 0, "championId": 64, "lastPlayTime": 1469046901000}, {"championLevel": 2, "chestGranted": false, "championPoints": 2359, "championPointsSinceLastLevel": 559, "playerId": 21963, "championPointsUntilNextLevel": 3641, "tokensEarned": 0, "championId": 17, "lastPlayTime": 1467240186000}, {"championLevel": 2, "chestGranted": false, "championPoints": 2209, "championPointsSinceLastLevel": 409, "playerId": 21963, "championPointsUntilNextLevel": 3791, "tokensEarned": 0, "championId": 1, "lastPlayTime": 1445032822000}, {"championLevel": 2, "chestGranted": false, "championPoints": 2177, "championPointsSinceLastLevel": 377, "playerId": 21963, "championPointsUntilNextLevel": 3823, "tokensEarned": 0, "championId": 37, "lastPlayTime": 1450982415000}, {"championLevel": 2, "chestGranted": false, "championPoints": 1870, "championPointsSinceLastLevel": 70, "playerId": 21963, "championPointsUntilNextLevel": 4130, "tokensEarned": 0, "championId": 4, "lastPlayTime": 1461181754000}, {"championLevel": 1, "chestGranted": false, "championPoints": 1792, "championPointsSinceLastLevel": 1792, "playerId": 21963, "championPointsUntilNextLevel": 8, "tokensEarned": 0, "championId": 432, "lastPlayTime": 1465584430000}, {"championLevel": 1, "chestGranted": false, "championPoints": 1657, "championPointsSinceLastLevel": 1657, "playerId": 21963, "championPointsUntilNextLevel": 143, "tokensEarned": 0, "championId": 86, "lastPlayTime": 1455671476000}, {"championLevel": 1, "chestGranted": false, "championPoints": 1583, "championPointsSinceLastLevel": 1583, "playerId": 21963, "championPointsUntilNextLevel": 217, "tokensEarned": 0, "championId": 120, "lastPlayTime": 1452571700000}, {"championLevel": 1, "chestGranted": true, "championPoints": 1411, "championPointsSinceLastLevel": 1411, "playerId": 21963, "championPointsUntilNextLevel": 389, "tokensEarned": 0, "championId": 268, "lastPlayTime": 1460849206000}, {"championLevel": 1, "chestGranted": false, "championPoints": 1342, "championPointsSinceLastLevel": 1342, "playerId": 21963, "championPointsUntilNextLevel": 458, "tokensEarned": 0, "championId": 420, "lastPlayTime": 1450129650000}, {"championLevel": 1, "chestGranted": false, "championPoints": 1333, "championPointsSinceLastLevel": 1333, "playerId": 21963, "championPointsUntilNextLevel": 467, "tokensEarned": 0, "championId": 91, "lastPlayTime": 1454187996000}, {"championLevel": 1, "chestGranted": false, "championPoints": 1324, "championPointsSinceLastLevel": 1324, "playerId": 21963, "championPointsUntilNextLevel": 476, "tokensEarned": 0, "championId": 74, "lastPlayTime": 1466361491000}, {"championLevel": 1, "chestGranted": false, "championPoints": 1273, "championPointsSinceLastLevel": 1273, "playerId": 21963, "championPointsUntilNextLevel": 527, "tokensEarned": 0, "championId": 67, "lastPlayTime": 1466280861000}, {"championLevel": 1, "chestGranted": false, "championPoints": 1245, "championPointsSinceLastLevel": 1245, "playerId": 21963, "championPointsUntilNextLevel": 555, "tokensEarned": 0, "championId": 44, "lastPlayTime": 1461356138000}, {"championLevel": 1, "chestGranted": false, "championPoints": 1228, "championPointsSinceLastLevel": 1228, "playerId": 21963, "championPointsUntilNextLevel": 572, "tokensEarned": 0, "championId": 41, "lastPlayTime": 1437591130000}, {"championLevel": 1, "chestGranted": false, "championPoints": 1220, "championPointsSinceLastLevel": 1220, "playerId": 21963, "championPointsUntilNextLevel": 580, "tokensEarned": 0, "championId": 127, "lastPlayTime": 1467751216000}, {"championLevel": 1, "chestGranted": true, "championPoints": 1170, "championPointsSinceLastLevel": 1170, "playerId": 21963, "championPointsUntilNextLevel": 630, "tokensEarned": 0, "championId": 13, "lastPlayTime": 1467323820000}, {"championLevel": 1, "chestGranted": false, "championPoints": 1134, "championPointsSinceLastLevel": 1134, "playerId": 21963, "championPointsUntilNextLevel": 666, "tokensEarned": 0, "championId": 104, "lastPlayTime": 1431463500000}, {"championLevel": 1, "chestGranted": false, "championPoints": 1132, "championPointsSinceLastLevel": 1132, "playerId": 21963, "championPointsUntilNextLevel": 668, "tokensEarned": 0, "championId": 119, "lastPlayTime": 1431294891000}, {"championLevel": 1, "chestGranted": false, "championPoints": 1104, "championPointsSinceLastLevel": 1104, "playerId": 21963, "championPointsUntilNextLevel": 696, "tokensEarned": 0, "championId": 90, "lastPlayTime": 1449783172000}, {"championLevel": 1, "chestGranted": false, "championPoints": 1080, "championPointsSinceLastLevel": 1080, "playerId": 21963, "championPointsUntilNextLevel": 720, "tokensEarned": 0, "championId": 107, "lastPlayTime": 1467238898000}, {"championLevel": 1, "chestGranted": false, "championPoints": 1047, "championPointsSinceLastLevel": 1047, "playerId": 21963, "championPointsUntilNextLevel": 753, "tokensEarned": 0, "championId": 14, "lastPlayTime": 1467062838000}, {"championLevel": 1, "chestGranted": false, "championPoints": 1015, "championPointsSinceLastLevel": 1015, "playerId": 21963, "championPointsUntilNextLevel": 785, "tokensEarned": 0, "championId": 26, "lastPlayTime": 1450151839000}, {"championLevel": 1, "chestGranted": false, "championPoints": 1004, "championPointsSinceLastLevel": 1004, "playerId": 21963, "championPointsUntilNextLevel": 796, "tokensEarned": 0, "championId": 62, "lastPlayTime": 1454184782000}, {"championLevel": 1, "chestGranted": false, "championPoints": 838, "championPointsSinceLastLevel": 838, "playerId": 21963, "championPointsUntilNextLevel": 962, "tokensEarned": 0, "championId": 23, "lastPlayTime": 1448853583000}, {"championLevel": 1, "chestGranted": false, "championPoints": 449, "championPointsSinceLastLevel": 449, "playerId": 21963, "championPointsUntilNextLevel": 1351, "tokensEarned": 0, "championId": 84, "lastPlayTime": 1445375572000}, {"championLevel": 1, "chestGranted": false, "championPoints": 391, "championPointsSinceLastLevel": 391, "playerId": 21963, "championPointsUntilNextLevel": 1409, "tokensEarned": 0, "championId": 161, "lastPlayTime": 1437680986000}, {"championLevel": 1, "chestGranted": false, "championPoints": 314, "championPointsSinceLastLevel": 314, "playerId": 21963, "championPointsUntilNextLevel": 1486, "tokensEarned": 0, "championId": 92, "lastPlayTime": 1466359586000}, {"championLevel": 1, "chestGranted": false, "championPoints": 311, "championPointsSinceLastLevel": 311, "playerId": 21963, "championPointsUntilNextLevel": 1489, "tokensEarned": 0, "championId": 8, "lastPlayTime": 1449440308000}, {"championLevel": 1, "chestGranted": false, "championPoints": 202, "championPointsSinceLastLevel": 202, "playerId": 21963, "championPointsUntilNextLevel": 1598, "tokensEarned": 0, "championId": 76, "lastPlayTime": 1467847741000}, {"championLevel": 1, "chestGranted": false, "championPoints": 171, "championPointsSinceLastLevel": 171, "playerId": 21963, "championPointsUntilNextLevel": 1629, "tokensEarned": 0, "championId": 7, "lastPlayTime": 1460779400000}, {"championLevel": 1, "chestGranted": false, "championPoints": 168, "championPointsSinceLastLevel": 168, "playerId": 21963, "championPointsUntilNextLevel": 1632, "tokensEarned": 0, "championId": 136, "lastPlayTime": 1467148587000}, {"championLevel": 1, "chestGranted": false, "championPoints": 167, "championPointsSinceLastLevel": 167, "playerId": 21963, "championPointsUntilNextLevel": 1633, "tokensEarned": 0, "championId": 40, "lastPlayTime": 1466316850000}, {"championLevel": 1, "chestGranted": false, "championPoints": 164, "championPointsSinceLastLevel": 164, "playerId": 21963, "championPointsUntilNextLevel": 1636, "tokensEarned": 0, "championId": 222, "lastPlayTime": 1431958121000}, {"championLevel": 1, "chestGranted": false, "championPoints": 155, "championPointsSinceLastLevel": 155, "playerId": 21963, "championPointsUntilNextLevel": 1645, "tokensEarned": 0, "championId": 157, "lastPlayTime": 1467949139000}]