[{"championLevel": 7, "chestGranted": true, "championPoints": 90472, "championPointsSinceLastLevel": 68872, "playerId": 21964, "championPointsUntilNextLevel": 0, "tokensEarned": 0, "championId": 114, "lastPlayTime": 1469145565000}, {"championLevel": 6, "chestGranted": true, "championPoints": 52767, "championPointsSinceLastLevel": 31167, "playerId": 21964, "championPointsUntilNextLevel": 0, "tokensEarned": 0, "championId": 157, "lastPlayTime": 1469054187000}, {"championLevel": 5, "chestGranted": true, "championPoints": 26017, "championPointsSinceLastLevel": 4417, "playerId": 21964, "championPointsUntilNextLevel": 0, "tokensEarned": 0, "championId": 64, "lastPlayTime": 1468643293000}, {"championLevel": 5, "chestGranted": true, "championPoints": 25252, "championPointsSinceLastLevel": 3652, "playerId": 21964, "championPointsUntilNextLevel": 0, "tokensEarned": 2, "championId": 238, "lastPlayTime": 1469067243000}, {"championLevel": 5, "chestGranted": true, "championPoints": 24199, "championPointsSinceLastLevel": 2599, "playerId": 21964, "championPointsUntilNextLevel": 0, "tokensEarned": 1, "championId": 55, "lastPlayTime": 1469171498000}, {"championLevel": 4, "chestGranted": true, "championPoints": 15826, "championPointsSinceLastLevel": 3226, "playerId": 21964, "championPointsUntilNextLevel": 5774, "tokensEarned": 0, "championId": 81, "lastPlayTime": 1468047799000}, {"championLevel": 3, "chestGranted": true, "championPoints": 12199, "championPointsSinceLastLevel": 6199, "playerId": 21964, "championPointsUntilNextLevel": 401, "tokensEarned": 0, "championId": 103, "lastPlayTime": 1468055770000}, {"championLevel": 3, "chestGranted": true, "championPoints": 11428, "championPointsSinceLastLevel": 5428, "playerId": 21964, "championPointsUntilNextLevel": 1172, "tokensEarned": 0, "championId": 7, "lastPlayTime": 1469009468000}, {"championLevel": 3, "chestGranted": true, "championPoints": 10262, "championPointsSinceLastLevel": 4262, "playerId": 21964, "championPointsUntilNextLevel": 2338, "tokensEarned": 0, "championId": 4, "lastPlayTime": 1468919236000}, {"championLevel": 3, "chestGranted": true, "championPoints": 8292, "championPointsSinceLastLevel": 2292, "playerId": 21964, "championPointsUntilNextLevel": 4308, "tokensEarned": 0, "championId": 67, "lastPlayTime": 1461962498000}, {"championLevel": 3, "chestGranted": true, "championPoints": 7670, "championPointsSinceLastLevel": 1670, "playerId": 21964, "championPointsUntilNextLevel": 4930, "tokensEarned": 0, "championId": 38, "lastPlayTime": 1467425557000}, {"championLevel": 3, "chestGranted": true, "championPoints": 7447, "championPointsSinceLastLevel": 1447, "playerId": 21964, "championPointsUntilNextLevel": 5153, "tokensEarned": 0, "championId": 39, "lastPlayTime": 1469011618000}, {"championLevel": 3, "chestGranted": false, "championPoints": 7118, "championPointsSinceLastLevel": 1118, "playerId": 21964, "championPointsUntilNextLevel": 5482, "tokensEarned": 0, "championId": 99, "lastPlayTime": 1466284748000}, {"championLevel": 3, "chestGranted": true, "championPoints": 6687, "championPointsSinceLastLevel": 687, "playerId": 21964, "championPointsUntilNextLevel": 5913, "tokensEarned": 0, "championId": 89, "lastPlayTime": 1468916979000}, {"championLevel": 3, "chestGranted": true, "championPoints": 6057, "championPointsSinceLastLevel": 57, "playerId": 21964, "championPointsUntilNextLevel": 6543, "tokensEarned": 0, "championId": 127, "lastPlayTime": 1465640768000}, {"championLevel": 2, "chestGranted": false, "championPoints": 4754, "championPointsSinceLastLevel": 2954, "playerId": 21964, "championPointsUntilNextLevel": 1246, "tokensEarned": 0, "championId": 121, "lastPlayTime": 1466823075000}, {"championLevel": 2, "chestGranted": true, "championPoints": 3091, "championPointsSinceLastLevel": 1291, "playerId": 21964, "championPointsUntilNextLevel": 2909, "tokensEarned": 0, "championId": 32, "lastPlayTime": 1469078235000}, {"championLevel": 2, "chestGranted": false, "championPoints": 2463, "championPointsSinceLastLevel": 663, "playerId": 21964, "championPointsUntilNextLevel": 3537, "tokensEarned": 0, "championId": 131, "lastPlayTime": 1469082818000}, {"championLevel": 2, "chestGranted": true, "championPoints": 1993, "championPointsSinceLastLevel": 193, "playerId": 21964, "championPointsUntilNextLevel": 4007, "tokensEarned": 0, "championId": 80, "lastPlayTime": 1465033910000}, {"championLevel": 2, "chestGranted": false, "championPoints": 1971, "championPointsSinceLastLevel": 171, "playerId": 21964, "championPointsUntilNextLevel": 4029, "tokensEarned": 0, "championId": 236, "lastPlayTime": 1467423860000}, {"championLevel": 2, "chestGranted": true, "championPoints": 1934, "championPointsSinceLastLevel": 134, "playerId": 21964, "championPointsUntilNextLevel": 4066, "tokensEarned": 0, "championId": 34, "lastPlayTime": 1468601977000}, {"championLevel": 2, "chestGranted": false, "championPoints": 1896, "championPointsSinceLastLevel": 96, "playerId": 21964, "championPointsUntilNextLevel": 4104, "tokensEarned": 0, "championId": 11, "lastPlayTime": 1439973886000}, {"championLevel": 1, "chestGranted": false, "championPoints": 1697, "championPointsSinceLastLevel": 1697, "playerId": 21964, "championPointsUntilNextLevel": 103, "tokensEarned": 0, "championId": 43, "lastPlayTime": 1460012003000}, {"championLevel": 1, "chestGranted": false, "championPoints": 1692, "championPointsSinceLastLevel": 1692, "playerId": 21964, "championPointsUntilNextLevel": 108, "tokensEarned": 0, "championId": 245, "lastPlayTime": 1465275397000}, {"championLevel": 1, "chestGranted": true, "championPoints": 1496, "championPointsSinceLastLevel": 1496, "playerId": 21964, "championPointsUntilNextLevel": 304, "tokensEarned": 0, "championId": 134, "lastPlayTime": 1459934255000}, {"championLevel": 1, "chestGranted": false, "championPoints": 1261, "championPointsSinceLastLevel": 1261, "playerId": 21964, "championPointsUntilNextLevel": 539, "tokensEarned": 0, "championId": 8, "lastPlayTime": 1463770189000}, {"championLevel": 1, "chestGranted": false, "championPoints": 1231, "championPointsSinceLastLevel": 1231, "playerId": 21964, "championPointsUntilNextLevel": 569, "tokensEarned": 0, "championId": 268, "lastPlayTime": 1467942185000}, {"championLevel": 1, "chestGranted": false, "championPoints": 1226, "championPointsSinceLastLevel": 1226, "playerId": 21964, "championPointsUntilNextLevel": 574, "tokensEarned": 0, "championId": 1, "lastPlayTime": 1462652200000}, {"championLevel": 1, "chestGranted": false, "championPoints": 1157, "championPointsSinceLastLevel": 1157, "playerId": 21964, "championPointsUntilNextLevel": 643, "tokensEarned": 0, "championId": 18, "lastPlayTime": 1468798137000}, {"championLevel": 1, "chestGranted": false, "championPoints": 1104, "championPointsSinceLastLevel": 1104, "playerId": 21964, "championPointsUntilNextLevel": 696, "tokensEarned": 0, "championId": 30, "lastPlayTime": 1468058366000}, {"championLevel": 1, "chestGranted": false, "championPoints": 1030, "championPointsSinceLastLevel": 1030, "playerId": 21964, "championPointsUntilNextLevel": 770, "tokensEarned": 0, "championId": 76, "lastPlayTime": 1465122008000}, {"championLevel": 1, "chestGranted": false, "championPoints": 916, "championPointsSinceLastLevel": 916, "playerId": 21964, "championPointsUntilNextLevel": 884, "tokensEarned": 0, "championId": 54, "lastPlayTime": 1468480186000}, {"championLevel": 1, "chestGranted": false, "championPoints": 904, "championPointsSinceLastLevel": 904, "playerId": 21964, "championPointsUntilNextLevel": 896, "tokensEarned": 0, "championId": 12, "lastPlayTime": 1467525614000}, {"championLevel": 1, "chestGranted": false, "championPoints": 669, "championPointsSinceLastLevel": 669, "playerId": 21964, "championPointsUntilNextLevel": 1131, "tokensEarned": 0, "championId": 203, "lastPlayTime": 1467263282000}, {"championLevel": 1, "chestGranted": false, "championPoints": 658, "championPointsSinceLastLevel": 658, "playerId": 21964, "championPointsUntilNextLevel": 1142, "tokensEarned": 0, "championId": 412, "lastPlayTime": 1462559148000}, {"championLevel": 1, "chestGranted": false, "championPoints": 354, "championPointsSinceLastLevel": 354, "playerId": 21964, "championPointsUntilNextLevel": 1446, "tokensEarned": 0, "championId": 92, "lastPlayTime": 1465917332000}, {"championLevel": 1, "chestGranted": false, "championPoints": 344, "championPointsSinceLastLevel": 344, "playerId": 21964, "championPointsUntilNextLevel": 1456, "tokensEarned": 0, "championId": 53, "lastPlayTime": 1465028405000}, {"championLevel": 1, "chestGranted": false, "championPoints": 209, "championPointsSinceLastLevel": 209, "playerId": 21964, "championPointsUntilNextLevel": 1591, "tokensEarned": 0, "championId": 25, "lastPlayTime": 1468647981000}, {"championLevel": 1, "chestGranted": false, "championPoints": 207, "championPointsSinceLastLevel": 207, "playerId": 21964, "championPointsUntilNextLevel": 1593, "tokensEarned": 0, "championId": 37, "lastPlayTime": 1465687298000}, {"championLevel": 1, "chestGranted": false, "championPoints": 199, "championPointsSinceLastLevel": 199, "playerId": 21964, "championPointsUntilNextLevel": 1601, "tokensEarned": 0, "championId": 51, "lastPlayTime": 1461095507000}, {"championLevel": 1, "chestGranted": false, "championPoints": 177, "championPointsSinceLastLevel": 177, "playerId": 21964, "championPointsUntilNextLevel": 1623, "tokensEarned": 0, "championId": 115, "lastPlayTime": 1466644651000}, {"championLevel": 1, "chestGranted": false, "championPoints": 166, "championPointsSinceLastLevel": 166, "playerId": 21964, "championPointsUntilNextLevel": 1634, "tokensEarned": 0, "championId": 21, "lastPlayTime": 1467576237000}]